{"type": "FeatureCollection", "features": [{"type": "Feature", "properties": {"prefecture": "Agou", "region": "Plateaux", "superficie_km2": 1095.21997601}, "geometry": {"type": "Polygon", "coordinates": [[[0.62892, 6.74874], [0.64005, 6.748], [0.64375, 6.74512], [0.64622, 6.74101], [0.64128, 6.72661], [0.64478, 6.71201], [0.6419, 6.70194], [0.64375, 6.69248], [0.63964, 6.67459], [0.63923, 6.66718], [0.63532, 6.65073], [0.63594, 6.64086], [0.63779, 6.63222], [0.64293, 6.62831], [0.64601, 6.6207], [0.65157, 6.61433], [0.65321, 6.61001], [0.65856, 6.60651], [0.6709, 6.61124], [0.67995, 6.60692], [0.68529, 6.59849], [0.68829, 6.59217], [0.68122, 6.58382], [0.69118, 6.57836], [0.70275, 6.58061], [0.7156, 6.58478], [0.72685, 6.58543], [0.73745, 6.57707], [0.74002, 6.57032], [0.73809, 6.55329], [0.71414, 6.53047], [0.71295, 6.52526], [0.71376, 6.51993], [0.71874, 6.51753], [0.72642, 6.5197], [0.73162, 6.51973], [0.73723, 6.52242], [0.74327, 6.52372], [0.75239, 6.52727], [0.76125, 6.52562], [0.76392, 6.52606], [0.77836, 6.53554], [0.79152, 6.54628], [0.79573, 6.55064], [0.80345, 6.55154], [0.80893, 6.551], [0.82022, 6.554], [0.82834, 6.56577], [0.83241, 6.57855], [0.83311, 6.58739], [0.8414, 6.61267], [0.84683, 6.62153], [0.85312, 6.62714], [0.85762, 6.63534], [0.86153, 6.64697], [0.86108, 6.64788], [0.8662, 6.6555], [0.86711, 6.6636], [0.8722, 6.68413], [0.87255, 6.68993], [0.87431, 6.69466], [0.8801, 6.70151], [0.88466, 6.70055], [0.90008, 6.70301], [0.89958, 6.72064], [0.90081, 6.73223], [0.90099, 6.74346], [0.89941, 6.76066], [0.89698, 6.76999], [0.90943, 6.78084], [0.92357, 6.78919], [0.93739, 6.80012], [0.95152, 6.80783], [0.96116, 6.81168], [0.96406, 6.81715], [0.96149, 6.82904], [0.96149, 6.84157], [0.9602, 6.8558], [0.95274, 6.86081], [0.94792, 6.85985], [0.94086, 6.84988], [0.93475, 6.82225], [0.92832, 6.82225], [0.89233, 6.82611], [0.89619, 6.84153], [0.89748, 6.84892], [0.90326, 6.86981], [0.90272, 6.87905], [0.91022, 6.88932], [0.92067, 6.89494], [0.92147, 6.90338], [0.91986, 6.9094], [0.90942, 6.91904], [0.9038, 6.92547], [0.90179, 6.93712], [0.90621, 6.94716], [0.91143, 6.9568], [0.91545, 6.96765], [0.9181, 6.97885], [0.90982, 6.97327], [0.87729, 6.96805], [0.87166, 6.96242], [0.87448, 6.95961], [0.87889, 6.96122], [0.8813, 6.95921], [0.88171, 6.95037], [0.87809, 6.93832], [0.8645, 6.92459], [0.85728, 6.9185], [0.85073, 6.91466], [0.84273, 6.91186], [0.83545, 6.91382], [0.82747, 6.91868], [0.81823, 6.92746], [0.80921, 6.93312], [0.80874, 6.94345], [0.80528, 6.94894], [0.79478, 6.95554], [0.78595, 6.96806], [0.78287, 6.96642], [0.77546, 6.96744], [0.77587, 6.97526], [0.77372, 6.97562], [0.77188, 6.98355], [0.76231, 6.98173], [0.75904, 6.98214], [0.7576, 6.97659], [0.7541, 6.97556], [0.75492, 6.9844], [0.75307, 6.9842], [0.74711, 6.97667], [0.75075, 6.97322], [0.74983, 6.97006], [0.74114, 6.95637], [0.72785, 6.95676], [0.71892, 6.94236], [0.7068, 6.93459], [0.70249, 6.92922], [0.70344, 6.92048], [0.69411, 6.91693], [0.69526, 6.91344], [0.69253, 6.90595], [0.69162, 6.90036], [0.69964, 6.89247], [0.69385, 6.88562], [0.6907, 6.88352], [0.68346, 6.86601], [0.67964, 6.86456], [0.67911, 6.86141], [0.67414, 6.85796], [0.6719, 6.85352], [0.67337, 6.8463], [0.67085, 6.84674], [0.66867, 6.85153], [0.66067, 6.84858], [0.6568, 6.84549], [0.65782, 6.83554], [0.66078, 6.83123], [0.6802, 6.82172], [0.67797, 6.81751], [0.68235, 6.80943], [0.66851, 6.80675], [0.66476, 6.80157], [0.65757, 6.79645], [0.64677, 6.78342], [0.64296, 6.77329], [0.6448, 6.76473], [0.63874, 6.7621], [0.62892, 6.74874]]]}, "id": "Agou"}, {"type": "Feature", "properties": {"prefecture": "Ago\u00e8-Nyiv\u00e9", "region": "Maritime", "superficie_km2": 167.06618259}, "geometry": {"type": "Polygon", "coordinates": [[[1.09801, 6.25395], [1.10425, 6.24435], [1.10398, 6.23942], [1.09071, 6.22344], [1.09934, 6.22335], [1.10626, 6.22452], [1.11632, 6.22481], [1.12145, 6.22389], [1.12945, 6.21685], [1.13346, 6.21856], [1.13657, 6.21647], [1.15068, 6.21302], [1.15556, 6.21264], [1.16536, 6.20424], [1.1664, 6.20921], [1.17015, 6.20857], [1.17355, 6.20574], [1.17602, 6.20728], [1.17695, 6.21169], [1.18502, 6.20508], [1.19012, 6.2055], [1.19068, 6.20336], [1.20027, 6.19819], [1.20428, 6.20634], [1.20858, 6.2046], [1.20856, 6.20078], [1.21696, 6.20413], [1.22937, 6.20412], [1.22941, 6.2058], [1.23925, 6.20622], [1.24121, 6.20953], [1.24375, 6.20942], [1.25012, 6.21948], [1.24452, 6.22743], [1.24157, 6.22739], [1.24829, 6.23322], [1.24993, 6.24088], [1.25173, 6.24433], [1.25093, 6.24886], [1.25316, 6.25678], [1.2289, 6.27319], [1.22663, 6.27657], [1.23545, 6.27176], [1.24543, 6.27207], [1.24871, 6.27661], [1.24789, 6.2798], [1.25148, 6.29859], [1.2506, 6.30035], [1.23795, 6.30931], [1.23128, 6.31756], [1.22398, 6.32917], [1.22267, 6.33584], [1.21896, 6.34145], [1.21643, 6.34768], [1.22249, 6.35076], [1.2311, 6.34795], [1.23321, 6.34444], [1.24146, 6.33934], [1.2448, 6.34321], [1.24199, 6.35076], [1.23461, 6.35937], [1.22811, 6.36446], [1.21615, 6.36925], [1.21519, 6.36449], [1.20985, 6.35989], [1.19843, 6.34461], [1.19369, 6.33671], [1.18982, 6.32617], [1.18982, 6.31598], [1.17702, 6.2971], [1.17191, 6.29727], [1.16662, 6.30127], [1.16708, 6.29542], [1.15552, 6.27845], [1.14643, 6.27215], [1.13307, 6.27077], [1.1253, 6.26879], [1.11935, 6.26397], [1.10838, 6.2594], [1.09984, 6.25864], [1.09801, 6.25395]]]}, "id": "Ago\u00e8-Nyiv\u00e9"}, {"type": "Feature", "properties": {"prefecture": "Ak\u00e9bou", "region": "Plateaux", "superficie_km2": 1145.90487857}, "geometry": {"type": "Polygon", "coordinates": [[[0.61602, 7.89098], [0.61622, 7.88453], [0.61817, 7.88042], [0.6219, 7.85954], [0.61585, 7.83646], [0.61585, 7.82472], [0.61395, 7.81412], [0.61357, 7.79785], [0.60903, 7.78611], [0.60941, 7.77892], [0.61471, 7.77248], [0.61585, 7.76908], [0.61438, 7.76102], [0.60828, 7.75296], [0.60828, 7.74493], [0.6115, 7.73288], [0.61632, 7.71119], [0.61673, 7.71111], [0.62596, 7.70938], [0.63158, 7.70255], [0.6364, 7.69492], [0.63841, 7.69773], [0.64443, 7.70135], [0.65213, 7.69169], [0.65027, 7.68319], [0.65166, 7.6674], [0.65407, 7.64692], [0.66371, 7.62724], [0.66733, 7.62684], [0.67617, 7.618], [0.683, 7.61599], [0.69545, 7.61398], [0.70308, 7.61479], [0.70991, 7.61358], [0.71794, 7.62041], [0.72838, 7.62684], [0.73843, 7.63166], [0.75128, 7.6421], [0.75811, 7.64893], [0.76534, 7.65736], [0.78542, 7.66058], [0.79265, 7.64009], [0.79747, 7.63286], [0.80189, 7.62885], [0.80992, 7.63407], [0.81595, 7.65254], [0.81916, 7.65616], [0.82518, 7.67142], [0.8292, 7.67825], [0.84406, 7.68227], [0.85129, 7.68307], [0.85861, 7.68209], [0.86482, 7.6842], [0.86897, 7.69171], [0.86937, 7.70335], [0.87098, 7.71741], [0.86977, 7.72264], [0.877, 7.75196], [0.87941, 7.75718], [0.8778, 7.77003], [0.87981, 7.7873], [0.88343, 7.81381], [0.89628, 7.83791], [0.89972, 7.84603], [0.91327, 7.8636], [0.92783, 7.87364], [0.95294, 7.87415], [0.95997, 7.86963], [0.97754, 7.87013], [0.98808, 7.87364], [1.00365, 7.88017], [1.01218, 7.88268], [1.03026, 7.88118], [1.03428, 7.88017], [1.04683, 7.88619], [1.06038, 7.88017], [1.08231, 7.87619], [1.08038, 7.89299], [1.07524, 7.89588], [1.06239, 7.90648], [1.04954, 7.91323], [1.04407, 7.93894], [1.04407, 7.94247], [1.0399, 7.9444], [1.03829, 7.94794], [1.0399, 7.95243], [1.03847, 7.9606], [1.02987, 7.96431], [1.01806, 7.96643], [1.00534, 7.96764], [0.9793, 7.9743], [0.96991, 7.97885], [0.96325, 7.98097], [0.94629, 7.97491], [0.94084, 7.97158], [0.93084, 7.96794], [0.91903, 7.96461], [0.91268, 7.96461], [0.89905, 7.96128], [0.88451, 7.95946], [0.86816, 8.02215], [0.8618, 8.03184], [0.85317, 8.03593], [0.83712, 8.03874], [0.83353, 8.01654], [0.83523, 8.00661], [0.83426, 8.00201], [0.83159, 7.99862], [0.83388, 7.99392], [0.83111, 7.98384], [0.83014, 7.97439], [0.83161, 7.96818], [0.82593, 7.9538], [0.82063, 7.9485], [0.80927, 7.94244], [0.79603, 7.93828], [0.77307, 7.93235], [0.75846, 7.93912], [0.74762, 7.94222], [0.73435, 7.94727], [0.72306, 7.94992], [0.71729, 7.95001], [0.71265, 7.95186], [0.7101, 7.95872], [0.70953, 7.96459], [0.70139, 7.96326], [0.69288, 7.95967], [0.69004, 7.95569], [0.68966, 7.94774], [0.69056, 7.94266], [0.69515, 7.9362], [0.70007, 7.92106], [0.68493, 7.90213], [0.67868, 7.89702], [0.66619, 7.89399], [0.65408, 7.89361], [0.63969, 7.89399], [0.61602, 7.89098]]]}, "id": "Ak\u00e9bou"}, {"type": "Feature", "properties": {"prefecture": "Amou", "region": "Plateaux", "superficie_km2": 1807.76248492}, "geometry": {"type": "Polygon", "coordinates": [[[0.86482, 7.6842], [0.87265, 7.68207], [0.88222, 7.65777], [0.89307, 7.65335], [0.90351, 7.65736], [0.90311, 7.63648], [0.90351, 7.62764], [0.90713, 7.61559], [0.91395, 7.60796], [0.91918, 7.59952], [0.93042, 7.58868], [0.94127, 7.58265], [0.95372, 7.57783], [0.97179, 7.57261], [0.98585, 7.5702], [0.99308, 7.57141], [0.9979, 7.56859], [1.00787, 7.5682], [1.00674, 7.55654], [1.00754, 7.54168], [1.00433, 7.53927], [0.99148, 7.53365], [0.99027, 7.52883], [0.98143, 7.5228], [0.97702, 7.51678], [0.97099, 7.51477], [0.96577, 7.51477], [0.96095, 7.5212], [0.95533, 7.52361], [0.94689, 7.53485], [0.94006, 7.53445], [0.93691, 7.53106], [0.93075, 7.53591], [0.9244, 7.52923], [0.91636, 7.52321], [0.91275, 7.51798], [0.90672, 7.51718], [0.89628, 7.51437], [0.89026, 7.50794], [0.88606, 7.50536], [0.89307, 7.50433], [0.89708, 7.4983], [0.88985, 7.49589], [0.88865, 7.48987], [0.88584, 7.48465], [0.88463, 7.47782], [0.88222, 7.47179], [0.88142, 7.46416], [0.8762, 7.45693], [0.86616, 7.4485], [0.85812, 7.44367], [0.85049, 7.43002], [0.84867, 7.41803], [0.83964, 7.40712], [0.82719, 7.40029], [0.81514, 7.39708], [0.80082, 7.38985], [0.79707, 7.38423], [0.78663, 7.36174], [0.77658, 7.35571], [0.76654, 7.35089], [0.76212, 7.34647], [0.76132, 7.3304], [0.75931, 7.32277], [0.76052, 7.31835], [0.76694, 7.31715], [0.77498, 7.31233], [0.78622, 7.30671], [0.79519, 7.30437], [0.81354, 7.30189], [0.82131, 7.29726], [0.83041, 7.30269], [0.84326, 7.30912], [0.85973, 7.31153], [0.86656, 7.31715], [0.8766, 7.32277], [0.88544, 7.32117], [0.90431, 7.32197], [0.92038, 7.31474], [0.93203, 7.31353], [0.94448, 7.3059], [0.94649, 7.29827], [0.95258, 7.29424], [0.95693, 7.29787], [0.96818, 7.30229], [0.973, 7.30108], [0.97782, 7.29064], [0.98063, 7.27096], [0.98143, 7.2565], [0.97983, 7.24364], [0.97903, 7.23159], [0.98103, 7.22517], [0.98505, 7.22356], [0.99108, 7.22597], [0.9979, 7.22597], [1.00634, 7.22356], [1.01156, 7.21794], [1.01317, 7.21432], [1.0216, 7.21352], [1.02803, 7.2099], [1.03897, 7.19298], [1.0457, 7.20187], [1.05919, 7.21561], [1.06107, 7.22251], [1.06735, 7.23444], [1.06547, 7.25327], [1.05856, 7.2608], [1.05794, 7.27147], [1.05668, 7.27649], [1.0617, 7.28088], [1.06798, 7.28088], [1.07676, 7.279], [1.07927, 7.2859], [1.08053, 7.3041], [1.07865, 7.31917], [1.08053, 7.32607], [1.11003, 7.33925], [1.11191, 7.34741], [1.11568, 7.35243], [1.11881, 7.35933], [1.13513, 7.35996], [1.14141, 7.36498], [1.14078, 7.37251], [1.14266, 7.38381], [1.14266, 7.39887], [1.13894, 7.42863], [1.14451, 7.44167], [1.14371, 7.45171], [1.14491, 7.45894], [1.14411, 7.46496], [1.13447, 7.48023], [1.12563, 7.48063], [1.11893, 7.47805], [1.11657, 7.48271], [1.114, 7.4917], [1.10963, 7.5007], [1.10774, 7.50911], [1.11217, 7.51707], [1.11567, 7.52036], [1.11875, 7.52673], [1.11999, 7.53414], [1.12698, 7.54339], [1.1313, 7.5475], [1.1424, 7.55121], [1.14364, 7.55429], [1.1424, 7.56478], [1.1457, 7.57383], [1.15063, 7.57979], [1.15269, 7.58493], [1.15461, 7.59704], [1.1514, 7.607], [1.14947, 7.61696], [1.14947, 7.62756], [1.14658, 7.63688], [1.1408, 7.65263], [1.13566, 7.66966], [1.1318, 7.67769], [1.12325, 7.69179], [1.1204, 7.70113], [1.1175, 7.70449], [1.11637, 7.70918], [1.11662, 7.71228], [1.11599, 7.72867], [1.12061, 7.72992], [1.13336, 7.7365], [1.13685, 7.74], [1.14302, 7.75707], [1.1422, 7.76879], [1.13212, 7.77352], [1.11464, 7.77578], [1.11267, 7.77695], [1.11064, 7.79814], [1.10898, 7.80301], [1.10545, 7.80687], [1.09966, 7.80816], [1.09902, 7.81587], [1.09645, 7.82133], [1.09709, 7.82519], [1.09356, 7.83483], [1.09003, 7.83836], [1.0881, 7.84607], [1.08649, 7.857], [1.08103, 7.8615], [1.08103, 7.86857], [1.08231, 7.87619], [1.06038, 7.88017], [1.04683, 7.88619], [1.03428, 7.88017], [1.03026, 7.88118], [1.01218, 7.88268], [1.00365, 7.88017], [0.98808, 7.87364], [0.97754, 7.87013], [0.95997, 7.86963], [0.95294, 7.87415], [0.92783, 7.87364], [0.91327, 7.8636], [0.89972, 7.84603], [0.89628, 7.83791], [0.88343, 7.81381], [0.87981, 7.7873], [0.8778, 7.77003], [0.87941, 7.75718], [0.877, 7.75196], [0.86977, 7.72264], [0.87098, 7.71741], [0.86937, 7.70335], [0.86897, 7.69171], [0.86482, 7.6842]]]}, "id": "Amou"}, {"type": "Feature", "properties": {"prefecture": "Ani\u00e9", "region": "Plateaux", "superficie_km2": 1985.9714186}, "geometry": {"type": "Polygon", "coordinates": [[[1.14856, 7.96607], [1.1418, 7.96192], [1.12515, 7.95776], [1.10054, 7.95435], [1.09449, 7.95246], [1.07442, 7.94905], [1.05928, 7.94981], [1.05209, 7.95473], [1.03847, 7.9606], [1.0399, 7.95243], [1.03829, 7.94794], [1.0399, 7.9444], [1.04407, 7.94247], [1.04407, 7.93894], [1.04954, 7.91323], [1.06239, 7.90648], [1.07524, 7.89588], [1.08038, 7.89299], [1.08231, 7.87619], [1.08103, 7.86857], [1.08103, 7.8615], [1.08649, 7.857], [1.0881, 7.84607], [1.09003, 7.83836], [1.09356, 7.83483], [1.09709, 7.82519], [1.09645, 7.82133], [1.09902, 7.81587], [1.09966, 7.80816], [1.10545, 7.80687], [1.10898, 7.80301], [1.11064, 7.79814], [1.11267, 7.77695], [1.11464, 7.77578], [1.13212, 7.77352], [1.1422, 7.76879], [1.14302, 7.75707], [1.13685, 7.74], [1.13336, 7.7365], [1.12061, 7.72992], [1.11599, 7.72867], [1.11662, 7.71228], [1.1167, 7.71095], [1.14112, 7.71095], [1.14497, 7.71256], [1.14947, 7.71963], [1.15301, 7.7222], [1.15783, 7.72895], [1.15911, 7.73473], [1.16618, 7.73891], [1.1755, 7.73634], [1.17871, 7.72541], [1.18161, 7.71995], [1.18032, 7.70613], [1.17518, 7.70035], [1.17293, 7.69231], [1.17582, 7.68267], [1.1845, 7.67914], [1.19317, 7.67721], [1.20217, 7.67785], [1.21535, 7.68139], [1.22852, 7.68203], [1.25776, 7.68107], [1.2629, 7.67978], [1.27833, 7.67175], [1.28604, 7.665], [1.2899, 7.65922], [1.29455, 7.6499], [1.29439, 7.64427], [1.29986, 7.63817], [1.29793, 7.63014], [1.29375, 7.61792], [1.28411, 7.61214], [1.287, 7.6025], [1.29825, 7.59704], [1.30307, 7.59961], [1.30693, 7.60346], [1.314, 7.60089], [1.31914, 7.59415], [1.31657, 7.59093], [1.30725, 7.5829], [1.30596, 7.57615], [1.30693, 7.57101], [1.31882, 7.56619], [1.32717, 7.55912], [1.3381, 7.55655], [1.34838, 7.55944], [1.35127, 7.55398], [1.34902, 7.5453], [1.3381, 7.54145], [1.33745, 7.5339], [1.34388, 7.52875], [1.35256, 7.52747], [1.36091, 7.52329], [1.36605, 7.52233], [1.37698, 7.52297], [1.38308, 7.51751], [1.38597, 7.50947], [1.37666, 7.50112], [1.37666, 7.49726], [1.37891, 7.49276], [1.38533, 7.48602], [1.39369, 7.48441], [1.40333, 7.48023], [1.40558, 7.46545], [1.41136, 7.45774], [1.41747, 7.45228], [1.42325, 7.44456], [1.4316, 7.43492], [1.43418, 7.42785], [1.44125, 7.42303], [1.44414, 7.43075], [1.44671, 7.45163], [1.44992, 7.45967], [1.44896, 7.47605], [1.45185, 7.48634], [1.44896, 7.49019], [1.45088, 7.4963], [1.46117, 7.50112], [1.48077, 7.50465], [1.49073, 7.50883], [1.50037, 7.50996], [1.51387, 7.50899], [1.52158, 7.51124], [1.52897, 7.51638], [1.53315, 7.52731], [1.53122, 7.53695], [1.53379, 7.54402], [1.53636, 7.54595], [1.54439, 7.54755], [1.555, 7.54723], [1.56785, 7.54434], [1.57781, 7.54048], [1.58713, 7.54048], [1.59613, 7.53341], [1.6032, 7.52538], [1.60641, 7.51895], [1.60384, 7.51445], [1.6048, 7.50996], [1.61894, 7.50578], [1.64047, 7.50771], [1.65461, 7.51221], [1.65925, 7.52129], [1.653, 7.53566], [1.64947, 7.54819], [1.64915, 7.5588], [1.65076, 7.61343], [1.63694, 7.64138], [1.63148, 7.6613], [1.6309, 7.67661], [1.63279, 7.73184], [1.63592, 7.79648], [1.6353, 7.81029], [1.62965, 7.8266], [1.63153, 7.85234], [1.63216, 7.88623], [1.63404, 7.8969], [1.63404, 7.90317], [1.63272, 7.9173], [1.6236, 7.91657], [1.56254, 7.90893], [1.53885, 7.90733], [1.53041, 7.90492], [1.51876, 7.91335], [1.5039, 7.92862], [1.50149, 7.93745], [1.49426, 7.94308], [1.49105, 7.95794], [1.48422, 7.96396], [1.46936, 7.96517], [1.44847, 7.96276], [1.44231, 7.96485], [1.4403, 7.9456], [1.44109, 7.92418], [1.44024, 7.90879], [1.45141, 7.90945], [1.46521, 7.90129], [1.4671, 7.8969], [1.46333, 7.86238], [1.45894, 7.83978], [1.4489, 7.82095], [1.42505, 7.81593], [1.4081, 7.81656], [1.39429, 7.80338], [1.39067, 7.79577], [1.38174, 7.80087], [1.36668, 7.80778], [1.35538, 7.81217], [1.33404, 7.82723], [1.32337, 7.83037], [1.30329, 7.82284], [1.29011, 7.82409], [1.28195, 7.82911], [1.28258, 7.83288], [1.28948, 7.83916], [1.28948, 7.84732], [1.28446, 7.85234], [1.2763, 7.84669], [1.26375, 7.84355], [1.24367, 7.84543], [1.233, 7.85359], [1.21856, 7.85673], [1.22421, 7.86928], [1.2265, 7.87653], [1.22266, 7.8773], [1.20934, 7.87633], [1.20449, 7.88166], [1.20522, 7.8928], [1.20788, 7.89705], [1.19317, 7.89604], [1.18418, 7.9015], [1.17679, 7.90761], [1.17293, 7.91243], [1.15686, 7.91275], [1.13758, 7.90086], [1.12955, 7.90247], [1.1228, 7.91371], [1.12184, 7.91757], [1.12377, 7.924], [1.13373, 7.93556], [1.13823, 7.94874], [1.14786, 7.9632], [1.14856, 7.96607]]]}, "id": "Ani\u00e9"}, {"type": "Feature", "properties": {"prefecture": "Assoli", "region": "Kara", "superficie_km2": 933.10907332}, "geometry": {"type": "Polygon", "coordinates": [[[0.98383, 9.45176], [0.98096, 9.44493], [0.97415, 9.4137], [0.97135, 9.40329], [0.96694, 9.39568], [0.95773, 9.38607], [0.95413, 9.37085], [0.95653, 9.36325], [0.95599, 9.35067], [0.95749, 9.33837], [0.97038, 9.33371], [0.97925, 9.32665], [0.98164, 9.31832], [0.98433, 9.31373], [0.98897, 9.31387], [0.99039, 9.30903], [0.99877, 9.30442], [1.00419, 9.29604], [1.00994, 9.29087], [1.02091, 9.28903], [1.02617, 9.28575], [1.03099, 9.27489], [1.03346, 9.25976], [1.03311, 9.23798], [1.02842, 9.22423], [1.02465, 9.21711], [1.01788, 9.21364], [1.02944, 9.21239], [1.04091, 9.2136], [1.07051, 9.22736], [1.08274, 9.23012], [1.09795, 9.22932], [1.10276, 9.22812], [1.11317, 9.22732], [1.11877, 9.22612], [1.12318, 9.22331], [1.13119, 9.22251], [1.1428, 9.21971], [1.15962, 9.21651], [1.16522, 9.21851], [1.17283, 9.22692], [1.17843, 9.22932], [1.1852, 9.23549], [1.19813, 9.23564], [1.20366, 9.22652], [1.21007, 9.22291], [1.22706, 9.22926], [1.23312, 9.23476], [1.24902, 9.24262], [1.26812, 9.24933], [1.28896, 9.25243], [1.29455, 9.24974], [1.31057, 9.24574], [1.31377, 9.24574], [1.3426, 9.25254], [1.35021, 9.25174], [1.36022, 9.25174], [1.36382, 9.25735], [1.36783, 9.26616], [1.37143, 9.26976], [1.37704, 9.26976], [1.37864, 9.28097], [1.37824, 9.28618], [1.37944, 9.29178], [1.38427, 9.30438], [1.38878, 9.30927], [1.413, 9.32446], [1.40787, 9.33503], [1.40306, 9.35505], [1.40266, 9.38148], [1.39986, 9.39509], [1.40186, 9.4055], [1.40146, 9.41671], [1.39986, 9.42232], [1.40066, 9.43473], [1.40026, 9.44434], [1.39821, 9.45398], [1.39505, 9.45595], [1.38825, 9.45595], [1.38224, 9.45915], [1.37584, 9.46116], [1.36903, 9.46076], [1.35622, 9.45515], [1.34821, 9.45315], [1.3446, 9.45555], [1.3394, 9.46156], [1.33419, 9.46276], [1.33019, 9.46156], [1.32899, 9.45635], [1.32779, 9.44314], [1.32805, 9.43859], [1.32458, 9.43633], [1.29248, 9.42931], [1.26445, 9.43532], [1.24563, 9.43972], [1.24002, 9.44213], [1.22961, 9.44413], [1.2216, 9.44373], [1.21319, 9.44453], [1.20318, 9.43732], [1.20038, 9.43051], [1.19157, 9.42211], [1.18356, 9.4189], [1.17395, 9.4181], [1.16652, 9.41616], [1.15932, 9.40935], [1.14833, 9.40809], [1.13912, 9.41089], [1.13191, 9.4121], [1.12631, 9.40649], [1.11939, 9.40522], [1.11469, 9.39848], [1.10228, 9.39127], [1.09627, 9.38006], [1.09547, 9.37526], [1.09627, 9.36965], [1.09347, 9.36284], [1.08666, 9.36565], [1.08026, 9.36645], [1.07705, 9.37446], [1.06985, 9.38206], [1.06704, 9.39087], [1.06304, 9.39448], [1.05784, 9.40249], [1.05343, 9.40288], [1.05019, 9.40954], [1.04142, 9.40609], [1.03101, 9.40569], [1.01099, 9.4121], [1.00138, 9.4225], [0.98816, 9.44693], [0.98383, 9.45176]]]}, "id": "Assoli"}, {"type": "Feature", "properties": {"prefecture": "Av\u00e9", "region": "Maritime", "superficie_km2": 1049.32257354}, "geometry": {"type": "Polygon", "coordinates": [[[0.90008, 6.70301], [0.88466, 6.70055], [0.8801, 6.70151], [0.87431, 6.69466], [0.87255, 6.68993], [0.8722, 6.68413], [0.86711, 6.6636], [0.8662, 6.6555], [0.86108, 6.64788], [0.86153, 6.64697], [0.85762, 6.63534], [0.85312, 6.62714], [0.84683, 6.62153], [0.8414, 6.61267], [0.83311, 6.58739], [0.83241, 6.57855], [0.82834, 6.56577], [0.82022, 6.554], [0.80893, 6.551], [0.80345, 6.55154], [0.79573, 6.55064], [0.79152, 6.54628], [0.77836, 6.53554], [0.76392, 6.52606], [0.76125, 6.52562], [0.75239, 6.52727], [0.74327, 6.52372], [0.73723, 6.52242], [0.73162, 6.51973], [0.72642, 6.5197], [0.71874, 6.51753], [0.71972, 6.50714], [0.72447, 6.48739], [0.72695, 6.4852], [0.7278, 6.47889], [0.74133, 6.46166], [0.74856, 6.44109], [0.75684, 6.43152], [0.7626, 6.43182], [0.77609, 6.42227], [0.78243, 6.41571], [0.78605, 6.40446], [0.78886, 6.39883], [0.79906, 6.39673], [0.81246, 6.39571], [0.82373, 6.39415], [0.84306, 6.38672], [0.85973, 6.37446], [0.86996, 6.36485], [0.89312, 6.33705], [0.90391, 6.32101], [0.92963, 6.32218], [0.96769, 6.32287], [0.9961, 6.32405], [1.00274, 6.30518], [1.02562, 6.24348], [1.02975, 6.23937], [1.04056, 6.23401], [1.04866, 6.2288], [1.0583, 6.22025], [1.08142, 6.18017], [1.08475, 6.17284], [1.08521, 6.1824], [1.09103, 6.18989], [1.09071, 6.22344], [1.10398, 6.23942], [1.10425, 6.24435], [1.09801, 6.25395], [1.0948, 6.26424], [1.08902, 6.26728], [1.08634, 6.27135], [1.08702, 6.27557], [1.08096, 6.27976], [1.07573, 6.29024], [1.06717, 6.27891], [1.05377, 6.29222], [1.05095, 6.29615], [1.04632, 6.32653], [1.0531, 6.32794], [1.06473, 6.32662], [1.0673, 6.32899], [1.07273, 6.35289], [1.07808, 6.38781], [1.07431, 6.39555], [1.07384, 6.40351], [1.07571, 6.42288], [1.07875, 6.43731], [1.077, 6.44692], [1.07835, 6.4507], [1.07319, 6.45549], [1.06889, 6.4617], [1.06591, 6.4632], [1.06455, 6.47124], [1.06074, 6.47947], [1.059, 6.48564], [1.05107, 6.49488], [1.05037, 6.49934], [1.04554, 6.50447], [1.03832, 6.50891], [1.0225, 6.5164], [1.01422, 6.52838], [1.00675, 6.52983], [1.00518, 6.53766], [0.99559, 6.55819], [0.98749, 6.56692], [0.99151, 6.60444], [0.99126, 6.61279], [0.98662, 6.61739], [0.97996, 6.63493], [0.97666, 6.63646], [0.96743, 6.63708], [0.95292, 6.63988], [0.95071, 6.64229], [0.94892, 6.64997], [0.94867, 6.657], [0.94667, 6.66182], [0.93963, 6.66531], [0.93268, 6.67286], [0.93064, 6.68559], [0.92448, 6.6882], [0.91809, 6.69257], [0.90662, 6.70284], [0.90008, 6.70301]]]}, "id": "Av\u00e9"}, {"type": "Feature", "properties": {"prefecture": "Bas-Mono", "region": "Maritime", "superficie_km2": 329.48264097}, "geometry": {"type": "Polygon", "coordinates": [[[1.64104, 6.58308], [1.63602, 6.57795], [1.63107, 6.5785], [1.62579, 6.57555], [1.60284, 6.57324], [1.59204, 6.57422], [1.58517, 6.57107], [1.57554, 6.56923], [1.5657, 6.56603], [1.55517, 6.56052], [1.5645, 6.55174], [1.55626, 6.54236], [1.55167, 6.53311], [1.55301, 6.5285], [1.56356, 6.52458], [1.56535, 6.51513], [1.57285, 6.50394], [1.57944, 6.50352], [1.58253, 6.50046], [1.57969, 6.49451], [1.57752, 6.48484], [1.57732, 6.47825], [1.57865, 6.47166], [1.57516, 6.46461], [1.57275, 6.46219], [1.57167, 6.45384], [1.57454, 6.45099], [1.58662, 6.45212], [1.58707, 6.44948], [1.58269, 6.442], [1.58665, 6.44201], [1.58686, 6.44575], [1.58971, 6.44641], [1.5917, 6.4429], [1.58666, 6.43893], [1.58338, 6.43233], [1.58404, 6.43058], [1.58843, 6.43257], [1.59327, 6.42928], [1.59547, 6.43039], [1.5957, 6.43693], [1.59451, 6.4408], [1.59545, 6.44578], [1.59855, 6.45083], [1.60474, 6.45103], [1.60817, 6.44847], [1.6077, 6.44383], [1.60534, 6.4408], [1.59929, 6.4373], [1.6011, 6.43575], [1.60824, 6.43575], [1.61275, 6.43374], [1.61456, 6.42674], [1.6182, 6.41745], [1.62649, 6.40259], [1.62863, 6.39046], [1.62646, 6.38206], [1.62951, 6.3722], [1.63195, 6.3645], [1.64435, 6.3578], [1.6527, 6.35647], [1.65315, 6.3611], [1.65024, 6.37048], [1.66415, 6.38461], [1.67702, 6.39036], [1.6867, 6.39127], [1.6893, 6.38991], [1.69513, 6.39079], [1.69731, 6.38697], [1.70288, 6.38913], [1.7063, 6.39687], [1.72217, 6.39862], [1.73072, 6.40809], [1.73544, 6.4081], [1.74747, 6.40383], [1.75563, 6.40257], [1.75776, 6.40644], [1.76085, 6.42433], [1.76674, 6.42303], [1.76785, 6.41819], [1.77563, 6.41755], [1.78059, 6.4213], [1.78079, 6.4268], [1.77639, 6.42942], [1.77267, 6.4259], [1.76475, 6.4272], [1.75771, 6.43355], [1.75395, 6.44519], [1.75305, 6.45047], [1.75436, 6.45508], [1.75082, 6.46409], [1.74069, 6.47483], [1.73629, 6.47438], [1.73387, 6.47635], [1.7376, 6.48098], [1.73517, 6.48603], [1.73033, 6.48755], [1.72899, 6.49612], [1.7259, 6.50183], [1.7226, 6.5016], [1.71954, 6.49544], [1.7125, 6.50025], [1.70591, 6.4976], [1.70327, 6.49913], [1.69558, 6.50043], [1.69424, 6.50966], [1.69687, 6.51296], [1.70236, 6.51297], [1.70186, 6.53627], [1.69569, 6.54285], [1.69853, 6.54813], [1.69632, 6.5534], [1.68775, 6.55359], [1.684, 6.56062], [1.6739, 6.5562], [1.6684, 6.55794], [1.66641, 6.56343], [1.67418, 6.57301], [1.67571, 6.57961], [1.67416, 6.58312], [1.6702, 6.58553], [1.66273, 6.58419], [1.65615, 6.5778], [1.64362, 6.58084], [1.64104, 6.58308]]]}, "id": "Bas-Mono"}, {"type": "Feature", "properties": {"prefecture": "Bassar", "region": "Kara", "superficie_km2": 3454.42905592}, "geometry": {"type": "Polygon", "coordinates": [[[0.87064, 9.6645], [0.85551, 9.64311], [0.84457, 9.63831], [0.83169, 9.62937], [0.82818, 9.63067], [0.82415, 9.63913], [0.82443, 9.64428], [0.81981, 9.65061], [0.81217, 9.65086], [0.80703, 9.64477], [0.80308, 9.64172], [0.79796, 9.63139], [0.79622, 9.61684], [0.79781, 9.60746], [0.7918, 9.59198], [0.78485, 9.58224], [0.77601, 9.58006], [0.77324, 9.58398], [0.7649, 9.59907], [0.75999, 9.60359], [0.7496, 9.60533], [0.72955, 9.60236], [0.73045, 9.61667], [0.73845, 9.6286], [0.72063, 9.63477], [0.70982, 9.64288], [0.70702, 9.62898], [0.70739, 9.6205], [0.70499, 9.61382], [0.70013, 9.61046], [0.69318, 9.60072], [0.68742, 9.59402], [0.67995, 9.57186], [0.68, 9.56308], [0.67871, 9.56014], [0.66494, 9.55664], [0.66364, 9.55355], [0.65839, 9.54946], [0.65462, 9.54859], [0.66209, 9.54292], [0.67187, 9.52776], [0.67536, 9.51856], [0.67765, 9.50492], [0.69911, 9.4842], [0.68862, 9.4804], [0.68498, 9.47601], [0.67352, 9.47594], [0.65329, 9.47096], [0.64427, 9.47065], [0.62643, 9.47489], [0.60885, 9.47502], [0.60005, 9.47738], [0.59249, 9.47757], [0.58857, 9.47972], [0.58638, 9.47874], [0.58246, 9.48065], [0.55907, 9.47589], [0.55484, 9.47053], [0.55026, 9.46177], [0.54839, 9.4511], [0.54096, 9.43191], [0.53922, 9.42919], [0.54783, 9.42521], [0.55025, 9.4205], [0.55649, 9.41344], [0.56228, 9.40402], [0.56233, 9.39598], [0.56387, 9.38369], [0.56057, 9.37514], [0.55827, 9.36424], [0.55311, 9.35238], [0.54553, 9.3457], [0.54321, 9.33717], [0.5481, 9.3197], [0.54483, 9.31021], [0.53488, 9.30304], [0.51552, 9.27878], [0.50844, 9.26927], [0.50516, 9.26073], [0.5029, 9.24462], [0.51545, 9.22058], [0.52553, 9.20882], [0.52651, 9.20457], [0.5147, 9.19124], [0.50014, 9.16227], [0.48783, 9.1532], [0.48449, 9.15365], [0.47073, 9.14693], [0.46886, 9.14171], [0.47623, 9.10911], [0.47296, 9.10058], [0.4706, 9.09772], [0.46633, 9.09627], [0.4602, 9.08818], [0.45789, 9.07776], [0.45555, 9.07254], [0.45289, 9.04366], [0.45295, 9.03562], [0.45542, 9.02238], [0.46074, 9.01059], [0.4723, 8.9908], [0.48239, 8.97762], [0.49108, 8.95923], [0.49781, 8.94886], [0.50359, 8.93849], [0.50886, 8.93332], [0.51609, 8.9206], [0.51569, 8.90876], [0.5167, 8.89978], [0.52057, 8.89082], [0.5268, 8.88423], [0.52829, 8.87525], [0.52689, 8.87051], [0.52308, 8.87143], [0.51928, 8.86999], [0.51742, 8.86335], [0.51841, 8.85863], [0.51748, 8.85436], [0.50486, 8.84204], [0.50378, 8.84102], [0.52468, 8.84494], [0.53275, 8.84736], [0.53939, 8.85119], [0.54411, 8.8569], [0.54992, 8.87116], [0.55342, 8.87516], [0.55993, 8.87867], [0.58295, 8.87666], [0.5909, 8.87945], [0.59248, 8.88135], [0.59098, 8.89128], [0.58667, 8.89551], [0.57904, 8.8983], [0.57804, 8.90586], [0.58134, 8.91156], [0.587, 8.91822], [0.5927, 8.91968], [0.61358, 8.92833], [0.62303, 8.9388], [0.63202, 8.94738], [0.63381, 8.9649], [0.63755, 8.97533], [0.64227, 8.98152], [0.65558, 8.98397], [0.66504, 8.9828], [0.67054, 8.98778], [0.67454, 8.99378], [0.67755, 9.00029], [0.68105, 9.00429], [0.68505, 9.0128], [0.69106, 9.01481], [0.69611, 9.01245], [0.7011, 9.0117], [0.70966, 9.01365], [0.71391, 9.01793], [0.71577, 9.02457], [0.72234, 9.04023], [0.72517, 9.04403], [0.73464, 9.05308], [0.74276, 9.04935], [0.74706, 9.04559], [0.75659, 9.0447], [0.76749, 9.05281], [0.77367, 9.05379], [0.78036, 9.05005], [0.78187, 9.03633], [0.78575, 9.02547], [0.79289, 9.02504], [0.8096, 9.01662], [0.822, 9.01338], [0.842, 9.01256], [0.85154, 9.00977], [0.86633, 9.0037], [0.87329, 9.00414], [0.87664, 9.00416], [0.89623, 9.00679], [0.90423, 9.00921], [0.92002, 9.01174], [0.94961, 9.01553], [0.95909, 9.0229], [0.96656, 9.0268], [0.9753, 9.03785], [0.97614, 9.0447], [0.98362, 9.05249], [0.99289, 9.05428], [1.0002, 9.0594], [1.00308, 9.06884], [1.00114, 9.07498], [0.99104, 9.09386], [0.98763, 9.10757], [0.98703, 9.12887], [0.98794, 9.13739], [0.98741, 9.14685], [0.98542, 9.16104], [0.98534, 9.17571], [0.9886, 9.18804], [0.99333, 9.19564], [0.9933, 9.20037], [0.99994, 9.20609], [1.00658, 9.20991], [1.01467, 9.21185], [1.01788, 9.21364], [1.02465, 9.21711], [1.02842, 9.22423], [1.03311, 9.23798], [1.03346, 9.25976], [1.03099, 9.27489], [1.02617, 9.28575], [1.02091, 9.28903], [1.00994, 9.29087], [1.00419, 9.29604], [0.99877, 9.30442], [0.99039, 9.30903], [0.98897, 9.31387], [0.98433, 9.31373], [0.98164, 9.31832], [0.97925, 9.32665], [0.97038, 9.33371], [0.95749, 9.33837], [0.95599, 9.35067], [0.95653, 9.36325], [0.95413, 9.37085], [0.95773, 9.38607], [0.96694, 9.39568], [0.97135, 9.40329], [0.97415, 9.4137], [0.98096, 9.44493], [0.98383, 9.45176], [0.97895, 9.45214], [0.97575, 9.45894], [0.97976, 9.47015], [0.98416, 9.47456], [0.98816, 9.48537], [0.98456, 9.48937], [0.98736, 9.49178], [0.98696, 9.49618], [0.98176, 9.50139], [0.98416, 9.50819], [0.98856, 9.5134], [0.99017, 9.5178], [0.99777, 9.52101], [1.00258, 9.52942], [1.00698, 9.53502], [1.00778, 9.55704], [1.01059, 9.56906], [1.00778, 9.59348], [0.98536, 9.60309], [0.97455, 9.60549], [0.96654, 9.6107], [0.95893, 9.62271], [0.95133, 9.62471], [0.93931, 9.62391], [0.93005, 9.6199], [0.91328, 9.63353], [0.91691, 9.6455], [0.91555, 9.65105], [0.91267, 9.65435], [0.90647, 9.65526], [0.89929, 9.65853], [0.89593, 9.66277], [0.88259, 9.66032], [0.874, 9.66121], [0.87064, 9.6645]]]}, "id": "Bassar"}, {"type": "Feature", "properties": {"prefecture": "Binah", "region": "Kara", "superficie_km2": 580.75810469}, "geometry": {"type": "Polygon", "coordinates": [[[1.34156, 10.02498], [1.33783, 10.02124], [1.30102, 9.98], [1.2894, 9.92314], [1.2872, 9.91019], [1.28047, 9.87817], [1.27541, 9.87275], [1.28379, 9.86667], [1.28708, 9.86237], [1.28421, 9.85659], [1.27697, 9.8526], [1.25399, 9.87244], [1.23634, 9.84915], [1.21327, 9.81951], [1.20863, 9.80365], [1.1924, 9.78629], [1.18844, 9.78087], [1.18995, 9.76936], [1.19474, 9.75679], [1.19782, 9.75176], [1.22127, 9.73827], [1.23166, 9.71703], [1.24174, 9.71647], [1.24268, 9.71102], [1.24606, 9.70741], [1.26244, 9.69238], [1.27286, 9.68918], [1.28126, 9.68517], [1.29688, 9.67677], [1.30569, 9.66355], [1.30609, 9.65394], [1.30369, 9.64273], [1.30409, 9.63232], [1.30729, 9.62391], [1.3129, 9.61871], [1.3129, 9.6159], [1.3161, 9.6111], [1.32251, 9.60709], [1.33041, 9.606], [1.33051, 9.60014], [1.32491, 9.59869], [1.31009, 9.59789], [1.29608, 9.59909], [1.29047, 9.58107], [1.28607, 9.57506], [1.28647, 9.57306], [1.27766, 9.55865], [1.27085, 9.53822], [1.32611, 9.50579], [1.36095, 9.48657], [1.36065, 9.48701], [1.35854, 9.49018], [1.35934, 9.50779], [1.34773, 9.53662], [1.34253, 9.54583], [1.34301, 9.5489], [1.35854, 9.58868], [1.36655, 9.6115], [1.36655, 9.64994], [1.36975, 9.66155], [1.36335, 9.69719], [1.36675, 9.75082], [1.36612, 9.80661], [1.3664, 9.82316], [1.36391, 9.88579], [1.36642, 9.94771], [1.36686, 9.97415], [1.36615, 10.00226], [1.36512, 10.00328], [1.36411, 10.01214], [1.34156, 10.02498]]]}, "id": "Binah"}, {"type": "Feature", "properties": {"prefecture": "Blitta", "region": "Centrale", "superficie_km2": 3127.99968538}, "geometry": {"type": "Polygon", "coordinates": [[[0.71444, 8.36405], [0.71472, 8.35733], [0.72197, 8.35269], [0.71986, 8.34297], [0.7235, 8.33759], [0.7302, 8.33165], [0.72969, 8.32935], [0.73049, 8.31712], [0.73021, 8.30308], [0.72811, 8.28975], [0.72454, 8.28326], [0.713, 8.28031], [0.70143, 8.28205], [0.69313, 8.28056], [0.68485, 8.27583], [0.67696, 8.26607], [0.67553, 8.26282], [0.66868, 8.26027], [0.65858, 8.25877], [0.65315, 8.25945], [0.64363, 8.25868], [0.64111, 8.25732], [0.63781, 8.24822], [0.632, 8.23794], [0.6258, 8.23213], [0.62386, 8.22069], [0.61339, 8.21631], [0.59446, 8.20533], [0.58954, 8.19662], [0.59143, 8.18754], [0.59938, 8.17883], [0.60241, 8.16823], [0.60316, 8.16142], [0.60354, 8.14439], [0.60289, 8.14033], [0.59547, 8.13552], [0.59159, 8.12118], [0.59105, 8.10843], [0.59105, 8.0895], [0.59219, 8.07133], [0.59862, 8.04597], [0.59673, 8.03802], [0.60203, 8.02553], [0.60657, 8.00887], [0.60722, 8.00368], [0.60108, 7.99998], [0.59768, 7.97575], [0.60941, 7.92352], [0.61357, 7.92087], [0.61168, 7.90686], [0.61509, 7.89778], [0.61602, 7.89098], [0.63969, 7.89399], [0.65408, 7.89361], [0.66619, 7.89399], [0.67868, 7.89702], [0.68493, 7.90213], [0.70007, 7.92106], [0.69515, 7.9362], [0.69056, 7.94266], [0.68966, 7.94774], [0.69004, 7.95569], [0.69288, 7.95967], [0.70139, 7.96326], [0.70953, 7.96459], [0.7101, 7.95872], [0.71265, 7.95186], [0.71729, 7.95001], [0.72306, 7.94992], [0.73435, 7.94727], [0.74762, 7.94222], [0.75846, 7.93912], [0.77307, 7.93235], [0.79603, 7.93828], [0.80927, 7.94244], [0.82063, 7.9485], [0.82593, 7.9538], [0.83161, 7.96818], [0.83014, 7.97439], [0.83111, 7.98384], [0.83388, 7.99392], [0.83159, 7.99862], [0.83426, 8.00201], [0.83523, 8.00661], [0.83353, 8.01654], [0.83712, 8.03874], [0.85317, 8.03593], [0.8618, 8.03184], [0.86816, 8.02215], [0.88451, 7.95946], [0.89905, 7.96128], [0.91268, 7.96461], [0.91903, 7.96461], [0.93084, 7.96794], [0.94084, 7.97158], [0.94629, 7.97491], [0.96325, 7.98097], [0.96991, 7.97885], [0.9793, 7.9743], [1.00534, 7.96764], [1.01806, 7.96643], [1.02987, 7.96431], [1.03847, 7.9606], [1.05209, 7.95473], [1.05928, 7.94981], [1.07442, 7.94905], [1.09449, 7.95246], [1.10054, 7.95435], [1.12515, 7.95776], [1.1418, 7.96192], [1.14856, 7.96607], [1.15429, 7.97252], [1.16981, 7.98539], [1.18571, 7.98993], [1.19555, 8.00053], [1.19745, 8.01529], [1.20615, 8.02438], [1.20804, 8.02514], [1.21675, 8.03346], [1.22659, 8.03119], [1.23476, 8.03228], [1.23574, 8.03715], [1.24858, 8.05193], [1.251, 8.05677], [1.25221, 8.06912], [1.2507, 8.07832], [1.2481, 8.08201], [1.23696, 8.08709], [1.23042, 8.09194], [1.23042, 8.09557], [1.23381, 8.09896], [1.24132, 8.09993], [1.24786, 8.09969], [1.25464, 8.10236], [1.25621, 8.10655], [1.25645, 8.13248], [1.25936, 8.14653], [1.26226, 8.15137], [1.26372, 8.15791], [1.2642, 8.16567], [1.26444, 8.18626], [1.26275, 8.19352], [1.26033, 8.1991], [1.25185, 8.20418], [1.24627, 8.21048], [1.24337, 8.21654], [1.24288, 8.22041], [1.24603, 8.23741], [1.25088, 8.24211], [1.2599, 8.24603], [1.25458, 8.26014], [1.24872, 8.26939], [1.24008, 8.27505], [1.23751, 8.28322], [1.23237, 8.28939], [1.22998, 8.29589], [1.22929, 8.30137], [1.22963, 8.32569], [1.231, 8.33048], [1.231, 8.34076], [1.22929, 8.34692], [1.231, 8.35377], [1.23537, 8.35972], [1.22711, 8.36064], [1.2196, 8.36264], [1.20809, 8.36864], [1.18857, 8.37715], [1.17646, 8.38082], [1.16171, 8.36844], [1.16154, 8.36664], [1.14953, 8.36764], [1.13351, 8.36814], [1.1225, 8.37215], [1.1145, 8.37648], [1.09834, 8.37953], [1.06397, 8.38836], [1.05536, 8.39327], [1.04542, 8.39232], [1.03504, 8.39002], [1.02286, 8.38591], [1.00978, 8.38359], [0.98086, 8.38345], [0.96596, 8.38247], [0.95829, 8.38018], [0.94429, 8.37876], [0.94022, 8.37964], [0.93207, 8.38454], [0.92529, 8.38496], [0.91944, 8.38043], [0.90903, 8.38397], [0.90211, 8.38255], [0.89514, 8.38766], [0.88793, 8.38492], [0.88294, 8.3876], [0.87754, 8.38442], [0.87392, 8.3853], [0.86491, 8.3812], [0.86405, 8.37771], [0.77185, 8.41271], [0.77235, 8.38897], [0.73814, 8.36934], [0.72329, 8.37429], [0.71444, 8.36405]]]}, "id": "Blitta"}, {"type": "Feature", "properties": {"prefecture": "Cinkass\u00e9", "region": "Savanes", "superficie_km2": 275.62080833}, "geometry": {"type": "Polygon", "coordinates": [[[0.02962, 10.99319], [0.03638, 10.99383], [0.04393, 10.99596], [0.06525, 10.9999], [0.08624, 11.00121], [0.0905, 10.99596], [0.09559, 10.99482], [0.10133, 10.9917], [0.10855, 10.99088], [0.12117, 10.99318], [0.12593, 10.98924], [0.1338, 10.97792], [0.13704, 10.97179], [0.14352, 10.97674], [0.14844, 10.98556], [0.16012, 10.97797], [0.176, 10.97184], [0.17784, 10.97482], [0.1992, 10.96616], [0.19979, 10.9709], [0.20287, 10.97582], [0.21476, 10.98484], [0.21189, 11.0037], [0.21921, 11.01359], [0.21702, 11.01477], [0.21435, 11.02051], [0.21127, 11.03015], [0.20533, 11.03199], [0.19282, 11.0324], [0.18913, 11.04019], [0.18237, 11.04122], [0.17806, 11.04634], [0.18175, 11.06849], [0.1913, 11.07158], [0.19031, 11.07229], [0.1698, 11.07843], [0.14608, 11.08448], [0.10077, 11.09295], [0.07154, 11.10074], [0.04308, 11.10879], [0.03551, 11.11131], [-0.00647, 11.11571], [-0.03614, 11.1221], [-0.05466, 11.12549], [-0.07621, 11.12832], [-0.09351, 11.12929], [-0.11532, 11.13503], [-0.13171, 11.13804], [-0.13362, 11.12979], [-0.14197, 11.11916], [-0.14229, 11.10656], [-0.13984, 11.10427], [-0.13575, 11.10607], [-0.12479, 11.10493], [-0.11874, 11.10019], [-0.10483, 11.09495], [-0.07506, 11.08825], [-0.06749, 11.08853], [-0.06182, 11.09266], [-0.05478, 11.09986], [-0.02583, 11.10804], [-0.01602, 11.10918], [-0.00055, 11.10323], [0.00782, 11.09765], [0.01277, 11.08652], [0.02081, 11.05992], [0.02409, 11.05505], [0.02539, 11.02172], [0.02703, 11.00581], [0.02962, 10.99319]]]}, "id": "Cinkass\u00e9"}, {"type": "Feature", "properties": {"prefecture": "Dankpen", "region": "Kara", "superficie_km2": 2540.94430954}, "geometry": {"type": "Polygon", "coordinates": [[[0.53922, 9.42919], [0.54096, 9.43191], [0.54839, 9.4511], [0.55026, 9.46177], [0.55484, 9.47053], [0.55907, 9.47589], [0.58246, 9.48065], [0.58638, 9.47874], [0.58857, 9.47972], [0.59249, 9.47757], [0.60005, 9.47738], [0.60885, 9.47502], [0.62643, 9.47489], [0.64427, 9.47065], [0.65329, 9.47096], [0.67352, 9.47594], [0.68498, 9.47601], [0.68862, 9.4804], [0.69911, 9.4842], [0.67765, 9.50492], [0.67536, 9.51856], [0.67187, 9.52776], [0.66209, 9.54292], [0.65462, 9.54859], [0.65839, 9.54946], [0.66364, 9.55355], [0.66494, 9.55664], [0.67871, 9.56014], [0.68, 9.56308], [0.67995, 9.57186], [0.68742, 9.59402], [0.69318, 9.60072], [0.70013, 9.61046], [0.70499, 9.61382], [0.70739, 9.6205], [0.70702, 9.62898], [0.70982, 9.64288], [0.72063, 9.63477], [0.73845, 9.6286], [0.73045, 9.61667], [0.72955, 9.60236], [0.7496, 9.60533], [0.75999, 9.60359], [0.7649, 9.59907], [0.77324, 9.58398], [0.77601, 9.58006], [0.78485, 9.58224], [0.7918, 9.59198], [0.79781, 9.60746], [0.79622, 9.61684], [0.79796, 9.63139], [0.80308, 9.64172], [0.80703, 9.64477], [0.81217, 9.65086], [0.81981, 9.65061], [0.82443, 9.64428], [0.82415, 9.63913], [0.82818, 9.63067], [0.83169, 9.62937], [0.84457, 9.63831], [0.85551, 9.64311], [0.87064, 9.6645], [0.87869, 9.67354], [0.87192, 9.68817], [0.86422, 9.69901], [0.86447, 9.71629], [0.86682, 9.72162], [0.87167, 9.7284], [0.86825, 9.74021], [0.85964, 9.74442], [0.8567, 9.75623], [0.86069, 9.76428], [0.86148, 9.77141], [0.85853, 9.77967], [0.85843, 9.79478], [0.86091, 9.80487], [0.85943, 9.80918], [0.85541, 9.81312], [0.84522, 9.81809], [0.83899, 9.82705], [0.83677, 9.83495], [0.83999, 9.84109], [0.84648, 9.84797], [0.8487, 9.85245], [0.84514, 9.85744], [0.84428, 9.86143], [0.8497, 9.87703], [0.84648, 9.88133], [0.84057, 9.88347], [0.83628, 9.87542], [0.83199, 9.87328], [0.81642, 9.87274], [0.8102, 9.87675], [0.80865, 9.88412], [0.80536, 9.88586], [0.79943, 9.88605], [0.78556, 9.88857], [0.77804, 9.8875], [0.7697, 9.88974], [0.76731, 9.88804], [0.7657, 9.87837], [0.75711, 9.86979], [0.75657, 9.86013], [0.75443, 9.85583], [0.74776, 9.85176], [0.7453, 9.84778], [0.7394, 9.84456], [0.73403, 9.84456], [0.72428, 9.8501], [0.71741, 9.85136], [0.71151, 9.85052], [0.70669, 9.84783], [0.69603, 9.84882], [0.6883, 9.85073], [0.68437, 9.8543], [0.68223, 9.85846], [0.67982, 9.87654], [0.67676, 9.88101], [0.67245, 9.88316], [0.66599, 9.8828], [0.65905, 9.87703], [0.65422, 9.87791], [0.64568, 9.8915], [0.64129, 9.89457], [0.63406, 9.89369], [0.63083, 9.88819], [0.62617, 9.88352], [0.62225, 9.88338], [0.61181, 9.88701], [0.60063, 9.8892], [0.59209, 9.88635], [0.58792, 9.88591], [0.58463, 9.88137], [0.57055, 9.88498], [0.54935, 9.89282], [0.52408, 9.90154], [0.52175, 9.90677], [0.51856, 9.90822], [0.51507, 9.91664], [0.51507, 9.92478], [0.51914, 9.92739], [0.52175, 9.93291], [0.52495, 9.9361], [0.52698, 9.94336], [0.51972, 9.9515], [0.51391, 9.95034], [0.50636, 9.94133], [0.49939, 9.94162], [0.49716, 9.94666], [0.49155, 9.95121], [0.48603, 9.95353], [0.47819, 9.95121], [0.47121, 9.94801], [0.46541, 9.94394], [0.45611, 9.94714], [0.45379, 9.95266], [0.44711, 9.95644], [0.42619, 9.95847], [0.42096, 9.96399], [0.41806, 9.97619], [0.42271, 9.98635], [0.42242, 9.9942], [0.41545, 10.00901], [0.40789, 10.01947], [0.40786, 10.02219], [0.40019, 10.01665], [0.39099, 10.02367], [0.37411, 10.02454], [0.36271, 10.03046], [0.35745, 10.0309], [0.35329, 10.02871], [0.35285, 10.02542], [0.35701, 10.01753], [0.35745, 10.00789], [0.35219, 9.98619], [0.35351, 9.9772], [0.3614, 9.96536], [0.38068, 9.94454], [0.38266, 9.93709], [0.38024, 9.93249], [0.37455, 9.92766], [0.35986, 9.92503], [0.35153, 9.91758], [0.3489, 9.91057], [0.34627, 9.88361], [0.3523, 9.84098], [0.34934, 9.8275], [0.33838, 9.81194], [0.33575, 9.80076], [0.32983, 9.7944], [0.32633, 9.78563], [0.33071, 9.77336], [0.32874, 9.76876], [0.32348, 9.76832], [0.32107, 9.76525], [0.32435, 9.75341], [0.31997, 9.73632], [0.31471, 9.72448], [0.3169, 9.72032], [0.32085, 9.71813], [0.33334, 9.71747], [0.33838, 9.71221], [0.34386, 9.70103], [0.34616, 9.68426], [0.34726, 9.67133], [0.35383, 9.66848], [0.35734, 9.6641], [0.36194, 9.66212], [0.36618, 9.65144], [0.36562, 9.64363], [0.3596, 9.63025], [0.36027, 9.61955], [0.36562, 9.61152], [0.37166, 9.59657], [0.37714, 9.58904], [0.37612, 9.58493], [0.37132, 9.57774], [0.36242, 9.57192], [0.35146, 9.56849], [0.32475, 9.57466], [0.30968, 9.57397], [0.29735, 9.57226], [0.28296, 9.57329], [0.2631, 9.56335], [0.25694, 9.56267], [0.24598, 9.5702], [0.2381, 9.57055], [0.23502, 9.56712], [0.23399, 9.55205], [0.23022, 9.54692], [0.22988, 9.54178], [0.23331, 9.52534], [0.23673, 9.5202], [0.24495, 9.51575], [0.26413, 9.51506], [0.28159, 9.51815], [0.28776, 9.51712], [0.29974, 9.50822], [0.30317, 9.50685], [0.30557, 9.50308], [0.30488, 9.49794], [0.30009, 9.49349], [0.29358, 9.49041], [0.28981, 9.48561], [0.27611, 9.48321], [0.27166, 9.48048], [0.26755, 9.475], [0.26276, 9.47226], [0.25591, 9.47431], [0.24769, 9.47397], [0.23844, 9.47945], [0.23022, 9.48013], [0.22577, 9.47808], [0.2244, 9.47123], [0.22714, 9.45513], [0.24358, 9.43869], [0.24529, 9.42979], [0.25351, 9.42979], [0.25967, 9.42328], [0.27063, 9.42328], [0.27235, 9.42226], [0.27851, 9.42397], [0.31344, 9.44075], [0.32132, 9.44109], [0.33125, 9.4452], [0.33639, 9.45205], [0.34016, 9.46438], [0.34427, 9.46815], [0.34495, 9.47363], [0.34118, 9.47911], [0.34084, 9.48287], [0.35386, 9.49143], [0.3655, 9.49143], [0.38125, 9.48904], [0.38571, 9.48527], [0.38673, 9.48767], [0.40728, 9.49109], [0.41721, 9.49589], [0.42372, 9.49623], [0.43365, 9.49143], [0.44769, 9.49383], [0.45352, 9.49212], [0.46037, 9.4863], [0.47406, 9.48321], [0.47852, 9.47979], [0.48434, 9.47842], [0.48845, 9.47534], [0.50294, 9.45999], [0.50101, 9.45634], [0.49966, 9.44107], [0.5077, 9.44306], [0.51819, 9.44313], [0.52186, 9.44122], [0.52925, 9.43183], [0.53922, 9.42919]]]}, "id": "Dankpen"}, {"type": "Feature", "properties": {"prefecture": "Danyi", "region": "Plateaux", "superficie_km2": 396.1185823}, "geometry": {"type": "Polygon", "coordinates": [[[0.80082, 7.38985], [0.79627, 7.38985], [0.75007, 7.38262], [0.73682, 7.38182], [0.72718, 7.38543], [0.72316, 7.38061], [0.71794, 7.377], [0.71232, 7.3762], [0.70669, 7.37981], [0.69625, 7.38503], [0.68139, 7.38624], [0.67335, 7.38503], [0.64862, 7.37559], [0.64612, 7.3667], [0.64548, 7.35996], [0.64998, 7.3508], [0.65319, 7.32863], [0.65705, 7.31738], [0.65384, 7.3026], [0.64323, 7.28139], [0.64323, 7.27046], [0.63166, 7.20025], [0.62459, 7.17872], [0.62106, 7.17069], [0.60596, 7.14948], [0.59824, 7.13277], [0.59824, 7.12153], [0.60339, 7.11092], [0.61174, 7.09839], [0.6144, 7.0922], [0.62716, 7.07236], [0.63263, 7.07268], [0.64387, 7.08104], [0.65984, 7.08365], [0.66283, 7.08425], [0.67247, 7.09004], [0.68271, 7.10855], [0.66905, 7.11837], [0.66864, 7.12084], [0.67152, 7.1231], [0.67892, 7.12331], [0.68838, 7.12146], [0.69044, 7.12721], [0.69064, 7.13791], [0.69455, 7.14079], [0.69702, 7.15066], [0.70391, 7.15561], [0.7073, 7.1593], [0.70874, 7.16773], [0.71265, 7.17493], [0.71824, 7.18155], [0.71974, 7.18814], [0.72591, 7.20434], [0.73388, 7.20922], [0.75204, 7.23334], [0.75959, 7.24547], [0.76817, 7.25671], [0.77295, 7.26659], [0.77578, 7.26935], [0.78221, 7.2818], [0.79185, 7.29787], [0.79519, 7.30437], [0.78622, 7.30671], [0.77498, 7.31233], [0.76694, 7.31715], [0.76052, 7.31835], [0.75931, 7.32277], [0.76132, 7.3304], [0.76212, 7.34647], [0.76654, 7.35089], [0.77658, 7.35571], [0.78663, 7.36174], [0.79707, 7.38423], [0.80082, 7.38985]]]}, "id": "Danyi"}, {"type": "Feature", "properties": {"prefecture": "Doufelgou", "region": "Kara", "superficie_km2": 1157.54760315}, "geometry": {"type": "Polygon", "coordinates": [[[1.34156, 10.02498], [1.31098, 10.04241], [1.3066, 10.03816], [1.29648, 10.03546], [1.2926, 10.03293], [1.27894, 10.02113], [1.27129, 10.01725], [1.26734, 10.01723], [1.26029, 10.01016], [1.2535, 9.99238], [1.23804, 9.98465], [1.21711, 9.98143], [1.20154, 9.9825], [1.18812, 9.99217], [1.17202, 9.99378], [1.15914, 9.99914], [1.15162, 9.98573], [1.1484, 9.98465], [1.13981, 9.97284], [1.13498, 9.96157], [1.13056, 9.94288], [1.11027, 9.9352], [1.09758, 9.93297], [1.08382, 9.92606], [1.07044, 9.91806], [1.0578, 9.90719], [1.04734, 9.89597], [1.04546, 9.88964], [1.04369, 9.89132], [1.036, 9.89175], [1.03411, 9.88798], [1.03469, 9.8736], [1.03237, 9.86707], [1.02391, 9.85594], [1.01717, 9.86093], [1.00536, 9.86469], [0.99806, 9.86437], [0.99118, 9.86253], [0.98288, 9.85421], [0.97851, 9.85178], [0.96134, 9.84912], [0.95115, 9.84644], [0.94578, 9.84697], [0.93612, 9.8561], [0.92968, 9.85878], [0.92109, 9.85825], [0.91035, 9.85288], [0.90488, 9.85562], [0.89715, 9.86772], [0.88029, 9.87113], [0.86447, 9.87111], [0.85798, 9.86567], [0.85233, 9.85392], [0.8487, 9.85245], [0.84648, 9.84797], [0.83999, 9.84109], [0.83677, 9.83495], [0.83899, 9.82705], [0.84522, 9.81809], [0.85541, 9.81312], [0.85943, 9.80918], [0.86091, 9.80487], [0.85843, 9.79478], [0.85853, 9.77967], [0.86148, 9.77141], [0.86069, 9.76428], [0.8567, 9.75623], [0.85964, 9.74442], [0.86825, 9.74021], [0.87167, 9.7284], [0.86682, 9.72162], [0.86447, 9.71629], [0.86422, 9.69901], [0.87192, 9.68817], [0.87869, 9.67354], [0.87064, 9.6645], [0.874, 9.66121], [0.88259, 9.66032], [0.89593, 9.66277], [0.89929, 9.65853], [0.90647, 9.65526], [0.91267, 9.65435], [0.91555, 9.65105], [0.91691, 9.6455], [0.92655, 9.64639], [0.92941, 9.64782], [0.9461, 9.64745], [0.95851, 9.64563], [0.97667, 9.641], [0.97997, 9.64147], [0.98158, 9.63923], [0.98602, 9.64084], [0.99247, 9.63891], [1.00175, 9.63955], [1.00976, 9.64115], [1.0277, 9.64339], [1.03635, 9.64563], [1.04276, 9.64916], [1.05717, 9.66229], [1.06742, 9.66261], [1.08056, 9.66005], [1.09369, 9.66101], [1.10266, 9.66581], [1.11163, 9.67414], [1.1206, 9.68343], [1.12796, 9.694], [1.13117, 9.69625], [1.13982, 9.69625], [1.15167, 9.694], [1.15698, 9.69548], [1.16034, 9.69959], [1.16394, 9.7104], [1.17195, 9.72241], [1.18196, 9.73242], [1.19197, 9.74323], [1.19782, 9.75176], [1.19474, 9.75679], [1.18995, 9.76936], [1.18844, 9.78087], [1.1924, 9.78629], [1.20863, 9.80365], [1.21327, 9.81951], [1.23634, 9.84915], [1.25399, 9.87244], [1.27697, 9.8526], [1.28421, 9.85659], [1.28708, 9.86237], [1.28379, 9.86667], [1.27541, 9.87275], [1.28047, 9.87817], [1.2872, 9.91019], [1.2894, 9.92314], [1.30102, 9.98], [1.33783, 10.02124], [1.34156, 10.02498]]]}, "id": "Doufelgou"}, {"type": "Feature", "properties": {"prefecture": "Est-Mono", "region": "Plateaux", "superficie_km2": 2652.6494662}, "geometry": {"type": "Polygon", "coordinates": [[[1.64992, 8.47812], [1.61959, 8.47007], [1.59383, 8.45528], [1.57109, 8.4498], [1.53849, 8.44021], [1.52479, 8.43774], [1.51849, 8.4339], [1.51301, 8.42815], [1.50068, 8.40322], [1.48999, 8.39281], [1.48342, 8.3824], [1.46937, 8.36816], [1.46286, 8.36576], [1.44642, 8.36199], [1.44197, 8.36165], [1.41354, 8.36302], [1.40498, 8.36268], [1.38888, 8.35891], [1.38478, 8.35514], [1.37142, 8.3548], [1.36388, 8.35103], [1.35738, 8.35103], [1.33854, 8.35959], [1.33477, 8.35822], [1.32244, 8.35857], [1.32005, 8.35788], [1.31114, 8.36336], [1.3108, 8.3661], [1.30498, 8.36473], [1.30224, 8.36644], [1.29779, 8.36542], [1.28203, 8.36781], [1.27758, 8.37261], [1.25943, 8.37227], [1.2447, 8.37295], [1.22895, 8.37843], [1.23683, 8.36131], [1.23537, 8.35972], [1.231, 8.35377], [1.22929, 8.34692], [1.231, 8.34076], [1.231, 8.33048], [1.22963, 8.32569], [1.22929, 8.30137], [1.22998, 8.29589], [1.23237, 8.28939], [1.23751, 8.28322], [1.24008, 8.27505], [1.24872, 8.26939], [1.25458, 8.26014], [1.2599, 8.24603], [1.25088, 8.24211], [1.24603, 8.23741], [1.24288, 8.22041], [1.24337, 8.21654], [1.24627, 8.21048], [1.25185, 8.20418], [1.26033, 8.1991], [1.26275, 8.19352], [1.26444, 8.18626], [1.2642, 8.16567], [1.26372, 8.15791], [1.26226, 8.15137], [1.25936, 8.14653], [1.25645, 8.13248], [1.25621, 8.10655], [1.25464, 8.10236], [1.24786, 8.09969], [1.24132, 8.09993], [1.23381, 8.09896], [1.23042, 8.09557], [1.23042, 8.09194], [1.23696, 8.08709], [1.2481, 8.08201], [1.2507, 8.07832], [1.25221, 8.06912], [1.251, 8.05677], [1.24858, 8.05193], [1.23574, 8.03715], [1.23476, 8.03228], [1.22659, 8.03119], [1.21675, 8.03346], [1.20804, 8.02514], [1.20615, 8.02438], [1.19745, 8.01529], [1.19555, 8.00053], [1.18571, 7.98993], [1.16981, 7.98539], [1.15429, 7.97252], [1.14856, 7.96607], [1.14786, 7.9632], [1.13823, 7.94874], [1.13373, 7.93556], [1.12377, 7.924], [1.12184, 7.91757], [1.1228, 7.91371], [1.12955, 7.90247], [1.13758, 7.90086], [1.15686, 7.91275], [1.17293, 7.91243], [1.17679, 7.90761], [1.18418, 7.9015], [1.19317, 7.89604], [1.20788, 7.89705], [1.20522, 7.8928], [1.20449, 7.88166], [1.20934, 7.87633], [1.22266, 7.8773], [1.2265, 7.87653], [1.22421, 7.86928], [1.21856, 7.85673], [1.233, 7.85359], [1.24367, 7.84543], [1.26375, 7.84355], [1.2763, 7.84669], [1.28446, 7.85234], [1.28948, 7.84732], [1.28948, 7.83916], [1.28258, 7.83288], [1.28195, 7.82911], [1.29011, 7.82409], [1.30329, 7.82284], [1.32337, 7.83037], [1.33404, 7.82723], [1.35538, 7.81217], [1.36668, 7.80778], [1.38174, 7.80087], [1.39067, 7.79577], [1.39429, 7.80338], [1.4081, 7.81656], [1.42505, 7.81593], [1.4489, 7.82095], [1.45894, 7.83978], [1.46333, 7.86238], [1.4671, 7.8969], [1.46521, 7.90129], [1.45141, 7.90945], [1.44024, 7.90879], [1.44109, 7.92418], [1.4403, 7.9456], [1.44231, 7.96485], [1.44847, 7.96276], [1.46936, 7.96517], [1.48422, 7.96396], [1.49105, 7.95794], [1.49426, 7.94308], [1.50149, 7.93745], [1.5039, 7.92862], [1.51876, 7.91335], [1.53041, 7.90492], [1.53885, 7.90733], [1.56254, 7.90893], [1.6236, 7.91657], [1.63272, 7.9173], [1.63404, 7.92098], [1.63484, 7.95613], [1.63605, 7.99148], [1.64127, 8.29956], [1.63685, 8.33972], [1.63043, 8.34374], [1.62532, 8.3516], [1.62681, 8.37989], [1.62962, 8.39234], [1.63324, 8.40399], [1.63725, 8.41042], [1.64368, 8.41323], [1.64609, 8.41725], [1.64529, 8.42407], [1.63966, 8.43251], [1.64288, 8.455], [1.6464, 8.46984], [1.64992, 8.47812]]]}, "id": "Est-Mono"}, {"type": "Feature", "properties": {"prefecture": "Golfe", "region": "Maritime", "superficie_km2": 240.73779517}, "geometry": {"type": "Polygon", "coordinates": [[[1.25316, 6.25678], [1.25798, 6.25379], [1.27001, 6.25014], [1.27866, 6.24166], [1.28142, 6.23702], [1.28307, 6.2246], [1.28122, 6.21159], [1.2815, 6.20511], [1.28349, 6.19618], [1.28983, 6.19014], [1.30101, 6.19094], [1.31022, 6.19493], [1.31768, 6.19693], [1.32909, 6.20263], [1.33436, 6.20286], [1.34335, 6.20729], [1.34994, 6.20731], [1.35568, 6.20909], [1.36825, 6.20909], [1.39727, 6.21439], [1.39709, 6.21144], [1.39325, 6.20328], [1.38266, 6.19807], [1.38017, 6.18135], [1.38211, 6.17668], [1.38929, 6.17415], [1.36554, 6.16713], [1.35906, 6.16615], [1.31981, 6.15199], [1.2909, 6.1425], [1.28686, 6.14237], [1.27581, 6.13708], [1.25868, 6.13198], [1.2497, 6.12745], [1.23432, 6.123], [1.2037, 6.10997], [1.19177, 6.10931], [1.19165, 6.15502], [1.17118, 6.15481], [1.1659, 6.15665], [1.15601, 6.15651], [1.14589, 6.1546], [1.12497, 6.15738], [1.10657, 6.15694], [1.09117, 6.15879], [1.08588, 6.16247], [1.08475, 6.17284], [1.08521, 6.1824], [1.09103, 6.18989], [1.09071, 6.22344], [1.09934, 6.22335], [1.10626, 6.22452], [1.11632, 6.22481], [1.12145, 6.22389], [1.12945, 6.21685], [1.13346, 6.21856], [1.13657, 6.21647], [1.15068, 6.21302], [1.15556, 6.21264], [1.16536, 6.20424], [1.1664, 6.20921], [1.17015, 6.20857], [1.17355, 6.20574], [1.17602, 6.20728], [1.17695, 6.21169], [1.18502, 6.20508], [1.19012, 6.2055], [1.19068, 6.20336], [1.20027, 6.19819], [1.20428, 6.20634], [1.20858, 6.2046], [1.20856, 6.20078], [1.21696, 6.20413], [1.22937, 6.20412], [1.22941, 6.2058], [1.23925, 6.20622], [1.24121, 6.20953], [1.24375, 6.20942], [1.25012, 6.21948], [1.24452, 6.22743], [1.24157, 6.22739], [1.24829, 6.23322], [1.24993, 6.24088], [1.25173, 6.24433], [1.25093, 6.24886], [1.25316, 6.25678]]]}, "id": "Golfe"}, {"type": "Feature", "properties": {"prefecture": "Haho", "region": "Plateaux", "superficie_km2": 3050.70701564}, "geometry": {"type": "Polygon", "coordinates": [[[0.95258, 7.29424], [0.9501, 7.28662], [0.93926, 7.26333], [0.93105, 7.25833], [0.92922, 7.25007], [0.92847, 7.2418], [0.93362, 7.24033], [0.93722, 7.23544], [0.93465, 7.23107], [0.9254, 7.22284], [0.92427, 7.21565], [0.92262, 7.1959], [0.92632, 7.18459], [0.92612, 7.17842], [0.92797, 7.14737], [0.93167, 7.14223], [0.93708, 7.12601], [0.93787, 7.11756], [0.94086, 7.11185], [0.9508, 7.09566], [0.94931, 7.08845], [0.94966, 7.07754], [0.95088, 7.06961], [0.95384, 7.06451], [0.967, 7.05349], [0.96272, 7.04691], [0.94627, 7.027], [0.93788, 7.03062], [0.93784, 7.0356], [0.92937, 7.03581], [0.92589, 7.0291], [0.91786, 7.02709], [0.90781, 7.02308], [0.9042, 7.01705], [0.90701, 7.01022], [0.92187, 6.99978], [0.92107, 6.98974], [0.9181, 6.97885], [0.91545, 6.96765], [0.91143, 6.9568], [0.90621, 6.94716], [0.90179, 6.93712], [0.9038, 6.92547], [0.90942, 6.91904], [0.91986, 6.9094], [0.92147, 6.90338], [0.92067, 6.89494], [0.91022, 6.88932], [0.90272, 6.87905], [0.90326, 6.86981], [0.89748, 6.84892], [0.89619, 6.84153], [0.89233, 6.82611], [0.92832, 6.82225], [0.93475, 6.82225], [0.94086, 6.84988], [0.94792, 6.85985], [0.95274, 6.86081], [0.9602, 6.8558], [0.96238, 6.85649], [0.97639, 6.8571], [0.9849, 6.85961], [0.99725, 6.86213], [1.00439, 6.86244], [1.01812, 6.86469], [1.03348, 6.87107], [1.05694, 6.86029], [1.06863, 6.85001], [1.07084, 6.84673], [1.09246, 6.82792], [1.09514, 6.81848], [1.10473, 6.80945], [1.12181, 6.80844], [1.133, 6.80479], [1.14183, 6.79406], [1.14997, 6.79299], [1.16209, 6.78491], [1.16276, 6.78161], [1.16937, 6.77812], [1.16982, 6.77571], [1.17378, 6.7744], [1.18149, 6.76872], [1.18875, 6.76809], [1.2033, 6.75518], [1.2075, 6.75014], [1.21213, 6.74664], [1.2196, 6.74711], [1.22595, 6.75328], [1.23009, 6.76231], [1.23622, 6.76936], [1.23973, 6.77091], [1.24415, 6.76477], [1.26022, 6.75868], [1.27517, 6.75601], [1.27567, 6.75667], [1.285, 6.76911], [1.29377, 6.77701], [1.30977, 6.78841], [1.3112, 6.78871], [1.32691, 6.79965], [1.35101, 6.81874], [1.36808, 6.82376], [1.38465, 6.83079], [1.40523, 6.83681], [1.41037, 6.84366], [1.42105, 6.84309], [1.43812, 6.83907], [1.4567, 6.83154], [1.47076, 6.83003], [1.48582, 6.83204], [1.49937, 6.83656], [1.51946, 6.84761], [1.53201, 6.85865], [1.54255, 6.87522], [1.54808, 6.88878], [1.55661, 6.90183], [1.56916, 6.90685], [1.5777, 6.90886], [1.57669, 6.92209], [1.57569, 6.94652], [1.56766, 6.96057], [1.55912, 6.97112], [1.55963, 6.98467], [1.55762, 6.99522], [1.55816, 6.998], [1.54986, 7.01133], [1.54781, 7.01258], [1.53625, 7.01307], [1.53474, 7.01608], [1.53434, 7.04058], [1.55402, 7.0442], [1.56647, 7.06147], [1.56213, 7.0716], [1.55764, 7.07131], [1.52591, 7.08176], [1.52149, 7.08617], [1.49538, 7.10505], [1.48494, 7.10545], [1.47691, 7.10144], [1.47008, 7.10184], [1.46446, 7.10666], [1.46205, 7.12353], [1.44277, 7.13036], [1.44116, 7.14442], [1.44156, 7.18579], [1.45602, 7.19462], [1.47891, 7.18981], [1.47891, 7.20105], [1.46807, 7.21431], [1.46807, 7.22274], [1.45482, 7.24001], [1.46767, 7.28379], [1.46689, 7.29623], [1.44587, 7.29119], [1.42428, 7.27834], [1.41708, 7.26882], [1.4094, 7.25201], [1.41128, 7.24573], [1.41002, 7.23946], [1.3981, 7.22691], [1.36728, 7.24119], [1.35729, 7.24244], [1.35063, 7.2441], [1.32731, 7.24244], [1.30525, 7.23744], [1.29442, 7.23619], [1.27902, 7.23577], [1.27446, 7.23506], [1.24434, 7.22189], [1.23304, 7.21875], [1.22049, 7.22251], [1.21044, 7.2313], [1.19852, 7.23695], [1.19099, 7.23946], [1.15953, 7.23911], [1.13955, 7.23536], [1.12414, 7.23369], [1.1179, 7.23078], [1.11207, 7.22453], [1.10285, 7.19935], [1.09791, 7.19414], [1.09, 7.19206], [1.08043, 7.19289], [1.06461, 7.19164], [1.06107, 7.19051], [1.04978, 7.19239], [1.03897, 7.19298], [1.02803, 7.2099], [1.0216, 7.21352], [1.01317, 7.21432], [1.01156, 7.21794], [1.00634, 7.22356], [0.9979, 7.22597], [0.99108, 7.22597], [0.98505, 7.22356], [0.98103, 7.22517], [0.97903, 7.23159], [0.97983, 7.24364], [0.98143, 7.2565], [0.98063, 7.27096], [0.97782, 7.29064], [0.973, 7.30108], [0.96818, 7.30229], [0.95693, 7.29787], [0.95258, 7.29424]]]}, "id": "Haho"}, {"type": "Feature", "properties": {"prefecture": "Kloto", "region": "Plateaux", "superficie_km2": 527.75193831}, "geometry": {"type": "Polygon", "coordinates": [[[0.6144, 7.0922], [0.61046, 7.0804], [0.59719, 7.06605], [0.59554, 7.05844], [0.59739, 7.04219], [0.59949, 7.03017], [0.59883, 7.02841], [0.58587, 7.0206], [0.5832, 7.0171], [0.57127, 7.00559], [0.55749, 6.99983], [0.53129, 6.97848], [0.52274, 6.97433], [0.51986, 6.96877], [0.51657, 6.96672], [0.51472, 6.94841], [0.52624, 6.93957], [0.54618, 6.9334], [0.55523, 6.92291], [0.55811, 6.91407], [0.55749, 6.90152], [0.55153, 6.88713], [0.54734, 6.88099], [0.54176, 6.87931], [0.53765, 6.87236], [0.53875, 6.86991], [0.53486, 6.8631], [0.52802, 6.84299], [0.53012, 6.82583], [0.53675, 6.82572], [0.53907, 6.82709], [0.54423, 6.82583], [0.5476, 6.82772], [0.55529, 6.82519], [0.56866, 6.81319], [0.57782, 6.80762], [0.58125, 6.79867], [0.57243, 6.80354], [0.56887, 6.80328], [0.5665, 6.79999], [0.57019, 6.79169], [0.56701, 6.78605], [0.56978, 6.78342], [0.57175, 6.77816], [0.57096, 6.77171], [0.57228, 6.76526], [0.57649, 6.76131], [0.58768, 6.76276], [0.59676, 6.76039], [0.60742, 6.75328], [0.62058, 6.75473], [0.62374, 6.75394], [0.62892, 6.74874], [0.63874, 6.7621], [0.6448, 6.76473], [0.64296, 6.77329], [0.64677, 6.78342], [0.65757, 6.79645], [0.66476, 6.80157], [0.66851, 6.80675], [0.68235, 6.80943], [0.67797, 6.81751], [0.6802, 6.82172], [0.66078, 6.83123], [0.65782, 6.83554], [0.6568, 6.84549], [0.66067, 6.84858], [0.66867, 6.85153], [0.67085, 6.84674], [0.67337, 6.8463], [0.6719, 6.85352], [0.67414, 6.85796], [0.67911, 6.86141], [0.67964, 6.86456], [0.68346, 6.86601], [0.6907, 6.88352], [0.69385, 6.88562], [0.69964, 6.89247], [0.69162, 6.90036], [0.69253, 6.90595], [0.69526, 6.91344], [0.69411, 6.91693], [0.70344, 6.92048], [0.70249, 6.92922], [0.7068, 6.93459], [0.71892, 6.94236], [0.72785, 6.95676], [0.74114, 6.95637], [0.74983, 6.97006], [0.75075, 6.97322], [0.74711, 6.97667], [0.75307, 6.9842], [0.75492, 6.9844], [0.7541, 6.97556], [0.7576, 6.97659], [0.75904, 6.98214], [0.76231, 6.98173], [0.76356, 6.98307], [0.73909, 7.01638], [0.73292, 7.0242], [0.72428, 7.02348], [0.70392, 7.02512], [0.68603, 7.02841], [0.68089, 7.03253], [0.67698, 7.0387], [0.67019, 7.04445], [0.65785, 7.06605], [0.65826, 7.07592], [0.65984, 7.08365], [0.64387, 7.08104], [0.63263, 7.07268], [0.62716, 7.07236], [0.6144, 7.0922]]]}, "id": "Kloto"}, {"type": "Feature", "properties": {"prefecture": "Kozah", "region": "Kara", "superficie_km2": 1085.73897539}, "geometry": {"type": "Polygon", "coordinates": [[[1.19782, 9.75176], [1.19197, 9.74323], [1.18196, 9.73242], [1.17195, 9.72241], [1.16394, 9.7104], [1.16034, 9.69959], [1.15698, 9.69548], [1.15167, 9.694], [1.13982, 9.69625], [1.13117, 9.69625], [1.12796, 9.694], [1.1206, 9.68343], [1.11163, 9.67414], [1.10266, 9.66581], [1.09369, 9.66101], [1.08056, 9.66005], [1.06742, 9.66261], [1.05717, 9.66229], [1.04276, 9.64916], [1.03635, 9.64563], [1.0277, 9.64339], [1.00976, 9.64115], [1.00175, 9.63955], [0.99247, 9.63891], [0.98602, 9.64084], [0.98158, 9.63923], [0.97997, 9.64147], [0.97667, 9.641], [0.95851, 9.64563], [0.9461, 9.64745], [0.92941, 9.64782], [0.92655, 9.64639], [0.91691, 9.6455], [0.91328, 9.63353], [0.93005, 9.6199], [0.93931, 9.62391], [0.95133, 9.62471], [0.95893, 9.62271], [0.96654, 9.6107], [0.97455, 9.60549], [0.98536, 9.60309], [1.00778, 9.59348], [1.01059, 9.56906], [1.00778, 9.55704], [1.00698, 9.53502], [1.00258, 9.52942], [0.99777, 9.52101], [0.99017, 9.5178], [0.98856, 9.5134], [0.98416, 9.50819], [0.98176, 9.50139], [0.98696, 9.49618], [0.98736, 9.49178], [0.98456, 9.48937], [0.98816, 9.48537], [0.98416, 9.47456], [0.97976, 9.47015], [0.97575, 9.45894], [0.97895, 9.45214], [0.98383, 9.45176], [0.98816, 9.44693], [1.00138, 9.4225], [1.01099, 9.4121], [1.03101, 9.40569], [1.04142, 9.40609], [1.05019, 9.40954], [1.05343, 9.40288], [1.05784, 9.40249], [1.06304, 9.39448], [1.06704, 9.39087], [1.06985, 9.38206], [1.07705, 9.37446], [1.08026, 9.36645], [1.08666, 9.36565], [1.09347, 9.36284], [1.09627, 9.36965], [1.09547, 9.37526], [1.09627, 9.38006], [1.10228, 9.39127], [1.11469, 9.39848], [1.11939, 9.40522], [1.12631, 9.40649], [1.13191, 9.4121], [1.13912, 9.41089], [1.14833, 9.40809], [1.15932, 9.40935], [1.16652, 9.41616], [1.17395, 9.4181], [1.18356, 9.4189], [1.19157, 9.42211], [1.20038, 9.43051], [1.20318, 9.43732], [1.21319, 9.44453], [1.2216, 9.44373], [1.22961, 9.44413], [1.24002, 9.44213], [1.24563, 9.43972], [1.26445, 9.43532], [1.29248, 9.42931], [1.32458, 9.43633], [1.32805, 9.43859], [1.32779, 9.44314], [1.32899, 9.45635], [1.33019, 9.46156], [1.33419, 9.46276], [1.3394, 9.46156], [1.3446, 9.45555], [1.34821, 9.45315], [1.35622, 9.45515], [1.36903, 9.46076], [1.37584, 9.46116], [1.38224, 9.45915], [1.38825, 9.45595], [1.39505, 9.45595], [1.39821, 9.45398], [1.39477, 9.47996], [1.38977, 9.49717], [1.37538, 9.49123], [1.36536, 9.4856], [1.36065, 9.48701], [1.36095, 9.48657], [1.32611, 9.50579], [1.27085, 9.53822], [1.27766, 9.55865], [1.28647, 9.57306], [1.28607, 9.57506], [1.29047, 9.58107], [1.29608, 9.59909], [1.31009, 9.59789], [1.32491, 9.59869], [1.33051, 9.60014], [1.33041, 9.606], [1.32251, 9.60709], [1.3161, 9.6111], [1.3129, 9.6159], [1.3129, 9.61871], [1.30729, 9.62391], [1.30409, 9.63232], [1.30369, 9.64273], [1.30609, 9.65394], [1.30569, 9.66355], [1.29688, 9.67677], [1.28126, 9.68517], [1.27286, 9.68918], [1.26244, 9.69238], [1.24606, 9.70741], [1.24268, 9.71102], [1.24174, 9.71647], [1.23166, 9.71703], [1.22127, 9.73827], [1.19782, 9.75176]]]}, "id": "Kozah"}, {"type": "Feature", "properties": {"prefecture": "Kpendjal", "region": "Savanes", "superficie_km2": 1393.15894587}, "geometry": {"type": "Polygon", "coordinates": [[[0.59711, 10.97912], [0.58827, 10.96051], [0.58403, 10.95687], [0.58039, 10.95627], [0.57646, 10.95263], [0.57646, 10.94749], [0.57313, 10.94476], [0.57494, 10.9384], [0.57313, 10.93265], [0.57555, 10.9278], [0.57706, 10.91751], [0.57718, 10.90799], [0.56949, 10.91508], [0.56465, 10.90963], [0.5598, 10.90903], [0.55677, 10.9057], [0.55072, 10.90297], [0.54617, 10.90418], [0.54345, 10.89994], [0.5383, 10.89752], [0.53982, 10.89328], [0.53376, 10.88571], [0.53376, 10.88389], [0.53891, 10.88056], [0.54103, 10.87693], [0.54072, 10.86482], [0.53648, 10.863], [0.53845, 10.8583], [0.53694, 10.85104], [0.53421, 10.8465], [0.53058, 10.84831], [0.52755, 10.84437], [0.53633, 10.83681], [0.53724, 10.82621], [0.53512, 10.8253], [0.533, 10.82954], [0.52846, 10.83044], [0.52271, 10.8259], [0.52967, 10.8147], [0.52907, 10.80985], [0.53058, 10.79592], [0.52513, 10.7938], [0.52059, 10.78623], [0.51726, 10.78533], [0.50938, 10.77957], [0.51029, 10.76776], [0.50817, 10.7608], [0.50969, 10.75656], [0.5118, 10.73082], [0.5109, 10.72113], [0.50847, 10.7178], [0.50679, 10.70746], [0.48135, 10.70916], [0.48247, 10.69297], [0.49806, 10.68469], [0.5143, 10.67985], [0.53849, 10.67674], [0.55619, 10.66814], [0.5533, 10.66304], [0.55388, 10.65873], [0.55187, 10.65012], [0.54928, 10.64381], [0.54804, 10.62935], [0.55571, 10.63119], [0.5539, 10.62877], [0.55602, 10.61998], [0.57055, 10.6215], [0.57994, 10.61363], [0.59205, 10.61605], [0.60568, 10.61605], [0.61476, 10.61211], [0.61931, 10.61241], [0.62446, 10.60787], [0.64565, 10.61241], [0.67437, 10.61443], [0.68053, 10.62027], [0.68555, 10.64574], [0.68914, 10.64682], [0.69272, 10.64144], [0.70277, 10.65113], [0.7042, 10.65615], [0.70743, 10.65794], [0.73578, 10.65687], [0.74351, 10.65489], [0.75018, 10.66032], [0.75407, 10.66476], [0.76735, 10.66081], [0.76986, 10.66548], [0.76304, 10.67409], [0.77345, 10.67696], [0.77309, 10.68629], [0.77775, 10.69705], [0.78098, 10.69956], [0.78636, 10.70028], [0.79569, 10.69525], [0.79841, 10.69593], [0.80127, 10.69196], [0.80273, 10.68664], [0.80709, 10.68131], [0.81205, 10.6803], [0.81265, 10.69139], [0.81502, 10.70464], [0.81975, 10.71079], [0.82353, 10.71931], [0.82543, 10.72735], [0.83678, 10.75479], [0.84057, 10.75858], [0.85192, 10.77561], [0.86801, 10.79501], [0.87369, 10.80637], [0.87747, 10.8253], [0.8814, 10.84877], [0.88503, 10.86148], [0.90078, 10.88692], [0.89109, 10.91296], [0.89018, 10.92023], [0.89957, 10.94476], [0.90017, 10.95415], [0.90653, 10.97292], [0.91229, 10.99654], [0.90108, 10.99594], [0.89775, 10.99806], [0.8917, 10.99654], [0.86808, 10.99533], [0.85445, 10.99533], [0.84809, 10.99745], [0.83022, 10.99654], [0.78874, 10.99685], [0.78752, 10.99715], [0.76148, 10.99654], [0.75512, 10.99715], [0.7415, 10.99624], [0.71454, 10.99836], [0.69607, 10.99745], [0.67094, 10.99745], [0.65004, 10.99836], [0.63914, 10.99957], [0.62672, 10.99352], [0.61128, 10.98473], [0.59711, 10.97912]]]}, "id": "Kpendjal"}, {"type": "Feature", "properties": {"prefecture": "Kpendjal-Ouest", "region": "Savanes", "superficie_km2": 785.59368123}, "geometry": {"type": "Polygon", "coordinates": [[[0.39236, 11.03754], [0.3971, 11.02987], [0.40858, 11.02692], [0.40628, 11.02331], [0.40185, 11.02085], [0.4012, 11.01724], [0.40185, 11.00215], [0.39611, 11.00199], [0.38955, 11.00461], [0.38775, 11.00248], [0.38988, 10.99608], [0.38857, 10.98477], [0.38283, 10.98083], [0.37266, 10.97565], [0.366, 10.96808], [0.36403, 10.96399], [0.35948, 10.96036], [0.36221, 10.954], [0.36948, 10.95157], [0.37311, 10.94673], [0.37182, 10.94374], [0.36362, 10.93267], [0.36075, 10.92406], [0.35665, 10.91689], [0.35214, 10.89967], [0.35173, 10.89331], [0.35398, 10.88593], [0.35972, 10.88286], [0.36567, 10.87609], [0.37141, 10.86584], [0.37387, 10.85928], [0.37489, 10.8521], [0.38043, 10.84206], [0.38084, 10.83796], [0.38478, 10.83312], [0.37173, 10.83356], [0.35792, 10.82896], [0.34653, 10.8275], [0.337, 10.82703], [0.3318, 10.8216], [0.3308, 10.81796], [0.32608, 10.81817], [0.32362, 10.81632], [0.32095, 10.80812], [0.32137, 10.80361], [0.32465, 10.79931], [0.32977, 10.79644], [0.33192, 10.79101], [0.33274, 10.78116], [0.33233, 10.77604], [0.33438, 10.76763], [0.33807, 10.76374], [0.34689, 10.75923], [0.34832, 10.75697], [0.34525, 10.75308], [0.33971, 10.75574], [0.33049, 10.75738], [0.32741, 10.75554], [0.3268, 10.74672], [0.32905, 10.74344], [0.33008, 10.73668], [0.32577, 10.72315], [0.32577, 10.71597], [0.32926, 10.70818], [0.33295, 10.70367], [0.33459, 10.69609], [0.34575, 10.68613], [0.35112, 10.682], [0.36088, 10.68216], [0.36709, 10.68371], [0.37344, 10.68324], [0.3767, 10.68045], [0.37716, 10.66743], [0.37856, 10.66107], [0.39507, 10.65727], [0.39988, 10.65526], [0.4067, 10.65588], [0.4143, 10.65402], [0.42112, 10.64751], [0.43182, 10.64115], [0.43507, 10.6382], [0.44081, 10.62564], [0.44701, 10.62549], [0.45818, 10.62828], [0.46701, 10.6334], [0.47724, 10.6351], [0.49011, 10.63231], [0.50077, 10.63481], [0.51119, 10.63528], [0.5205, 10.64099], [0.52205, 10.64053], [0.52407, 10.64751], [0.5298, 10.66006], [0.53849, 10.67674], [0.5143, 10.67985], [0.49806, 10.68469], [0.48247, 10.69297], [0.48135, 10.70916], [0.50679, 10.70746], [0.50847, 10.7178], [0.5109, 10.72113], [0.5118, 10.73082], [0.50969, 10.75656], [0.50817, 10.7608], [0.51029, 10.76776], [0.50938, 10.77957], [0.51726, 10.78533], [0.52059, 10.78623], [0.52513, 10.7938], [0.53058, 10.79592], [0.52907, 10.80985], [0.52967, 10.8147], [0.52271, 10.8259], [0.52846, 10.83044], [0.533, 10.82954], [0.53512, 10.8253], [0.53724, 10.82621], [0.53633, 10.83681], [0.52755, 10.84437], [0.53058, 10.84831], [0.53421, 10.8465], [0.53694, 10.85104], [0.53845, 10.8583], [0.53648, 10.863], [0.54072, 10.86482], [0.54103, 10.87693], [0.53891, 10.88056], [0.53376, 10.88389], [0.53376, 10.88571], [0.53982, 10.89328], [0.5383, 10.89752], [0.54345, 10.89994], [0.54617, 10.90418], [0.55072, 10.90297], [0.55677, 10.9057], [0.5598, 10.90903], [0.56465, 10.90963], [0.56949, 10.91508], [0.57718, 10.90799], [0.57706, 10.91751], [0.57555, 10.9278], [0.57313, 10.93265], [0.57494, 10.9384], [0.57313, 10.94476], [0.57646, 10.94749], [0.57646, 10.95263], [0.58039, 10.95627], [0.58403, 10.95687], [0.58827, 10.96051], [0.59711, 10.97912], [0.59099, 10.97595], [0.58221, 10.97898], [0.57555, 10.97868], [0.55072, 10.96717], [0.5377, 10.95778], [0.50075, 10.93658], [0.50923, 10.95263], [0.50984, 10.97777], [0.50711, 10.98473], [0.495, 10.98473], [0.49136, 10.98685], [0.49742, 10.99503], [0.50272, 11.00427], [0.50393, 11.01274], [0.44488, 11.02334], [0.41399, 11.03273], [0.39236, 11.03754]]]}, "id": "Kpendjal-Ouest"}, {"type": "Feature", "properties": {"prefecture": "Kp\u00e9l\u00e9", "region": "Plateaux", "superficie_km2": 930.33212708}, "geometry": {"type": "Polygon", "coordinates": [[[0.79519, 7.30437], [0.79185, 7.29787], [0.78221, 7.2818], [0.77578, 7.26935], [0.77295, 7.26659], [0.76817, 7.25671], [0.75959, 7.24547], [0.75204, 7.23334], [0.73388, 7.20922], [0.72591, 7.20434], [0.71974, 7.18814], [0.71824, 7.18155], [0.71265, 7.17493], [0.70874, 7.16773], [0.7073, 7.1593], [0.70391, 7.15561], [0.69702, 7.15066], [0.69455, 7.14079], [0.69064, 7.13791], [0.69044, 7.12721], [0.68838, 7.12146], [0.67892, 7.12331], [0.67152, 7.1231], [0.66864, 7.12084], [0.66905, 7.11837], [0.68271, 7.10855], [0.67247, 7.09004], [0.66283, 7.08425], [0.65984, 7.08365], [0.65826, 7.07592], [0.65785, 7.06605], [0.67019, 7.04445], [0.67698, 7.0387], [0.68089, 7.03253], [0.68603, 7.02841], [0.70392, 7.02512], [0.72428, 7.02348], [0.73292, 7.0242], [0.73909, 7.01638], [0.76356, 6.98307], [0.76231, 6.98173], [0.77188, 6.98355], [0.77372, 6.97562], [0.77587, 6.97526], [0.77546, 6.96744], [0.78287, 6.96642], [0.78595, 6.96806], [0.79478, 6.95554], [0.80528, 6.94894], [0.80874, 6.94345], [0.80921, 6.93312], [0.81823, 6.92746], [0.82747, 6.91868], [0.83545, 6.91382], [0.84273, 6.91186], [0.85073, 6.91466], [0.85728, 6.9185], [0.8645, 6.92459], [0.87809, 6.93832], [0.88171, 6.95037], [0.8813, 6.95921], [0.87889, 6.96122], [0.87448, 6.95961], [0.87166, 6.96242], [0.87729, 6.96805], [0.90982, 6.97327], [0.9181, 6.97885], [0.92107, 6.98974], [0.92187, 6.99978], [0.90701, 7.01022], [0.9042, 7.01705], [0.90781, 7.02308], [0.91786, 7.02709], [0.92589, 7.0291], [0.92937, 7.03581], [0.93784, 7.0356], [0.93788, 7.03062], [0.94627, 7.027], [0.96272, 7.04691], [0.967, 7.05349], [0.95384, 7.06451], [0.95088, 7.06961], [0.94966, 7.07754], [0.94931, 7.08845], [0.9508, 7.09566], [0.94086, 7.11185], [0.93787, 7.11756], [0.93708, 7.12601], [0.93167, 7.14223], [0.92797, 7.14737], [0.92612, 7.17842], [0.92632, 7.18459], [0.92262, 7.1959], [0.92427, 7.21565], [0.9254, 7.22284], [0.93465, 7.23107], [0.93722, 7.23544], [0.93362, 7.24033], [0.92847, 7.2418], [0.92922, 7.25007], [0.93105, 7.25833], [0.93926, 7.26333], [0.9501, 7.28662], [0.95258, 7.29424], [0.94649, 7.29827], [0.94448, 7.3059], [0.93203, 7.31353], [0.92038, 7.31474], [0.90431, 7.32197], [0.88544, 7.32117], [0.8766, 7.32277], [0.86656, 7.31715], [0.85973, 7.31153], [0.84326, 7.30912], [0.83041, 7.30269], [0.82131, 7.29726], [0.81354, 7.30189], [0.79519, 7.30437]]]}, "id": "Kp\u00e9l\u00e9"}, {"type": "Feature", "properties": {"prefecture": "K\u00e9ran", "region": "Kara", "superficie_km2": 2017.96152514}, "geometry": {"type": "Polygon", "coordinates": [[[0.90166, 10.28999], [0.88748, 10.27357], [0.87699, 10.2547], [0.86651, 10.24422], [0.86336, 10.24422], [0.85707, 10.24107], [0.84974, 10.23478], [0.83925, 10.22745], [0.82667, 10.18656], [0.82457, 10.17503], [0.81956, 10.16211], [0.81417, 10.15476], [0.80879, 10.15189], [0.80376, 10.15368], [0.79838, 10.16193], [0.79731, 10.16767], [0.79408, 10.17198], [0.78116, 10.17951], [0.77752, 10.18001], [0.77399, 10.17664], [0.76789, 10.17485], [0.75784, 10.17951], [0.75425, 10.18238], [0.74421, 10.17592], [0.73667, 10.1727], [0.73308, 10.16839], [0.73883, 10.16014], [0.73811, 10.15296], [0.74277, 10.14507], [0.74026, 10.14005], [0.73452, 10.14364], [0.70474, 10.16803], [0.69799, 10.16711], [0.68834, 10.15571], [0.68477, 10.14527], [0.68098, 10.14191], [0.67558, 10.14082], [0.67578, 10.13699], [0.67359, 10.12715], [0.67229, 10.11622], [0.67295, 10.10817], [0.68532, 10.08673], [0.68669, 10.08206], [0.68614, 10.07272], [0.68779, 10.05788], [0.68697, 10.0532], [0.68202, 10.04633], [0.67845, 10.03836], [0.6779, 10.02765], [0.67295, 10.01583], [0.66718, 10.00868], [0.66031, 10.00456], [0.64959, 9.99687], [0.64352, 9.989], [0.6538, 9.98864], [0.67772, 9.98281], [0.67623, 9.97071], [0.67675, 9.96866], [0.67465, 9.95974], [0.66689, 9.95638], [0.66886, 9.94882], [0.66671, 9.94416], [0.65643, 9.93458], [0.65643, 9.9293], [0.65871, 9.92596], [0.67775, 9.90746], [0.68142, 9.89644], [0.68286, 9.88747], [0.67982, 9.87654], [0.68223, 9.85846], [0.68437, 9.8543], [0.6883, 9.85073], [0.69603, 9.84882], [0.70669, 9.84783], [0.71151, 9.85052], [0.71741, 9.85136], [0.72428, 9.8501], [0.73403, 9.84456], [0.7394, 9.84456], [0.7453, 9.84778], [0.74776, 9.85176], [0.75443, 9.85583], [0.75657, 9.86013], [0.75711, 9.86979], [0.7657, 9.87837], [0.76731, 9.88804], [0.7697, 9.88974], [0.77804, 9.8875], [0.78556, 9.88857], [0.79943, 9.88605], [0.80536, 9.88586], [0.80865, 9.88412], [0.8102, 9.87675], [0.81642, 9.87274], [0.83199, 9.87328], [0.83628, 9.87542], [0.84057, 9.88347], [0.84648, 9.88133], [0.8497, 9.87703], [0.84428, 9.86143], [0.84514, 9.85744], [0.8487, 9.85245], [0.85233, 9.85392], [0.85798, 9.86567], [0.86447, 9.87111], [0.88029, 9.87113], [0.89715, 9.86772], [0.90488, 9.85562], [0.91035, 9.85288], [0.92109, 9.85825], [0.92968, 9.85878], [0.93612, 9.8561], [0.94578, 9.84697], [0.95115, 9.84644], [0.96134, 9.84912], [0.97851, 9.85178], [0.98288, 9.85421], [0.99118, 9.86253], [0.99806, 9.86437], [1.00536, 9.86469], [1.01717, 9.86093], [1.02391, 9.85594], [1.03237, 9.86707], [1.03469, 9.8736], [1.03411, 9.88798], [1.036, 9.89175], [1.04369, 9.89132], [1.04546, 9.88964], [1.04734, 9.89597], [1.0578, 9.90719], [1.07044, 9.91806], [1.08382, 9.92606], [1.09758, 9.93297], [1.11027, 9.9352], [1.13056, 9.94288], [1.13498, 9.96157], [1.13981, 9.97284], [1.1484, 9.98465], [1.15162, 9.98573], [1.15914, 9.99914], [1.17202, 9.99378], [1.18812, 9.99217], [1.20154, 9.9825], [1.21711, 9.98143], [1.23804, 9.98465], [1.2535, 9.99238], [1.26029, 10.01016], [1.26734, 10.01723], [1.27129, 10.01725], [1.27894, 10.02113], [1.2926, 10.03293], [1.29648, 10.03546], [1.3066, 10.03816], [1.31098, 10.04241], [1.1574, 10.12983], [1.00167, 10.21834], [0.99999, 10.22002], [0.99677, 10.21519], [0.95437, 10.25061], [0.93759, 10.26383], [0.90166, 10.28999]]]}, "id": "K\u00e9ran"}, {"type": "Feature", "properties": {"prefecture": "Lacs", "region": "Maritime", "superficie_km2": 416.39892591}, "geometry": {"type": "Polygon", "coordinates": [[[1.62951, 6.3722], [1.62251, 6.37135], [1.61561, 6.37579], [1.61142, 6.37621], [1.60915, 6.38149], [1.60713, 6.38193], [1.60447, 6.36752], [1.60628, 6.36292], [1.60483, 6.35706], [1.60486, 6.34851], [1.59653, 6.35107], [1.59431, 6.33959], [1.59472, 6.33301], [1.59712, 6.31704], [1.60112, 6.29801], [1.58771, 6.29758], [1.58224, 6.29589], [1.57522, 6.29561], [1.5682, 6.29098], [1.55979, 6.28203], [1.5651, 6.2794], [1.57229, 6.26293], [1.5778, 6.25553], [1.58301, 6.25582], [1.58286, 6.25042], [1.58499, 6.24269], [1.58503, 6.23056], [1.58028, 6.23143], [1.57396, 6.22983], [1.55868, 6.22767], [1.55025, 6.22783], [1.54621, 6.22606], [1.53409, 6.22638], [1.53179, 6.23024], [1.5272, 6.23278], [1.52134, 6.23023], [1.5101, 6.22766], [1.4924, 6.22522], [1.48622, 6.22338], [1.47982, 6.21954], [1.47651, 6.21215], [1.47352, 6.21232], [1.46174, 6.21633], [1.44532, 6.22649], [1.43799, 6.23294], [1.4287, 6.23854], [1.41595, 6.24715], [1.40536, 6.25134], [1.40516, 6.24439], [1.39823, 6.21427], [1.39727, 6.21439], [1.39709, 6.21144], [1.39325, 6.20328], [1.38266, 6.19807], [1.38017, 6.18135], [1.38211, 6.17668], [1.38929, 6.17415], [1.39914, 6.17705], [1.43363, 6.18236], [1.45635, 6.18629], [1.46878, 6.18805], [1.50048, 6.19887], [1.53349, 6.20454], [1.54207, 6.20499], [1.55835, 6.21276], [1.5875, 6.21628], [1.60695, 6.21967], [1.62766, 6.2257], [1.62938, 6.24241], [1.64816, 6.24844], [1.6682, 6.24761], [1.68065, 6.25432], [1.68979, 6.25276], [1.69461, 6.25673], [1.7099, 6.25677], [1.73641, 6.26457], [1.74923, 6.27128], [1.76416, 6.27184], [1.76907, 6.27519], [1.77029, 6.28188], [1.79998, 6.28089], [1.80718, 6.28443], [1.8055, 6.29101], [1.79565, 6.29363], [1.78965, 6.30276], [1.7979, 6.30682], [1.79842, 6.31351], [1.79241, 6.32879], [1.78695, 6.33194], [1.78272, 6.33914], [1.7878, 6.3439], [1.78937, 6.34988], [1.78193, 6.37395], [1.77242, 6.38026], [1.77082, 6.39168], [1.77432, 6.39415], [1.76922, 6.39924], [1.76954, 6.41155], [1.77534, 6.41279], [1.77563, 6.41755], [1.76785, 6.41819], [1.76674, 6.42303], [1.76085, 6.42433], [1.75776, 6.40644], [1.75563, 6.40257], [1.74747, 6.40383], [1.73544, 6.4081], [1.73072, 6.40809], [1.72217, 6.39862], [1.7063, 6.39687], [1.70288, 6.38913], [1.69731, 6.38697], [1.69513, 6.39079], [1.6893, 6.38991], [1.6867, 6.39127], [1.67702, 6.39036], [1.66415, 6.38461], [1.65024, 6.37048], [1.65315, 6.3611], [1.6527, 6.35647], [1.64435, 6.3578], [1.63195, 6.3645], [1.62951, 6.3722]]]}, "id": "Lacs"}, {"type": "Feature", "properties": {"prefecture": "Moyen-Mono", "region": "Plateaux", "superficie_km2": 626.26142238}, "geometry": {"type": "Polygon", "coordinates": [[[1.63492, 7.40069], [1.62574, 7.40066], [1.61652, 7.3914], [1.60282, 7.38505], [1.60061, 7.37987], [1.58859, 7.36529], [1.58038, 7.34913], [1.57974, 7.34174], [1.57106, 7.32953], [1.56239, 7.32663], [1.5595, 7.32021], [1.55885, 7.31539], [1.53668, 7.29964], [1.52961, 7.30028], [1.51676, 7.30735], [1.51194, 7.30478], [1.50391, 7.30318], [1.50101, 7.299], [1.49169, 7.2945], [1.48912, 7.29097], [1.47274, 7.28872], [1.46689, 7.29623], [1.46767, 7.28379], [1.45482, 7.24001], [1.46807, 7.22274], [1.46807, 7.21431], [1.47891, 7.20105], [1.47891, 7.18981], [1.45602, 7.19462], [1.44156, 7.18579], [1.44116, 7.14442], [1.44277, 7.13036], [1.46205, 7.12353], [1.46446, 7.10666], [1.47008, 7.10184], [1.47691, 7.10144], [1.48494, 7.10545], [1.49538, 7.10505], [1.52149, 7.08617], [1.52591, 7.08176], [1.55764, 7.07131], [1.56213, 7.0716], [1.56647, 7.06147], [1.55402, 7.0442], [1.53434, 7.04058], [1.53474, 7.01608], [1.53625, 7.01307], [1.54781, 7.01258], [1.54986, 7.01133], [1.55816, 6.998], [1.58736, 6.99761], [1.58736, 6.99479], [1.59821, 6.99399], [1.60745, 6.9956], [1.64159, 6.99399], [1.63977, 7.06729], [1.63757, 7.12554], [1.63717, 7.19744], [1.63757, 7.20587], [1.63637, 7.26251], [1.63597, 7.32396], [1.63597, 7.39104], [1.63492, 7.40069]]]}, "id": "Moyen-Mono"}, {"type": "Feature", "properties": {"prefecture": "M\u00f4", "region": "Centrale", "superficie_km2": 1254.47395337}, "geometry": {"type": "Polygon", "coordinates": [[[0.69611, 9.01245], [0.69106, 9.01481], [0.68505, 9.0128], [0.68105, 9.00429], [0.67755, 9.00029], [0.67454, 8.99378], [0.67054, 8.98778], [0.66504, 8.9828], [0.65558, 8.98397], [0.64227, 8.98152], [0.63755, 8.97533], [0.63381, 8.9649], [0.63202, 8.94738], [0.62303, 8.9388], [0.61358, 8.92833], [0.5927, 8.91968], [0.587, 8.91822], [0.58134, 8.91156], [0.57804, 8.90586], [0.57904, 8.8983], [0.58667, 8.89551], [0.59098, 8.89128], [0.59248, 8.88135], [0.5909, 8.87945], [0.58295, 8.87666], [0.55993, 8.87867], [0.55342, 8.87516], [0.54992, 8.87116], [0.54411, 8.8569], [0.53939, 8.85119], [0.53275, 8.84736], [0.52468, 8.84494], [0.50378, 8.84102], [0.50486, 8.84204], [0.50237, 8.84113], [0.49886, 8.82461], [0.49736, 8.8126], [0.49136, 8.80709], [0.48385, 8.80359], [0.47134, 8.79658], [0.46583, 8.79608], [0.45532, 8.80859], [0.45182, 8.80909], [0.44181, 8.80259], [0.4373, 8.80159], [0.4323, 8.79808], [0.4378, 8.79058], [0.43628, 8.78531], [0.4323, 8.78357], [0.42679, 8.78407], [0.42379, 8.78907], [0.41878, 8.79408], [0.41328, 8.79508], [0.40827, 8.79208], [0.39626, 8.79358], [0.39125, 8.79158], [0.38575, 8.78657], [0.38425, 8.77956], [0.38825, 8.77156], [0.39526, 8.76355], [0.39576, 8.76004], [0.39125, 8.75754], [0.38625, 8.75754], [0.38475, 8.75204], [0.38124, 8.74953], [0.37674, 8.74903], [0.38224, 8.73552], [0.38775, 8.72451], [0.40627, 8.70148], [0.42279, 8.67796], [0.4343, 8.66295], [0.4378, 8.65343], [0.44981, 8.63291], [0.46633, 8.60589], [0.47284, 8.59788], [0.48435, 8.59938], [0.49136, 8.59788], [0.49586, 8.59437], [0.50087, 8.58286], [0.50337, 8.57886], [0.50937, 8.57586], [0.51338, 8.56935], [0.51888, 8.56785], [0.52789, 8.57385], [0.5329, 8.57385], [0.5374, 8.56434], [0.5369, 8.55934], [0.54892, 8.55483], [0.55842, 8.55033], [0.57844, 8.52681], [0.58545, 8.5218], [0.60047, 8.5178], [0.61498, 8.51329], [0.61728, 8.51354], [0.6305, 8.5243], [0.68255, 8.54282], [0.74462, 8.59688], [0.78811, 8.63881], [0.77715, 8.65143], [0.76464, 8.65844], [0.75563, 8.67546], [0.74912, 8.68196], [0.73561, 8.69147], [0.72059, 8.70299], [0.70707, 8.70781], [0.70557, 8.73202], [0.70057, 8.79208], [0.69957, 8.82761], [0.69807, 8.83412], [0.71008, 8.84964], [0.73861, 8.85914], [0.74211, 8.86065], [0.7407, 8.87004], [0.71784, 8.89243], [0.71283, 8.90694], [0.71283, 8.94648], [0.70783, 8.97852], [0.6932, 9.01021], [0.69611, 9.01245]]]}, "id": "M\u00f4"}, {"type": "Feature", "properties": {"prefecture": "Ogou", "region": "Plateaux", "superficie_km2": 1943.99066212}, "geometry": {"type": "Polygon", "coordinates": [[[1.11662, 7.71228], [1.11637, 7.70918], [1.1175, 7.70449], [1.1204, 7.70113], [1.12325, 7.69179], [1.1318, 7.67769], [1.13566, 7.66966], [1.1408, 7.65263], [1.14658, 7.63688], [1.14947, 7.62756], [1.14947, 7.61696], [1.1514, 7.607], [1.15461, 7.59704], [1.15269, 7.58493], [1.15063, 7.57979], [1.1457, 7.57383], [1.1424, 7.56478], [1.14364, 7.55429], [1.1424, 7.55121], [1.1313, 7.5475], [1.12698, 7.54339], [1.11999, 7.53414], [1.11875, 7.52673], [1.11567, 7.52036], [1.11217, 7.51707], [1.10774, 7.50911], [1.10963, 7.5007], [1.114, 7.4917], [1.11657, 7.48271], [1.11893, 7.47805], [1.12563, 7.48063], [1.13447, 7.48023], [1.14411, 7.46496], [1.14491, 7.45894], [1.14371, 7.45171], [1.14451, 7.44167], [1.13894, 7.42863], [1.14266, 7.39887], [1.14266, 7.38381], [1.14078, 7.37251], [1.14141, 7.36498], [1.13513, 7.35996], [1.11881, 7.35933], [1.11568, 7.35243], [1.11191, 7.34741], [1.11003, 7.33925], [1.08053, 7.32607], [1.07865, 7.31917], [1.08053, 7.3041], [1.07927, 7.2859], [1.07676, 7.279], [1.06798, 7.28088], [1.0617, 7.28088], [1.05668, 7.27649], [1.05794, 7.27147], [1.05856, 7.2608], [1.06547, 7.25327], [1.06735, 7.23444], [1.06107, 7.22251], [1.05919, 7.21561], [1.0457, 7.20187], [1.03897, 7.19298], [1.04978, 7.19239], [1.06107, 7.19051], [1.06461, 7.19164], [1.08043, 7.19289], [1.09, 7.19206], [1.09791, 7.19414], [1.10285, 7.19935], [1.11207, 7.22453], [1.1179, 7.23078], [1.12414, 7.23369], [1.13955, 7.23536], [1.15953, 7.23911], [1.19099, 7.23946], [1.19852, 7.23695], [1.21044, 7.2313], [1.22049, 7.22251], [1.23304, 7.21875], [1.24434, 7.22189], [1.27446, 7.23506], [1.27902, 7.23577], [1.29442, 7.23619], [1.30525, 7.23744], [1.32731, 7.24244], [1.35063, 7.2441], [1.35729, 7.24244], [1.36728, 7.24119], [1.3981, 7.22691], [1.41002, 7.23946], [1.41128, 7.24573], [1.4094, 7.25201], [1.41708, 7.26882], [1.42428, 7.27834], [1.44587, 7.29119], [1.46689, 7.29623], [1.47274, 7.28872], [1.48912, 7.29097], [1.49169, 7.2945], [1.50101, 7.299], [1.50391, 7.30318], [1.51194, 7.30478], [1.51676, 7.30735], [1.52961, 7.30028], [1.53668, 7.29964], [1.55885, 7.31539], [1.5595, 7.32021], [1.56239, 7.32663], [1.57106, 7.32953], [1.57974, 7.34174], [1.58038, 7.34913], [1.58859, 7.36529], [1.60061, 7.37987], [1.60282, 7.38505], [1.61652, 7.3914], [1.62574, 7.40066], [1.63492, 7.40069], [1.63565, 7.41661], [1.64208, 7.46834], [1.64401, 7.48569], [1.64818, 7.49244], [1.65429, 7.49437], [1.6755, 7.49437], [1.67743, 7.49758], [1.6755, 7.50658], [1.67036, 7.51301], [1.66875, 7.51815], [1.65925, 7.52129], [1.65461, 7.51221], [1.64047, 7.50771], [1.61894, 7.50578], [1.6048, 7.50996], [1.60384, 7.51445], [1.60641, 7.51895], [1.6032, 7.52538], [1.59613, 7.53341], [1.58713, 7.54048], [1.57781, 7.54048], [1.56785, 7.54434], [1.555, 7.54723], [1.54439, 7.54755], [1.53636, 7.54595], [1.53379, 7.54402], [1.53122, 7.53695], [1.53315, 7.52731], [1.52897, 7.51638], [1.52158, 7.51124], [1.51387, 7.50899], [1.50037, 7.50996], [1.49073, 7.50883], [1.48077, 7.50465], [1.46117, 7.50112], [1.45088, 7.4963], [1.44896, 7.49019], [1.45185, 7.48634], [1.44896, 7.47605], [1.44992, 7.45967], [1.44671, 7.45163], [1.44414, 7.43075], [1.44125, 7.42303], [1.43418, 7.42785], [1.4316, 7.43492], [1.42325, 7.44456], [1.41747, 7.45228], [1.41136, 7.45774], [1.40558, 7.46545], [1.40333, 7.48023], [1.39369, 7.48441], [1.38533, 7.48602], [1.37891, 7.49276], [1.37666, 7.49726], [1.37666, 7.50112], [1.38597, 7.50947], [1.38308, 7.51751], [1.37698, 7.52297], [1.36605, 7.52233], [1.36091, 7.52329], [1.35256, 7.52747], [1.34388, 7.52875], [1.33745, 7.5339], [1.3381, 7.54145], [1.34902, 7.5453], [1.35127, 7.55398], [1.34838, 7.55944], [1.3381, 7.55655], [1.32717, 7.55912], [1.31882, 7.56619], [1.30693, 7.57101], [1.30596, 7.57615], [1.30725, 7.5829], [1.31657, 7.59093], [1.31914, 7.59415], [1.314, 7.60089], [1.30693, 7.60346], [1.30307, 7.59961], [1.29825, 7.59704], [1.287, 7.6025], [1.28411, 7.61214], [1.29375, 7.61792], [1.29793, 7.63014], [1.29986, 7.63817], [1.29439, 7.64427], [1.29455, 7.6499], [1.2899, 7.65922], [1.28604, 7.665], [1.27833, 7.67175], [1.2629, 7.67978], [1.25776, 7.68107], [1.22852, 7.68203], [1.21535, 7.68139], [1.20217, 7.67785], [1.19317, 7.67721], [1.1845, 7.67914], [1.17582, 7.68267], [1.17293, 7.69231], [1.17518, 7.70035], [1.18032, 7.70613], [1.18161, 7.71995], [1.17871, 7.72541], [1.1755, 7.73634], [1.16618, 7.73891], [1.15911, 7.73473], [1.15783, 7.72895], [1.15301, 7.7222], [1.14947, 7.71963], [1.14497, 7.71256], [1.14112, 7.71095], [1.1167, 7.71095], [1.11662, 7.71228]]]}, "id": "Ogou"}, {"type": "Feature", "properties": {"prefecture": "Oti", "region": "Savanes", "superficie_km2": 1541.8556289}, "geometry": {"type": "Polygon", "coordinates": [[[0.34575, 10.68613], [0.34232, 10.68277], [0.3185, 10.67235], [0.30671, 10.67273], [0.30416, 10.66933], [0.30235, 10.66281], [0.30993, 10.66178], [0.31484, 10.6589], [0.3195, 10.65845], [0.32056, 10.64902], [0.32844, 10.64376], [0.33564, 10.63768], [0.33532, 10.63306], [0.33212, 10.63306], [0.32539, 10.62902], [0.31944, 10.6215], [0.31664, 10.61006], [0.31137, 10.59659], [0.30116, 10.58627], [0.29975, 10.58591], [0.27566, 10.59161], [0.26654, 10.58864], [0.25891, 10.58706], [0.24924, 10.58774], [0.2427, 10.59222], [0.23662, 10.58763], [0.22108, 10.57235], [0.21578, 10.56625], [0.2055, 10.56124], [0.20171, 10.5578], [0.19319, 10.5524], [0.18734, 10.54968], [0.1881, 10.54678], [0.19276, 10.54586], [0.20547, 10.54767], [0.21523, 10.55042], [0.22263, 10.54467], [0.22269, 10.5374], [0.21905, 10.53471], [0.21056, 10.52591], [0.20718, 10.52104], [0.20871, 10.51403], [0.2036, 10.51059], [0.19506, 10.50761], [0.19188, 10.50783], [0.19315, 10.50251], [0.19853, 10.5028], [0.20316, 10.50502], [0.20924, 10.50967], [0.21166, 10.51284], [0.21534, 10.51167], [0.21371, 10.50269], [0.21668, 10.4986], [0.21974, 10.48482], [0.21979, 10.47901], [0.21587, 10.45209], [0.21717, 10.42919], [0.20705, 10.42586], [0.19176, 10.4275], [0.18524, 10.42518], [0.18335, 10.42045], [0.18335, 10.41276], [0.18903, 10.39964], [0.19281, 10.3968], [0.19597, 10.39901], [0.20385, 10.39837], [0.20511, 10.40247], [0.20259, 10.41162], [0.20858, 10.41351], [0.21331, 10.4173], [0.21835, 10.4173], [0.22757, 10.41021], [0.2351, 10.40698], [0.25986, 10.40518], [0.26524, 10.40841], [0.26955, 10.41523], [0.27313, 10.41667], [0.28174, 10.41559], [0.28677, 10.4077], [0.2943, 10.40267], [0.29897, 10.39155], [0.28838, 10.37774], [0.28946, 10.37236], [0.30022, 10.36769], [0.30632, 10.36339], [0.31098, 10.3537], [0.31242, 10.34007], [0.31457, 10.33361], [0.31708, 10.33253], [0.32534, 10.33504], [0.33215, 10.32894], [0.33143, 10.3189], [0.32031, 10.3128], [0.31744, 10.30885], [0.31888, 10.30526], [0.34399, 10.30526], [0.35655, 10.30742], [0.36588, 10.30634], [0.37807, 10.30849], [0.38453, 10.30849], [0.39207, 10.3049], [0.39314, 10.30132], [0.37987, 10.29127], [0.36982, 10.28015], [0.37413, 10.27333], [0.37915, 10.2719], [0.37341, 10.26365], [0.36193, 10.25791], [0.35942, 10.25324], [0.3587, 10.24284], [0.35906, 10.22597], [0.35816, 10.21667], [0.35399, 10.20706], [0.35239, 10.19745], [0.34887, 10.18431], [0.35015, 10.16926], [0.34887, 10.16093], [0.35784, 10.13915], [0.35655, 10.13562], [0.35691, 10.12549], [0.36139, 10.12713], [0.37467, 10.13646], [0.384, 10.12893], [0.38651, 10.1318], [0.38615, 10.13538], [0.38794, 10.14077], [0.40301, 10.1526], [0.40983, 10.15404], [0.42095, 10.1544], [0.43567, 10.16122], [0.42454, 10.16875], [0.42167, 10.17341], [0.41054, 10.17521], [0.40696, 10.17915], [0.41001, 10.18974], [0.41324, 10.19153], [0.41862, 10.19189], [0.424, 10.18543], [0.42902, 10.18723], [0.44337, 10.19871], [0.45342, 10.20481], [0.46131, 10.20552], [0.47315, 10.19835], [0.47889, 10.20086], [0.4814, 10.20445], [0.48104, 10.20875], [0.48571, 10.21342], [0.49324, 10.21342], [0.50221, 10.21808], [0.50472, 10.22239], [0.50293, 10.22992], [0.50401, 10.23315], [0.51979, 10.25468], [0.52302, 10.26365], [0.53414, 10.28517], [0.54921, 10.29594], [0.56966, 10.31136], [0.57863, 10.32249], [0.58868, 10.33253], [0.59071, 10.33571], [0.57325, 10.34222], [0.56751, 10.34617], [0.55818, 10.3842], [0.5528, 10.38707], [0.54024, 10.39603], [0.52015, 10.41828], [0.51154, 10.42832], [0.51477, 10.43442], [0.51979, 10.4355], [0.52984, 10.44196], [0.53271, 10.45559], [0.52804, 10.4599], [0.51836, 10.4599], [0.51289, 10.463], [0.51531, 10.46976], [0.51459, 10.47766], [0.51925, 10.4816], [0.52571, 10.47981], [0.52894, 10.4834], [0.53002, 10.50134], [0.53253, 10.506], [0.53935, 10.50743], [0.55405, 10.49954], [0.56302, 10.49847], [0.56984, 10.50385], [0.56805, 10.50636], [0.56195, 10.50779], [0.56051, 10.51138], [0.56267, 10.52466], [0.56338, 10.54224], [0.56446, 10.55121], [0.56733, 10.55982], [0.57271, 10.56843], [0.58635, 10.57632], [0.58868, 10.57578], [0.59155, 10.56645], [0.59513, 10.56502], [0.60626, 10.5643], [0.61523, 10.55928], [0.6285, 10.55964], [0.64142, 10.55282], [0.65326, 10.55462], [0.66187, 10.5539], [0.66689, 10.55174], [0.6755, 10.55462], [0.67945, 10.5582], [0.68088, 10.5661], [0.67945, 10.57578], [0.66904, 10.59049], [0.66689, 10.59587], [0.66617, 10.60664], [0.67437, 10.61443], [0.64565, 10.61241], [0.62446, 10.60787], [0.61931, 10.61241], [0.61476, 10.61211], [0.60568, 10.61605], [0.59205, 10.61605], [0.57994, 10.61363], [0.57055, 10.6215], [0.55602, 10.61998], [0.5539, 10.62877], [0.55571, 10.63119], [0.54804, 10.62935], [0.54928, 10.64381], [0.55187, 10.65012], [0.55388, 10.65873], [0.5533, 10.66304], [0.55619, 10.66814], [0.53849, 10.67674], [0.5298, 10.66006], [0.52407, 10.64751], [0.52205, 10.64053], [0.5205, 10.64099], [0.51119, 10.63528], [0.50077, 10.63481], [0.49011, 10.63231], [0.47724, 10.6351], [0.46701, 10.6334], [0.45818, 10.62828], [0.44701, 10.62549], [0.44081, 10.62564], [0.43507, 10.6382], [0.43182, 10.64115], [0.42112, 10.64751], [0.4143, 10.65402], [0.4067, 10.65588], [0.39988, 10.65526], [0.39507, 10.65727], [0.37856, 10.66107], [0.37716, 10.66743], [0.3767, 10.68045], [0.37344, 10.68324], [0.36709, 10.68371], [0.36088, 10.68216], [0.35112, 10.682], [0.34575, 10.68613]]]}, "id": "Oti"}, {"type": "Feature", "properties": {"prefecture": "Oti-Sud", "region": "Savanes", "superficie_km2": 2392.93295567}, "geometry": {"type": "Polygon", "coordinates": [[[0.67437, 10.61443], [0.66617, 10.60664], [0.66689, 10.59587], [0.66904, 10.59049], [0.67945, 10.57578], [0.68088, 10.5661], [0.67945, 10.5582], [0.6755, 10.55462], [0.66689, 10.55174], [0.66187, 10.5539], [0.65326, 10.55462], [0.64142, 10.55282], [0.6285, 10.55964], [0.61523, 10.55928], [0.60626, 10.5643], [0.59513, 10.56502], [0.59155, 10.56645], [0.58868, 10.57578], [0.58635, 10.57632], [0.57271, 10.56843], [0.56733, 10.55982], [0.56446, 10.55121], [0.56338, 10.54224], [0.56267, 10.52466], [0.56051, 10.51138], [0.56195, 10.50779], [0.56805, 10.50636], [0.56984, 10.50385], [0.56302, 10.49847], [0.55405, 10.49954], [0.53935, 10.50743], [0.53253, 10.506], [0.53002, 10.50134], [0.52894, 10.4834], [0.52571, 10.47981], [0.51925, 10.4816], [0.51459, 10.47766], [0.51531, 10.46976], [0.51289, 10.463], [0.51836, 10.4599], [0.52804, 10.4599], [0.53271, 10.45559], [0.52984, 10.44196], [0.51979, 10.4355], [0.51477, 10.43442], [0.51154, 10.42832], [0.52015, 10.41828], [0.54024, 10.39603], [0.5528, 10.38707], [0.55818, 10.3842], [0.56751, 10.34617], [0.57325, 10.34222], [0.59071, 10.33571], [0.58868, 10.33253], [0.57863, 10.32249], [0.56966, 10.31136], [0.54921, 10.29594], [0.53414, 10.28517], [0.52302, 10.26365], [0.51979, 10.25468], [0.50401, 10.23315], [0.50293, 10.22992], [0.50472, 10.22239], [0.50221, 10.21808], [0.49324, 10.21342], [0.48571, 10.21342], [0.48104, 10.20875], [0.4814, 10.20445], [0.47889, 10.20086], [0.47315, 10.19835], [0.46131, 10.20552], [0.45342, 10.20481], [0.44337, 10.19871], [0.42902, 10.18723], [0.424, 10.18543], [0.41862, 10.19189], [0.41324, 10.19153], [0.41001, 10.18974], [0.40696, 10.17915], [0.41054, 10.17521], [0.42167, 10.17341], [0.42454, 10.16875], [0.43567, 10.16122], [0.42095, 10.1544], [0.40983, 10.15404], [0.40301, 10.1526], [0.38794, 10.14077], [0.38615, 10.13538], [0.38651, 10.1318], [0.384, 10.12893], [0.37467, 10.13646], [0.36139, 10.12713], [0.35691, 10.12549], [0.35063, 10.10381], [0.3474, 10.09556], [0.34955, 10.08731], [0.35386, 10.08264], [0.36319, 10.07977], [0.37754, 10.07762], [0.38471, 10.07726], [0.39691, 10.07152], [0.41019, 10.06004], [0.41341, 10.06004], [0.41485, 10.05251], [0.41126, 10.03959], [0.40786, 10.02219], [0.40789, 10.01947], [0.41545, 10.00901], [0.42242, 9.9942], [0.42271, 9.98635], [0.41806, 9.97619], [0.42096, 9.96399], [0.42619, 9.95847], [0.44711, 9.95644], [0.45379, 9.95266], [0.45611, 9.94714], [0.46541, 9.94394], [0.47121, 9.94801], [0.47819, 9.95121], [0.48603, 9.95353], [0.49155, 9.95121], [0.49716, 9.94666], [0.49939, 9.94162], [0.50636, 9.94133], [0.51391, 9.95034], [0.51972, 9.9515], [0.52698, 9.94336], [0.52495, 9.9361], [0.52175, 9.93291], [0.51914, 9.92739], [0.51507, 9.92478], [0.51507, 9.91664], [0.51856, 9.90822], [0.52175, 9.90677], [0.52408, 9.90154], [0.54935, 9.89282], [0.57055, 9.88498], [0.58463, 9.88137], [0.58792, 9.88591], [0.59209, 9.88635], [0.60063, 9.8892], [0.61181, 9.88701], [0.62225, 9.88338], [0.62617, 9.88352], [0.63083, 9.88819], [0.63406, 9.89369], [0.64129, 9.89457], [0.64568, 9.8915], [0.65422, 9.87791], [0.65905, 9.87703], [0.66599, 9.8828], [0.67245, 9.88316], [0.67676, 9.88101], [0.67982, 9.87654], [0.68286, 9.88747], [0.68142, 9.89644], [0.67775, 9.90746], [0.65871, 9.92596], [0.65643, 9.9293], [0.65643, 9.93458], [0.66671, 9.94416], [0.66886, 9.94882], [0.66689, 9.95638], [0.67465, 9.95974], [0.67675, 9.96866], [0.67623, 9.97071], [0.67772, 9.98281], [0.6538, 9.98864], [0.64352, 9.989], [0.64959, 9.99687], [0.66031, 10.00456], [0.66718, 10.00868], [0.67295, 10.01583], [0.6779, 10.02765], [0.67845, 10.03836], [0.68202, 10.04633], [0.68697, 10.0532], [0.68779, 10.05788], [0.68614, 10.07272], [0.68669, 10.08206], [0.68532, 10.08673], [0.67295, 10.10817], [0.67229, 10.11622], [0.67359, 10.12715], [0.67578, 10.13699], [0.67558, 10.14082], [0.68098, 10.14191], [0.68477, 10.14527], [0.68834, 10.15571], [0.69799, 10.16711], [0.70474, 10.16803], [0.73452, 10.14364], [0.74026, 10.14005], [0.74277, 10.14507], [0.73811, 10.15296], [0.73883, 10.16014], [0.73308, 10.16839], [0.73667, 10.1727], [0.74421, 10.17592], [0.75425, 10.18238], [0.75784, 10.17951], [0.76789, 10.17485], [0.77399, 10.17664], [0.77752, 10.18001], [0.78116, 10.17951], [0.79408, 10.17198], [0.79731, 10.16767], [0.79838, 10.16193], [0.80376, 10.15368], [0.80879, 10.15189], [0.81417, 10.15476], [0.81956, 10.16211], [0.82457, 10.17503], [0.82667, 10.18656], [0.83925, 10.22745], [0.84974, 10.23478], [0.85707, 10.24107], [0.86336, 10.24422], [0.86651, 10.24422], [0.87699, 10.2547], [0.88748, 10.27357], [0.90166, 10.28999], [0.87157, 10.3119], [0.85973, 10.32087], [0.84646, 10.33199], [0.83928, 10.33881], [0.8235, 10.35101], [0.77434, 10.38509], [0.77578, 10.39837], [0.7747, 10.412], [0.77847, 10.44877], [0.78242, 10.48358], [0.78314, 10.4947], [0.78206, 10.49793], [0.78349, 10.51264], [0.78744, 10.51945], [0.79175, 10.5356], [0.80143, 10.55892], [0.80646, 10.58116], [0.80816, 10.61459], [0.80934, 10.62562], [0.80981, 10.64029], [0.81205, 10.6803], [0.80709, 10.68131], [0.80273, 10.68664], [0.80127, 10.69196], [0.79841, 10.69593], [0.79569, 10.69525], [0.78636, 10.70028], [0.78098, 10.69956], [0.77775, 10.69705], [0.77309, 10.68629], [0.77345, 10.67696], [0.76304, 10.67409], [0.76986, 10.66548], [0.76735, 10.66081], [0.75407, 10.66476], [0.75018, 10.66032], [0.74351, 10.65489], [0.73578, 10.65687], [0.70743, 10.65794], [0.7042, 10.65615], [0.70277, 10.65113], [0.69272, 10.64144], [0.68914, 10.64682], [0.68555, 10.64574], [0.68053, 10.62027], [0.67437, 10.61443]]]}, "id": "Oti-Sud"}, {"type": "Feature", "properties": {"prefecture": "Sotouboua", "region": "Centrale", "superficie_km2": 3146.16396622}, "geometry": {"type": "Polygon", "coordinates": [[[0.69611, 9.01245], [0.6932, 9.01021], [0.70783, 8.97852], [0.71283, 8.94648], [0.71283, 8.90694], [0.71784, 8.89243], [0.7407, 8.87004], [0.74211, 8.86065], [0.73861, 8.85914], [0.71008, 8.84964], [0.69807, 8.83412], [0.69957, 8.82761], [0.70057, 8.79208], [0.70557, 8.73202], [0.70707, 8.70781], [0.72059, 8.70299], [0.73561, 8.69147], [0.74912, 8.68196], [0.75563, 8.67546], [0.76464, 8.65844], [0.77715, 8.65143], [0.78811, 8.63881], [0.74462, 8.59688], [0.68255, 8.54282], [0.6305, 8.5243], [0.61728, 8.51354], [0.62449, 8.50929], [0.6285, 8.50028], [0.64451, 8.49127], [0.64952, 8.48326], [0.65552, 8.46274], [0.65614, 8.46244], [0.65853, 8.43071], [0.66453, 8.4197], [0.67705, 8.41419], [0.68555, 8.40968], [0.69356, 8.40268], [0.69757, 8.39767], [0.70207, 8.39867], [0.70808, 8.39617], [0.70858, 8.38766], [0.71408, 8.38416], [0.71358, 8.36464], [0.71444, 8.36405], [0.72329, 8.37429], [0.73814, 8.36934], [0.77235, 8.38897], [0.77185, 8.41271], [0.86405, 8.37771], [0.86491, 8.3812], [0.87392, 8.3853], [0.87754, 8.38442], [0.88294, 8.3876], [0.88793, 8.38492], [0.89514, 8.38766], [0.90211, 8.38255], [0.90903, 8.38397], [0.91944, 8.38043], [0.92529, 8.38496], [0.93207, 8.38454], [0.94022, 8.37964], [0.94429, 8.37876], [0.95829, 8.38018], [0.96596, 8.38247], [0.98086, 8.38345], [1.00978, 8.38359], [1.02286, 8.38591], [1.03504, 8.39002], [1.04542, 8.39232], [1.05536, 8.39327], [1.06397, 8.38836], [1.09834, 8.37953], [1.1145, 8.37648], [1.1225, 8.37215], [1.13351, 8.36814], [1.14953, 8.36764], [1.16154, 8.36664], [1.16171, 8.36844], [1.17646, 8.38082], [1.18857, 8.37715], [1.20809, 8.36864], [1.2196, 8.36264], [1.22711, 8.36064], [1.23537, 8.35972], [1.23683, 8.36131], [1.22895, 8.37843], [1.2352, 8.39597], [1.23537, 8.41398], [1.23227, 8.42834], [1.23033, 8.44116], [1.22698, 8.44876], [1.22775, 8.46079], [1.22946, 8.46593], [1.23734, 8.47826], [1.23734, 8.48717], [1.23015, 8.50121], [1.22707, 8.51217], [1.22844, 8.52073], [1.23186, 8.52895], [1.23597, 8.53272], [1.25207, 8.53614], [1.25892, 8.53956], [1.26868, 8.5483], [1.26868, 8.55549], [1.26354, 8.55789], [1.25196, 8.55557], [1.24265, 8.56149], [1.24265, 8.56645], [1.25008, 8.58442], [1.25707, 8.58896], [1.26212, 8.60056], [1.25826, 8.619], [1.2535, 8.63149], [1.25344, 8.6396], [1.2651, 8.65172], [1.26868, 8.65867], [1.26287, 8.6682], [1.25553, 8.66817], [1.2391, 8.67541], [1.23346, 8.67369], [1.2125, 8.68428], [1.20912, 8.69648], [1.20775, 8.70739], [1.20339, 8.7268], [1.19805, 8.7365], [1.19174, 8.73747], [1.17806, 8.74277], [1.17754, 8.74544], [1.14935, 8.74456], [1.13153, 8.7393], [1.12034, 8.7459], [1.11067, 8.74881], [1.10394, 8.75543], [1.09056, 8.75536], [1.07796, 8.74717], [1.06385, 8.74561], [1.04666, 8.76254], [1.04067, 8.7699], [1.03025, 8.77355], [1.02352, 8.78091], [1.01564, 8.78732], [0.99312, 8.78932], [0.98011, 8.78782], [0.9736, 8.78482], [0.9731, 8.77531], [0.9706, 8.7703], [0.96259, 8.7698], [0.96109, 8.77581], [0.95108, 8.78432], [0.94207, 8.78682], [0.93506, 8.79233], [0.93206, 8.80184], [0.93406, 8.81135], [0.94507, 8.83587], [0.95508, 8.84738], [0.96059, 8.8594], [0.96409, 8.86991], [0.96559, 8.87741], [0.96609, 8.88742], [0.96259, 8.89343], [0.95221, 8.90477], [0.94178, 8.90767], [0.92317, 8.90978], [0.90305, 8.91781], [0.89699, 8.937], [0.89241, 8.95768], [0.88409, 8.98204], [0.87655, 9.00199], [0.87329, 9.00414], [0.86633, 9.0037], [0.85154, 9.00977], [0.842, 9.01256], [0.822, 9.01338], [0.8096, 9.01662], [0.79289, 9.02504], [0.78575, 9.02547], [0.78187, 9.03633], [0.78036, 9.05005], [0.77367, 9.05379], [0.76749, 9.05281], [0.75659, 9.0447], [0.74706, 9.04559], [0.74276, 9.04935], [0.73464, 9.05308], [0.72517, 9.04403], [0.72234, 9.04023], [0.71577, 9.02457], [0.71391, 9.01793], [0.70966, 9.01365], [0.7011, 9.0117], [0.69611, 9.01245]]]}, "id": "Sotouboua"}, {"type": "Feature", "properties": {"prefecture": "Tandjoar\u00e9", "region": "Savanes", "superficie_km2": 951.36855408}, "geometry": {"type": "Polygon", "coordinates": [[[-0.07292, 10.75989], [-0.0776, 10.75225], [-0.074, 10.73503], [-0.07613, 10.72765], [-0.07435, 10.72384], [-0.08458, 10.71865], [-0.08798, 10.71499], [-0.08717, 10.70846], [-0.07118, 10.67569], [-0.06824, 10.65126], [-0.06398, 10.64138], [-0.05433, 10.63154], [-0.04279, 10.62754], [-0.0327, 10.62207], [-0.02633, 10.6214], [-0.02093, 10.61952], [0.00071, 10.6098], [0.01155, 10.60263], [0.03388, 10.59631], [0.04841, 10.58748], [0.05912, 10.56821], [0.06358, 10.56196], [0.07173, 10.55453], [0.08866, 10.54984], [0.11879, 10.53914], [0.13159, 10.53102], [0.14153, 10.51416], [0.1413, 10.51246], [0.14789, 10.48733], [0.15366, 10.47213], [0.1533, 10.45784], [0.15481, 10.45397], [0.16517, 10.44462], [0.16766, 10.44004], [0.16602, 10.43131], [0.16952, 10.42286], [0.17545, 10.41638], [0.18335, 10.41276], [0.18335, 10.42045], [0.18524, 10.42518], [0.19176, 10.4275], [0.20705, 10.42586], [0.21717, 10.42919], [0.21587, 10.45209], [0.21979, 10.47901], [0.21974, 10.48482], [0.21668, 10.4986], [0.21371, 10.50269], [0.21534, 10.51167], [0.21166, 10.51284], [0.20924, 10.50967], [0.20316, 10.50502], [0.19853, 10.5028], [0.19315, 10.50251], [0.19188, 10.50783], [0.19506, 10.50761], [0.2036, 10.51059], [0.20871, 10.51403], [0.20718, 10.52104], [0.21056, 10.52591], [0.21905, 10.53471], [0.22269, 10.5374], [0.22263, 10.54467], [0.21523, 10.55042], [0.20547, 10.54767], [0.19276, 10.54586], [0.1881, 10.54678], [0.18734, 10.54968], [0.19319, 10.5524], [0.20171, 10.5578], [0.2055, 10.56124], [0.21578, 10.56625], [0.22108, 10.57235], [0.23662, 10.58763], [0.2427, 10.59222], [0.24924, 10.58774], [0.25891, 10.58706], [0.26654, 10.58864], [0.27566, 10.59161], [0.29975, 10.58591], [0.30116, 10.58627], [0.31137, 10.59659], [0.31664, 10.61006], [0.31944, 10.6215], [0.32539, 10.62902], [0.33212, 10.63306], [0.33532, 10.63306], [0.33564, 10.63768], [0.32844, 10.64376], [0.32056, 10.64902], [0.3195, 10.65845], [0.31484, 10.6589], [0.30993, 10.66178], [0.30235, 10.66281], [0.30052, 10.66454], [0.29171, 10.6655], [0.28226, 10.67111], [0.28049, 10.67719], [0.28033, 10.68488], [0.27761, 10.68953], [0.27633, 10.69658], [0.26656, 10.70859], [0.26279, 10.71755], [0.25949, 10.72244], [0.25156, 10.72028], [0.24951, 10.72889], [0.25008, 10.73306], [0.24179, 10.73508], [0.23905, 10.7416], [0.23946, 10.74631], [0.23705, 10.74728], [0.21896, 10.75082], [0.21425, 10.75369], [0.21302, 10.76784], [0.21274, 10.78091], [0.204, 10.7785], [0.17796, 10.78198], [0.16431, 10.78578], [0.15746, 10.78342], [0.14967, 10.7826], [0.1203, 10.78513], [0.1263, 10.7906], [0.12896, 10.79531], [0.12056, 10.79777], [0.10518, 10.80576], [0.09309, 10.80536], [0.07341, 10.80077], [0.06521, 10.79572], [0.05516, 10.79306], [0.0447, 10.78814], [0.04306, 10.78444], [0.04716, 10.78034], [0.05106, 10.78096], [0.05721, 10.77829], [0.06131, 10.77501], [0.06521, 10.76763], [0.05947, 10.76107], [0.0527, 10.75861], [0.04598, 10.7542], [0.02556, 10.75159], [0.01818, 10.75274], [0.00456, 10.75635], [-0.00103, 10.75307], [-0.01337, 10.75197], [-0.01831, 10.75435], [-0.01566, 10.76029], [-0.00429, 10.7757], [-0.0038, 10.77997], [-0.0056, 10.78587], [-0.01348, 10.78374], [-0.03431, 10.77472], [-0.07292, 10.75989]]]}, "id": "Tandjoar\u00e9"}, {"type": "Feature", "properties": {"prefecture": "Tchamba", "region": "Centrale", "superficie_km2": 3197.3384249}, "geometry": {"type": "Polygon", "coordinates": [[[1.44455, 9.28421], [1.43714, 9.27656], [1.43074, 9.26315], [1.42517, 9.24713], [1.42291, 9.2352], [1.42057, 9.2295], [1.41601, 9.22331], [1.41055, 9.21909], [1.40244, 9.20389], [1.39655, 9.19574], [1.39531, 9.18545], [1.39609, 9.17719], [1.39461, 9.17048], [1.39079, 9.15975], [1.39282, 9.15569], [1.40631, 9.14088], [1.41115, 9.13187], [1.41046, 9.12023], [1.40635, 9.11098], [1.39745, 9.099], [1.39197, 9.08256], [1.38991, 9.06851], [1.37791, 9.05779], [1.37146, 9.04425], [1.36283, 9.03354], [1.3551, 9.03325], [1.35034, 9.02938], [1.35242, 9.02432], [1.3551, 9.02313], [1.37562, 9.0035], [1.37808, 8.99463], [1.38008, 8.99114], [1.37622, 8.98149], [1.37324, 8.97703], [1.36818, 8.97227], [1.35599, 8.969], [1.33368, 8.97078], [1.31554, 8.97316], [1.3084, 8.97465], [1.30067, 8.97257], [1.29502, 8.96781], [1.2968, 8.94015], [1.29145, 8.92379], [1.2846, 8.90571], [1.28318, 8.88762], [1.28199, 8.87834], [1.28484, 8.8624], [1.29222, 8.85693], [1.30607, 8.85107], [1.31026, 8.8446], [1.31197, 8.83756], [1.32149, 8.82233], [1.32415, 8.81605], [1.32663, 8.80196], [1.32263, 8.79739], [1.3134, 8.79501], [1.3073, 8.78702], [1.3054, 8.78188], [1.3075, 8.76836], [1.30616, 8.76227], [1.3035, 8.75904], [1.29493, 8.75447], [1.2917, 8.75085], [1.27866, 8.74352], [1.27238, 8.73591], [1.27428, 8.72449], [1.27729, 8.71953], [1.27343, 8.71239], [1.25975, 8.70347], [1.25975, 8.69603], [1.26272, 8.68711], [1.26867, 8.67789], [1.26986, 8.67402], [1.27016, 8.6648], [1.26868, 8.65867], [1.2651, 8.65172], [1.25344, 8.6396], [1.2535, 8.63149], [1.25826, 8.619], [1.26212, 8.60056], [1.25707, 8.58896], [1.25008, 8.58442], [1.24265, 8.56645], [1.24265, 8.56149], [1.25196, 8.55557], [1.26354, 8.55789], [1.26868, 8.55549], [1.26868, 8.5483], [1.25892, 8.53956], [1.25207, 8.53614], [1.23597, 8.53272], [1.23186, 8.52895], [1.22844, 8.52073], [1.22707, 8.51217], [1.23015, 8.50121], [1.23734, 8.48717], [1.23734, 8.47826], [1.22946, 8.46593], [1.22775, 8.46079], [1.22698, 8.44876], [1.23033, 8.44116], [1.23227, 8.42834], [1.23537, 8.41398], [1.2352, 8.39597], [1.22895, 8.37843], [1.2447, 8.37295], [1.25943, 8.37227], [1.27758, 8.37261], [1.28203, 8.36781], [1.29779, 8.36542], [1.30224, 8.36644], [1.30498, 8.36473], [1.3108, 8.3661], [1.31114, 8.36336], [1.32005, 8.35788], [1.32244, 8.35857], [1.33477, 8.35822], [1.33854, 8.35959], [1.35738, 8.35103], [1.36388, 8.35103], [1.37142, 8.3548], [1.38478, 8.35514], [1.38888, 8.35891], [1.40498, 8.36268], [1.41354, 8.36302], [1.44197, 8.36165], [1.44642, 8.36199], [1.46286, 8.36576], [1.46937, 8.36816], [1.48342, 8.3824], [1.48999, 8.39281], [1.50068, 8.40322], [1.51301, 8.42815], [1.51849, 8.4339], [1.52479, 8.43774], [1.53849, 8.44021], [1.57109, 8.4498], [1.59383, 8.45528], [1.61959, 8.47007], [1.64992, 8.47812], [1.64916, 8.49076], [1.6375, 8.50892], [1.63033, 8.63357], [1.62862, 8.64761], [1.63033, 8.66131], [1.6317, 8.67946], [1.63221, 8.69539], [1.63255, 8.7221], [1.63255, 8.77895], [1.63358, 8.79608], [1.63255, 8.81183], [1.63136, 8.82091], [1.62896, 8.8305], [1.63101, 8.83906], [1.63273, 8.85241], [1.63273, 8.86029], [1.62656, 8.9144], [1.62348, 8.94557], [1.62211, 8.95516], [1.62588, 8.97228], [1.62382, 8.97468], [1.62999, 8.99899], [1.62622, 9.02536], [1.62451, 9.04214], [1.6156, 9.06269], [1.61766, 9.0716], [1.60954, 9.08815], [1.60464, 9.09934], [1.59814, 9.11098], [1.59197, 9.11715], [1.57896, 9.13187], [1.57279, 9.14489], [1.568, 9.15311], [1.55944, 9.16989], [1.55361, 9.17502], [1.52587, 9.19095], [1.49597, 9.22085], [1.48989, 9.22763], [1.48521, 9.23434], [1.47542, 9.24077], [1.46201, 9.25473], [1.45991, 9.26206], [1.45016, 9.2789], [1.44455, 9.28421]]]}, "id": "Tchamba"}, {"type": "Feature", "properties": {"prefecture": "Tchaoudjo", "region": "Centrale", "superficie_km2": 2395.63423124}, "geometry": {"type": "Polygon", "coordinates": [[[1.44455, 9.28421], [1.43697, 9.293], [1.43114, 9.29655], [1.42142, 9.30695], [1.413, 9.32446], [1.38878, 9.30927], [1.38427, 9.30438], [1.37944, 9.29178], [1.37824, 9.28618], [1.37864, 9.28097], [1.37704, 9.26976], [1.37143, 9.26976], [1.36783, 9.26616], [1.36382, 9.25735], [1.36022, 9.25174], [1.35021, 9.25174], [1.3426, 9.25254], [1.31377, 9.24574], [1.31057, 9.24574], [1.29455, 9.24974], [1.28896, 9.25243], [1.26812, 9.24933], [1.24902, 9.24262], [1.23312, 9.23476], [1.22706, 9.22926], [1.21007, 9.22291], [1.20366, 9.22652], [1.19813, 9.23564], [1.1852, 9.23549], [1.17843, 9.22932], [1.17283, 9.22692], [1.16522, 9.21851], [1.15962, 9.21651], [1.1428, 9.21971], [1.13119, 9.22251], [1.12318, 9.22331], [1.11877, 9.22612], [1.11317, 9.22732], [1.10276, 9.22812], [1.09795, 9.22932], [1.08274, 9.23012], [1.07051, 9.22736], [1.04091, 9.2136], [1.02944, 9.21239], [1.01788, 9.21364], [1.01467, 9.21185], [1.00658, 9.20991], [0.99994, 9.20609], [0.9933, 9.20037], [0.99333, 9.19564], [0.9886, 9.18804], [0.98534, 9.17571], [0.98542, 9.16104], [0.98741, 9.14685], [0.98794, 9.13739], [0.98703, 9.12887], [0.98763, 9.10757], [0.99104, 9.09386], [1.00114, 9.07498], [1.00308, 9.06884], [1.0002, 9.0594], [0.99289, 9.05428], [0.98362, 9.05249], [0.97614, 9.0447], [0.9753, 9.03785], [0.96656, 9.0268], [0.95909, 9.0229], [0.94961, 9.01553], [0.92002, 9.01174], [0.90423, 9.00921], [0.89623, 9.00679], [0.87664, 9.00416], [0.87329, 9.00414], [0.87655, 9.00199], [0.88409, 8.98204], [0.89241, 8.95768], [0.89699, 8.937], [0.90305, 8.91781], [0.92317, 8.90978], [0.94178, 8.90767], [0.95221, 8.90477], [0.96259, 8.89343], [0.96609, 8.88742], [0.96559, 8.87741], [0.96409, 8.86991], [0.96059, 8.8594], [0.95508, 8.84738], [0.94507, 8.83587], [0.93406, 8.81135], [0.93206, 8.80184], [0.93506, 8.79233], [0.94207, 8.78682], [0.95108, 8.78432], [0.96109, 8.77581], [0.96259, 8.7698], [0.9706, 8.7703], [0.9731, 8.77531], [0.9736, 8.78482], [0.98011, 8.78782], [0.99312, 8.78932], [1.01564, 8.78732], [1.02352, 8.78091], [1.03025, 8.77355], [1.04067, 8.7699], [1.04666, 8.76254], [1.06385, 8.74561], [1.07796, 8.74717], [1.09056, 8.75536], [1.10394, 8.75543], [1.11067, 8.74881], [1.12034, 8.7459], [1.13153, 8.7393], [1.14935, 8.74456], [1.17754, 8.74544], [1.17806, 8.74277], [1.19174, 8.73747], [1.19805, 8.7365], [1.20339, 8.7268], [1.20775, 8.70739], [1.20912, 8.69648], [1.2125, 8.68428], [1.23346, 8.67369], [1.2391, 8.67541], [1.25553, 8.66817], [1.26287, 8.6682], [1.26868, 8.65867], [1.27016, 8.6648], [1.26986, 8.67402], [1.26867, 8.67789], [1.26272, 8.68711], [1.25975, 8.69603], [1.25975, 8.70347], [1.27343, 8.71239], [1.27729, 8.71953], [1.27428, 8.72449], [1.27238, 8.73591], [1.27866, 8.74352], [1.2917, 8.75085], [1.29493, 8.75447], [1.3035, 8.75904], [1.30616, 8.76227], [1.3075, 8.76836], [1.3054, 8.78188], [1.3073, 8.78702], [1.3134, 8.79501], [1.32263, 8.79739], [1.32663, 8.80196], [1.32415, 8.81605], [1.32149, 8.82233], [1.31197, 8.83756], [1.31026, 8.8446], [1.30607, 8.85107], [1.29222, 8.85693], [1.28484, 8.8624], [1.28199, 8.87834], [1.28318, 8.88762], [1.2846, 8.90571], [1.29145, 8.92379], [1.2968, 8.94015], [1.29502, 8.96781], [1.30067, 8.97257], [1.3084, 8.97465], [1.31554, 8.97316], [1.33368, 8.97078], [1.35599, 8.969], [1.36818, 8.97227], [1.37324, 8.97703], [1.37622, 8.98149], [1.38008, 8.99114], [1.37808, 8.99463], [1.37562, 9.0035], [1.3551, 9.02313], [1.35242, 9.02432], [1.35034, 9.02938], [1.3551, 9.03325], [1.36283, 9.03354], [1.37146, 9.04425], [1.37791, 9.05779], [1.38991, 9.06851], [1.39197, 9.08256], [1.39745, 9.099], [1.40635, 9.11098], [1.41046, 9.12023], [1.41115, 9.13187], [1.40631, 9.14088], [1.39282, 9.15569], [1.39079, 9.15975], [1.39461, 9.17048], [1.39609, 9.17719], [1.39531, 9.18545], [1.39655, 9.19574], [1.40244, 9.20389], [1.41055, 9.21909], [1.41601, 9.22331], [1.42057, 9.2295], [1.42291, 9.2352], [1.42517, 9.24713], [1.43074, 9.26315], [1.43714, 9.27656], [1.44455, 9.28421]]]}, "id": "Tchaoudjo"}, {"type": "Feature", "properties": {"prefecture": "T\u00f4ne", "region": "Savanes", "superficie_km2": 1219.84559185}, "geometry": {"type": "Polygon", "coordinates": [[[0.1913, 11.07158], [0.18175, 11.06849], [0.17806, 11.04634], [0.18237, 11.04122], [0.18913, 11.04019], [0.19282, 11.0324], [0.20533, 11.03199], [0.21127, 11.03015], [0.21435, 11.02051], [0.21702, 11.01477], [0.21921, 11.01359], [0.21189, 11.0037], [0.21476, 10.98484], [0.20287, 10.97582], [0.19979, 10.9709], [0.1992, 10.96616], [0.17784, 10.97482], [0.176, 10.97184], [0.16012, 10.97797], [0.14844, 10.98556], [0.14352, 10.97674], [0.13704, 10.97179], [0.1338, 10.97792], [0.12593, 10.98924], [0.12117, 10.99318], [0.10855, 10.99088], [0.10133, 10.9917], [0.09559, 10.99482], [0.0905, 10.99596], [0.08624, 11.00121], [0.06525, 10.9999], [0.04393, 10.99596], [0.03638, 10.99383], [0.02962, 10.99319], [0.03212, 10.98449], [0.02982, 10.9776], [0.02671, 10.97432], [0.02178, 10.97415], [0.01785, 10.97235], [0.00686, 10.96153], [-0.00737, 10.95952], [-0.01167, 10.95645], [-0.01575, 10.93241], [-0.01407, 10.91065], [-0.01915, 10.90291], [-0.03124, 10.87277], [-0.03396, 10.85026], [-0.03065, 10.8364], [-0.02646, 10.82539], [-0.0282, 10.81821], [-0.03429, 10.80769], [-0.04554, 10.79981], [-0.04846, 10.78993], [-0.0534, 10.78495], [-0.05898, 10.7846], [-0.06212, 10.78143], [-0.06759, 10.76898], [-0.07348, 10.76966], [-0.07555, 10.76516], [-0.07292, 10.75989], [-0.03431, 10.77472], [-0.01348, 10.78374], [-0.0056, 10.78587], [-0.0038, 10.77997], [-0.00429, 10.7757], [-0.01566, 10.76029], [-0.01831, 10.75435], [-0.01337, 10.75197], [-0.00103, 10.75307], [0.00456, 10.75635], [0.01818, 10.75274], [0.02556, 10.75159], [0.04598, 10.7542], [0.0527, 10.75861], [0.05947, 10.76107], [0.06521, 10.76763], [0.06131, 10.77501], [0.05721, 10.77829], [0.05106, 10.78096], [0.04716, 10.78034], [0.04306, 10.78444], [0.0447, 10.78814], [0.05516, 10.79306], [0.06521, 10.79572], [0.07341, 10.80077], [0.09309, 10.80536], [0.10518, 10.80576], [0.12056, 10.79777], [0.12896, 10.79531], [0.1263, 10.7906], [0.1203, 10.78513], [0.14967, 10.7826], [0.15746, 10.78342], [0.16431, 10.78578], [0.17796, 10.78198], [0.204, 10.7785], [0.21274, 10.78091], [0.21302, 10.76784], [0.21425, 10.75369], [0.21896, 10.75082], [0.23705, 10.74728], [0.23946, 10.74631], [0.23905, 10.7416], [0.24179, 10.73508], [0.25008, 10.73306], [0.24951, 10.72889], [0.25156, 10.72028], [0.25949, 10.72244], [0.26279, 10.71755], [0.26656, 10.70859], [0.27633, 10.69658], [0.27761, 10.68953], [0.28033, 10.68488], [0.28049, 10.67719], [0.28226, 10.67111], [0.29171, 10.6655], [0.30052, 10.66454], [0.30235, 10.66281], [0.30416, 10.66933], [0.30671, 10.67273], [0.3185, 10.67235], [0.34232, 10.68277], [0.34575, 10.68613], [0.33459, 10.69609], [0.33295, 10.70367], [0.32926, 10.70818], [0.32577, 10.71597], [0.32577, 10.72315], [0.33008, 10.73668], [0.32905, 10.74344], [0.3268, 10.74672], [0.32741, 10.75554], [0.33049, 10.75738], [0.33971, 10.75574], [0.34525, 10.75308], [0.34832, 10.75697], [0.34689, 10.75923], [0.33807, 10.76374], [0.33438, 10.76763], [0.33233, 10.77604], [0.33274, 10.78116], [0.33192, 10.79101], [0.32977, 10.79644], [0.32465, 10.79931], [0.32137, 10.80361], [0.32095, 10.80812], [0.32362, 10.81632], [0.32608, 10.81817], [0.3308, 10.81796], [0.3318, 10.8216], [0.337, 10.82703], [0.34653, 10.8275], [0.35792, 10.82896], [0.37173, 10.83356], [0.38478, 10.83312], [0.38084, 10.83796], [0.38043, 10.84206], [0.37489, 10.8521], [0.37387, 10.85928], [0.37141, 10.86584], [0.36567, 10.87609], [0.35972, 10.88286], [0.35398, 10.88593], [0.35173, 10.89331], [0.35214, 10.89967], [0.35665, 10.91689], [0.36075, 10.92406], [0.36362, 10.93267], [0.37182, 10.94374], [0.37311, 10.94673], [0.36948, 10.95157], [0.36221, 10.954], [0.35948, 10.96036], [0.36403, 10.96399], [0.366, 10.96808], [0.37266, 10.97565], [0.38283, 10.98083], [0.38857, 10.98477], [0.38988, 10.99608], [0.38775, 11.00248], [0.38955, 11.00461], [0.39611, 11.00199], [0.40185, 11.00215], [0.4012, 11.01724], [0.40185, 11.02085], [0.40628, 11.02331], [0.40858, 11.02692], [0.3971, 11.02987], [0.39236, 11.03754], [0.35926, 11.04474], [0.33264, 11.04758], [0.3144, 11.04866], [0.29123, 11.05065], [0.26663, 11.0568], [0.1913, 11.07158]]]}, "id": "T\u00f4ne"}, {"type": "Feature", "properties": {"prefecture": "Vo", "region": "Maritime", "superficie_km2": 755.4335768}, "geometry": {"type": "Polygon", "coordinates": [[[1.36663, 6.42316], [1.37068, 6.41092], [1.37115, 6.39804], [1.3742, 6.38475], [1.38006, 6.36352], [1.38034, 6.34803], [1.38472, 6.31929], [1.38577, 6.30384], [1.38697, 6.30389], [1.39228, 6.29204], [1.39251, 6.28787], [1.39935, 6.27866], [1.40068, 6.27383], [1.40421, 6.26812], [1.40579, 6.25472], [1.40536, 6.25134], [1.41595, 6.24715], [1.4287, 6.23854], [1.43799, 6.23294], [1.44532, 6.22649], [1.46174, 6.21633], [1.47352, 6.21232], [1.47651, 6.21215], [1.47982, 6.21954], [1.48622, 6.22338], [1.4924, 6.22522], [1.5101, 6.22766], [1.52134, 6.23023], [1.5272, 6.23278], [1.53179, 6.23024], [1.53409, 6.22638], [1.54621, 6.22606], [1.55025, 6.22783], [1.55868, 6.22767], [1.57396, 6.22983], [1.58028, 6.23143], [1.58503, 6.23056], [1.58499, 6.24269], [1.58286, 6.25042], [1.58301, 6.25582], [1.5778, 6.25553], [1.57229, 6.26293], [1.5651, 6.2794], [1.55979, 6.28203], [1.5682, 6.29098], [1.57522, 6.29561], [1.58224, 6.29589], [1.58771, 6.29758], [1.60112, 6.29801], [1.59712, 6.31704], [1.59472, 6.33301], [1.59431, 6.33959], [1.59653, 6.35107], [1.60486, 6.34851], [1.60483, 6.35706], [1.60628, 6.36292], [1.60447, 6.36752], [1.60713, 6.38193], [1.60915, 6.38149], [1.61142, 6.37621], [1.61561, 6.37579], [1.62251, 6.37135], [1.62951, 6.3722], [1.62646, 6.38206], [1.62863, 6.39046], [1.62649, 6.40259], [1.6182, 6.41745], [1.61456, 6.42674], [1.61275, 6.43374], [1.60824, 6.43575], [1.6011, 6.43575], [1.59929, 6.4373], [1.60534, 6.4408], [1.6077, 6.44383], [1.60817, 6.44847], [1.60474, 6.45103], [1.59855, 6.45083], [1.59545, 6.44578], [1.59451, 6.4408], [1.5957, 6.43693], [1.59547, 6.43039], [1.59327, 6.42928], [1.58843, 6.43257], [1.58404, 6.43058], [1.58338, 6.43233], [1.58666, 6.43893], [1.5917, 6.4429], [1.58971, 6.44641], [1.58686, 6.44575], [1.58665, 6.44201], [1.58269, 6.442], [1.58707, 6.44948], [1.58662, 6.45212], [1.57454, 6.45099], [1.57167, 6.45384], [1.57275, 6.46219], [1.57516, 6.46461], [1.57865, 6.47166], [1.57732, 6.47825], [1.57752, 6.48484], [1.57969, 6.49451], [1.58253, 6.50046], [1.57944, 6.50352], [1.57285, 6.50394], [1.56535, 6.51513], [1.56356, 6.52458], [1.55301, 6.5285], [1.55167, 6.53311], [1.55626, 6.54236], [1.5645, 6.55174], [1.55517, 6.56052], [1.54521, 6.55461], [1.54328, 6.55496], [1.54151, 6.5604], [1.53798, 6.56426], [1.53343, 6.56362], [1.53531, 6.56105], [1.52944, 6.55391], [1.52627, 6.55355], [1.5191, 6.55562], [1.51624, 6.55461], [1.51381, 6.55707], [1.50917, 6.56515], [1.51173, 6.57299], [1.50811, 6.5777], [1.50389, 6.57808], [1.50015, 6.57379], [1.4924, 6.56769], [1.49422, 6.54395], [1.49547, 6.53657], [1.48669, 6.53549], [1.48071, 6.53653], [1.47354, 6.53535], [1.46613, 6.53533], [1.4568, 6.53145], [1.45297, 6.52732], [1.44776, 6.52428], [1.44051, 6.51393], [1.43067, 6.50445], [1.42683, 6.498], [1.414, 6.4838], [1.40457, 6.48119], [1.40243, 6.47861], [1.39815, 6.47731], [1.39301, 6.47215], [1.38875, 6.46483], [1.38447, 6.45967], [1.3845, 6.45152], [1.3888, 6.44724], [1.38284, 6.43391], [1.37899, 6.43004], [1.36663, 6.42316]]]}, "id": "Vo"}, {"type": "Feature", "properties": {"prefecture": "Wawa", "region": "Plateaux", "superficie_km2": 1243.84976423}, "geometry": {"type": "Polygon", "coordinates": [[[0.61673, 7.71111], [0.61752, 7.70476], [0.61592, 7.70195], [0.60788, 7.70677], [0.59704, 7.70797], [0.58981, 7.70717], [0.57977, 7.67664], [0.57414, 7.64853], [0.57334, 7.63286], [0.57695, 7.62121], [0.57695, 7.61642], [0.55767, 7.60876], [0.54844, 7.60715], [0.54522, 7.60073], [0.53679, 7.59992], [0.52755, 7.5943], [0.51791, 7.58747], [0.51751, 7.55895], [0.51309, 7.5453], [0.50827, 7.52441], [0.50907, 7.51839], [0.5151, 7.49147], [0.51711, 7.48384], [0.5155, 7.47661], [0.50827, 7.47219], [0.50224, 7.46376], [0.51269, 7.45492], [0.51389, 7.4489], [0.51951, 7.45131], [0.52514, 7.44649], [0.52916, 7.43243], [0.53036, 7.41877], [0.53478, 7.40913], [0.54562, 7.39869], [0.55165, 7.39789], [0.56049, 7.39065], [0.57053, 7.38784], [0.57856, 7.38744], [0.59623, 7.39226], [0.61471, 7.4023], [0.62837, 7.4015], [0.64243, 7.39347], [0.64604, 7.38945], [0.64805, 7.37539], [0.64862, 7.37559], [0.67335, 7.38503], [0.68139, 7.38624], [0.69625, 7.38503], [0.70669, 7.37981], [0.71232, 7.3762], [0.71794, 7.377], [0.72316, 7.38061], [0.72718, 7.38543], [0.73682, 7.38182], [0.75007, 7.38262], [0.79627, 7.38985], [0.80082, 7.38985], [0.81514, 7.39708], [0.82719, 7.40029], [0.83964, 7.40712], [0.84867, 7.41803], [0.85049, 7.43002], [0.85812, 7.44367], [0.86616, 7.4485], [0.8762, 7.45693], [0.88142, 7.46416], [0.88222, 7.47179], [0.88463, 7.47782], [0.88584, 7.48465], [0.88865, 7.48987], [0.88985, 7.49589], [0.89708, 7.4983], [0.89307, 7.50433], [0.88606, 7.50536], [0.89026, 7.50794], [0.89628, 7.51437], [0.90672, 7.51718], [0.91275, 7.51798], [0.91636, 7.52321], [0.9244, 7.52923], [0.93075, 7.53591], [0.93691, 7.53106], [0.94006, 7.53445], [0.94689, 7.53485], [0.95533, 7.52361], [0.96095, 7.5212], [0.96577, 7.51477], [0.97099, 7.51477], [0.97702, 7.51678], [0.98143, 7.5228], [0.99027, 7.52883], [0.99148, 7.53365], [1.00433, 7.53927], [1.00754, 7.54168], [1.00674, 7.55654], [1.00787, 7.5682], [0.9979, 7.56859], [0.99308, 7.57141], [0.98585, 7.5702], [0.97179, 7.57261], [0.95372, 7.57783], [0.94127, 7.58265], [0.93042, 7.58868], [0.91918, 7.59952], [0.91395, 7.60796], [0.90713, 7.61559], [0.90351, 7.62764], [0.90311, 7.63648], [0.90351, 7.65736], [0.89307, 7.65335], [0.88222, 7.65777], [0.87265, 7.68207], [0.86482, 7.6842], [0.85861, 7.68209], [0.85129, 7.68307], [0.84406, 7.68227], [0.8292, 7.67825], [0.82518, 7.67142], [0.81916, 7.65616], [0.81595, 7.65254], [0.80992, 7.63407], [0.80189, 7.62885], [0.79747, 7.63286], [0.79265, 7.64009], [0.78542, 7.66058], [0.76534, 7.65736], [0.75811, 7.64893], [0.75128, 7.6421], [0.73843, 7.63166], [0.72838, 7.62684], [0.71794, 7.62041], [0.70991, 7.61358], [0.70308, 7.61479], [0.69545, 7.61398], [0.683, 7.61599], [0.67617, 7.618], [0.66733, 7.62684], [0.66371, 7.62724], [0.65407, 7.64692], [0.65166, 7.6674], [0.65027, 7.68319], [0.65213, 7.69169], [0.64443, 7.70135], [0.63841, 7.69773], [0.6364, 7.69492], [0.63158, 7.70255], [0.62596, 7.70938], [0.61673, 7.71111]]]}, "id": "Wawa"}, {"type": "Feature", "properties": {"prefecture": "Yoto", "region": "Maritime", "superficie_km2": 1261.09641114}, "geometry": {"type": "Polygon", "coordinates": [[[1.57669, 6.92209], [1.5777, 6.90886], [1.56916, 6.90685], [1.55661, 6.90183], [1.54808, 6.88878], [1.54255, 6.87522], [1.53201, 6.85865], [1.51946, 6.84761], [1.49937, 6.83656], [1.48582, 6.83204], [1.47076, 6.83003], [1.4567, 6.83154], [1.43812, 6.83907], [1.42105, 6.84309], [1.41037, 6.84366], [1.40523, 6.83681], [1.38465, 6.83079], [1.36808, 6.82376], [1.35101, 6.81874], [1.32691, 6.79965], [1.3112, 6.78871], [1.30977, 6.78841], [1.29377, 6.77701], [1.285, 6.76911], [1.27567, 6.75667], [1.27816, 6.75178], [1.27727, 6.74929], [1.26604, 6.74751], [1.25998, 6.74448], [1.25517, 6.73949], [1.24911, 6.72862], [1.24569, 6.71943], [1.24829, 6.71215], [1.24832, 6.70529], [1.25693, 6.69673], [1.26381, 6.69547], [1.27069, 6.69206], [1.28099, 6.69038], [1.28616, 6.68697], [1.29432, 6.68313], [1.29991, 6.68272], [1.30423, 6.67287], [1.30299, 6.6587], [1.30089, 6.64753], [1.30048, 6.64067], [1.2945, 6.63163], [1.29323, 6.62691], [1.29785, 6.62335], [1.29534, 6.61624], [1.29325, 6.59864], [1.29072, 6.58747], [1.29719, 6.57676], [1.29894, 6.56733], [1.30242, 6.5549], [1.30462, 6.53602], [1.30681, 6.52358], [1.31841, 6.51933], [1.32186, 6.51462], [1.32446, 6.50776], [1.33565, 6.49707], [1.34385, 6.48336], [1.34688, 6.47607], [1.3465, 6.46062], [1.34739, 6.4499], [1.35214, 6.43961], [1.36663, 6.42316], [1.37899, 6.43004], [1.38284, 6.43391], [1.3888, 6.44724], [1.3845, 6.45152], [1.38447, 6.45967], [1.38875, 6.46483], [1.39301, 6.47215], [1.39815, 6.47731], [1.40243, 6.47861], [1.40457, 6.48119], [1.414, 6.4838], [1.42683, 6.498], [1.43067, 6.50445], [1.44051, 6.51393], [1.44776, 6.52428], [1.45297, 6.52732], [1.4568, 6.53145], [1.46613, 6.53533], [1.47354, 6.53535], [1.48071, 6.53653], [1.48669, 6.53549], [1.49547, 6.53657], [1.49422, 6.54395], [1.4924, 6.56769], [1.50015, 6.57379], [1.50389, 6.57808], [1.50811, 6.5777], [1.51173, 6.57299], [1.50917, 6.56515], [1.51381, 6.55707], [1.51624, 6.55461], [1.5191, 6.55562], [1.52627, 6.55355], [1.52944, 6.55391], [1.53531, 6.56105], [1.53343, 6.56362], [1.53798, 6.56426], [1.54151, 6.5604], [1.54328, 6.55496], [1.54521, 6.55461], [1.55517, 6.56052], [1.5657, 6.56603], [1.57554, 6.56923], [1.58517, 6.57107], [1.59204, 6.57422], [1.60284, 6.57324], [1.62579, 6.57555], [1.63107, 6.5785], [1.63602, 6.57795], [1.64104, 6.58308], [1.63663, 6.6005], [1.63305, 6.60269], [1.62701, 6.60322], [1.6218, 6.60128], [1.61243, 6.61087], [1.61296, 6.61664], [1.61019, 6.62488], [1.60303, 6.63035], [1.60301, 6.63694], [1.61152, 6.64163], [1.60376, 6.66634], [1.59356, 6.67537], [1.59024, 6.68415], [1.57769, 6.68571], [1.57379, 6.68885], [1.57653, 6.69381], [1.5812, 6.69327], [1.58475, 6.70152], [1.58969, 6.70291], [1.59215, 6.70621], [1.59102, 6.7172], [1.59292, 6.72599], [1.60006, 6.72601], [1.60829, 6.73373], [1.61953, 6.74145], [1.62089, 6.74558], [1.61813, 6.75079], [1.62059, 6.75547], [1.62588, 6.75983], [1.62208, 6.76462], [1.60833, 6.77042], [1.61001, 6.78347], [1.61342, 6.79138], [1.61134, 6.79824], [1.60893, 6.79995], [1.59862, 6.80061], [1.59689, 6.80644], [1.59893, 6.81263], [1.60819, 6.81884], [1.61504, 6.82538], [1.61331, 6.82881], [1.6037, 6.82707], [1.59956, 6.83186], [1.60126, 6.83839], [1.6019, 6.85281], [1.59569, 6.86378], [1.59465, 6.86756], [1.59635, 6.8734], [1.60663, 6.88339], [1.60386, 6.89059], [1.60556, 6.89712], [1.60519, 6.90605], [1.5928, 6.91013], [1.58248, 6.91594], [1.57669, 6.92209]]]}, "id": "Yoto"}, {"type": "Feature", "properties": {"prefecture": "Zio", "region": "Maritime", "superficie_km2": 2163.53997385}, "geometry": {"type": "Polygon", "coordinates": [[[0.9602, 6.8558], [0.96149, 6.84157], [0.96149, 6.82904], [0.96406, 6.81715], [0.96116, 6.81168], [0.95152, 6.80783], [0.93739, 6.80012], [0.92357, 6.78919], [0.90943, 6.78084], [0.89698, 6.76999], [0.89941, 6.76066], [0.90099, 6.74346], [0.90081, 6.73223], [0.89958, 6.72064], [0.90008, 6.70301], [0.90662, 6.70284], [0.91809, 6.69257], [0.92448, 6.6882], [0.93064, 6.68559], [0.93268, 6.67286], [0.93963, 6.66531], [0.94667, 6.66182], [0.94867, 6.657], [0.94892, 6.64997], [0.95071, 6.64229], [0.95292, 6.63988], [0.96743, 6.63708], [0.97666, 6.63646], [0.97996, 6.63493], [0.98662, 6.61739], [0.99126, 6.61279], [0.99151, 6.60444], [0.98749, 6.56692], [0.99559, 6.55819], [1.00518, 6.53766], [1.00675, 6.52983], [1.01422, 6.52838], [1.0225, 6.5164], [1.03832, 6.50891], [1.04554, 6.50447], [1.05037, 6.49934], [1.05107, 6.49488], [1.059, 6.48564], [1.06074, 6.47947], [1.06455, 6.47124], [1.06591, 6.4632], [1.06889, 6.4617], [1.07319, 6.45549], [1.07835, 6.4507], [1.077, 6.44692], [1.07875, 6.43731], [1.07571, 6.42288], [1.07384, 6.40351], [1.07431, 6.39555], [1.07808, 6.38781], [1.07273, 6.35289], [1.0673, 6.32899], [1.06473, 6.32662], [1.0531, 6.32794], [1.04632, 6.32653], [1.05095, 6.29615], [1.05377, 6.29222], [1.06717, 6.27891], [1.07573, 6.29024], [1.08096, 6.27976], [1.08702, 6.27557], [1.08634, 6.27135], [1.08902, 6.26728], [1.0948, 6.26424], [1.09801, 6.25395], [1.09984, 6.25864], [1.10838, 6.2594], [1.11935, 6.26397], [1.1253, 6.26879], [1.13307, 6.27077], [1.14643, 6.27215], [1.15552, 6.27845], [1.16708, 6.29542], [1.16662, 6.30127], [1.17191, 6.29727], [1.17702, 6.2971], [1.18982, 6.31598], [1.18982, 6.32617], [1.19369, 6.33671], [1.19843, 6.34461], [1.20985, 6.35989], [1.21519, 6.36449], [1.21615, 6.36925], [1.22811, 6.36446], [1.23461, 6.35937], [1.24199, 6.35076], [1.2448, 6.34321], [1.24146, 6.33934], [1.23321, 6.34444], [1.2311, 6.34795], [1.22249, 6.35076], [1.21643, 6.34768], [1.21896, 6.34145], [1.22267, 6.33584], [1.22398, 6.32917], [1.23128, 6.31756], [1.23795, 6.30931], [1.2506, 6.30035], [1.25148, 6.29859], [1.24789, 6.2798], [1.24871, 6.27661], [1.24543, 6.27207], [1.23545, 6.27176], [1.22663, 6.27657], [1.2289, 6.27319], [1.25316, 6.25678], [1.25798, 6.25379], [1.27001, 6.25014], [1.27866, 6.24166], [1.28142, 6.23702], [1.28307, 6.2246], [1.28122, 6.21159], [1.2815, 6.20511], [1.28349, 6.19618], [1.28983, 6.19014], [1.30101, 6.19094], [1.31022, 6.19493], [1.31768, 6.19693], [1.32909, 6.20263], [1.33436, 6.20286], [1.34335, 6.20729], [1.34994, 6.20731], [1.35568, 6.20909], [1.36825, 6.20909], [1.39727, 6.21439], [1.39823, 6.21427], [1.40516, 6.24439], [1.40536, 6.25134], [1.40579, 6.25472], [1.40421, 6.26812], [1.40068, 6.27383], [1.39935, 6.27866], [1.39251, 6.28787], [1.39228, 6.29204], [1.38697, 6.30389], [1.38577, 6.30384], [1.38472, 6.31929], [1.38034, 6.34803], [1.38006, 6.36352], [1.3742, 6.38475], [1.37115, 6.39804], [1.37068, 6.41092], [1.36663, 6.42316], [1.35214, 6.43961], [1.34739, 6.4499], [1.3465, 6.46062], [1.34688, 6.47607], [1.34385, 6.48336], [1.33565, 6.49707], [1.32446, 6.50776], [1.32186, 6.51462], [1.31841, 6.51933], [1.30681, 6.52358], [1.30462, 6.53602], [1.30242, 6.5549], [1.29894, 6.56733], [1.29719, 6.57676], [1.29072, 6.58747], [1.29325, 6.59864], [1.29534, 6.61624], [1.29785, 6.62335], [1.29323, 6.62691], [1.2945, 6.63163], [1.30048, 6.64067], [1.30089, 6.64753], [1.30299, 6.6587], [1.30423, 6.67287], [1.29991, 6.68272], [1.29432, 6.68313], [1.28616, 6.68697], [1.28099, 6.69038], [1.27069, 6.69206], [1.26381, 6.69547], [1.25693, 6.69673], [1.24832, 6.70529], [1.24829, 6.71215], [1.24569, 6.71943], [1.24911, 6.72862], [1.25517, 6.73949], [1.25998, 6.74448], [1.26604, 6.74751], [1.27727, 6.74929], [1.27816, 6.75178], [1.27567, 6.75667], [1.27517, 6.75601], [1.26022, 6.75868], [1.24415, 6.76477], [1.23973, 6.77091], [1.23622, 6.76936], [1.23009, 6.76231], [1.22595, 6.75328], [1.2196, 6.74711], [1.21213, 6.74664], [1.2075, 6.75014], [1.2033, 6.75518], [1.18875, 6.76809], [1.18149, 6.76872], [1.17378, 6.7744], [1.16982, 6.77571], [1.16937, 6.77812], [1.16276, 6.78161], [1.16209, 6.78491], [1.14997, 6.79299], [1.14183, 6.79406], [1.133, 6.80479], [1.12181, 6.80844], [1.10473, 6.80945], [1.09514, 6.81848], [1.09246, 6.82792], [1.07084, 6.84673], [1.06863, 6.85001], [1.05694, 6.86029], [1.03348, 6.87107], [1.01812, 6.86469], [1.00439, 6.86244], [0.99725, 6.86213], [0.9849, 6.85961], [0.97639, 6.8571], [0.96238, 6.85649], [0.9602, 6.8558]]]}, "id": "Zio"}]}