FID,region_nom_bdd,prefecture_nom_bdd,commune_nom_bdd,canton_nom_bdd,etab_nom,etab_adr,ouverture_jour,organisme,geometry
_mview_agrimagazin_etablissements_magasin_intrant.fid-2fb68024_1a0f8324f77_-6f3a,Plateaux,Agou,Agou 1,Agou-Kébo,Magasin de stockage Picmonou,Nsp,"{Lundi,Mardi,Mercredi,Jeudi,Vendredi,Samedi}",CAGIA,POINT (0.7429333333333333 6.845555)
_mview_agrimagazin_etablissements_magasin_intrant.fid-2fb68024_1a0f8324f77_-6f39,Plateaux,Haho,Haho 2,Djemegni,Magasin de stockage Kpovegan,Nsp,Nsp,Nsp,POINT (1.298254728960768 6.9526135517137755)
_mview_agrimagazin_etablissements_magasin_intrant.fid-2fb68024_1a0f8324f77_-6f38,Plateaux,Amou,Amou 2,Kpatégan,Nsp,Nsp,Nsp,Nsp,POINT (0.962294123191825 7.376809902928558)
_mview_agrimagazin_etablissements_magasin_intrant.fid-2fb68024_1a0f8324f77_-6f37,Plateaux,Haho,Haho 4,Wahala,Nsct,Atakpamé,{Jeudi},NSCT,POINT (1.2118215740160023 7.136439765706847)
_mview_agrimagazin_etablissements_magasin_intrant.fid-2fb68024_1a0f8324f77_-6f36,Plateaux,Haho,Haho 1,Hahomégbé,Tohounou,Nsp,{Jeudi},SOTOCO,POINT (0.965715309768246 6.951424575628274)
_mview_agrimagazin_etablissements_magasin_intrant.fid-2fb68024_1a0f8324f77_-6f35,Kara,Binah,Binah 1,Boufalé,Magasin d'intrants agricoles Madjatom,Nsp,"{Lundi,Mercredi,Mardi,Jeudi,Vendredi,Samedi,Dimanche}",CAGIA,POINT (1.363596149825344 9.824260099118527)
_mview_agrimagazin_etablissements_magasin_intrant.fid-2fb68024_1a0f8324f77_-6f34,Plateaux,Ogou,Ogou 1,Gnagna,Magasin NSCT Direction Nsct Gnagna,Atakpamé,"{Lundi,Mardi,Mercredi,Jeudi,Vendredi}",NSCT,POINT (1.1402854458995109 7.521173239614148)
_mview_agrimagazin_etablissements_magasin_intrant.fid-2fb68024_1a0f8324f77_-6f33,Kara,Binah,Binah 1,Boufalé,Magasin d'intrants agricoles Nandjessi,Nsp,"{Lundi,Mardi,Mercredi,Jeudi,Vendredi,Samedi,Dimanche}",NSCT,POINT (1.3619597705126127 9.841472951438167)
_mview_agrimagazin_etablissements_magasin_intrant.fid-2fb68024_1a0f8324f77_-6f32,Maritime,Yoto,Yoto 3,Essé-Godjin,Salle De Depot,Nsp,"{Lundi,Mardi,Mercredi,Jeudi,Vendredi}",Nsp,POINT (1.5252101956527504 6.729969405294687)
_mview_agrimagazin_etablissements_magasin_intrant.fid-2fb68024_1a0f8324f77_-6f31,Centrale,Sotouboua,Sotouboua 2,Tittigbe,Stokage D'intrants,Nsp,"{Mercredi,Vendredi,Samedi,Jeudi,Lundi}",NSCT,POINT (1.0928696586306694 8.656999629307563)
_mview_agrimagazin_etablissements_magasin_intrant.fid-2fb68024_1a0f8324f77_-6f30,Plateaux,Amou,Amou 2,Amou-Oblo,Sotoco,Tsikidikope,Nsp,Nsp,POINT (0.9349721082949295 7.360455768410816)
_mview_agrimagazin_etablissements_magasin_intrant.fid-2fb68024_1a0f8324f77_-6f2f,Plateaux,Haho,Haho 1,Hahomégbé,Magasin de stockage d'intrants Batoume,Hahomegbe,{Mercredi},NSCT,POINT (0.9766804990195385 6.882106857900361)
_mview_agrimagazin_etablissements_magasin_intrant.fid-2fb68024_1a0f8324f77_-6f2e,Kara,Binah,Binah 1,Lama-Dessi,Nsp,Nsp,"{Lundi,Mardi,Mercredi,Jeudi,Vendredi,Samedi}",Nsp,POINT (1.2852090581424347 9.715888164751863)
_mview_agrimagazin_etablissements_magasin_intrant.fid-2fb68024_1a0f8324f77_-6f2d,Kara,Binah,Binah 1,Boufalé,Magasin d'intrants agricoles Banware,Nsp,Nsp,SOTOCO,POINT (1.360784174703527 9.856067868162633)
_mview_agrimagazin_etablissements_magasin_intrant.fid-2fb68024_1a0f8324f77_-6f2c,Plateaux,Anié,Anié 1,Anié,Magasin de stockage d'intrants Bansa ,Nsp,Nsp,Nsp,POINT (1.2221892985276954 7.728882081775788)
_mview_agrimagazin_etablissements_magasin_intrant.fid-2fb68024_1a0f8324f77_-6f2b,Centrale,Blitta,Blitta 1,Waragni,Magasin Lanzi ,Waragni,"{Lundi,Mardi,Mercredi,Jeudi,Vendredi}",Nsp,POINT (1.0353558900621282 8.269501700700037)
_mview_agrimagazin_etablissements_magasin_intrant.fid-2fb68024_1a0f8324f77_-6f2a,Centrale,Blitta,Blitta 1,Waragni,Magasin d'intrants agricoles Lanzi ,Waragni/lanzi,"{Lundi,Mardi,Mercredi,Jeudi,Vendredi,Samedi}",NSCT,POINT (1.0351495039381002 8.269605375828109)
_mview_agrimagazin_etablissements_magasin_intrant.fid-2fb68024_1a0f8324f77_-6f29,Maritime,Bas-Mono,Bas-Mono 2,Attitogon,Magasin de stockage Attitogon,Attitigon,"{Vendredi,Jeudi,Mardi,Lundi,Mercredi}",DRDR / ICAT,POINT (1.6599539397918865 6.418373767275388)
_mview_agrimagazin_etablissements_magasin_intrant.fid-2fb68024_1a0f8324f77_-6f28,Maritime,Bas-Mono,Bas-Mono 2,Hompou,Magasin Hompou,Hompou,"{Lundi,Mardi,Mercredi,Jeudi,Vendredi}",AMI DE LA TERRE,POINT (1.7034441883280391 6.4361365153772105)
_mview_agrimagazin_etablissements_magasin_intrant.fid-2fb68024_1a0f8324f77_-6f27,Centrale,Tchaoudjo,Tchaoudjo 3,Amaïde,Magasin amaïde bas Amaidebas,Amaïde,"{Lundi,Mercredi,Vendredi,Mardi,Jeudi,Samedi}",ARCOD,POINT (1.1900706348672951 9.176606261005402)
_mview_agrimagazin_etablissements_magasin_intrant.fid-2fb68024_1a0f8324f77_-6f26,Maritime,Agoè-Nyivé,Agoè-Nyivé 2,Légbassito,Magasin de stockage d'intrants Cagia Legbassito,Legbassito/madjikpeto,"{Lundi,Mardi,Mercredi,Jeudi,Vendredi}",CAGIA,POINT (1.1409137294775271 6.261780515930485)
_mview_agrimagazin_etablissements_magasin_intrant.fid-2fb68024_1a0f8324f77_-6f25,Maritime,Agoè-Nyivé,Agoè-Nyivé 4,Togblekope,Magasin de stockage d'intrants Togble,Nsp,"{Lundi,Mardi,Mercredi,Jeudi,Vendredi}",CAGIA,POINT (1.2124949999999999 6.27774853738142)
_mview_agrimagazin_etablissements_magasin_intrant.fid-2fb68024_1a0f8324f77_-6f24,Maritime,Golfe,Golfe 2,Bè-Centre,Societe Sproca,Nsp,"{Lundi,Mardi,Mercredi,Jeudi,Vendredi,Samedi}",Nsp,POINT (1.2562460009375997 6.194406964429242)
_mview_agrimagazin_etablissements_magasin_intrant.fid-2fb68024_1a0f8324f77_-6f23,Maritime,Golfe,Golfe 4,Amoutivé,Magasin de stockage d'intrants Quartier Administratif,Quartier administratif,"{Lundi,Mardi,Mercredi,Jeudi,Vendredi}",CAGIA,POINT (1.2124251990635653 6.12551037390759)
_mview_agrimagazin_etablissements_magasin_intrant.fid-2fb68024_1a0f8324f77_-6f22,Maritime,Agoè-Nyivé,Agoè-Nyivé 5,Sanguera,Magasin de distribution d'intrants Zanguera,Nsp,Nsp,Nsp,POINT (1.1184930885441458 6.234397338765365)
_mview_agrimagazin_etablissements_magasin_intrant.fid-2fb68024_1a0f8324f77_-6f21,Maritime,Avé,Avé 1,Kévé,Magasin d'intrants agricoles Keve,Nsp,"{Lundi,Mardi,Mercredi,Jeudi,Vendredi}",CAGIA,POINT (0.9257683333333334 6.436705000000001)
_mview_agrimagazin_etablissements_magasin_intrant.fid-2fb68024_1a0f8324f77_-6f20,Maritime,Avé,Avé 1,Tovégan,Magasin de stockage d'intrants Gpchekpe,Hekpe,"{Lundi,Mardi,Mercredi,Jeudi,Vendredi,Samedi,Dimanche}",NSCT,POINT (0.9199217471449918 6.615497507190466)
_mview_agrimagazin_etablissements_magasin_intrant.fid-2fb68024_1a0f8324f77_-6f1f,Maritime,Avé,Avé 1,Tovégan,Magasin Have,Nsp,"{Lundi,Mardi,Mercredi,Jeudi,Vendredi,Dimanche,Samedi}",GPC,POINT (0.9517779972904982 6.622421894226171)
_mview_agrimagazin_etablissements_magasin_intrant.fid-2fb68024_1a0f8324f77_-6f1e,Maritime,Avé,Avé 1,Zolo,Magasin de stockage d'intrants Icat Dzolo,Nsp,"{Lundi,Mardi,Mercredi,Jeudi,Vendredi}",ICAT,POINT (0.8882987707807761 6.375314753680326)
_mview_agrimagazin_etablissements_magasin_intrant.fid-2fb68024_1a0f8324f77_-6f1d,Plateaux,Kloto,Kloto 1,Agome-Kpalime,Magasin de stockage d'intrants Kpalime,Nsp,"{Lundi,Mardi,Mercredi,Jeudi,Vendredi,Samedi}",Nsp,POINT (0.635372324859511 6.916592544140218)
_mview_agrimagazin_etablissements_magasin_intrant.fid-2fb68024_1a0f8324f77_-6f1c,Centrale,Blitta,Blitta 1,Waragni,Magasin d'intrants agricoles Adjigbe ,Takpate,Nsp,SOTOCO,POINT (0.980155946009165 8.242939301062714)
_mview_agrimagazin_etablissements_magasin_intrant.fid-2fb68024_1a0f8324f77_-6f1b,Maritime,Zio,Zio 2,Bolou,Padat,Nsp,Nsp,CAGIA,POINT (1.0852416666666669 6.436728333333334)
_mview_agrimagazin_etablissements_magasin_intrant.fid-2fb68024_1a0f8324f77_-6f1a,Plateaux,Haho,Haho 1,Notsé,Magasin Abandonné Batoume,Nsp,Nsp,Nsp,POINT (1.1334153169722014 6.94545338257596)
_mview_agrimagazin_etablissements_magasin_intrant.fid-2fb68024_1a0f8324f77_-6f19,Kara,Assoli,Assoli 1,Bafilo,Magasin cagia Cagia Bafilo,Nsp,"{Mardi,Mercredi,Jeudi,Vendredi,Samedi}",Cagia,POINT (1.243014041610673 9.357500189515667)
_mview_agrimagazin_etablissements_magasin_intrant.fid-2fb68024_1a0f8324f77_-6f18,Savanes,Tône,Tône 1,Pana,Magasin de distribution d'intrants Pana ,Nsp,"{Lundi,Mardi,Mercredi,Jeudi,Vendredi,Samedi}",CAGIA,POINT (0.2773771590679281 10.748812136870676)
_mview_agrimagazin_etablissements_magasin_intrant.fid-2fb68024_1a0f8324f77_-6f17,Savanes,Tône,Tône 1,Dapaong,Magasin de distribution d'intrants Nassable ,Nsp,"{Vendredi,Jeudi,Mercredi,Mardi,Lundi}",NSCT,POINT (0.1927760539028753 10.879661743474374)
_mview_agrimagazin_etablissements_magasin_intrant.fid-2fb68024_1a0f8324f77_-6f16,Savanes,Tône,Tône 1,Dapaong,Magasin de distribution d'intrants Nassable ,Nsp,"{Lundi,Mardi,Mercredi,Jeudi,Vendredi}",CAGIA,POINT (0.1940555993511433 10.879458082092325)
_mview_agrimagazin_etablissements_magasin_intrant.fid-2fb68024_1a0f8324f77_-6f15,Maritime,Golfe,Golfe 5,Aflao-Gakli,Magasin de distribution d'intrants Ansat Aflao Gagli,Maep.ansat@gmail.com,"{Lundi,Mardi,Mercredi,Jeudi,Vendredi,Samedi}",ANSAT,POINT (1.1609369634289977 6.196721491879743)
_mview_agrimagazin_etablissements_magasin_intrant.fid-2fb68024_1a0f8324f77_-6f14,Maritime,Vo,Vo 1,Vogan,Magasin Vogan,Lycée kpota,"{Lundi,Mardi,Mercredi,Jeudi,Vendredi}",CAGIA,POINT (1.5255583333333333 6.322803333333334)
_mview_agrimagazin_etablissements_magasin_intrant.fid-2fb68024_1a0f8324f77_-6f13,Maritime,Vo,Vo 2,Togoville,Magasin de distribution d'intrants Badougbe,Nouveau marché de badougbe près de la station service t-oil badougbe,"{Lundi,Mardi,Mercredi,Jeudi,Vendredi}",CAGIA,POINT (1.51422 6.241185)
_mview_agrimagazin_etablissements_magasin_intrant.fid-2fb68024_1a0f8324f77_-6f12,Plateaux,Agou,Agou 1,Agou-Tavié,Magasin de stockage Gadzepe,Nsp,"{Mardi,Mercredi,Jeudi,Vendredi,Samedi}",CAGIA,POINT (0.7127730206555737 6.84843636943805)
_mview_agrimagazin_etablissements_magasin_intrant.fid-2fb68024_1a0f8324f77_-6f11,Maritime,Vo,Vo 2,Togoville,Magasin d'intrants agricoles Badougbe,En face de ades badougbé,"{Lundi,Mardi,Vendredi,Jeudi}",CAGIA,POINT (1.5105673265023978 6.237891844758127)
_mview_agrimagazin_etablissements_magasin_intrant.fid-2fb68024_1a0f8324f77_-6f10,Maritime,Lacs,Lacs 1,Glidji,Magasin de stockage Zebe,Zebe-togo,"{Lundi,Mardi,Mercredi,Jeudi,Vendredi}",CAGIA,POINT (1.609547192971537 6.251535078664406)
_mview_agrimagazin_etablissements_magasin_intrant.fid-2fb68024_1a0f8324f77_-6f0f,Maritime,Lacs,Lacs 2,Aklakou,Magasin d'approvisionnement Cagia Gagia aklakou,Aklakou alada/228225857,"{Lundi,Mardi,Mercredi,Jeudi,Vendredi}",Cagia,POINT (1.7112017202923775 6.3315094534231315)
_mview_agrimagazin_etablissements_magasin_intrant.fid-2fb68024_1a0f8324f77_-6f0e,Maritime,Vo,Vo 3,Dagbati,Magasin de stockage d'intrants Agbohonou,Nsp,"{Lundi,Mardi,Jeudi}",Nsp,POINT (1.5049690386500734 6.48538185535556)
_mview_agrimagazin_etablissements_magasin_intrant.fid-2fb68024_1a0f8324f77_-6f0d,Maritime,Lacs,Lacs 3,Agbodrafo,Magasin d'intrants agricoles Alogavi,Alogavi agbodrafo,"{Lundi,Mardi,Mercredi,Jeudi,Vendredi,Samedi,Dimanche}",Nsp,POINT (1.453245 6.205751666666667)
_mview_agrimagazin_etablissements_magasin_intrant.fid-2fb68024_1a0f8324f77_-6f0c,Maritime,Lacs,Lacs 4,Anfoin,Padat,Anfoin centre,"{Samedi,Vendredi,Jeudi,Mercredi,Mardi,Lundi}",PADAT,POINT (1.606828964325895 6.330170345360921)
_mview_agrimagazin_etablissements_magasin_intrant.fid-2fb68024_1a0f8324f77_-6f0b,Maritime,Vo,Vo 3,Mome-Hounkpati,Magasin d'intrants agricoles Mome Hounkpati,Nsp,"{Lundi,Mardi,Mercredi,Jeudi,Vendredi}",CAGIA,POINT (1.5566266666666668 6.475643333333333)
_mview_agrimagazin_etablissements_magasin_intrant.fid-2fb68024_1a0f8324f77_-6f0a,Maritime,Vo,Vo 4,Akoumapé,Magasin de stockage d'engrais Assito,Nsp,{Mardi},Nsp,POINT (1.447069730547989 6.382775626924536)
_mview_agrimagazin_etablissements_magasin_intrant.fid-2fb68024_1a0f8324f77_-6f09,Maritime,Vo,Vo 4,Akoumapé,Magasin de stockage d'intrants Kpota,Nsp,"{Lundi,Mardi,Mercredi,Jeudi,Vendredi}",CAGIA,POINT (1.4496398735737406 6.3858932350958835)
_mview_agrimagazin_etablissements_magasin_intrant.fid-2fb68024_1a0f8324f77_-6f08,Maritime,Yoto,Yoto 1,Tabligbo,Magasin Tabligbo ,Nsp,"{Samedi,Vendredi,Jeudi,Mercredi,Mardi,Lundi}",NSCT,POINT (1.4952605068748321 6.593560366843209)
_mview_agrimagazin_etablissements_magasin_intrant.fid-2fb68024_1a0f8324f77_-6f07,Maritime,Yoto,Yoto 1,Tabligbo,Magasin de stockage d'intrants Tabligbo ,Zebe,"{Lundi,Vendredi}",CAGIA,POINT (1.5051794869099464 6.60286579055059)
_mview_agrimagazin_etablissements_magasin_intrant.fid-2fb68024_1a0f8324f77_-6f06,Maritime,Yoto,Yoto 1,Amoussimé,Magasin Amoussime ,Nsp,"{Samedi,Vendredi,Jeudi,Mardi,Mercredi,Lundi}",Nsp,POINT (1.5135079706788912 6.623101752228086)
_mview_agrimagazin_etablissements_magasin_intrant.fid-2fb68024_1a0f8324f77_-6f05,Maritime,Yoto,Yoto 1,Amoussimé,Magasin de stockage Hounoukondji ,Nsp,"{Samedi,Vendredi,Jeudi,Mercredi,Mardi,Lundi}",Nsp,POINT (1.537087001227615 6.635072226712553)
_mview_agrimagazin_etablissements_magasin_intrant.fid-2fb68024_1a0f8324f77_-6f04,Maritime,Yoto,Yoto 1,Amoussimé,Magasin de stockage Adjeodakondji ,Nsp,"{Samedi,Vendredi,Jeudi,Mercredi,Mardi,Lundi}",Nsp,POINT (1.4966639037130431 6.647492764011426)
_mview_agrimagazin_etablissements_magasin_intrant.fid-2fb68024_1a0f8324f77_-6f03,Maritime,Yoto,Yoto 2,Zafi,Magasin de stockage d'intrants Mangotigome,Nsp,"{Lundi,Mardi,Mercredi,Jeudi,Vendredi}",SOTOCO,POINT (1.3326426779921885 6.7300062897260755)
_mview_agrimagazin_etablissements_magasin_intrant.fid-2fb68024_1a0f8324f77_-6f02,Maritime,Yoto,Yoto 2,Zafi,Magasin de stockage d'intrants Zafi ,Nsp,"{Lundi,Mardi,Mercredi,Vendredi,Jeudi,Samedi,Dimanche}",NSCT,POINT (1.3692394369119425 6.6264130174565175)
_mview_agrimagazin_etablissements_magasin_intrant.fid-2fb68024_1a0f8324f77_-6f01,Maritime,Yoto,Yoto 2,Zafi,Magasin de stockage Adjikpe,Nsp,"{Vendredi,Jeudi,Mercredi,Mardi,Lundi}",Nsp,POINT (1.339736326359276 6.6856057837975404)
_mview_agrimagazin_etablissements_magasin_intrant.fid-2fb68024_1a0f8324f77_-6f00,Maritime,Yoto,Yoto 2,Zafi,Magasin de stockage d'intrants Yotokope ,Nsp,"{Vendredi,Lundi,Mardi,Mercredi,Jeudi}",SOTOCO,POINT (1.3157538947369205 6.738305774404366)
_mview_agrimagazin_etablissements_magasin_intrant.fid-2fb68024_1a0f8324f77_-6eff,Maritime,Yoto,Yoto 3,Gboto,Magasin d'intrants agricoles Gbotozeve ,Gboto zeve,"{Lundi,Mardi,Mercredi,Jeudi,Vendredi}",CAGIA,POINT (1.4773404700070742 6.705114170656088)
_mview_agrimagazin_etablissements_magasin_intrant.fid-2fb68024_1a0f8324f77_-6efe,Maritime,Yoto,Yoto 3,Tométy-Kondji,Magasin de stockage d'intrants Agodome ,Agodome,"{Lundi,Mardi,Mercredi,Jeudi,Vendredi,Samedi,Dimanche}",Nsp,POINT (1.5014779698984624 6.760750458669969)
_mview_agrimagazin_etablissements_magasin_intrant.fid-2fb68024_1a0f8324f77_-6efd,Maritime,Zio,Zio 1,Djagblé,Magasin de stockage d'intrants Kodeme,Kodeme,"{Lundi,Mercredi,Samedi}",CAGIA,POINT (1.2938983333333334 6.2343)
_mview_agrimagazin_etablissements_magasin_intrant.fid-2fb68024_1a0f8324f77_-6efc,Maritime,Yoto,Yoto 3,Essé-Godjin,Salle De Depot,Nsp,Nsp,NSCT,POINT (1.533105492961361 6.728398892580978)
_mview_agrimagazin_etablissements_magasin_intrant.fid-2fb68024_1a0f8324f77_-6efb,Maritime,Yoto,Yoto 3,Essé-Godjin,Magasin Esseana ,Nsp,"{Lundi,Mardi,Mercredi,Jeudi,Vendredi,Samedi}",ICAT,POINT (1.5648562421616843 6.7078735011177395)
_mview_agrimagazin_etablissements_magasin_intrant.fid-2fb68024_1a0f8324f77_-6efa,Maritime,Zio,Zio 2,Mission-Tové,Magasin de stockage d'intrants Missiontove,Nsp,"{Lundi,Mardi,Mercredi,Jeudi,Vendredi}",CAGIA,POINT (1.1176616666666668 6.330706666666667)
_mview_agrimagazin_etablissements_magasin_intrant.fid-2fb68024_1a0f8324f77_-6ef9,Maritime,Zio,Zio 1,Gblainvié,Magasin de stockage d'intrants Kpetsi,Kpetsi,"{Lundi,Dimanche,Samedi,Vendredi,Jeudi,Mercredi,Mardi}",SGP,POINT (1.1887516666666667 6.449128333333334)
_mview_agrimagazin_etablissements_magasin_intrant.fid-2fb68024_1a0f8324f77_-6ef8,Centrale,Tchaoudjo,Tchaoudjo 4,Wassarabo,Magasin d'intrants agricoles Wassarabo,Nsp,"{Lundi,Mardi,Mercredi,Jeudi,Vendredi,Samedi}",CAGIA,POINT (1.2599066666666665 9.003003333333334)
_mview_agrimagazin_etablissements_magasin_intrant.fid-2fb68024_1a0f8324f77_-6ef7,Maritime,Zio,Zio 3,Gamé-Sèva,Magasin de distribution d'intrants Ayakope ,Nsp,"{Lundi,Mardi,Mercredi,Jeudi,Vendredi}",CAGIA,POINT (1.1008394562575974 6.795909431662766)
_mview_agrimagazin_etablissements_magasin_intrant.fid-2fb68024_1a0f8324f77_-6ef6,Maritime,Zio,Zio 3,Agbélouvé,Magasin de stockage d'intrants Agbodjekpo ,Entrée village agbodjekpo,"{Lundi,Mardi,Mercredi,Jeudi,Vendredi}",NSCT,POINT (1.0244580387478832 6.828198621742713)
_mview_agrimagazin_etablissements_magasin_intrant.fid-2fb68024_1a0f8324f77_-6ef5,Maritime,Zio,Zio 3,Agbélouvé,Magasin de distribution d'intrants Agbelouvegan ,Nsp,"{Lundi,Mardi,Mercredi,Jeudi,Vendredi}",Nsp,POINT (1.1668490960948674 6.6813621493982644)
_mview_agrimagazin_etablissements_magasin_intrant.fid-2fb68024_1a0f8324f77_-6ef4,Maritime,Zio,Zio 3,Agbélouvé,Magasin Agbelouvegan ,Nsp,"{Lundi,Mardi,Mercredi,Jeudi,Vendredi}",NSCT,POINT (1.1697251532263961 6.667145899265396)
_mview_agrimagazin_etablissements_magasin_intrant.fid-2fb68024_1a0f8324f77_-6ef3,Maritime,Zio,Zio 3,Agbélouvé,Magasin de distribution d'intrants Agbelouvegan ,Nsp,"{Lundi,Mardi,Mercredi,Jeudi,Vendredi}",CAGIA,POINT (1.1703188687713708 6.666362726040535)
_mview_agrimagazin_etablissements_magasin_intrant.fid-2fb68024_1a0f8324f77_-6ef2,Maritime,Zio,Zio 4,Gapé-Centre,Magasin de stockage d'intrants Gape ,Gape-centre,"{Lundi,Mardi,Mercredi,Jeudi,Vendredi}",CAGIA,POINT (1.1017130757434475 6.599539779689763)
_mview_agrimagazin_etablissements_magasin_intrant.fid-2fb68024_1a0f8324f77_-6ef1,Maritime,Zio,Zio 4,Gapé-Centre,Magasin de stockage d'intrants Didokpo,Gbatope,"{Vendredi,Jeudi,Mercredi,Mardi,Lundi,Samedi}",Nsp,POINT (1.2557783333333332 6.589876666666667)
_mview_agrimagazin_etablissements_magasin_intrant.fid-2fb68024_1a0f8324f77_-6ef0,Maritime,Zio,Zio 4,Gapé-Centre,Magasin de stockage d'intrants Bekondji,Djidokpo bekondji,{Dimanche},NSCT,POINT (1.255725 6.589858333333332)
_mview_agrimagazin_etablissements_magasin_intrant.fid-2fb68024_1a0f8324f77_-6eef,Maritime,Zio,Zio 4,Gapé-Centre,Magasin de stockage d'intrants Djidokpobekondi,Gbatope,{Dimanche},SOTOCO,POINT (1.2557351739907678 6.589917493876921)
_mview_agrimagazin_etablissements_magasin_intrant.fid-2fb68024_1a0f8324f77_-6eee,Plateaux,Agou,Agou 1,Kati,Magasin d'intrants agricoles Kati,Nsp,"{Lundi,Mardi,Mercredi,Jeudi,Vendredi,Samedi,Dimanche}",Nsp,POINT (0.8486658734914835 6.8907592875832036)
_mview_agrimagazin_etablissements_magasin_intrant.fid-2fb68024_1a0f8324f77_-6eed,Plateaux,Agou,Agou 1,Gadja,Magasin de stockage d'intrants Avetonou,Nsp,"{Lundi,Mardi,Mercredi,Jeudi,Vendredi}",FED-STABEX,POINT (0.8011025409227339 6.802525983597253)
_mview_agrimagazin_etablissements_magasin_intrant.fid-2fb68024_1a0f8324f77_-6eec,Plateaux,Agou,Agou 2,Amoussou-Kopé,Magasin de stockage d'engrais Amoussoukope ,Au niveau du poste de contrôle des produits locaux,"{Jeudi,Samedi}",CAGIA,POINT (0.8484457685229992 6.660170111571291)
_mview_agrimagazin_etablissements_magasin_intrant.fid-2fb68024_1a0f8324f77_-6eeb,Plateaux,Agou,Agou 2,Amoussou-Kopé,Magasin de stockage d'intrants Wonougba Seva,Nsp,"{Lundi,Mardi,Mercredi,Jeudi,Vendredi}",Nsp,POINT (0.8888439488364396 6.742496426080376)
_mview_agrimagazin_etablissements_magasin_intrant.fid-2fb68024_1a0f8324f77_-6eea,Plateaux,Akébou,Akébou 1,Kougnohou,Magasin de stockage d'intrants Kougnohou ,Nsp,"{Lundi,Mardi,Mercredi,Jeudi,Vendredi}",CAGIA,POINT (0.7979747119352035 7.6592103971261425)
_mview_agrimagazin_etablissements_magasin_intrant.fid-2fb68024_1a0f8324f77_-6ee9,Plateaux,Kloto,Kloto 1,Yokélé,Sandalkope,Yokele/sandalkope,"{Lundi,Mardi,Mercredi,Jeudi,Vendredi}",SOTOCO,POINT (0.7088345749665323 6.9521358684296395)
_mview_agrimagazin_etablissements_magasin_intrant.fid-2fb68024_1a0f8324f77_-6ee8,Plateaux,Agou,Agou 2,Agotimé-Nord,Magasin d'intrants agricoles coopérative Novissi Kotokope ,Novissi à kotokope,"{Mardi,Mercredi,Jeudi}",Coopérative,POINT (0.7278726473752207 6.722290470117688)
_mview_agrimagazin_etablissements_magasin_intrant.fid-2fb68024_1a0f8324f77_-6ee7,Plateaux,Akébou,Akébou 2,Kpalavé,Magasin de stockage d'intrants Gpc Wodagni ,"Wodagni, carrefour, 93847604","{Lundi,Vendredi}",Nsp,POINT (0.8526900000000001 7.850155000000001)
_mview_agrimagazin_etablissements_magasin_intrant.fid-2fb68024_1a0f8324f77_-6ee6,Plateaux,Akébou,Akébou 2,Kpalavé,Magasin d'intrants agricoles Agbedipe ,Nsp,"{Lundi,Mardi,Mercredi,Jeudi,Vendredi}",SOTOCO,POINT (0.823595752317721 7.855007145295785)
_mview_agrimagazin_etablissements_magasin_intrant.fid-2fb68024_1a0f8324f77_-6ee5,Plateaux,Akébou,Akébou 2,Kamina-Akébou,Magasin de stockage d'intrants Gpc Natchamba Cope ,Nsp,"{Lundi,Mardi,Mercredi,Jeudi,Vendredi,Samedi}",GPC NATCHAMBA,POINT (0.9608136848955952 7.965131564938411)
_mview_agrimagazin_etablissements_magasin_intrant.fid-2fb68024_1a0f8324f77_-6ee4,Plateaux,Akébou,Akébou 2,Kamina-Akébou,Magasin de stockage d'intrants Gpc Kouma Cope ,Nsp,"{Lundi,Mardi,Mercredi,Jeudi,Samedi,Vendredi,Dimanche}",Nsp,POINT (0.9764544453485997 7.969212837715405)
_mview_agrimagazin_etablissements_magasin_intrant.fid-2fb68024_1a0f8324f77_-6ee3,Plateaux,Akébou,Akébou 2,Kamina-Akébou,Magasin de stockage d'intrants Kamina ,Kamina centre,"{Vendredi,Jeudi,Mercredi,Mardi,Lundi}",ICAAT,POINT (0.8536299449536562 7.921750278409002)
_mview_agrimagazin_etablissements_magasin_intrant.fid-2fb68024_1a0f8324f77_-6ee2,Plateaux,Akébou,Akébou 2,Kamina-Akébou,Magasin d'intrants agricoles Up Gpc Kamina ,Nsp,"{Lundi,Mardi,Mercredi,Jeudi,Vendredi}",NSCT,POINT (0.8479566666666667 7.9221900000000005)
_mview_agrimagazin_etablissements_magasin_intrant.fid-2fb68024_1a0f8324f77_-6ee1,Plateaux,Akébou,Akébou 2,Kamina-Akébou,Magasin de stockage d'intrants Lakouda ,Kamina lakouda,"{Lundi,Mardi,Mercredi,Jeudi,Vendredi}",Nsp,POINT (0.9816913545635672 7.966492592601462)
_mview_agrimagazin_etablissements_magasin_intrant.fid-2fb68024_1a0f8324f77_-6ee0,Plateaux,Haho,Haho 1,Hahomégbé,Magasin Sotoco Hahomegbé,Hahomegbé,Nsp,Nsp,POINT (1.0286666666666666 6.932008333333332)
_mview_agrimagazin_etablissements_magasin_intrant.fid-2fb68024_1a0f8324f77_-6edf,Plateaux,Akébou,Akébou 2,Kamina-Akébou,Magasin de stockage d'intrants Gpc Anani Cope ,Anani cope,"{Jeudi,Dimanche}",SOTOCO,POINT (1.033987358843539 7.949440458555168)
_mview_agrimagazin_etablissements_magasin_intrant.fid-2fb68024_1a0f8324f77_-6ede,Plateaux,Akébou,Akébou 2,Kamina-Akébou,Magasin GPC Gpc Kamina Barrage ,Kamina-barrage 92698433,"{Lundi,Mardi,Mercredi,Jeudi,Vendredi,Samedi,Dimanche}",Nsp,POINT (0.8772800000000001 7.932286666666666)
_mview_agrimagazin_etablissements_magasin_intrant.fid-2fb68024_1a0f8324f77_-6edd,Plateaux,Haho,Haho 2,Djemegni,Magasin Sotoco Djemegni,Djemegni-kpove,"{Lundi,Mardi,Mercredi,Jeudi,Vendredi,Samedi}",Nsp,POINT (1.2996583333333331 6.966812228723557)
_mview_agrimagazin_etablissements_magasin_intrant.fid-2fb68024_1a0f8324f77_-6edc,Plateaux,Haho,Haho 2,Djemegni,Magasin de distribution d'intrants Padat,Djemegni ekli,"{Lundi,Mardi,Mercredi,Jeudi,Vendredi,Samedi}",PADAT,POINT (1.255064320948265 6.936646409656552)
_mview_agrimagazin_etablissements_magasin_intrant.fid-2fb68024_1a0f8324f77_-6edb,Plateaux,Haho,Haho 2,Djemegni,Magasin Mangotigome,Nsp,{Jeudi},SOTOCO,POINT (1.318849160091532 6.986541368305911)
_mview_agrimagazin_etablissements_magasin_intrant.fid-2fb68024_1a0f8324f77_-6eda,Plateaux,Haho,Haho 2,Djemegni,Magasin d'intrants agricoles Djemegni,Djemegni,"{Mardi,Mercredi,Jeudi,Vendredi,Samedi}",Nsp,POINT (1.2558333333333334 6.936346666666666)
_mview_agrimagazin_etablissements_magasin_intrant.fid-2fb68024_1a0f8324f77_-6ed9,Plateaux,Haho,Haho 2,Djemegni,Magasin de stockage d'intrants Agbedougbe,Nsp,{Jeudi},SOTOCO,POINT (1.2750766666666666 6.99151)
_mview_agrimagazin_etablissements_magasin_intrant.fid-2fb68024_1a0f8324f77_-6ed8,Plateaux,Haho,Haho 2,Djemegni,Sotoco,Nsp,{Mercredi},SOTOCO,POINT (1.318822876200896 6.985539661117744)
_mview_agrimagazin_etablissements_magasin_intrant.fid-2fb68024_1a0f8324f77_-6ed7,Plateaux,Haho,Haho 2,Djemegni,Magasin de stockage d'intrants Gpc Sagbato,Nsp,Nsp,Nsp,POINT (1.3500657490714907 6.996804649314597)
_mview_agrimagazin_etablissements_magasin_intrant.fid-2fb68024_1a0f8324f77_-6ed6,Plateaux,Haho,Haho 2,Djemegni,Nsp,Nsp,Nsp,Abandonné,POINT (1.3320310179525958 6.995375092048592)
_mview_agrimagazin_etablissements_magasin_intrant.fid-2fb68024_1a0f8324f77_-6ed5,Plateaux,Haho,Haho 2,Djemegni,Sotoco,Nsp,Nsp,Nsp,POINT (1.330823059235454 6.997992507225821)
_mview_agrimagazin_etablissements_magasin_intrant.fid-2fb68024_1a0f8324f77_-6ed4,Plateaux,Haho,Haho 2,Djemegni,Magasin Sotoco Asrama,Nsp,Nsp,Abandonné,POINT (1.3500058343058157 6.99612665395782)
_mview_agrimagazin_etablissements_magasin_intrant.fid-2fb68024_1a0f8324f77_-6ed3,Plateaux,Amou,Amou 1,Amlamé (Ouma),Magasin de stockage d'intrants Agadji,Nsp,Nsp,NSCT,POINT (0.8993927196290413 7.449973575673595)
_mview_agrimagazin_etablissements_magasin_intrant.fid-2fb68024_1a0f8324f77_-6ed2,Plateaux,Amou,Amou 1,Amlamé (Ouma),Magasin d'intrants agricoles Adam Cope ,Adam-cope,Nsp,SOTOCO,POINT (0.8994305674169325 7.3940985823020915)
_mview_agrimagazin_etablissements_magasin_intrant.fid-2fb68024_1a0f8324f77_-6ed1,Plateaux,Amou,Amou 2,Kpatégan,Magasin de stockage d'intrants Oulo Elavagno ,Nsp,"{Lundi,Mercredi,Mardi,Jeudi,Vendredi,Samedi}",NSCT,POINT (0.9756438716368664 7.381891872208277)
_mview_agrimagazin_etablissements_magasin_intrant.fid-2fb68024_1a0f8324f77_-6ed0,Plateaux,Amou,Amou 2,Kpatégan,Magasin de stockage d'intrants Teme Oulo ,Nsp,"{Mercredi,Dimanche}",Nsp,POINT (0.9605000146726754 7.373340281576499)
_mview_agrimagazin_etablissements_magasin_intrant.fid-2fb68024_1a0f8324f77_-6ecf,Plateaux,Amou,Amou 2,Kpatégan,Magasin de stockage Ihougaza ,Nsp,"{Lundi,Mardi,Jeudi,Mercredi,Vendredi,Samedi}",NSCT,POINT (0.9976367635828803 7.348696654106873)
_mview_agrimagazin_etablissements_magasin_intrant.fid-2fb68024_1a0f8324f77_-6ece,Plateaux,Amou,Amou 2,Kpatégan,Magasin d'intrants agricoles Kpategan ,Rue kpategan,"{Lundi,Mardi,Mercredi,Jeudi,Vendredi,Samedi}",TOGO GRAIN,POINT (1.0491549999999998 7.32925)
_mview_agrimagazin_etablissements_magasin_intrant.fid-2fb68024_1a0f8324f77_-6ecd,Plateaux,Amou,Amou 2,Kpatégan,Magasin de stockage d'intrants Ihougasa,Nsp,"{Mardi,Lundi,Mercredi,Jeudi,Vendredi,Samedi}",NSCT,POINT (0.99752093206438 7.348646408939849)
_mview_agrimagazin_etablissements_magasin_intrant.fid-2fb68024_1a0f8324f77_-6ecc,Plateaux,Amou,Amou 2,Kpatégan,Magasin de stockage Agnamoto ,Nsp,"{Lundi,Mardi,Mercredi,Jeudi,Vendredi,Samedi}",NSCT,POINT (1.0371926401678009 7.376669558917818)
_mview_agrimagazin_etablissements_magasin_intrant.fid-2fb68024_1a0f8324f77_-6ecb,Plateaux,Amou,Amou 2,Kpatégan,Magasin de stockage d'intrants Kpategan,Nsp,"{Lundi,Mardi,Mercredi}",SOTOCO,POINT (1.0501617734011663 7.329836649259398)
_mview_agrimagazin_etablissements_magasin_intrant.fid-2fb68024_1a0f8324f77_-6eca,Plateaux,Amou,Amou 2,Kpatégan,Magasin de stockage d'intrants Idoh Cope,Nsp,"{Mercredi,Dimanche}",Nsp,POINT (0.9668593686720236 7.360325377031558)
_mview_agrimagazin_etablissements_magasin_intrant.fid-2fb68024_1a0f8324f77_-6ec9,Plateaux,Amou,Amou 2,Kpatégan,Magasin de stockage Teme Oulo ,Nsp,"{Lundi,Mercredi,Vendredi}",NSCT,POINT (0.9623020643344967 7.376790523506335)
_mview_agrimagazin_etablissements_magasin_intrant.fid-2fb68024_1a0f8324f77_-6ec8,Plateaux,Amou,Amou 2,Ekpégnon,Magasin de stockage d'intrants Ekpegnon ,Ekpegnon,"{Lundi,Mardi,Mercredi,Jeudi,Vendredi,Samedi,Dimanche}",NSCT,POINT (1.01190737633395 7.251765408014393)
_mview_agrimagazin_etablissements_magasin_intrant.fid-2fb68024_1a0f8324f77_-6ec7,Plateaux,Amou,Amou 2,Amou-Oblo,Magasin de stockage d'intrants Assogba ,Ekpegnon-assogba,"{Lundi,Mardi,Mercredi,Jeudi,Vendredi,Samedi,Dimanche}",SOTOCO,POINT (0.9206745141023631 7.360016188499828)
_mview_agrimagazin_etablissements_magasin_intrant.fid-2fb68024_1a0f8324f77_-6ec6,Plateaux,Amou,Amou 2,Amou-Oblo,Magasin de stockage d'intrants Amou Oblo ,Nsp,"{Lundi,Mercredi,Vendredi}",NSCT,POINT (0.8676694726105141 7.390772405077949)
_mview_agrimagazin_etablissements_magasin_intrant.fid-2fb68024_1a0f8324f77_-6ec5,Plateaux,Amou,Amou 2,Amou-Oblo,Tchaokope,Nsp,Nsp,SOTOCO,POINT (0.9029011726372075 7.364275937529267)
_mview_agrimagazin_etablissements_magasin_intrant.fid-2fb68024_1a0f8324f77_-6ec4,Plateaux,Amou,Amou 2,Amou-Oblo,Tsihe,Tsihe,Nsp,SOTOCO,POINT (0.8870088843271624 7.350976842649082)
_mview_agrimagazin_etablissements_magasin_intrant.fid-2fb68024_1a0f8324f77_-6ec3,Plateaux,Amou,Amou 2,Amou-Oblo,Nsp,Agoudje kope,Nsp,Nsp,POINT (0.9313264140098537 7.380659100750473)
_mview_agrimagazin_etablissements_magasin_intrant.fid-2fb68024_1a0f8324f77_-6ec2,Plateaux,Amou,Amou 2,Amou-Oblo,Nsp,Nsp,Nsp,Nsp,POINT (0.9467049126533664 7.380949213905056)
_mview_agrimagazin_etablissements_magasin_intrant.fid-2fb68024_1a0f8324f77_-6ec1,Plateaux,Amou,Amou 2,Amou-Oblo,Sotoco,Kawa,Nsp,Nsp,POINT (0.9530390977375043 7.379516048189577)
_mview_agrimagazin_etablissements_magasin_intrant.fid-2fb68024_1a0f8324f77_-6ec0,Plateaux,Amou,Amou 2,Amou-Oblo,Sotoco,Nsp,Nsp,Nsp,POINT (0.9329505894750323 7.350974279773)
_mview_agrimagazin_etablissements_magasin_intrant.fid-2fb68024_1a0f8324f77_-6ebf,Plateaux,Amou,Amou 2,Amou-Oblo,Société Coopérative Café Cacao,Rue amou-oblo,{Vendredi},POAP,POINT (0.8645 7.388298498967413)
_mview_agrimagazin_etablissements_magasin_intrant.fid-2fb68024_1a0f8324f77_-6ebe,Plateaux,Amou,Amou 2,Sodo,Magasin d'intrants agricoles Katsave ,Katsave,Nsp,SOTOCO,POINT (0.8792037634280903 7.329905762353805)
_mview_agrimagazin_etablissements_magasin_intrant.fid-2fb68024_1a0f8324f77_-6ebd,Plateaux,Amou,Amou 2,Sodo,Magasin d'intrants sotoco Kadjassou ,Kadjassou,Nsp,SOTOCO,POINT (0.891461410362582 7.334108253828973)
_mview_agrimagazin_etablissements_magasin_intrant.fid-2fb68024_1a0f8324f77_-6ebc,Plateaux,Amou,Amou 2,Sodo,Magasin d'intrants agricoles Mamakope ,Mamakope,{Mardi},Nsp,POINT (0.8738309936971506 7.301585850185105)
_mview_agrimagazin_etablissements_magasin_intrant.fid-2fb68024_1a0f8324f77_-6ebb,Plateaux,Amou,Amou 2,Sodo,Magasin d'intrants agricoles Larikope ,Larikopé,Nsp,SOTOCO,POINT (0.9088157840656534 7.320550988952575)
_mview_agrimagazin_etablissements_magasin_intrant.fid-2fb68024_1a0f8324f77_-6eba,Plateaux,Amou,Amou 2,Sodo,Magasin d'intrants agricoles Dongokope ,Dongo kope,Nsp,SOTOCO,POINT (0.8717086629994689 7.305680631727337)
_mview_agrimagazin_etablissements_magasin_intrant.fid-2fb68024_1a0f8324f77_-6eb9,Plateaux,Amou,Amou 3,Gamé,Magasin de stockage d'intrants Game,"Gamé, azafi","{Dimanche,Samedi,Vendredi,Jeudi,Mercredi,Mardi,Lundi}",NSCT,POINT (1.0654649999999999 7.740176666666668)
_mview_agrimagazin_etablissements_magasin_intrant.fid-2fb68024_1a0f8324f77_-6eb8,Plateaux,Amou,Amou 3,Gamé,Magasin de stockage d'intrants Colam,Nsp,"{Lundi,Mardi,Mercredi,Vendredi,Samedi}",Nsp,POINT (1.0572566666666667 7.808655000000001)
_mview_agrimagazin_etablissements_magasin_intrant.fid-2fb68024_1a0f8324f77_-6eb7,Plateaux,Kpélé,Kpélé 1,Kpélé-Novivé,Magasin cagia Adeta,Nsp,"{Lundi,Mardi,Mercredi,Jeudi,Vendredi}",CAGIA,POINT (0.7325506133984901 7.136009671825553)
_mview_agrimagazin_etablissements_magasin_intrant.fid-2fb68024_1a0f8324f77_-6eb6,Plateaux,Amou,Amou 3,Gamé,Pidina,Pidina/gamé,"{Lundi,Mardi,Mercredi,Jeudi,Vendredi,Samedi,Dimanche}",Nsp,POINT (1.0542620110993592 7.830023274162198)
_mview_agrimagazin_etablissements_magasin_intrant.fid-2fb68024_1a0f8324f77_-6eb5,Plateaux,Amou,Amou 3,Avédjè,Magasin de stockage d'intrants Okafou ,Okafou,"{Lundi,Mardi,Mercredi,Jeudi,Vendredi,Samedi,Dimanche}",NSCT,POINT (1.1219468411263933 7.463810570675689)
_mview_agrimagazin_etablissements_magasin_intrant.fid-2fb68024_1a0f8324f77_-6eb4,Plateaux,Amou,Amou 3,Avédjè,Magasin d'intrants agricoles Adjigo ,S/c 90491858,"{Mardi,Jeudi}",SOTOCO,POINT (1.1300232020788854 7.374154055809269)
_mview_agrimagazin_etablissements_magasin_intrant.fid-2fb68024_1a0f8324f77_-6eb3,Plateaux,Amou,Amou 3,Avédjè,Magasin de stockage d'intrants Avedje ,Avedje,"{Lundi,Mardi,Mercredi,Jeudi,Vendredi,Samedi}",NSCT,POINT (1.1346513213305072 7.464011090883698)
_mview_agrimagazin_etablissements_magasin_intrant.fid-2fb68024_1a0f8324f77_-6eb2,Plateaux,Amou,Amou 3,Avédjè,Magasin d'intrants agricoles Loto ,Loto,"{Lundi,Mercredi,Samedi}",NSCT,POINT (1.133099650549401 7.429995051323857)
_mview_agrimagazin_etablissements_magasin_intrant.fid-2fb68024_1a0f8324f77_-6eb1,Plateaux,Anié,Anié 1,Pallakoko,Magasin de stockage d'intrants Akabagare ,Nsp,Nsp,Nsp,POINT (1.048931170232662 7.938929026523646)
_mview_agrimagazin_etablissements_magasin_intrant.fid-2fb68024_1a0f8324f77_-6eb0,Plateaux,Anié,Anié 1,Pallakoko,Magasin de stockage d'intrants Edjarecope ,Edjare cope,Nsp,NSCT,POINT (1.1421936347615207 7.966661272268719)
_mview_agrimagazin_etablissements_magasin_intrant.fid-2fb68024_1a0f8324f77_-6eaf,Plateaux,Anié,Anié 1,Anié,Magasin Arife ,Arifè,"{Lundi,Mardi,Mercredi,Jeudi,Vendredi}",Nsp,POINT (1.3161255122644848 7.724052554159243)
_mview_agrimagazin_etablissements_magasin_intrant.fid-2fb68024_1a0f8324f77_-6eae,Plateaux,Anié,Anié 1,Anié,Magasin de stockage Koubia ,Nsp,"{Dimanche,Jeudi}",NSCT,POINT (1.2831840348010302 7.698043974593671)
_mview_agrimagazin_etablissements_magasin_intrant.fid-2fb68024_1a0f8324f77_-6ead,Plateaux,Anié,Anié 1,Anié,Magasin de stockage d'intrants Kassefon ,Nsp,"{Dimanche,Jeudi}",NSCT,POINT (1.2716999660334911 7.724386719603313)
_mview_agrimagazin_etablissements_magasin_intrant.fid-2fb68024_1a0f8324f77_-6eac,Plateaux,Anié,Anié 1,Anié,Magasin d'intrants nsct Torrotchi ,Nsp,{Dimanche},NSCT,POINT (1.3546015434075342 7.741547261173567)
_mview_agrimagazin_etablissements_magasin_intrant.fid-2fb68024_1a0f8324f77_-6eab,Plateaux,Anié,Anié 1,Anié,Magasin de stockage d'intrants Anie ,Nsp,Nsp,Ministère de commerce,POINT (1.1971764735781332 7.764823751061717)
_mview_agrimagazin_etablissements_magasin_intrant.fid-2fb68024_1a0f8324f77_-6eaa,Plateaux,Anié,Anié 1,Kolo-Kopé,Magasin d'intrants nsct Ogbone ,Nsp,"{Lundi,Mardi,Mercredi,Jeudi,Vendredi}",NSCT,POINT (1.2910627883716657 7.78935769828806)
_mview_agrimagazin_etablissements_magasin_intrant.fid-2fb68024_1a0f8324f77_-6ea9,Plateaux,Anié,Anié 1,Kolo-Kopé,Magasin d'intrants nsct Dote ,Nsp,"{Lundi,Mardi,Mercredi,Jeudi,Vendredi,Samedi,Dimanche}",NSCT,POINT (1.2735015944313113 7.8082373632306)
_mview_agrimagazin_etablissements_magasin_intrant.fid-2fb68024_1a0f8324f77_-6ea8,Plateaux,Anié,Anié 1,Kolo-Kopé,Magasin d'intrants nsct Kolokope ,Nsp,{Dimanche},NSCT,POINT (1.2886532247781863 7.794980259946965)
_mview_agrimagazin_etablissements_magasin_intrant.fid-2fb68024_1a0f8324f77_-6ea7,Plateaux,Anié,Anié 1,Kolo-Kopé,Magasin Ogoudjon,Nsp,"{Lundi,Mardi,Mercredi,Jeudi,Vendredi,Samedi}",Nsp,POINT (1.2442232409725107 7.78195369416897)
_mview_agrimagazin_etablissements_magasin_intrant.fid-2fb68024_1a0f8324f77_-6ea6,Plateaux,Anié,Anié 2,Adogbénou,Oke,Adogbenou-togo,"{Lundi,Mardi,Mercredi,Jeudi,Vendredi}",CAGIA,POINT (1.4325451905684872 7.73764950580793)
_mview_agrimagazin_etablissements_magasin_intrant.fid-2fb68024_1a0f8324f77_-6ea5,Plateaux,Kpélé,Kpélé 1,Kpélé-Novivé,Réhabilitation De Magasin À Kpélé,Nsp,"{Lundi,Mardi,Mercredi,Jeudi,Vendredi}",Uion,POINT (0.739662692322858 7.099323659542492)
_mview_agrimagazin_etablissements_magasin_intrant.fid-2fb68024_1a0f8324f77_-6ea4,Plateaux,Kpélé,Kpélé 1,Kpélé-Novivé,Magasin de stockage d'intrants Adeta,Nsp,"{Samedi,Vendredi,Jeudi,Mercredi,Mardi,Lundi}",GPC,POINT (0.7327419669340349 7.136990555727682)
_mview_agrimagazin_etablissements_magasin_intrant.fid-2fb68024_1a0f8324f77_-6ea3,Plateaux,Kpélé,Kpélé 1,Kpélé-Novivé,Magasin de stockage d'intrants Bodze,Nsp,"{Lundi,Mardi,Mercredi,Jeudi,Vendredi,Samedi}",Nsp,POINT (0.9089525418460496 7.091165700552877)
_mview_agrimagazin_etablissements_magasin_intrant.fid-2fb68024_1a0f8324f77_-6ea2,Plateaux,Anié,Anié 2,Atchinédji,Magasin de stockage d'intrants Gnankpokpo ,Nsp,"{Dimanche,Vendredi}",NSCT,POINT (1.3909330409415748 7.709196629982192)
_mview_agrimagazin_etablissements_magasin_intrant.fid-2fb68024_1a0f8324f77_-6ea1,Plateaux,Anié,Anié 2,Atchinédji,Magasin de stockage d'intrants nsct Djonoucope ,Nsp,{Dimanche},NSCT,POINT (1.4655726424675115 7.666597942654037)
_mview_agrimagazin_etablissements_magasin_intrant.fid-2fb68024_1a0f8324f77_-6ea0,Plateaux,Anié,Anié 2,Atchinédji,Magasin de stockage d'intrants Kable cope ,Nsp,{Dimanche},NSCT,POINT (1.3869030748392517 7.60232361743326)
_mview_agrimagazin_etablissements_magasin_intrant.fid-2fb68024_1a0f8324f77_-6e9f,Plateaux,Anié,Anié 2,Atchinédji,Magasin d'intrants nsct Agbondjedo ,Nsp,{Lundi},NSCT,POINT (1.457619832388221 7.567088333406939)
_mview_agrimagazin_etablissements_magasin_intrant.fid-2fb68024_1a0f8324f77_-6e9e,Plateaux,Anié,Anié 2,Atchinédji,Magasin de stockage d'intrants Azonaha ,Nsp,Nsp,Nsp,POINT (1.4194085909370395 7.586841557295296)
_mview_agrimagazin_etablissements_magasin_intrant.fid-2fb68024_1a0f8324f77_-6e9d,Plateaux,Anié,Anié 2,Atchinédji,Magasin de stockage d'engrais Foukotevossa ,Nsp,"{Lundi,Mardi,Mercredi,Jeudi,Vendredi,Samedi,Dimanche}",NSCT,POINT (1.3616465687166601 7.676166239097666)
_mview_agrimagazin_etablissements_magasin_intrant.fid-2fb68024_1a0f8324f77_-6e9c,Plateaux,Anié,Anié 2,Atchinédji,Magasin de stockage d'intrants Kogo Cope ,Nsp,{Mercredi},NSCT,POINT (1.4561977825148638 7.58587806257887)
_mview_agrimagazin_etablissements_magasin_intrant.fid-2fb68024_1a0f8324f77_-6e9b,Plateaux,Anié,Anié 2,Atchinédji,Magasin de stockage d'intrants Atchinedji ,Nsp,"{Lundi,Jeudi,Samedi}",CAGIA,POINT (1.4172088832378797 7.680445044270815)
_mview_agrimagazin_etablissements_magasin_intrant.fid-2fb68024_1a0f8324f77_-6e9a,Plateaux,Anié,Anié 2,Atchinédji,Magasin de stockage d'intrants Kounou Cope ,Nsp,"{Samedi,Lundi}",NSCT,POINT (1.361813412024218 7.656272816333443)
_mview_agrimagazin_etablissements_magasin_intrant.fid-2fb68024_1a0f8324f77_-6e99,Plateaux,Danyi,Danyi 1,Danyi-Atigba,Magasin de distribution d'intrants Cagia Atigba ,Danyi apeheme,"{Lundi,Mardi,Mercredi,Jeudi,Vendredi}",CAGIA,POINT (0.6981350000000001 7.217593333333334)
_mview_agrimagazin_etablissements_magasin_intrant.fid-2fb68024_1a0f8324f77_-6e98,Plateaux,Danyi,Danyi 1,Danyi-Kakpa,Magasin d'intrants agricoles Cagia Ndigbe,Nsp,"{Lundi,Mardi,Mercredi,Jeudi,Vendredi}",ICAT,POINT (0.6774133333333333 7.1401216666666665)
_mview_agrimagazin_etablissements_magasin_intrant.fid-2fb68024_1a0f8324f77_-6e97,Plateaux,Anié,Anié 2,Glitto,Magasin de stockage d'intrants Love,Nsp,"{Lundi,Mercredi,Vendredi}",NSCT,POINT (1.5964213954710371 7.564469879988945)
_mview_agrimagazin_etablissements_magasin_intrant.fid-2fb68024_1a0f8324f77_-6e96,Plateaux,Anié,Anié 2,Glitto,Magasin de stockage d'intrants Gpcagoudacope,Nsp,"{Lundi,Mardi,Mercredi,Jeudi,Vendredi,Samedi,Dimanche}",Nsp,POINT (1.6067047830881531 7.573107749447755)
_mview_agrimagazin_etablissements_magasin_intrant.fid-2fb68024_1a0f8324f77_-6e95,Plateaux,Anié,Anié 2,Glitto,Magasin Dassagba,Nsp,"{Lundi,Mercredi,Vendredi}",NSCT,POINT (1.6065193448162918 7.618410176871086)
_mview_agrimagazin_etablissements_magasin_intrant.fid-2fb68024_1a0f8324f77_-6e94,Plateaux,Anié,Anié 2,Glitto,Magasin de stockage d'intrants Kave,Nsp,"{Lundi,Mardi,Mercredi,Jeudi,Vendredi,Samedi}",NSCT,POINT (1.4828418213547152 7.546254614954745)
_mview_agrimagazin_etablissements_magasin_intrant.fid-2fb68024_1a0f8324f77_-6e93,Plateaux,Anié,Anié 2,Glitto,Magasin Tangbagala,Nsp,"{Samedi,Vendredi,Jeudi,Mercredi,Mardi,Lundi}",Nsp,POINT (1.577271910874763 7.643062810301738)
_mview_agrimagazin_etablissements_magasin_intrant.fid-2fb68024_1a0f8324f77_-6e92,Plateaux,Anié,Anié 2,Glitto,Magasin de stockage d'intrants Atakpamecope ,Nsp,Nsp,Nsp,POINT (1.4747764406708026 7.63889689123866)
_mview_agrimagazin_etablissements_magasin_intrant.fid-2fb68024_1a0f8324f77_-6e91,Plateaux,Anié,Anié 2,Glitto,Magasin de stockage d'intrants Glitto,Glitto anie,"{Lundi,Mardi,Mercredi,Jeudi,Vendredi,Samedi,Dimanche}",Nsp,POINT (1.5238477866369795 7.585674398280799)
_mview_agrimagazin_etablissements_magasin_intrant.fid-2fb68024_1a0f8324f77_-6e90,Plateaux,Anié,Anié 2,Glitto,Magasin d'intrants agricoles Detoe,Glitto detoe,"{Lundi,Mardi,Mercredi,Jeudi,Vendredi,Samedi,Dimanche}",SOTOCO,POINT (1.6022129192376633 7.662851955016506)
_mview_agrimagazin_etablissements_magasin_intrant.fid-2fb68024_1a0f8324f77_-6e8f,Plateaux,Anié,Anié 2,Glitto,Magasin de stockage d'intrants Danssou,Danssou glitto,"{Lundi,Mardi,Mercredi,Jeudi,Vendredi,Samedi,Dimanche}",Nsp,POINT (1.5444446844913362 7.533017145528452)
_mview_agrimagazin_etablissements_magasin_intrant.fid-2fb68024_1a0f8324f77_-6e8e,Plateaux,Anié,Anié 2,Glitto,Magasin de stockage d'engrais Kpakpassa,Kpakpassa glitto,"{Lundi,Mardi,Mercredi,Jeudi,Vendredi,Samedi,Dimanche}",Nsp,POINT (1.6072614612594869 7.5725510406225665)
_mview_agrimagazin_etablissements_magasin_intrant.fid-2fb68024_1a0f8324f77_-6e8d,Plateaux,Anié,Anié 2,Glitto,Magasin de stockage d'engrais Bayaho,Glitto bayaho,"{Dimanche,Samedi,Vendredi,Jeudi,Mercredi,Mardi,Lundi}",Nsp,POINT (1.5753580422948203 7.625729249452531)
_mview_agrimagazin_etablissements_magasin_intrant.fid-2fb68024_1a0f8324f77_-6e8c,Plateaux,Anié,Anié 2,Glitto,Magasin de stockage d'intrants Koufota,Koufota glitto,"{Lundi,Mardi,Mercredi,Jeudi,Vendredi,Samedi,Dimanche}",GPC,POINT (1.6162192529991581 7.557040071880244)
_mview_agrimagazin_etablissements_magasin_intrant.fid-2fb68024_1a0f8324f77_-6e8b,Plateaux,Danyi,Danyi 2,Danyi-Elavagnon,Magasin d'intrants agricoles Elavagnon ,Nsp,"{Mardi,Mercredi,Jeudi,Vendredi,Lundi}",MAEDR,POINT (0.711305 7.291291666666666)
_mview_agrimagazin_etablissements_magasin_intrant.fid-2fb68024_1a0f8324f77_-6e8a,Plateaux,Est-Mono,Est-Mono 1,Elavagnon,Magasin de distribution d'intrants Sama Cope,Nsp,"{Lundi,Mardi,Mercredi,Jeudi,Vendredi,Samedi}",Nsp,POINT (1.3106840632650332 7.901823616618488)
_mview_agrimagazin_etablissements_magasin_intrant.fid-2fb68024_1a0f8324f77_-6e89,Plateaux,Est-Mono,Est-Mono 1,Elavagnon,Magasin de distribution d'engrais Lavagnon,Nsp,"{Lundi,Mardi,Mercredi,Jeudi,Vendredi,Samedi}",CAGIA,POINT (1.283988078241104 7.9546101431613945)
_mview_agrimagazin_etablissements_magasin_intrant.fid-2fb68024_1a0f8324f77_-6e88,Plateaux,Est-Mono,Est-Mono 1,Elavagnon,Magasin de distribution d'engrais Elavagnon,Nsp,"{Lundi,Mardi,Mercredi,Jeudi,Vendredi,Samedi,Dimanche}",Nsp,POINT (1.2526357352166722 7.9482652813975525)
_mview_agrimagazin_etablissements_magasin_intrant.fid-2fb68024_1a0f8324f77_-6e87,Plateaux,Est-Mono,Est-Mono 1,Elavagnon,Magasin d'intrants agricoles Elavagnon ,Nsp,"{Lundi,Mardi,Mercredi,Jeudi,Vendredi,Samedi,Dimanche}",CAGIA,POINT (1.2855324089255193 7.949731905733177)
_mview_agrimagazin_etablissements_magasin_intrant.fid-2fb68024_1a0f8324f77_-6e86,Plateaux,Est-Mono,Est-Mono 1,Elavagnon,Magasin de distribution d'engrais Elavagnon ,Nsp,"{Lundi,Mardi,Mercredi,Jeudi,Vendredi,Samedi,Dimanche}",NSCT,POINT (1.287352424522137 7.95871637984498)
_mview_agrimagazin_etablissements_magasin_intrant.fid-2fb68024_1a0f8324f77_-6e85,Plateaux,Est-Mono,Est-Mono 1,Gbadjahè,Magasin de stockage d'intrants Nsct Awayo ,Nsp,{Dimanche},NSCT,POINT (1.370064672442008 7.846388910645469)
_mview_agrimagazin_etablissements_magasin_intrant.fid-2fb68024_1a0f8324f77_-6e84,Centrale,Blitta,Blitta 1,Blitta-Village,Magasin de stockage d'intrants Blittavillage ,Blitta village/blitta village,"{Lundi,Mardi,Mercredi,Jeudi,Vendredi}",CAGIA,POINT (1.0104589121441376 8.345464791634791)
_mview_agrimagazin_etablissements_magasin_intrant.fid-2fb68024_1a0f8324f77_-6e83,Plateaux,Est-Mono,Est-Mono 2,Morétan,Magasin de distribution d'engrais Moretan ,Nsp,"{Lundi,Mardi,Mercredi,Jeudi,Vendredi,Samedi}",CAGIA,POINT (1.3434266666666665 8.10732)
_mview_agrimagazin_etablissements_magasin_intrant.fid-2fb68024_1a0f8324f77_-6e82,Plateaux,Est-Mono,Est-Mono 2,Kamina,Magasin de distribution d'engrais Igboloudja ,Nsp,"{Lundi,Mardi,Mercredi,Jeudi,Vendredi,Samedi}",NSCT,POINT (1.5631719372999406 8.04918717830364)
_mview_agrimagazin_etablissements_magasin_intrant.fid-2fb68024_1a0f8324f77_-6e81,Plateaux,Est-Mono,Est-Mono 2,Kamina,Magasin de distribution d'engrais Igboloudja ,Nsp,"{Lundi,Mardi,Mercredi,Jeudi,Vendredi,Samedi}",PADAT,POINT (1.5683143677775229 8.051135718887734)
_mview_agrimagazin_etablissements_magasin_intrant.fid-2fb68024_1a0f8324f77_-6e80,Plateaux,Est-Mono,Est-Mono 2,Kamina,Magasin de stockage d'intrants Kamina ,Nsp,"{Lundi,Mardi,Mercredi,Jeudi,Vendredi,Samedi}",PADAT,POINT (1.5634021206008837 8.101024753365149)
_mview_agrimagazin_etablissements_magasin_intrant.fid-2fb68024_1a0f8324f77_-6e7f,Plateaux,Est-Mono,Est-Mono 3,Kpéssi,Magasin de distribution d'engrais Kpessi ,Nsp,"{Lundi,Mardi,Mercredi,Jeudi,Vendredi}",CAGIA,POINT (1.2646070247585066 8.064483151255466)
_mview_agrimagazin_etablissements_magasin_intrant.fid-2fb68024_1a0f8324f77_-6e7e,Plateaux,Est-Mono,Est-Mono 3,Nyamassila,Magasin de distribution d'engrais Nyamassila ,Nsp,"{Lundi,Mardi,Mercredi,Jeudi,Vendredi}",CAGIA,POINT (1.1980340944319379 7.992248883874321)
_mview_agrimagazin_etablissements_magasin_intrant.fid-2fb68024_1a0f8324f77_-6e7d,Plateaux,Haho,Haho 1,Hahomégbé,Magasin Dzokoudoawou,Nsp,{Jeudi},Nsp,POINT (1.0714319458160528 6.929703186021204)
_mview_agrimagazin_etablissements_magasin_intrant.fid-2fb68024_1a0f8324f77_-6e7c,Plateaux,Haho,Haho 1,Hahomégbé,Magasin d'intrants agricoles Gpc Hahomegbé,Balenou,"{Lundi,Mardi,Mercredi,Jeudi,Vendredi,Samedi}",NSCT,POINT (1.0624524192732452 6.942459761350844)
_mview_agrimagazin_etablissements_magasin_intrant.fid-2fb68024_1a0f8324f77_-6e7b,Plateaux,Haho,Haho 1,Hahomégbé,Magasin de stockage Gpc Missahome,Hahomegbe missahome,"{Lundi,Mardi,Mercredi,Jeudi,Vendredi}",NSCT,POINT (1.0481029841516212 6.885777429391974)
_mview_agrimagazin_etablissements_magasin_intrant.fid-2fb68024_1a0f8324f77_-6e7a,Plateaux,Haho,Haho 2,Asrama,Magasin de stockage d'intrants Kpoguede,Nsp,Nsp,SOTOCO,POINT (1.51714 7.009936666666666)
_mview_agrimagazin_etablissements_magasin_intrant.fid-2fb68024_1a0f8324f77_-6e79,Plateaux,Haho,Haho 1,Hahomégbé,Magasin de stockage d'intrants coton Alicope ,Hahomegbe alicope,{Jeudi},GPC ALICOPE,POINT (1.064510931033578 6.918791910317148)
_mview_agrimagazin_etablissements_magasin_intrant.fid-2fb68024_1a0f8324f77_-6e78,Plateaux,Haho,Haho 1,Hahomégbé,Magasin de stockage d'intrants coton Gpc Amegavi Cope ,Hahomegbe- amegavi cope 1,{Jeudi},GPC AMEGAVI COPE 1,POINT (1.0632672989037446 6.962558654983055)
_mview_agrimagazin_etablissements_magasin_intrant.fid-2fb68024_1a0f8324f77_-6e77,Plateaux,Haho,Haho 1,Hahomégbé,Magasin Gpc Alicope,Hahomegbé-alicope,{Jeudi},Comité villageois,POINT (1.064547400600816 6.918779748030826)
_mview_agrimagazin_etablissements_magasin_intrant.fid-2fb68024_1a0f8324f77_-6e76,Plateaux,Haho,Haho 1,Hahomégbé,Magasin d'intrants agricoles Gpc Hahomegbe,Nsp,{Jeudi},GPC,POINT (1.0264268272520343 6.93203042200577)
_mview_agrimagazin_etablissements_magasin_intrant.fid-2fb68024_1a0f8324f77_-6e75,Plateaux,Haho,Haho 1,Hahomégbé,Magasin Gpc hahomegbe,Nsp,"{Lundi,Jeudi}",SOTOCO,POINT (1.0140162677360935 6.87619141237219)
_mview_agrimagazin_etablissements_magasin_intrant.fid-2fb68024_1a0f8324f77_-6e74,Plateaux,Haho,Haho 1,Hahomégbé,Magasin d'intrants agricoles Badjale,Nsp,{Jeudi},Nsp,POINT (1.0430678508765214 6.932962508141402)
_mview_agrimagazin_etablissements_magasin_intrant.fid-2fb68024_1a0f8324f77_-6e73,Plateaux,Haho,Haho 1,Notsé,Magasin Nsct Notse,Nsp,"{Lundi,Mardi,Mercredi,Jeudi,Vendredi}",NSCT,POINT (1.17064646336582 6.960024500736789)
_mview_agrimagazin_etablissements_magasin_intrant.fid-2fb68024_1a0f8324f77_-6e72,Plateaux,Haho,Haho 1,Notsé,Sotoco,Nsp,Nsp,SOTOCO,POINT (1.1138841367498415 6.939449991278633)
_mview_agrimagazin_etablissements_magasin_intrant.fid-2fb68024_1a0f8324f77_-6e71,Plateaux,Haho,Haho 1,Notsé,Magasin de stockage d'intrants Notse,Icat de notse,"{Lundi,Mardi,Mercredi,Jeudi,Vendredi}",PROJET FIDA,POINT (1.183799677366566 6.944482921215291)
_mview_agrimagazin_etablissements_magasin_intrant.fid-2fb68024_1a0f8324f77_-6e70,Plateaux,Haho,Haho 1,Dalia,Magasin de stockage d'intrants Dalia,Nsp,"{Jeudi,Samedi,Vendredi,Mardi,Lundi}",DRAEDR,POINT (1.215449138352374 6.835938310910629)
_mview_agrimagazin_etablissements_magasin_intrant.fid-2fb68024_1a0f8324f77_-6e6f,Plateaux,Haho,Haho 1,Atchavé,Nsct,Kpodji-kloegname,"{Mardi,Samedi}",NSCT,POINT (1.2493334410103778 6.888959447573994)
_mview_agrimagazin_etablissements_magasin_intrant.fid-2fb68024_1a0f8324f77_-6e6e,Plateaux,Haho,Haho 1,Atchavé,Magasin de stockage d'intrants Klogname,Nsp,"{Mardi,Jeudi,Dimanche}",NSCT,POINT (1.250071570085471 6.889139720088823)
_mview_agrimagazin_etablissements_magasin_intrant.fid-2fb68024_1a0f8324f77_-6e6d,Plateaux,Haho,Haho 4,Wahala,Magasin de stockage d'intrants Laware,Laware,"{Lundi,Jeudi}",NSCT/ SOTOCO,POINT (1.0936784785812992 7.170126900765966)
_mview_agrimagazin_etablissements_magasin_intrant.fid-2fb68024_1a0f8324f77_-6e6c,Plateaux,Haho,Haho 4,Wahala,Magasin de stockage d'intrants Nsct Paris Gossa Cope,Nsp,"{Mercredi,Jeudi,Dimanche}",NSCT,POINT (1.0605789710410367 7.159392876654693)
_mview_agrimagazin_etablissements_magasin_intrant.fid-2fb68024_1a0f8324f77_-6e6b,Plateaux,Haho,Haho 4,Wahala,Magasin de stockage d'intrants Komla Cope,Nsp,"{Lundi,Mardi,Mercredi,Jeudi,Vendredi}",Nsp,POINT (1.2373773012972364 7.128578031541906)
_mview_agrimagazin_etablissements_magasin_intrant.fid-2fb68024_1a0f8324f77_-6e6a,Plateaux,Haho,Haho 4,Wahala,Magasin de stockage d'intrants Kokpli,Nsp,{Lundi},SOTOCO,POINT (1.2838283333333333 7.146041666666667)
_mview_agrimagazin_etablissements_magasin_intrant.fid-2fb68024_1a0f8324f77_-6e69,Plateaux,Haho,Haho 4,Akpakpakpé,Magasin de stockage d'intrants Paris Cope ,Kpedome paris-cope,{Jeudi},Coopérative,POINT (1.05746107930392 7.1521983165038465)
_mview_agrimagazin_etablissements_magasin_intrant.fid-2fb68024_1a0f8324f77_-6e68,Plateaux,Haho,Haho 4,Wahala,Magasin de stockage d'intrants coton Tetera Condji ,Wahala - tetera condji,"{Dimanche,Mercredi}",GPC TETERA CONDJI,POINT (1.1624083426930807 7.1883732811278165)
_mview_agrimagazin_etablissements_magasin_intrant.fid-2fb68024_1a0f8324f77_-6e67,Savanes,Tandjoaré,Tandjoaré 1,Goundoga,Sankpong,Nsp,"{Lundi,Vendredi,Jeudi,Samedi}",Nsp,POINT (0.1563754840530846 10.718884667089517)
_mview_agrimagazin_etablissements_magasin_intrant.fid-2fb68024_1a0f8324f77_-6e66,Plateaux,Haho,Haho 4,Wahala,Magasin de stockage d'intrants coton Mikeriba ,Wahala- mikeriba,{Jeudi},GPC MIKERIBA,POINT (1.1686307927789439 7.1925144489334)
_mview_agrimagazin_etablissements_magasin_intrant.fid-2fb68024_1a0f8324f77_-6e65,Plateaux,Haho,Haho 4,Wahala,Magasin de stockage d'intrants Agokpa,Nsp,{Lundi},SOTOCO,POINT (1.3815261752297392 7.1866355510456055)
_mview_agrimagazin_etablissements_magasin_intrant.fid-2fb68024_1a0f8324f77_-6e64,Plateaux,Haho,Haho 4,Wahala,Magasin de stockage d'intrants coton Kalabe ,Wahala - kalabe,Nsp,Nsp,POINT (1.08966733709727 7.183042062517715)
_mview_agrimagazin_etablissements_magasin_intrant.fid-2fb68024_1a0f8324f77_-6e63,Plateaux,Haho,Haho 4,Wahala,Magasin de stockage d'intrants Kokpli,Nsp,{Lundi},SOTOCO,POINT (1.2807427641222104 7.147975013932859)
_mview_agrimagazin_etablissements_magasin_intrant.fid-2fb68024_1a0f8324f77_-6e62,Plateaux,Haho,Haho 4,Wahala,Magasin Poude ,Nsp,"{Vendredi,Mardi}",CAGIA,POINT (1.2236624847605653 7.192579176485112)
_mview_agrimagazin_etablissements_magasin_intrant.fid-2fb68024_1a0f8324f77_-6e61,Plateaux,Haho,Haho 4,Wahala,Magasin de stockage d'intrants coton Gotha Adja ,Wahala gotha adja,Nsp,GPC GOTHA-ADJA,POINT (1.2070119015443166 7.168056027325697)
_mview_agrimagazin_etablissements_magasin_intrant.fid-2fb68024_1a0f8324f77_-6e60,Plateaux,Haho,Haho 4,Wahala,Magasin de stockage d'intrants de coton Kedeoucope,Kedeou-wahala,Nsp,Nsp,POINT (1.0980864392960443 7.146539001311713)
_mview_agrimagazin_etablissements_magasin_intrant.fid-2fb68024_1a0f8324f77_-6e5f,Plateaux,Haho,Haho 4,Wahala,Zongo Cope,Zongo cope-wahala,Nsp,Nsp,POINT (1.1133401716311777 7.151706379435145)
_mview_agrimagazin_etablissements_magasin_intrant.fid-2fb68024_1a0f8324f77_-6e5e,Plateaux,Haho,Haho 4,Wahala,Magasin de stockage d'intrants Kpotasotoko,Kpota Sotoco,"{Lundi,Mardi,Mercredi,Jeudi,Vendredi,Samedi,Dimanche}",NSCT OLAME,POINT (1.1646503359416251 7.158414213103471)
_mview_agrimagazin_etablissements_magasin_intrant.fid-2fb68024_1a0f8324f77_-6e5d,Plateaux,Haho,Haho 4,Wahala,Magasin d'intrants agricoles Lomnava,Village wahala,"{Lundi,Mardi,Mercredi,Jeudi,Vendredi,Samedi,Dimanche}",CAGIA,POINT (1.163389039320359 7.174056599886388)
_mview_agrimagazin_etablissements_magasin_intrant.fid-2fb68024_1a0f8324f77_-6e5c,Plateaux,Haho,Haho 2,Asrama,Magasin Nsct Asrama,Nsp,"{Lundi,Mardi,Mercredi,Jeudi,Vendredi}",NSCT,POINT (1.4080508863328074 7.004450851080486)
_mview_agrimagazin_etablissements_magasin_intrant.fid-2fb68024_1a0f8324f77_-6e5b,Plateaux,Haho,Haho 2,Asrama,Magasin d'intrants agricoles Tetetou,Nsp,Nsp,Nsp,POINT (1.4664 7.010151666666667)
_mview_agrimagazin_etablissements_magasin_intrant.fid-2fb68024_1a0f8324f77_-6e5a,Plateaux,Haho,Haho 2,Asrama,Magasin de stockage d'intrants Sotoco Asrama,"Adantokpodji,","{Lundi,Mardi,Mercredi,Jeudi,Vendredi,Samedi,Dimanche}",Coopérative,POINT (1.4663485968124819 7.010048500343711)
_mview_agrimagazin_etablissements_magasin_intrant.fid-2fb68024_1a0f8324f77_-6e59,Plateaux,Haho,Haho 2,Asrama,Magasin de stockage d'intrants Nsct Asrama,Asrama non loin de la mairie,{Mardi},NSCT,POINT (1.4202819317551054 7.003898523977592)
_mview_agrimagazin_etablissements_magasin_intrant.fid-2fb68024_1a0f8324f77_-6e58,Plateaux,Haho,Haho 2,Asrama,Magasin d'intrants agricoles Cagia Asrama,Nsp,"{Lundi,Mardi,Mercredi,Jeudi,Vendredi,Samedi}",CAGIA,POINT (1.4067622430596258 7.004284389712231)
_mview_agrimagazin_etablissements_magasin_intrant.fid-2fb68024_1a0f8324f77_-6e57,Plateaux,Haho,Haho 2,Asrama,Magasin d'intrants agricoles Upgpc Asrama,Tetetou,Nsp,Nsp,POINT (1.4977359233390326 7.0130549998700396)
_mview_agrimagazin_etablissements_magasin_intrant.fid-2fb68024_1a0f8324f77_-6e56,Plateaux,Haho,Haho 2,Asrama,Magasin de stockage d'intrants Gav,Aucun,Nsp,GPC DE TETETOU,POINT (1.4999519537469175 7.013360342662985)
_mview_agrimagazin_etablissements_magasin_intrant.fid-2fb68024_1a0f8324f77_-6e55,Plateaux,Haho,Haho 2,Asrama,Magasin de stockage d'intrants Agokpo,Nsp,{Lundi},Nsp,POINT (1.4238316666666666 6.9912366666666665)
_mview_agrimagazin_etablissements_magasin_intrant.fid-2fb68024_1a0f8324f77_-6e54,Plateaux,Haho,Haho 2,Asrama,Magasin de stockage d'intrants Akatehui,Nsp,"{Lundi,Mardi,Mercredi,Jeudi,Vendredi}",SOTOCO,POINT (1.4308916666666667 6.953071666666666)
_mview_agrimagazin_etablissements_magasin_intrant.fid-2fb68024_1a0f8324f77_-6e53,Savanes,Tandjoaré,Tandjoaré 1,Bogou,Nsp,Nsp,"{Lundi,Mardi,Mercredi,Jeudi,Vendredi}",CAGIA,POINT (0.1907033074996637 10.668701221023184)
_mview_agrimagazin_etablissements_magasin_intrant.fid-2fb68024_1a0f8324f77_-6e52,Plateaux,Haho,Haho 2,Asrama,Magasin de stockage d'intrants Siyime,Nsp,Nsp,SOTOCO,POINT (1.4696266666666669 6.9749083333333335)
_mview_agrimagazin_etablissements_magasin_intrant.fid-2fb68024_1a0f8324f77_-6e51,Plateaux,Haho,Haho 2,Asrama,Magasin de stockage d'intrants Adjivou,Nsp,"{Lundi,Mardi,Mercredi,Jeudi,Vendredi,Samedi,Dimanche}",SOTOCO,POINT (1.4166383333333332 6.9701433333333345)
_mview_agrimagazin_etablissements_magasin_intrant.fid-2fb68024_1a0f8324f77_-6e50,Plateaux,Haho,Haho 2,Asrama,Magasin d'intrants agricoles Vodome,Asrama,"{Lundi,Mardi,Mercredi,Jeudi,Vendredi,Samedi}",ACTION COMMUNAUTAIRE,POINT (1.4001783333333333 7.0115783333333335)
_mview_agrimagazin_etablissements_magasin_intrant.fid-2fb68024_1a0f8324f77_-6e4f,Plateaux,Haho,Haho 2,Asrama,Magasin d'intrants agricoles Gblevedji,Gblevedji,"{Lundi,Mardi,Mercredi,Jeudi,Vendredi,Samedi}",GPC GBLEVEDJI,POINT (1.5075183333333333 6.983876666666667)
_mview_agrimagazin_etablissements_magasin_intrant.fid-2fb68024_1a0f8324f77_-6e4e,Plateaux,Haho,Haho 2,Asrama,Magasin d'intrants agricoles Djangome,Djangome,"{Lundi,Mardi,Mercredi,Vendredi,Samedi}",Nsp,POINT (1.5028685503025248 6.959946351935846)
_mview_agrimagazin_etablissements_magasin_intrant.fid-2fb68024_1a0f8324f77_-6e4d,Plateaux,Haho,Haho 4,Akpakpakpé,Magasin de stockage d'intrants Scoops Pch,Kpedome hodikou,"{Lundi,Mardi,Mercredi,Jeudi,Vendredi}",NSCT,POINT (1.0705198983039195 7.120701318714971)
_mview_agrimagazin_etablissements_magasin_intrant.fid-2fb68024_1a0f8324f77_-6e4c,Plateaux,Haho,Haho 3,Kpédomé,Magasin de stockage d'intrants coton Tshinigan ,Kpedome tshinigan,{Jeudi},GPC TSHINIGAN,POINT (1.0055517540532615 7.017559692661195)
_mview_agrimagazin_etablissements_magasin_intrant.fid-2fb68024_1a0f8324f77_-6e4b,Plateaux,Haho,Haho 3,Kpédomé,Magasin de stockage d'intrants Akame ,Kpedome-akame,"{Dimanche,Mercredi,Vendredi}",NSCT,POINT (1.1624329943041443 7.003204859457548)
_mview_agrimagazin_etablissements_magasin_intrant.fid-2fb68024_1a0f8324f77_-6e4a,Plateaux,Haho,Haho 3,Kpédomé,Nsct,Kpedome-kpedji,"{Lundi,Jeudi}",NSCT,POINT (1.1783623974280941 6.988092061695124)
_mview_agrimagazin_etablissements_magasin_intrant.fid-2fb68024_1a0f8324f77_-6e49,Plateaux,Haho,Haho 4,Akpakpakpé,Magasin de stockage d'intrants Kokoliakpe ,Route agbati- kokoliakpe,"{Mercredi,Jeudi,Dimanche}",NSCT,POINT (1.0606330004531495 7.078181000194607)
_mview_agrimagazin_etablissements_magasin_intrant.fid-2fb68024_1a0f8324f77_-6e48,Plateaux,Haho,Haho 4,Akpakpakpé,Magasin de stockage d'intrants Kokoliakpe ,Kpedome kokoliakpe,{Jeudi},GPC FALENTIENANG,POINT (1.0604932098841002 7.078440764165391)
_mview_agrimagazin_etablissements_magasin_intrant.fid-2fb68024_1a0f8324f77_-6e47,Plateaux,Haho,Haho 3,Kpédomé,Magasin de stockage d'intrants Rodokpe ,Kpedome rodokpe,{Jeudi},Communautaire,POINT (1.1554545831399277 7.0466958979851215)
_mview_agrimagazin_etablissements_magasin_intrant.fid-2fb68024_1a0f8324f77_-6e46,Plateaux,Haho,Haho 4,Akpakpakpé,Magasin de stockage d'intrants coton Detoe ,Ayito -detoe,"{Dimanche,Jeudi}",GPC DETOE,POINT (1.0213041589234546 7.103431146066782)
_mview_agrimagazin_etablissements_magasin_intrant.fid-2fb68024_1a0f8324f77_-6e45,Plateaux,Haho,Haho 3,Kpédomé,Magasin de stockage d'intrants Gnignon,Nsp,"{Lundi,Mardi,Mercredi,Vendredi,Samedi,Jeudi}",Nsp,POINT (1.2250436250020196 7.033791475394882)
_mview_agrimagazin_etablissements_magasin_intrant.fid-2fb68024_1a0f8324f77_-6e44,Plateaux,Haho,Haho 3,Kpédomé,Magasin de stockage d'intrants Akakegan,Nsp,"{Jeudi,Dimanche}",Nsp,POINT (1.1858641892413988 7.057605457878739)
_mview_agrimagazin_etablissements_magasin_intrant.fid-2fb68024_1a0f8324f77_-6e43,Plateaux,Haho,Haho 4,Akpakpakpé,Magasin de stockage d'intrants Zomayi ,Kpedome zomayi,{Jeudi},Communautaire,POINT (1.0895789280847503 7.075663208338396)
_mview_agrimagazin_etablissements_magasin_intrant.fid-2fb68024_1a0f8324f77_-6e42,Plateaux,Haho,Haho 3,Kpédomé,Magasin de stockage d'intrants Klouloko Cope ,Nsp,Nsp,SOTOCO,POINT (1.1172530162046992 7.0578148402097245)
_mview_agrimagazin_etablissements_magasin_intrant.fid-2fb68024_1a0f8324f77_-6e41,Plateaux,Haho,Haho 4,Kpegnon (Haito),Magasin de stockage d'intrants Baya Cope ,Ayito baya cope,{Vendredi},GPC BAYA COPE,POINT (0.9406810088218345 7.174631201843453)
_mview_agrimagazin_etablissements_magasin_intrant.fid-2fb68024_1a0f8324f77_-6e40,Plateaux,Haho,Haho 4,Akpakpakpé,Magasin de stockage d'intrants N Nakpekou Cope ,Ayito -n'nakpekou cope,{Jeudi},GPC N'NAKPEKOU,POINT (1.0293466541136924 7.138201598013536)
_mview_agrimagazin_etablissements_magasin_intrant.fid-2fb68024_1a0f8324f77_-6e3f,Plateaux,Haho,Haho 4,Kpegnon (Haito),Magasin de stockage d'intrants coton Agodome ,Ayito agodome,{Lundi},GPC AGODOME,POINT (1.0237490966791378 7.154384718802558)
_mview_agrimagazin_etablissements_magasin_intrant.fid-2fb68024_1a0f8324f77_-6e3e,Plateaux,Haho,Haho 4,Kpegnon (Haito),Magasin de stockage d'intrants Ayitogan ,Ayito ayitogan,Nsp,SOTOCO,POINT (0.9615786240087658 7.214982462837356)
_mview_agrimagazin_etablissements_magasin_intrant.fid-2fb68024_1a0f8324f77_-6e3d,Plateaux,Haho,Haho 4,Kpegnon (Haito),Magasin de stockage d'intrants coton Saba Cope ,Ayito - saba cope,Nsp,Nsp,POINT (1.007561444707639 7.187944042644547)
_mview_agrimagazin_etablissements_magasin_intrant.fid-2fb68024_1a0f8324f77_-6e3c,Plateaux,Kpélé,Kpélé 1,Kpélé-Akata,Toussi,Nsp,"{Lundi,Mardi,Mercredi,Jeudi,Vendredi}",Nsp,POINT (0.7201246118682714 7.081387449264318)
_mview_agrimagazin_etablissements_magasin_intrant.fid-2fb68024_1a0f8324f77_-6e3b,Plateaux,Kpélé,Kpélé 1,Kpélé-Akata,Magasin d'intrants agricoles Adjatokope ,Kpele-akata - akanou,"{Mercredi,Dimanche}",NSCT,POINT (0.756612049466707 7.012793959313234)
_mview_agrimagazin_etablissements_magasin_intrant.fid-2fb68024_1a0f8324f77_-6e3a,Plateaux,Kloto,Kloto 2,Lavié,Magasin de stockage d'intrants Lavie,Nsp,"{Lundi,Mardi,Mercredi,Jeudi,Vendredi,Samedi}",Nsp,POINT (0.6805992657645925 7.015607058278753)
_mview_agrimagazin_etablissements_magasin_intrant.fid-2fb68024_1a0f8324f77_-6e39,Plateaux,Haho,Haho 1,Hahomégbé,Magasin Agbave,Hahomegbé-,{Jeudi},NSCT,POINT (0.9420188727283411 6.917451307614172)
_mview_agrimagazin_etablissements_magasin_intrant.fid-2fb68024_1a0f8324f77_-6e38,Plateaux,Kpélé,Kpélé 2,Kpélé-Nord,Magasin de stockage d'intrants Ameto ,Ameto,{Jeudi},NSCT,POINT (0.8508498651327032 7.260330846525473)
_mview_agrimagazin_etablissements_magasin_intrant.fid-2fb68024_1a0f8324f77_-6e37,Plateaux,Kpélé,Kpélé 2,Kpélé-Dutoé,Magasin d'intrants agricoles Edjebakope,Edjeba-kope,"{Mardi,Jeudi,Vendredi,Samedi,Dimanche,Mercredi,Lundi}",Nsp,POINT (0.8416 7.228185)
_mview_agrimagazin_etablissements_magasin_intrant.fid-2fb68024_1a0f8324f77_-6e36,Plateaux,Kpélé,Kpélé 2,Kpélé-Kamé,Magasin de stockage d'intrants Katare ,Katare,"{Lundi,Mardi,Mercredi,Jeudi,Vendredi,Samedi,Dimanche}",CREP,POINT (0.8101140869464776 7.207744446978735)
_mview_agrimagazin_etablissements_magasin_intrant.fid-2fb68024_1a0f8324f77_-6e35,Plateaux,Kpélé,Kpélé 2,Kpélé-Gbalédzé,Magasin d'intrants agricoles Goudeve ,Goudévé,"{Mercredi,Vendredi}",SOTOCO,POINT (0.8030848374272646 7.1812515458351305)
_mview_agrimagazin_etablissements_magasin_intrant.fid-2fb68024_1a0f8324f77_-6e34,Plateaux,Kpélé,Kpélé 2,Kpélé-Gbalédzé,Magasin d'intrants agricoles Goudeve ,Goudévé,{Mercredi},Nsp,POINT (0.7973027153836509 7.1819727926315045)
_mview_agrimagazin_etablissements_magasin_intrant.fid-2fb68024_1a0f8324f77_-6e33,Plateaux,Kpélé,Kpélé 2,Kpélé-Gbalédzé,Magasin d'intrants agricoles Tsavie,Nsp,"{Lundi,Mardi,Mercredi,Jeudi,Vendredi,Samedi}",Nsp,POINT (0.7631614856543225 7.19048186700165)
_mview_agrimagazin_etablissements_magasin_intrant.fid-2fb68024_1a0f8324f77_-6e32,Plateaux,Kpélé,Kpélé 2,Kpélé-Centre,Magasin de stockage d'intrants Goudeve,Nsp,"{Lundi,Mardi,Mercredi,Jeudi,Vendredi}",PADAT,POINT (0.7544030909628456 7.173313918599349)
_mview_agrimagazin_etablissements_magasin_intrant.fid-2fb68024_1a0f8324f77_-6e31,Plateaux,Moyen-Mono,Moyen-Mono 1,Tohoun,Nsct Tohoun,Tohoun-nyekonakpoe,Nsp,Nsp,POINT (1.6043617548564906 7.023124365247551)
_mview_agrimagazin_etablissements_magasin_intrant.fid-2fb68024_1a0f8324f77_-6e30,Plateaux,Moyen-Mono,Moyen-Mono 1,Tohoun,Magasin de stockage d'intrants Cagia Tohoun,Tohoun-nyekonakope,"{Lundi,Mardi,Mercredi,Jeudi,Vendredi}",CAGIA,POINT (1.6045826242040429 7.023042773794175)
_mview_agrimagazin_etablissements_magasin_intrant.fid-2fb68024_1a0f8324f77_-6e2f,Plateaux,Moyen-Mono,Moyen-Mono 1,Tado,Magasin de stockage d'intrants Agbeyeye,Tado,{Samedi},CAGIA,POINT (1.5979501101527647 7.151178130229634)
_mview_agrimagazin_etablissements_magasin_intrant.fid-2fb68024_1a0f8324f77_-6e2e,Plateaux,Moyen-Mono,Moyen-Mono 1,Tado,Polyvalents De L'union Des Producteurs De Cotons De Tado Dome,Tado - dome,"{Lundi,Jeudi,Vendredi}",Coopérative,POINT (1.5860923307302837 7.147316032122527)
_mview_agrimagazin_etablissements_magasin_intrant.fid-2fb68024_1a0f8324f77_-6e2d,Plateaux,Moyen-Mono,Moyen-Mono 2,Kpékplémé,Sipa Ahouegame,Kpekpleme - ahouegame,"{Lundi,Mercredi,Vendredi}",CAGIA,POINT (1.6248247253743089 7.3303087312416)
_mview_agrimagazin_etablissements_magasin_intrant.fid-2fb68024_1a0f8324f77_-6e2c,Plateaux,Ogou,Ogou 1,Houdou,Magasin de stockage d'intrants Gpc Djama,Foukote,Nsp,SOTOCO,POINT (1.1551428905509948 7.612835163386618)
_mview_agrimagazin_etablissements_magasin_intrant.fid-2fb68024_1a0f8324f77_-6e2b,Plateaux,Ogou,Ogou 1,Houdou,Magasin de stockage d'intrants Assoke,Nsp,"{Lundi,Vendredi}",Nsp,POINT (1.1568470437406644 7.633616106553741)
_mview_agrimagazin_etablissements_magasin_intrant.fid-2fb68024_1a0f8324f77_-6e2a,Plateaux,Ogou,Ogou 1,Djama,Magasin de stockage d'intrants Koatsou ,Koatsou,"{Lundi,Mercredi,Vendredi}",CAGIA,POINT (1.221803312484749 7.575751541516087)
_mview_agrimagazin_etablissements_magasin_intrant.fid-2fb68024_1a0f8324f77_-6e29,Plateaux,Ogou,Ogou 1,Gnagna,Usine Nsct,Atakpamé talo,"{Lundi,Mardi,Mercredi,Jeudi,Vendredi,Samedi}",NSCT,POINT (1.161055708668341 7.482765524694075)
_mview_agrimagazin_etablissements_magasin_intrant.fid-2fb68024_1a0f8324f77_-6e28,Plateaux,Ogou,Ogou 1,Gnagna,Magasin d'intrants agricoles Nsct Gnagna,Gnagna,"{Lundi,Mardi,Mercredi,Jeudi,Vendredi,Samedi}",NSCT,POINT (1.1316583181049917 7.529096721897086)
_mview_agrimagazin_etablissements_magasin_intrant.fid-2fb68024_1a0f8324f77_-6e27,Plateaux,Ogou,Ogou 1,Gnagna,Magasin d'intrants agricoles Adja Yao,Nsp,"{Lundi,Mardi,Mercredi,Jeudi,Vendredi,Samedi,Dimanche}",SOTOCO,POINT (1.22108 7.51793)
_mview_agrimagazin_etablissements_magasin_intrant.fid-2fb68024_1a0f8324f77_-6e26,Plateaux,Ogou,Ogou 1,Gnagna,Magasin d'intrants agricoles Cagia Gnagna,Gnagna,"{Lundi,Mardi,Mercredi,Jeudi,Vendredi}",CAGIA,POINT (1.1311728842646036 7.529315348437919)
_mview_agrimagazin_etablissements_magasin_intrant.fid-2fb68024_1a0f8324f77_-6e25,Plateaux,Ogou,Ogou 2,Katoré,Magasin de stockage d'intrants Djonougbe,Nsp,Nsp,SOTOCO,POINT (1.3038832337273774 7.424051797864956)
_mview_agrimagazin_etablissements_magasin_intrant.fid-2fb68024_1a0f8324f77_-6e24,Plateaux,Ogou,Ogou 2,Katoré,Magasin de stockage d'engrais Aimequitaime,Katore,"{Lundi,Mercredi,Jeudi,Samedi,Dimanche}",Nsp,POINT (1.3268983333333333 7.397513333333334)
_mview_agrimagazin_etablissements_magasin_intrant.fid-2fb68024_1a0f8324f77_-6e23,Plateaux,Ogou,Ogou 2,Datcha,Magasin de stockage d'intrants Datcha ,Nsp,"{Lundi,Mardi,Mercredi,Jeudi,Vendredi}",CAGIA,POINT (1.1593583333333333 7.441073333333333)
_mview_agrimagazin_etablissements_magasin_intrant.fid-2fb68024_1a0f8324f77_-6e22,Plateaux,Ogou,Ogou 2,Datcha,Magasin de stockage d'intrants Koutago,Koutago,"{Lundi,Mardi,Mercredi,Jeudi,Vendredi,Samedi}",NSCT,POINT (1.1730583333333333 7.390750000000001)
_mview_agrimagazin_etablissements_magasin_intrant.fid-2fb68024_1a0f8324f77_-6e21,Plateaux,Ogou,Ogou 2,Datcha,Magasin de stockage d'intrants Datcha ,Datcha,"{Lundi,Mardi,Mercredi,Jeudi,Vendredi}",NSCT,POINT (1.1611321463729927 7.433789336849057)
_mview_agrimagazin_etablissements_magasin_intrant.fid-2fb68024_1a0f8324f77_-6e20,Plateaux,Ogou,Ogou 2,Datcha,Magasin d'intrants agricoles Egbedjrovi ,Egbedjrovi,"{Lundi,Mardi,Mercredi,Jeudi,Vendredi}",NSCT,POINT (1.1666152183334662 7.426491916306721)
_mview_agrimagazin_etablissements_magasin_intrant.fid-2fb68024_1a0f8324f77_-6e1f,Plateaux,Ogou,Ogou 2,Akparé,Magasin d'intrants agricoles Abi,Abi,"{Lundi,Mardi,Mercredi,Jeudi,Vendredi,Samedi,Dimanche}",SOTOCO,POINT (1.229375 7.476858333333333)
_mview_agrimagazin_etablissements_magasin_intrant.fid-2fb68024_1a0f8324f77_-6e1e,Plateaux,Ogou,Ogou 2,Akparé,Magasin de distribution d'engrais Ilama ,Ilama,"{Lundi,Mardi,Mercredi,Jeudi,Vendredi}",CAGIA,POINT (1.2457183333333333 7.496266666666666)
_mview_agrimagazin_etablissements_magasin_intrant.fid-2fb68024_1a0f8324f77_-6e1d,Plateaux,Ogou,Ogou 2,Akparé,Magasin d'intrants agricoles Akomegni,Akomegni,"{Lundi,Mardi,Mercredi,Jeudi,Vendredi,Samedi}",SOTOCO,POINT (1.2465971873121313 7.516248152182314)
_mview_agrimagazin_etablissements_magasin_intrant.fid-2fb68024_1a0f8324f77_-6e1c,Plateaux,Ogou,Ogou 2,Akparé,Magasin de stockage d'intrants Akakayi,Akakayi,Nsp,Nsp,POINT (1.3335633333333334 7.4289216666666675)
_mview_agrimagazin_etablissements_magasin_intrant.fid-2fb68024_1a0f8324f77_-6e1b,Plateaux,Ogou,Ogou 3,Gléi,Magasin de distribution d'engrais Koussogba ,Koussogba,Nsp,SOTOCO,POINT (1.0476326713589992 7.195873696366649)
_mview_agrimagazin_etablissements_magasin_intrant.fid-2fb68024_1a0f8324f77_-6e1a,Plateaux,Ogou,Ogou 3,Gléi,Magasin de distribution d'engrais Cagia Gléi,Glei,"{Lundi,Mardi,Mercredi,Jeudi,Vendredi,Samedi,Dimanche}",CAGIA,POINT (1.164874064767686 7.315667865365351)
_mview_agrimagazin_etablissements_magasin_intrant.fid-2fb68024_1a0f8324f77_-6e19,Plateaux,Ogou,Ogou 3,Gléi,Magasin de distribution d'engrais Abessan,Abessan,"{Lundi,Mardi,Mercredi,Jeudi,Vendredi,Samedi,Dimanche}",GPC,POINT (1.1463619111340484 7.3590333664371785)
_mview_agrimagazin_etablissements_magasin_intrant.fid-2fb68024_1a0f8324f77_-6e18,Plateaux,Ogou,Ogou 3,Gléi,Magasin de distribution d'engrais Amoutchou ,Datcha,"{Lundi,Mardi,Mercredi,Jeudi,Vendredi,Samedi}",GPC,POINT (1.1743924299663526 7.376039496098995)
_mview_agrimagazin_etablissements_magasin_intrant.fid-2fb68024_1a0f8324f77_-6e17,Plateaux,Ogou,Ogou 4,Ountivou,Magasin d'intrants agricoles Ountivou,Nsp,"{Samedi,Vendredi,Jeudi,Mercredi,Mardi,Lundi}",NSCT,POINT (1.5686113960061763 7.362311827813005)
_mview_agrimagazin_etablissements_magasin_intrant.fid-2fb68024_1a0f8324f77_-6e16,Plateaux,Ogou,Ogou 4,Ountivou,Magasin de stockage d'engrais Ahoetougbe,Nsp,{Dimanche},SOTOCO,POINT (1.5126582715671233 7.320248552648721)
_mview_agrimagazin_etablissements_magasin_intrant.fid-2fb68024_1a0f8324f77_-6e15,Plateaux,Wawa,Wawa 3,Ounabé,Magasin de stockage d'intrants Oudje ,Nsp,"{Lundi,Mardi,Mercredi,Jeudi,Vendredi}",GPCC,POINT (0.9339250469396697 7.554644531922781)
_mview_agrimagazin_etablissements_magasin_intrant.fid-2fb68024_1a0f8324f77_-6e14,Plateaux,Wawa,Wawa 3,Okou,Solim,Nsp,"{Lundi,Mardi,Mercredi,Jeudi,Vendredi}",Nsp,POINT (0.8555670147229282 7.56703519639498)
_mview_agrimagazin_etablissements_magasin_intrant.fid-2fb68024_1a0f8324f77_-6e13,Centrale,Blitta,Blitta 1,Pagala-Gare,Magasin de stockage d'intrants Cagia pagalagare ,Pagala carriere,"{Lundi,Mardi,Mercredi,Jeudi,Vendredi}",CAGIA,POINT (0.9845604101061961 8.176124000810322)
_mview_agrimagazin_etablissements_magasin_intrant.fid-2fb68024_1a0f8324f77_-6e12,Centrale,Blitta,Blitta 1,Pagala-Gare,Magasin de stockage d'intrants Gpctch anie ,"Pagala-gare, tchanie,","{Samedi,Dimanche,Lundi,Mardi,Mercredi,Jeudi,Vendredi}",NSCT,POINT (1.010958084688294 8.176273517825065)
_mview_agrimagazin_etablissements_magasin_intrant.fid-2fb68024_1a0f8324f77_-6e11,Centrale,Blitta,Blitta 1,Pagala-Gare,Magasin de stockage d'intrants Pagalalassa ,"Pagala-gare, lassa",Nsp,DRDR,POINT (0.9822792127129977 8.20296207979059)
_mview_agrimagazin_etablissements_magasin_intrant.fid-2fb68024_1a0f8324f77_-6e10,Centrale,Blitta,Blitta 1,Pagala-Gare,Magasin de stockage d'intrants Gpcpagalalassa ,Pagala-lassa,Nsp,GTZ,POINT (0.9820741647226007 8.202426346130208)
_mview_agrimagazin_etablissements_magasin_intrant.fid-2fb68024_1a0f8324f77_-6e0f,Centrale,Blitta,Blitta 1,Pagala-Gare,Magasin de stockage d'intrants Sotoco Pagalalassa ,Pagala lassa,Nsp,SOTOCO,POINT (0.9821560233508543 8.203050331041696)
_mview_agrimagazin_etablissements_magasin_intrant.fid-2fb68024_1a0f8324f77_-6e0e,Plateaux,Wawa,Wawa 1,Badou,Magasin de stockage d'engrais Badou ,Non loin de l'école centrale,"{Lundi,Mardi,Mercredi,Jeudi,Vendredi}",Nsp,POINT (0.6120388077140094 7.585015357746849)
_mview_agrimagazin_etablissements_magasin_intrant.fid-2fb68024_1a0f8324f77_-6e0d,Centrale,Blitta,Blitta 1,Blitta,Magasin de stockage d'intrants Gpckpawa ,"Blitta gare, kpawa 1","{Lundi,Mardi,Mercredi,Jeudi,Vendredi}",GPC KPAWA1,POINT (0.9318495154431338 8.371246605748302)
_mview_agrimagazin_etablissements_magasin_intrant.fid-2fb68024_1a0f8324f77_-6e0c,Centrale,Blitta,Blitta 1,Blitta,Magasin d'intrants agricoles Nsct blitta gare ,Lamakaza,"{Lundi,Mardi,Mercredi,Jeudi,Vendredi}",NSCT,POINT (0.9849066666666667 8.329806666666666)
_mview_agrimagazin_etablissements_magasin_intrant.fid-2fb68024_1a0f8324f77_-6e0b,Centrale,Blitta,Blitta 1,Blitta,Magasin de stockage d'intrants Gpc Kpawa ,Kpawa,"{Lundi,Mardi,Mercredi,Jeudi,Vendredi}",GPC KPAWA,POINT (0.9449633333333334 8.365260000000001)
_mview_agrimagazin_etablissements_magasin_intrant.fid-2fb68024_1a0f8324f77_-6e0a,Centrale,Blitta,Blitta 1,Blitta,Magasin Kpawa,Kpawa2,"{Lundi,Mardi,Mercredi,Jeudi,Vendredi}",GPC KPAWA2,POINT (0.9192267322987491 8.366271463374597)
_mview_agrimagazin_etablissements_magasin_intrant.fid-2fb68024_1a0f8324f77_-6e09,Centrale,Blitta,Blitta 1,Blitta,Magasin d'intrants agricoles You ,"You, blitta gare","{Lundi,Mercredi,Samedi}",Nsp,POINT (0.9935552957477933 8.277079120551258)
_mview_agrimagazin_etablissements_magasin_intrant.fid-2fb68024_1a0f8324f77_-6e08,Centrale,Blitta,Blitta 1,Blitta,Magasin Zongo,Zongo,"{Lundi,Mardi,Mercredi,Jeudi,Vendredi}",SOTOCO,POINT (0.9566737624451491 8.27899263089396)
_mview_agrimagazin_etablissements_magasin_intrant.fid-2fb68024_1a0f8324f77_-6e07,Centrale,Blitta,Blitta 1,Blitta,Magasin de stockage Gpchezouda ,Blitta gare,"{Lundi,Mardi,Mercredi,Jeudi,Vendredi,Samedi,Dimanche}",SOTOCO,POINT (0.9841773891039384 8.321937860022667)
_mview_agrimagazin_etablissements_magasin_intrant.fid-2fb68024_1a0f8324f77_-6e06,Centrale,Blitta,Blitta 1,Yaloumbè,Magasin de stockage d'intrants Yaloumbe ,S/c 90734580,"{Lundi,Mardi,Mercredi,Jeudi,Vendredi,Samedi,Dimanche}",ICAT CAGIA,POINT (1.078825 8.304325)
_mview_agrimagazin_etablissements_magasin_intrant.fid-2fb68024_1a0f8324f77_-6e05,Centrale,Blitta,Blitta 1,Yaloumbè,Magasin de stockage de sotoco Lama Were ,Nsp,Nsp,Abandonné,POINT (1.0889034567882951 8.315600124317633)
_mview_agrimagazin_etablissements_magasin_intrant.fid-2fb68024_1a0f8324f77_-6e04,Centrale,Blitta,Blitta 1,Doufouli,Magasin d'intrants agricoles Doufouli ,Doufouli/chez le chef,"{Lundi,Vendredi,Mardi}",AGAIB,POINT (0.928735 8.308595)
_mview_agrimagazin_etablissements_magasin_intrant.fid-2fb68024_1a0f8324f77_-6e03,Centrale,Blitta,Blitta 2,Tcharè-Baou,Magasin de stockage d'intrants Soussoukparogan ,Nsp,"{Lundi,Mardi,Mercredi,Jeudi,Vendredi}",CAGIA,POINT (1.0336093163642042 8.028502783139388)
_mview_agrimagazin_etablissements_magasin_intrant.fid-2fb68024_1a0f8324f77_-6e02,Centrale,Blitta,Blitta 2,Koffiti,Tchie-losso,Nsp,{Dimanche},NSCT,POINT (1.1137828691053708 8.00490193355885)
_mview_agrimagazin_etablissements_magasin_intrant.fid-2fb68024_1a0f8324f77_-6e01,Centrale,Blitta,Blitta 2,Langabou,Magasin d'intrants agricoles Langaboucentre ,Langabou/tchanganakondji,"{Samedi,Vendredi,Jeudi,Mercredi,Mardi,Lundi}",FIDA,POINT (1.1364795373239602 8.127648178610935)
_mview_agrimagazin_etablissements_magasin_intrant.fid-2fb68024_1a0f8324f77_-6e00,Centrale,Blitta,Blitta 2,Agbandi,Magasin d'intrants agricoles Agbandi ,En face de l'église catholique d'agbandi,"{Mardi,Vendredi,Samedi,Jeudi,Mercredi}",CAGIA,POINT (1.1358656740828155 8.222253777598471)
_mview_agrimagazin_etablissements_magasin_intrant.fid-2fb68024_1a0f8324f77_-6dff,Centrale,Blitta,Blitta 3,Welly,Magasin de stockage Welly centre ,Nsp,"{Lundi,Mardi,Mercredi,Jeudi,Vendredi,Samedi,Dimanche}",NSCT,POINT (0.8780146031775976 8.074334742548437)
_mview_agrimagazin_etablissements_magasin_intrant.fid-2fb68024_1a0f8324f77_-6dfe,Centrale,Blitta,Blitta 3,Welly,Magasin de stockage d Welly centre ,Nsp,"{Lundi,Mardi,Mercredi,Jeudi,Vendredi,Samedi,Dimanche}",NSCT,POINT (0.875262303198914 8.077969598766565)
_mview_agrimagazin_etablissements_magasin_intrant.fid-2fb68024_1a0f8324f77_-6dfd,Centrale,Blitta,Blitta 3,Welly,Magasin Touyede ,Nsp,"{Lundi,Mardi,Mercredi,Jeudi,Vendredi}",GPC,POINT (0.8966960875511895 8.060724919762917)
_mview_agrimagazin_etablissements_magasin_intrant.fid-2fb68024_1a0f8324f77_-6dfc,Centrale,Blitta,Blitta 3,Welly,Magasin Welly ,Nsp,"{Lundi,Mardi,Mercredi,Jeudi,Vendredi}",NSCT,POINT (0.8819099859640992 8.072558290707798)
_mview_agrimagazin_etablissements_magasin_intrant.fid-2fb68024_1a0f8324f77_-6dfb,Centrale,Blitta,Blitta 3,Tchifama,Magasin de stockage Sambonou ,Sambonou,"{Lundi,Mardi,Mercredi,Jeudi,Vendredi,Samedi,Dimanche}",CAGIA,POINT (0.8081852940511923 8.18689486020796)
_mview_agrimagazin_etablissements_magasin_intrant.fid-2fb68024_1a0f8324f77_-6dfa,Centrale,Blitta,Blitta 3,Yégué,Magasin d'intrants agricoles Yegue ,Nsp,"{Lundi,Mardi,Mercredi,Jeudi,Vendredi,Samedi,Dimanche}",GIZ,POINT (0.6536192865565685 8.176448873592399)
_mview_agrimagazin_etablissements_magasin_intrant.fid-2fb68024_1a0f8324f77_-6df9,Centrale,Blitta,Blitta 3,Katchenkè,Magasin d'intrants agricoles Katchenke ,Katchenke marché,"{Lundi,Mardi,Mercredi,Jeudi,Vendredi,Samedi}",PADAT,POINT (0.6875833333333333 8.199471666666666)
_mview_agrimagazin_etablissements_magasin_intrant.fid-2fb68024_1a0f8324f77_-6df8,Centrale,Mô,Mô 1,Boulohou,Magasin Adeli ,Nsp,"{Samedi,Vendredi,Jeudi,Mercredi,Mardi,Lundi}",CAGIA,POINT (0.7735978634645542 8.693591236949391)
_mview_agrimagazin_etablissements_magasin_intrant.fid-2fb68024_1a0f8324f77_-6df7,Centrale,Sotouboua,Sotouboua 1,Sotouboua,Watchalo,Sotouboua-togo,"{Lundi,Mardi,Mercredi,Jeudi,Vendredi}",NSCT,POINT (0.980537810910841 8.569501295868715)
_mview_agrimagazin_etablissements_magasin_intrant.fid-2fb68024_1a0f8324f77_-6df6,Centrale,Sotouboua,Sotouboua 1,Sotouboua,Magasin de stockage Sotouboua ,Nsp,"{Lundi,Mercredi,Vendredi}",CAGIA,POINT (0.9798319760339569 8.568003276595602)
_mview_agrimagazin_etablissements_magasin_intrant.fid-2fb68024_1a0f8324f77_-6df5,Centrale,Sotouboua,Sotouboua 1,Sotouboua,Magasin de stockage d'engrais Dereboua,Dereboua kokpayio,"{Lundi,Mardi,Mercredi,Jeudi,Vendredi,Samedi,Dimanche}",CAGIA,POINT (1.037892178170039 8.569732501651423)
_mview_agrimagazin_etablissements_magasin_intrant.fid-2fb68024_1a0f8324f77_-6df4,Centrale,Sotouboua,Sotouboua 1,Kaniamboua,Magasin Kaniamboua ,Kaniamboua,"{Lundi,Mardi,Mercredi,Jeudi,Vendredi}",NSCT,POINT (1.0079337904764338 8.618882622728618)
_mview_agrimagazin_etablissements_magasin_intrant.fid-2fb68024_1a0f8324f77_-6df3,Centrale,Sotouboua,Sotouboua 1,Kaniamboua,Tchare,Tchare-togo,"{Lundi,Mardi,Mercredi,Jeudi,Vendredi,Samedi,Dimanche}",CAGIA,POINT (1.002201352752339 8.605531115331438)
_mview_agrimagazin_etablissements_magasin_intrant.fid-2fb68024_1a0f8324f77_-6df2,Centrale,Sotouboua,Sotouboua 2,Séssaro,Magasin de stockage Gpcs onde,Sessaro / sonde,"{Lundi,Mardi,Mercredi,Jeudi,Vendredi,Samedi,Dimanche}",NSCT,POINT (1.1580728118578703 8.607557421318509)
_mview_agrimagazin_etablissements_magasin_intrant.fid-2fb68024_1a0f8324f77_-6df1,Centrale,Sotouboua,Sotouboua 2,Tittigbe,Magasin d'intrants agricoles Cgplaoude,Sessaro-laoude,"{Lundi,Mercredi,Jeudi,Vendredi,Samedi,Dimanche}",GPC ( SOTOCO ),POINT (1.1632478059560978 8.657747344316942)
_mview_agrimagazin_etablissements_magasin_intrant.fid-2fb68024_1a0f8324f77_-6df0,Centrale,Sotouboua,Sotouboua 2,Tittigbe,Magasin de stockage  Cagia titigbe,Titigbe carrefour ancien marché,"{Lundi,Mardi,Mercredi,Jeudi,Vendredi,Samedi,Dimanche}",CAGIA,POINT (1.099913010143485 8.61525466760416)
_mview_agrimagazin_etablissements_magasin_intrant.fid-2fb68024_1a0f8324f77_-6def,Centrale,Sotouboua,Sotouboua 2,Tittigbe,Magasin de stockage d'intrants Cagia teterou,Tittigbe-teterou,"{Lundi,Mardi,Jeudi,Vendredi,Samedi,Dimanche}",CAGIA,POINT (1.121776256723322 8.613967182626432)
_mview_agrimagazin_etablissements_magasin_intrant.fid-2fb68024_1a0f8324f77_-6dee,Centrale,Sotouboua,Sotouboua 2,Aouda,Magasin de stockage d'intrants Aoumono,Nsp,"{Samedi,Vendredi,Jeudi,Mercredi,Mardi,Lundi}",NSCT,POINT (1.1692711985960011 8.698513858512596)
_mview_agrimagazin_etablissements_magasin_intrant.fid-2fb68024_1a0f8324f77_-6ded,Centrale,Sotouboua,Sotouboua 2,Aouda,Magasin de stockage Aouda,Nsp,"{Vendredi,Mercredi,Mardi,Lundi,Samedi,Jeudi}",SOTOCO,POINT (1.0506583407706174 8.732879061117208)
_mview_agrimagazin_etablissements_magasin_intrant.fid-2fb68024_1a0f8324f77_-6dec,Centrale,Sotouboua,Sotouboua 2,Adjengré,Magasin Dalanda ,Nsp,"{Lundi,Jeudi}",CAGIA,POINT (1.0068425440058066 8.629684705267744)
_mview_agrimagazin_etablissements_magasin_intrant.fid-2fb68024_1a0f8324f77_-6deb,Centrale,Sotouboua,Sotouboua 2,Kériadé,Magasin Keriade ,Nsp,"{Samedi,Vendredi,Jeudi,Mercredi,Mardi,Lundi}",NSCT,POINT (0.933840110463846 8.68297249456316)
_mview_agrimagazin_etablissements_magasin_intrant.fid-2fb68024_1a0f8324f77_-6dea,Centrale,Sotouboua,Sotouboua 2,Adjengré,Magasin de stockage d'intrants Kougbelgou ,Nsp,"{Samedi,Vendredi,Jeudi,Mercredi,Mardi,Lundi}",DRDR,POINT (1.0192462321083469 8.650964707085592)
_mview_agrimagazin_etablissements_magasin_intrant.fid-2fb68024_1a0f8324f77_-6de9,Centrale,Sotouboua,Sotouboua 2,Adjengré,Magasin Babade ,Nsp,"{Samedi,Vendredi,Jeudi,Mercredi,Mardi,Lundi}",CAGIA,POINT (1.023488782605868 8.693524846131078)
_mview_agrimagazin_etablissements_magasin_intrant.fid-2fb68024_1a0f8324f77_-6de8,Centrale,Sotouboua,Sotouboua 2,Kériadé,Magasin Mango ,Nsp,"{Lundi,Mardi,Mercredi,Jeudi,Vendredi,Samedi,Dimanche}",NSCT,POINT (0.9012291550696813 8.689042939666498)
_mview_agrimagazin_etablissements_magasin_intrant.fid-2fb68024_1a0f8324f77_-6de7,Centrale,Sotouboua,Sotouboua 2,Kériadé,Magasin de stockage d'intrants Kariade ,Nsp,"{Lundi,Mardi,Mercredi,Jeudi,Vendredi,Samedi,Dimanche}",NSCT,POINT (0.9590719040471247 8.68826583285083)
_mview_agrimagazin_etablissements_magasin_intrant.fid-2fb68024_1a0f8324f77_-6de6,Centrale,Sotouboua,Sotouboua 2,Adjengré,Magasin de stockage Kougbelgou ,Kougbelgou,"{Lundi,Mardi,Mercredi,Jeudi,Vendredi}",SOTOCO,POINT (1.0190238373967955 8.65093306623662)
_mview_agrimagazin_etablissements_magasin_intrant.fid-2fb68024_1a0f8324f77_-6de5,Centrale,Sotouboua,Sotouboua 2,Adjengré,Magasin Babade ,Nsp,"{Lundi,Mercredi,Vendredi}",CAGIA,POINT (1.0250406882180028 8.697358866047232)
_mview_agrimagazin_etablissements_magasin_intrant.fid-2fb68024_1a0f8324f77_-6de4,Centrale,Sotouboua,Sotouboua 2,Adjengré,Magasin Babade ,Nsp,"{Lundi,Mercredi,Vendredi}",CAGIA,POINT (1.0243241148524016 8.692291202092006)
_mview_agrimagazin_etablissements_magasin_intrant.fid-2fb68024_1a0f8324f77_-6de3,Centrale,Mô,Mô 1,Djarkpanga,Magasin Kparakoude,Nsp,"{Lundi,Mardi,Mercredi,Jeudi,Vendredi,Samedi,Dimanche}",MAEDR,POINT (0.5638456783673268 8.783865485387013)
_mview_agrimagazin_etablissements_magasin_intrant.fid-2fb68024_1a0f8324f77_-6de2,Centrale,Sotouboua,Sotouboua 3,Kazaboua,Magasin de stockage d'intrants Pitiyo,Kazaboua/pitiyo,"{Lundi,Mardi,Mercredi,Jeudi,Vendredi,Samedi,Dimanche}",Nsp,POINT (1.083755487629886 8.428092812122573)
_mview_agrimagazin_etablissements_magasin_intrant.fid-2fb68024_1a0f8324f77_-6de1,Centrale,Sotouboua,Sotouboua 3,Kazaboua,Magasin de stockage d'intrants Kpelewai,Kazaboua-centre,"{Lundi,Mardi,Mercredi,Jeudi,Samedi,Dimanche,Vendredi}",NSCT,POINT (1.0786145124231057 8.427970957734637)
_mview_agrimagazin_etablissements_magasin_intrant.fid-2fb68024_1a0f8324f77_-6de0,Centrale,Sotouboua,Sotouboua 3,Bodjondè,Magasin de stockage d'intrants Lomouwai,Nsp,"{Lundi,Vendredi,Jeudi}",CAGIA,POINT (1.0423016959340146 8.428859737468729)
_mview_agrimagazin_etablissements_magasin_intrant.fid-2fb68024_1a0f8324f77_-6ddf,Centrale,Tchamba,Tchamba 1,Affem,Magasin d'intrants agricoles Affemkabye ,Nsp,"{Lundi,Mardi,Mercredi,Jeudi,Vendredi,Samedi,Dimanche}",PADAT,POINT (1.4934050661390617 9.152362579990532)
_mview_agrimagazin_etablissements_magasin_intrant.fid-2fb68024_1a0f8324f77_-6dde,Centrale,Tchamba,Tchamba 1,Affem,Magasin de distribution d'intrants Affemboussou,Nsp,"{Lundi,Mardi,Mercredi,Jeudi,Vendredi,Samedi,Dimanche}",CAGIA,POINT (1.530433464521118 9.120896809232907)
_mview_agrimagazin_etablissements_magasin_intrant.fid-2fb68024_1a0f8324f77_-6ddd,Centrale,Tchamba,Tchamba 1,Affem,Magasin de distribution d'intrants Boussoulou Haut,Nsp,"{Lundi,Mardi,Mercredi,Jeudi,Vendredi,Samedi,Dimanche}",PADAT,POINT (1.5684233333333335 9.134495)
_mview_agrimagazin_etablissements_magasin_intrant.fid-2fb68024_1a0f8324f77_-6ddc,Centrale,Tchaoudjo,Tchaoudjo 4,Agouloudè,Magasin de stockage d'intrants Agouloude,Cagia agouloude,"{Lundi,Mardi,Mercredi,Jeudi,Vendredi}",CAGIA,POINT (1.318815532077419 9.115930971991322)
_mview_agrimagazin_etablissements_magasin_intrant.fid-2fb68024_1a0f8324f77_-6ddb,Centrale,Tchamba,Tchamba 3,Kaboli,Magasin de stockage Iyatan Nlouwa,Nsp,"{Lundi,Mardi,Mercredi,Jeudi,Vendredi,Samedi,Dimanche}",Nsp,POINT (1.5755430529072023 8.747263227249652)
_mview_agrimagazin_etablissements_magasin_intrant.fid-2fb68024_1a0f8324f77_-6dda,Centrale,Tchamba,Tchamba 3,Kaboli,Magasin de stockage d'intrants Nsp,Nsp,"{Lundi,Mardi,Mercredi,Jeudi,Vendredi}",Nsp,POINT (1.590779077416115 8.74819064917077)
_mview_agrimagazin_etablissements_magasin_intrant.fid-2fb68024_1a0f8324f77_-6dd9,Centrale,Tchaoudjo,Tchaoudjo 3,Aléhéridè,Magasin de stockage Aleheride,Aleheride-togo,"{Lundi,Mardi,Mercredi,Jeudi,Vendredi}",ELISE COTRANE,POINT (1.2014017908496166 9.207055816955238)
_mview_agrimagazin_etablissements_magasin_intrant.fid-2fb68024_1a0f8324f77_-6dd8,Centrale,Tchaoudjo,Tchaoudjo 3,Kolina,Magasin de stockage d'intrants Kolina,Non loin de usp de kolina,"{Lundi,Mardi,Mercredi,Jeudi,Vendredi}",Chef canton,POINT (1.1442147437482941 9.10732871139805)
_mview_agrimagazin_etablissements_magasin_intrant.fid-2fb68024_1a0f8324f77_-6dd7,Centrale,Tchaoudjo,Tchaoudjo 1,Kparataou,Magasin de stockage d'engrais Alibi ,Sur la route nationale n°14 en face du dispensaire d'alibi 2,"{Lundi,Mardi,Mercredi,Jeudi,Vendredi,Samedi,Dimanche}",CAGIA,POINT (1.3037593956909002 8.964171984545143)
_mview_agrimagazin_etablissements_magasin_intrant.fid-2fb68024_1a0f8324f77_-6dd6,Centrale,Tchaoudjo,Tchaoudjo 1,Sokodè (Komah),Magasin de stockage d'intrants Sokode,Magasin de stockage d'engrais de la dra,"{Lundi,Mardi,Mercredi,Jeudi,Vendredi}",DRAEDR,POINT (1.1342336953817993 8.97350702234316)
_mview_agrimagazin_etablissements_magasin_intrant.fid-2fb68024_1a0f8324f77_-6dd5,Centrale,Tchaoudjo,Tchaoudjo 2,Lama-Tessi,Magasin de stockage Yarakabye,Côté ouest de la route en face de l'epp yara-kabyè/b,"{Lundi,Mardi,Mercredi,Jeudi,Vendredi,Samedi}",CAGIA,POINT (1.0720941105311546 8.806121102869344)
_mview_agrimagazin_etablissements_magasin_intrant.fid-2fb68024_1a0f8324f77_-6dd4,Centrale,Tchaoudjo,Tchaoudjo 2,Lama-Tessi,Magasin et bureau Lamatessizongo,Nsp,"{Vendredi,Samedi,Jeudi,Mercredi,Mardi,Lundi}",CAGIA,POINT (1.0776932100904788 8.831419009336441)
_mview_agrimagazin_etablissements_magasin_intrant.fid-2fb68024_1a0f8324f77_-6dd3,Centrale,Tchaoudjo,Tchaoudjo 2,Lama-Tessi,Magasin d'intrants agricoles Lepaysan,Nsp,"{Lundi,Mardi,Mercredi,Jeudi,Vendredi,Samedi}",Nsp,POINT (1.0748862758553255 8.84185362905461)
_mview_agrimagazin_etablissements_magasin_intrant.fid-2fb68024_1a0f8324f77_-6dd2,Centrale,Tchaoudjo,Tchaoudjo 3,Kéméni,Magasin d'intrants agricoles Kemeni,Nsp,"{Mardi,Mercredi,Vendredi}",CAGIA,POINT (1.2418133333333332 9.231551666666666)
_mview_agrimagazin_etablissements_magasin_intrant.fid-2fb68024_1a0f8324f77_-6dd1,Kara,Assoli,Assoli 1,Bafilo,Magasin de stockage Wawande,Wawande,Nsp,FNGPC(FÉDÉRATION NATIONALE DES GROUPEMENTS DE PRODUCTEURS DE COTON,POINT (1.2540669508782822 9.354098518642187)
_mview_agrimagazin_etablissements_magasin_intrant.fid-2fb68024_1a0f8324f77_-6dd0,Kara,Assoli,Assoli 2,Alédjo,Magasin de stockage d'intrants Aledjo Kadara,Nsp,"{Lundi,Mardi,Mercredi,Jeudi,Vendredi}",Communautaire,POINT (1.2094183333333333 9.25683)
_mview_agrimagazin_etablissements_magasin_intrant.fid-2fb68024_1a0f8324f77_-6dcf,Kara,Assoli,Assoli 2,Alédjo,Magasin de stockage d'engrais Essossina,Aledjo qt agarade,Nsp,Nsp,POINT (1.2235804127265375 9.279579213417108)
_mview_agrimagazin_etablissements_magasin_intrant.fid-2fb68024_1a0f8324f77_-6dce,Kara,Assoli,Assoli 2,Koumondè,Magasin de stockage d'intrants Koumonde,Nsp,"{Lundi,Mardi,Mercredi,Jeudi,Vendredi}",Nsp,POINT (1.2375747426534027 9.303394084324008)
_mview_agrimagazin_etablissements_magasin_intrant.fid-2fb68024_1a0f8324f77_-6dcd,Kara,Assoli,Assoli 3,Soudou,Magasin de stockage d'intrants Soudou,Soudou,"{Lundi,Mardi,Mercredi,Jeudi,Vendredi}",CAGIA,POINT (1.3751633333333333 9.361785)
_mview_agrimagazin_etablissements_magasin_intrant.fid-2fb68024_1a0f8324f77_-6dcc,Kara,Bassar,Bassar 1,Baghan,Magasin de stockage d'intrants Tchapossi,Aucun,"{Lundi,Mardi,Mercredi,Jeudi,Vendredi,Samedi}",CAGIA,POINT (0.6151558655718067 9.05802581963566)
_mview_agrimagazin_etablissements_magasin_intrant.fid-2fb68024_1a0f8324f77_-6dcb,Kara,Bassar,Bassar 1,Bassar,Magasin de stockage d'intrants Okore,Derrière direction icat,"{Lundi,Mardi,Mercredi,Jeudi,Vendredi}",Nsp,POINT (0.787277194247883 9.256117958609707)
_mview_agrimagazin_etablissements_magasin_intrant.fid-2fb68024_1a0f8324f77_-6dca,Kara,Bassar,Bassar 1,Bassar,Magasin de stockage d'intrants Bikoundjib,Nsp,"{Lundi,Mardi,Mercredi,Jeudi,Vendredi}",CAGIA,POINT (0.7823630528590158 9.258513357596563)
_mview_agrimagazin_etablissements_magasin_intrant.fid-2fb68024_1a0f8324f77_-6dc9,Kara,Bassar,Bassar 1,Bassar,Magasin de stockage d'engrais Biakpabe,Nsp,"{Lundi,Mardi,Mercredi,Jeudi,Vendredi,Samedi,Dimanche}",Nsp,POINT (0.7794494122405382 9.28265486212053)
_mview_agrimagazin_etablissements_magasin_intrant.fid-2fb68024_1a0f8324f77_-6dc8,Kara,Bassar,Bassar 2,Dimori,Magasin d'engrais Dimori,Nsp,"{Lundi,Mardi,Mercredi,Jeudi,Vendredi,Samedi}",STABEX,POINT (0.5907144628690314 9.197757459113607)
_mview_agrimagazin_etablissements_magasin_intrant.fid-2fb68024_1a0f8324f77_-6dc7,Kara,Bassar,Bassar 3,Kabou,Magasin de stockage d'engrais Takassi,Nsp,"{Lundi,Mardi,Mercredi,Jeudi,Vendredi,Samedi}",Nsp,POINT (0.8073054140867472 9.459535138705437)
_mview_agrimagazin_etablissements_magasin_intrant.fid-2fb68024_1a0f8324f77_-6dc6,Kara,Bassar,Bassar 3,Kabou,Magasin de stockage d'intrants Nct Kabou,Nsp,"{Lundi,Mardi,Mercredi,Jeudi,Vendredi,Samedi}",Nsp,POINT (0.8025175055743807 9.463464696968856)
_mview_agrimagazin_etablissements_magasin_intrant.fid-2fb68024_1a0f8324f77_-6dc5,Kara,Bassar,Bassar 4,Sanda-Afohou,Magasin d'intrants agricoles Afohou,Nsp,"{Lundi,Mercredi,Vendredi,Samedi}",CAGIA,POINT (0.9417430515539399 9.483332866465556)
_mview_agrimagazin_etablissements_magasin_intrant.fid-2fb68024_1a0f8324f77_-6dc4,Kara,Bassar,Bassar 4,Sanda-Kagbanda,Magasin de stockage d'intrants Kagbanda,Nsp,"{Lundi,Mardi,Mercredi,Jeudi,Vendredi,Samedi,Dimanche}",CAGIA,POINT (0.8980505620974426 9.486211810499732)
_mview_agrimagazin_etablissements_magasin_intrant.fid-2fb68024_1a0f8324f77_-6dc3,Kara,Bassar,Bassar 2,Bitchabe,Magasin de stockage d'intrants Bawelessi,Nsp,"{Lundi,Mardi,Mercredi,Jeudi,Vendredi,Samedi,Dimanche}",PADAT,POINT (0.6380631710859779 9.306936859950785)
_mview_agrimagazin_etablissements_magasin_intrant.fid-2fb68024_1a0f8324f77_-6dc2,Kara,Bassar,Bassar 2,Bangeli,Magasin de stockage d'intrants Bangeli ,Nsp,"{Lundi,Mardi,Mercredi,Jeudi,Vendredi,Samedi}",CAGIA,POINT (0.624298660913939 9.42201165009649)
_mview_agrimagazin_etablissements_magasin_intrant.fid-2fb68024_1a0f8324f77_-6dc1,Kara,Bassar,Bassar 2,Bangeli,Magasin de stockage d'intrants Biakpabe,Nsp,"{Lundi,Mardi,Jeudi,Vendredi}",Nsp,POINT (0.5971814675879559 9.419566499872431)
_mview_agrimagazin_etablissements_magasin_intrant.fid-2fb68024_1a0f8324f77_-6dc0,Kara,Bassar,Bassar 3,Manga,Magasin de stockage d'intrants Tampido,Nsp,"{Lundi,Mercredi,Jeudi,Vendredi,Samedi,Dimanche}",SOTOCO,POINT (0.6936886376246776 9.518678590699482)
_mview_agrimagazin_etablissements_magasin_intrant.fid-2fb68024_1a0f8324f77_-6dbf,Kara,Binah,Binah 1,Solla,Magasin de stockage d'intrants Kouyala,Nsp,"{Lundi,Mardi,Mercredi,Jeudi,Vendredi,Samedi,Dimanche}",SOTOCO,POINT (1.3483296861288634 9.889847718935101)
_mview_agrimagazin_etablissements_magasin_intrant.fid-2fb68024_1a0f8324f77_-6dbe,Kara,Binah,Binah 1,Solla,Magasin de stockage d'intrants Ihei,Iheï,"{Lundi,Mardi,Mercredi,Jeudi,Vendredi,Samedi,Dimanche}",SOTOCO,POINT (1.3381472002129882 9.958909059600257)
_mview_agrimagazin_etablissements_magasin_intrant.fid-2fb68024_1a0f8324f77_-6dbd,Kara,Binah,Binah 1,Solla,Magasin d'intrants agricoles Mayo,Nsp,"{Lundi,Mardi,Mercredi,Jeudi,Vendredi,Samedi,Dimanche}",CAGIA,POINT (1.3360901573098702 9.935929453286409)
_mview_agrimagazin_etablissements_magasin_intrant.fid-2fb68024_1a0f8324f77_-6dbc,Kara,Binah,Binah 1,Pessaré,Magasin de stockage Confesskwan,Confess-kwan/pessare,"{Vendredi,Dimanche}",CAGIA,POINT (1.244251904018299 9.796549469817238)
_mview_agrimagazin_etablissements_magasin_intrant.fid-2fb68024_1a0f8324f77_-6dbb,Kara,Binah,Binah 1,Boufalé,Magasin d'intrants agricoles Tchimande,Nsp,"{Lundi,Mardi,Jeudi,Mercredi,Vendredi,Samedi,Dimanche}",NSCT,POINT (1.327996386536207 9.85116506930275)
_mview_agrimagazin_etablissements_magasin_intrant.fid-2fb68024_1a0f8324f77_-6dba,Kara,Binah,Binah 1,Boufalé,Magasin de stockage d'intrants Pamah,Nsp,"{Lundi,Mardi,Mercredi,Jeudi,Vendredi}",SOTOCO,POINT (1.3281833333333335 9.81355)
_mview_agrimagazin_etablissements_magasin_intrant.fid-2fb68024_1a0f8324f77_-6db9,Kara,Binah,Binah 1,Boufalé,Magasin de stockage d'intrants Lamatessi,Nsp,"{Lundi,Mardi,Mercredi,Jeudi,Vendredi}",PADAT,POINT (1.2917899330483102 9.84339982304436)
_mview_agrimagazin_etablissements_magasin_intrant.fid-2fb68024_1a0f8324f77_-6db8,Kara,Binah,Binah 1,Pitikita,Magasin de stockage d'engrais Somde,Somde/pitikida,"{Mercredi,Jeudi,Vendredi}",PADAT,POINT (1.2695199282777496 9.769474559195963)
_mview_agrimagazin_etablissements_magasin_intrant.fid-2fb68024_1a0f8324f77_-6db7,Kara,Binah,Binah 1,Pagouda,Magasin d'intrants agricoles Assere,Nsp,"{Lundi,Mardi,Mercredi,Jeudi,Vendredi,Samedi,Dimanche}",CAGIA,POINT (1.2985608953355618 9.798742222097516)
_mview_agrimagazin_etablissements_magasin_intrant.fid-2fb68024_1a0f8324f77_-6db6,Kara,Binah,Binah 1,Pagouda,Magasin de stockage d'intrants Pagouda,Nsp,"{Lundi,Mardi,Mercredi,Jeudi,Vendredi,Samedi,Dimanche}",Nsp,POINT (1.3239959623350042 9.746551350007804)
_mview_agrimagazin_etablissements_magasin_intrant.fid-2fb68024_1a0f8324f77_-6db5,Kara,Binah,Binah 1,Pagouda,Magasin d'intrants agricoles Binano,Nsp,"{Lundi,Mardi,Mercredi,Jeudi,Vendredi,Samedi,Dimanche}",NSCT,POINT (1.3498394823504134 9.81848540804043)
_mview_agrimagazin_etablissements_magasin_intrant.fid-2fb68024_1a0f8324f77_-6db4,Kara,Binah,Binah 1,Pagouda,Magasin d'intrants agricoles Kagnissi,Nsp,"{Lundi,Mardi,Mercredi,Jeudi,Vendredi}",NSCT,POINT (1.326215154449374 9.764802114319473)
_mview_agrimagazin_etablissements_magasin_intrant.fid-2fb68024_1a0f8324f77_-6db3,Kara,Binah,Binah 1,Pagouda,Wazelao,Nsp,"{Lundi,Mardi,Mercredi}",CAGIA,POINT (1.3025544686077228 9.747617671500798)
_mview_agrimagazin_etablissements_magasin_intrant.fid-2fb68024_1a0f8324f77_-6db2,Kara,Binah,Binah 2,Sirka,Tchalaide,Sirka-tchalaide,"{Lundi,Mardi,Mercredi,Jeudi,Vendredi,Samedi}",Nsp,POINT (1.3426921123660829 9.536752732471808)
_mview_agrimagazin_etablissements_magasin_intrant.fid-2fb68024_1a0f8324f77_-6db1,Kara,Binah,Binah 2,Sirka,Magasin de stockage d'intrants Sirka,Nsp,"{Lundi,Mardi,Jeudi}",CAGIA,POINT (1.3252979553092195 9.56152057668677)
_mview_agrimagazin_etablissements_magasin_intrant.fid-2fb68024_1a0f8324f77_-6db0,Kara,Binah,Binah 2,Kétao,Magasin de distribution d'intrants Ketao,Nsp,"{Lundi,Mardi,Mercredi,Vendredi}",CAGIA,POINT (1.3158683333333334 9.667541666666667)
_mview_agrimagazin_etablissements_magasin_intrant.fid-2fb68024_1a0f8324f77_-6daf,Kara,Dankpen,Dankpen 1,Naompoch,Magasin d'intrants agricoles Kpamboua ,Nsp,"{Lundi,Mardi,Mercredi,Jeudi,Vendredi,Samedi,Dimanche}",Nsp,POINT (0.6339474728443606 9.756805065745622)
_mview_agrimagazin_etablissements_magasin_intrant.fid-2fb68024_1a0f8324f77_-6dae,Kara,Dankpen,Dankpen 1,Naompoch,Magasin de stockage d'intrants Och Centre ,Rue nampoch centre,"{Lundi,Mardi,Mercredi,Jeudi,Vendredi,Samedi,Dimanche}",NSCT,POINT (0.6228902725555421 9.769956525506576)
_mview_agrimagazin_etablissements_magasin_intrant.fid-2fb68024_1a0f8324f77_-6dad,Kara,Dankpen,Dankpen 1,Guérin-Kouka,Magasin d'intrants agricoles Yigmado ,Rue yigmado,"{Lundi,Mardi,Mercredi,Jeudi,Vendredi}",OLAM,POINT (0.6125958046900885 9.67581352080717)
_mview_agrimagazin_etablissements_magasin_intrant.fid-2fb68024_1a0f8324f77_-6dac,Kara,Dankpen,Dankpen 1,Guérin-Kouka,Magasin de distribution d'intrants Yigmado ,Rue yigmado,"{Lundi,Mardi,Mercredi,Jeudi,Vendredi}",FED,POINT (0.6133883333333333 9.673641666666667)
_mview_agrimagazin_etablissements_magasin_intrant.fid-2fb68024_1a0f8324f77_-6dab,Kara,Dankpen,Dankpen 3,Bapuré,Magasin de distribution d'engrais Bapure ,Nsp,"{Lundi,Mardi,Mercredi,Jeudi,Vendredi}",CAGIA,POINT (0.6162521735672287 9.52700913758285)
_mview_agrimagazin_etablissements_magasin_intrant.fid-2fb68024_1a0f8324f77_-6daa,Kara,Doufelgou,Doufelgou 1,Pouda,Magasin d'intrants agricoles Boulola,Pres du marché,"{Lundi,Mardi,Mercredi,Jeudi,Vendredi,Samedi,Dimanche}",TOGO GRAIN,POINT (1.2619362102906164 9.874151396708234)
_mview_agrimagazin_etablissements_magasin_intrant.fid-2fb68024_1a0f8324f77_-6da9,Kara,Kéran,Kéran 3,Warengo,Magasin Koutandiagou ,Nsp,"{Lundi,Mardi,Mercredi,Jeudi,Vendredi}",SOTOCO,POINT (1.1302425534079474 10.05081568446597)
_mview_agrimagazin_etablissements_magasin_intrant.fid-2fb68024_1a0f8324f77_-6da8,Kara,Kéran,Kéran 3,Warengo,Youyentoute,Wartema,"{Lundi,Mardi,Mercredi,Jeudi,Vendredi,Samedi,Dimanche}",Nsp,POINT (1.10605 10.070133333333333)
_mview_agrimagazin_etablissements_magasin_intrant.fid-2fb68024_1a0f8324f77_-6da7,Kara,Kéran,Kéran 3,Warengo,Magasin d'intrants agricoles Warengo Centre ,Warengo centre,"{Dimanche,Samedi,Vendredi,Jeudi,Mercredi,Mardi,Lundi}",SOTOCO,POINT (1.1196965021966414 10.092537887010055)
_mview_agrimagazin_etablissements_magasin_intrant.fid-2fb68024_1a0f8324f77_-6da6,Kara,Dankpen,Dankpen 1,Koulféikou,Magasin de stockage d'intrants Djakangou ,Rue djagangou,"{Lundi,Mardi,Mercredi,Jeudi,Vendredi,Samedi,Dimanche}",GPC,POINT (0.40575 9.983451666666667)
_mview_agrimagazin_etablissements_magasin_intrant.fid-2fb68024_1a0f8324f77_-6da5,Kara,Dankpen,Dankpen 1,Koulféikou,Magasin de stockage d'intrants Koulfiekou ,Koulfiekou centre,"{Lundi,Mardi,Mercredi,Jeudi,Vendredi,Samedi,Dimanche}",Nsp,POINT (0.4043170791396784 9.985030814601448)
_mview_agrimagazin_etablissements_magasin_intrant.fid-2fb68024_1a0f8324f77_-6da4,Kara,Doufelgou,Doufelgou 1,Siou,Magasin Borga,Au niveau du marché de siou,"{Lundi,Mardi,Mercredi,Jeudi,Vendredi,Samedi}",CAGIA,POINT (1.2008600615939984 9.822796835376455)
_mview_agrimagazin_etablissements_magasin_intrant.fid-2fb68024_1a0f8324f77_-6da3,Kara,Doufelgou,Doufelgou 1,Siou,Magasin de stockage d'engrais Koukou,A 100m de l'école primaire de koukou,"{Lundi,Mardi,Mercredi,Jeudi,Vendredi}",CAGIA,POINT (1.1840840576921992 9.795189438789015)
_mview_agrimagazin_etablissements_magasin_intrant.fid-2fb68024_1a0f8324f77_-6da2,Kara,Doufelgou,Doufelgou 1,Niamtougou,Magasin de stockage d'intrants Zongo ,Nsp,"{Lundi,Mardi,Mercredi,Jeudi,Vendredi}",CAGIA,POINT (1.1102043383141067 9.76341676203584)
_mview_agrimagazin_etablissements_magasin_intrant.fid-2fb68024_1a0f8324f77_-6da1,Kara,Doufelgou,Doufelgou 1,Niamtougou,Magasin de stockage d'intrants Kantambolo,A 5km de cg koka,Nsp,Nsp,POINT (1.114529728311114 9.777366754893789)
_mview_agrimagazin_etablissements_magasin_intrant.fid-2fb68024_1a0f8324f77_-6da0,Kara,Doufelgou,Doufelgou 1,Ténéga,Stockage d'engrais nspt Bidigou ,Pres du marché de tenega,"{Lundi,Vendredi,Mardi,Mercredi,Samedi,Dimanche}",NSCT,POINT (1.1338721685954432 9.814457850171095)
_mview_agrimagazin_etablissements_magasin_intrant.fid-2fb68024_1a0f8324f77_-6d9f,Kara,Doufelgou,Doufelgou 1,Massédéna,Magasin de stockage d'intrants NSCT Koumde ,Village de koumde près de l'antenne moov,"{Lundi,Mardi,Mercredi,Jeudi,Vendredi}",CAGIA,POINT (1.2743616966050484 9.956187209850768)
_mview_agrimagazin_etablissements_magasin_intrant.fid-2fb68024_1a0f8324f77_-6d9e,Kara,Doufelgou,Doufelgou 1,Massédéna,Magasin de stockage d'intrants Koumde ,Non loin de l'antenne moov,"{Lundi,Mardi,Mercredi,Jeudi,Vendredi}",MESIRIOR,POINT (1.274607922814041 9.956507326750371)
_mview_agrimagazin_etablissements_magasin_intrant.fid-2fb68024_1a0f8324f77_-6d9d,Kara,Doufelgou,Doufelgou 1,Massédéna,Magasin de stockage d'intrants Tchitchira,Nsp,"{Lundi,Mardi,Mercredi,Jeudi,Vendredi,Samedi,Dimanche}",Nsp,POINT (1.2879201092476953 10.003436877676464)
_mview_agrimagazin_etablissements_magasin_intrant.fid-2fb68024_1a0f8324f77_-6d9c,Kara,Doufelgou,Doufelgou 3,Léon,Magasin de stockage d'engrais Yaka ,Marché de léon,"{Lundi,Mardi,Mercredi,Jeudi,Vendredi,Samedi,Dimanche}",CAGIA,POINT (0.9524931866099793 9.651105743335213)
_mview_agrimagazin_etablissements_magasin_intrant.fid-2fb68024_1a0f8324f77_-6d9b,Kara,Doufelgou,Doufelgou 3,Léon,Magasin de stockage d'engrais Yaka ,A côté de l'epp yaka,"{Lundi,Mardi,Mercredi,Jeudi,Vendredi,Samedi,Dimanche}",Coopérative,POINT (0.9531805130881178 9.656581328839053)
_mview_agrimagazin_etablissements_magasin_intrant.fid-2fb68024_1a0f8324f77_-6d9a,Kara,Doufelgou,Doufelgou 3,Alloum,Magasin de stockage d'intrants Broukou ,Broukou non loin du marché,"{Lundi,Mardi,Mercredi,Vendredi,Jeudi}",DIRECTION PRÉFECTORALE,POINT (0.9148112539875455 9.738725130985449)
_mview_agrimagazin_etablissements_magasin_intrant.fid-2fb68024_1a0f8324f77_-6d99,Kara,Doufelgou,Doufelgou 3,Kadjalla,Magasin de stockage d'intrants Agounde,Proche de l epp agounde,"{Lundi,Mercredi,Jeudi}",NSCT,POINT (0.8843844262673594 9.839750819987524)
_mview_agrimagazin_etablissements_magasin_intrant.fid-2fb68024_1a0f8324f77_-6d98,Kara,Doufelgou,Doufelgou 3,Kadjalla,Magasin de stockage d'intrants Kadjala Centre ,Kadjalla centre pres de l'ancien marche,"{Lundi,Mardi,Mercredi,Jeudi,Vendredi,Samedi}",CAGIA,POINT (0.9743968814206982 9.801742642898237)
_mview_agrimagazin_etablissements_magasin_intrant.fid-2fb68024_1a0f8324f77_-6d97,Kara,Doufelgou,Doufelgou 3,Kadjalla,Magasin Kadjala Centre ,Au niveau du marché de kadjalla,"{Lundi,Mardi,Mercredi,Vendredi,Jeudi}",OSSARA,POINT (0.9818280796749181 9.80914322086663)
_mview_agrimagazin_etablissements_magasin_intrant.fid-2fb68024_1a0f8324f77_-6d96,Kara,Doufelgou,Doufelgou 3,Tchoré,Magasin de stockage d'intrants Tchore Centre ,Tchore centre pres de l'epp tchore ville,"{Lundi,Mercredi,Mardi,Jeudi,Vendredi,Samedi}",NSCT,POINT (1.0194346097416653 9.849770405163564)
_mview_agrimagazin_etablissements_magasin_intrant.fid-2fb68024_1a0f8324f77_-6d95,Kara,Doufelgou,Doufelgou 2,Défalé,Magasin Amonte ,Enceinte de la gendarmerie de défalé,"{Lundi,Mardi,Mercredi,Jeudi,Vendredi,Samedi}",CAGIA,POINT (1.0906438016765527 9.865628946453628)
_mview_agrimagazin_etablissements_magasin_intrant.fid-2fb68024_1a0f8324f77_-6d94,Kara,Kéran,Kéran 1,Kantè,Magasin de stockage d'intrants Kaouno,A 2 kilomètres de l'école de kaouno,"{Lundi,Mercredi,Samedi}",UEMOA,POINT (1.056769837497394 9.889996605490111)
_mview_agrimagazin_etablissements_magasin_intrant.fid-2fb68024_1a0f8324f77_-6d93,Kara,Kéran,Kéran 1,Kantè,Magasin de stockage d'intrants Nsct Awanda,Nsp,"{Lundi,Mardi,Mercredi,Jeudi,Vendredi,Samedi,Dimanche}",NSCT,POINT (1.0343883333333332 9.884955)
_mview_agrimagazin_etablissements_magasin_intrant.fid-2fb68024_1a0f8324f77_-6d92,Kara,Kéran,Kéran 1,Pessidè,Magasin Pesside Centre ,À 100m de epp de pesside,"{Lundi,Mercredi,Vendredi}",SOTOCO,POINT (0.9939147448492781 10.004313959026483)
_mview_agrimagazin_etablissements_magasin_intrant.fid-2fb68024_1a0f8324f77_-6d91,Kara,Kéran,Kéran 1,Pessidè,Magasin Ouloulita ,200m en allant vers l'école primaire publique pesside ancien b,{Dimanche},Nsp,POINT (0.9235018153679739 10.055045965958763)
_mview_agrimagazin_etablissements_magasin_intrant.fid-2fb68024_1a0f8324f77_-6d90,Kara,Kéran,Kéran 1,Pessidè,Magasin de stockage d'engrais Ouloulita ,Nsp,"{Lundi,Mardi,Jeudi,Mercredi,Vendredi,Samedi}",GPC OULOULITA,POINT (0.9434692876294635 10.024312347506527)
_mview_agrimagazin_etablissements_magasin_intrant.fid-2fb68024_1a0f8324f77_-6d8f,Kara,Kéran,Kéran 2,Hélota,Magasin de stockage d'intrants Helota ,A 200m du chef canton,"{Lundi,Mardi,Mercredi,Jeudi,Vendredi,Samedi}",NSCT,POINT (0.7717931853264467 9.927002352450378)
_mview_agrimagazin_etablissements_magasin_intrant.fid-2fb68024_1a0f8324f77_-6d8e,Kara,Kozah,Kozah 1,Landa,Magasin de distribution d'intrants Landa ,Nsp,"{Lundi,Mercredi,Vendredi}",ANADEB,POINT (1.265520936310904 9.675861886010393)
_mview_agrimagazin_etablissements_magasin_intrant.fid-2fb68024_1a0f8324f77_-6d8d,Kara,Kozah,Kozah 1,Lassa,Magasin de stockage d'intrants NSCT Ahodo ,Lassa ahodo,"{Lundi,Mardi,Mercredi,Jeudi,Vendredi,Samedi}",NSCT,POINT (1.2399637908899437 9.599640069073558)
_mview_agrimagazin_etablissements_magasin_intrant.fid-2fb68024_1a0f8324f77_-6d8c,Kara,Kozah,Kozah 1,Lassa,Magasin Alloum ,Nsp,"{Lundi,Mercredi,Vendredi}",ANADEB,POINT (1.2319011282819567 9.605560003389764)
_mview_agrimagazin_etablissements_magasin_intrant.fid-2fb68024_1a0f8324f77_-6d8b,Kara,Kozah,Kozah 1,Commune De Kara,Magasin de distribution d'intrants Cagia Teloude ,Nsp,"{Lundi,Mardi,Mercredi,Jeudi,Vendredi}",CAGIA,POINT (1.182923972514311 9.56107706895478)
_mview_agrimagazin_etablissements_magasin_intrant.fid-2fb68024_1a0f8324f77_-6d8a,Kara,Kozah,Kozah 1,Commune De Kara,Magasin de distribution d'intrants Cagia Agnram ,01bp: 2823,"{Lundi,Mardi,Mercredi,Jeudi,Vendredi}",CAGIA,POINT (1.1977438172069605 9.537608739998367)
_mview_agrimagazin_etablissements_magasin_intrant.fid-2fb68024_1a0f8324f77_-6d89,Kara,Kozah,Kozah 1,Commune De Kara,Magasin de distribution d'intrants Cofac ,Nsp,"{Lundi,Mardi,Mercredi,Jeudi,Vendredi}",ANSAT,POINT (1.1945090615706908 9.548402778953752)
_mview_agrimagazin_etablissements_magasin_intrant.fid-2fb68024_1a0f8324f77_-6d88,Kara,Kozah,Kozah 2,Kouméa,Magasin de stockage d'intrants Feouda ,Nsp,"{Lundi,Mardi,Mercredi,Jeudi,Vendredi}",CAGIA,POINT (1.229486959260276 9.69451746744424)
_mview_agrimagazin_etablissements_magasin_intrant.fid-2fb68024_1a0f8324f77_-6d87,Kara,Kozah,Kozah 2,Pya,Magasin de stockage d'intrants Lao ,Nsp,"{Lundi,Mardi,Mercredi,Jeudi,Vendredi}",CAGIA,POINT (1.1421063594788161 9.642604962467923)
_mview_agrimagazin_etablissements_magasin_intrant.fid-2fb68024_1a0f8324f77_-6d86,Kara,Kozah,Kozah 2,Pya,Magasin Kioude ,Nsp,"{Lundi,Mardi,Mercredi,Jeudi,Vendredi}",CAGIA,POINT (1.1430838183952736 9.665518507690797)
_mview_agrimagazin_etablissements_magasin_intrant.fid-2fb68024_1a0f8324f77_-6d85,Kara,Kozah,Kozah 2,Tchitchao,Magasin de stockage d'intrants Pou ,Nsp,"{Lundi,Mardi,Mercredi,Jeudi,Vendredi,Samedi,Dimanche}",Nsp,POINT (1.141829795735965 9.620606850762146)
_mview_agrimagazin_etablissements_magasin_intrant.fid-2fb68024_1a0f8324f77_-6d84,Kara,Kozah,Kozah 2,Sara-Kawa,Magasin de stockage d'intrants Kpesside ,Sarakawa/kpesside,"{Lundi,Mardi,Mercredi,Jeudi,Vendredi}",NSCT,POINT (0.9567997268260826 9.638797303389092)
_mview_agrimagazin_etablissements_magasin_intrant.fid-2fb68024_1a0f8324f77_-6d83,Kara,Kozah,Kozah 4,Atchangbadè,Magasin d'intrants agricoles Atchangbade ,Nsp,"{Lundi,Mardi,Mercredi,Jeudi,Vendredi}",MAEDR,POINT (1.1376629248553884 9.476141402513521)
_mview_agrimagazin_etablissements_magasin_intrant.fid-2fb68024_1a0f8324f77_-6d82,Savanes,Oti,Oti 2,Barkoissi,Magasin Lampouguini,Quartier lampouguini,"{Lundi,Mardi,Mercredi,Jeudi,Vendredi}",CAGIA,POINT (0.2997086791615754 10.552765224259167)
_mview_agrimagazin_etablissements_magasin_intrant.fid-2fb68024_1a0f8324f77_-6d81,Savanes,Oti,Oti 2,Barkoissi,Magasin de stockage d'engrais Nagbeni centre,Nsp,Nsp,Nsp,POINT (0.3963594025411488 10.610312298277272)
_mview_agrimagazin_etablissements_magasin_intrant.fid-2fb68024_1a0f8324f77_-6d80,Savanes,Tandjoaré,Tandjoaré 2,Sissiak,Nsp,Nsp,Nsp,Nsp,POINT (0.083905891624366 10.805709247930572)
_mview_agrimagazin_etablissements_magasin_intrant.fid-2fb68024_1a0f8324f77_-6d7f,Savanes,Tandjoaré,Tandjoaré 2,Sissiak,Nsp,Nsp,Nsp,Nsp,POINT (0.0743243830004315 10.7990366986114)
_mview_agrimagazin_etablissements_magasin_intrant.fid-2fb68024_1a0f8324f77_-6d7e,Savanes,Oti,Oti 1,Mango,Magasin de stockage d'intrants Bonsoukou,Nsp,"{Lundi,Mardi,Mercredi,Jeudi,Vendredi,Samedi,Dimanche}",CAGIA,POINT (0.5555625647224677 10.316078384216961)
_mview_agrimagazin_etablissements_magasin_intrant.fid-2fb68024_1a0f8324f77_-6d7d,Savanes,Oti,Oti 1,Mango,NSCT,Nsp,"{Lundi,Mardi,Mercredi,Jeudi,Vendredi,Samedi}",NSCT,POINT (0.4640394184787491 10.364516285674412)
_mview_agrimagazin_etablissements_magasin_intrant.fid-2fb68024_1a0f8324f77_-6d7c,Savanes,Oti,Oti 1,Sadori,Magasin de stockage d'intrants Sadori,Nsp,"{Lundi,Mardi,Mercredi,Jeudi,Vendredi}",CAGIA,POINT (0.4553495829861695 10.293201491128409)
_mview_agrimagazin_etablissements_magasin_intrant.fid-2fb68024_1a0f8324f77_-6d7b,Savanes,Tandjoaré,Tandjoaré 1,Loko,Nsp,Nsp,"{Lundi,Mercredi,Vendredi,Samedi}",Nsp,POINT (0.2497897857179522 10.611183132315587)
_mview_agrimagazin_etablissements_magasin_intrant.fid-2fb68024_1a0f8324f77_-6d7a,Savanes,Tandjoaré,Tandjoaré 1,Pligou,Magasin Pligou,Nsp,"{Vendredi,Jeudi,Mercredi,Lundi,Mardi}",Nsp,POINT (0.2726333061685096 10.652797019458166)
_mview_agrimagazin_etablissements_magasin_intrant.fid-2fb68024_1a0f8324f77_-6d79,Savanes,Tandjoaré,Tandjoaré 1,Bombouaka,Nsp,Nsp,"{Vendredi,Jeudi,Mercredi,Mardi,Lundi}",Nsp,POINT (0.2282194850356123 10.689909260284788)
_mview_agrimagazin_etablissements_magasin_intrant.fid-2fb68024_1a0f8324f77_-6d78,Savanes,Tône,Tône 1,Dapaong,Magasin de distribution d'intrants Nassable ,Nsp,"{Lundi,Mardi,Mercredi,Jeudi,Vendredi,Samedi}",ICAT,POINT (0.1984641926860996 10.883822435804163)
_mview_agrimagazin_etablissements_magasin_intrant.fid-2fb68024_1a0f8324f77_-6d77,Savanes,Tône,Tône 1,Dapaong,Magasin de distribution d'intrants Nassable ,Nsp,"{Lundi,Mardi,Mercredi,Vendredi,Samedi}",ANSAT,POINT (0.1940878893331161 10.878517685706125)
_mview_agrimagazin_etablissements_magasin_intrant.fid-2fb68024_1a0f8324f77_-6d76,Savanes,Tône,Tône 1,Dapaong,Magasin de distribution d'intrants Nagbongou ,Nsp,"{Lundi,Mardi,Mercredi,Jeudi,Vendredi,Samedi}",PADAT,POINT (0.1872512832167998 10.944219859595325)
_mview_agrimagazin_etablissements_magasin_intrant.fid-2fb68024_1a0f8324f77_-6d75,Savanes,Tône,Tône 1,Dapaong,Magasin de distribution d'intrants Djangou ,Nsp,"{Lundi,Mardi,Mercredi,Jeudi,Vendredi,Samedi}",NSCT,POINT (0.2479200085595609 10.81157668169601)
_mview_agrimagazin_etablissements_magasin_intrant.fid-2fb68024_1a0f8324f77_-6d74,Savanes,Tône,Tône 1,Dapaong,Magasin de distribution d'intrants Tone ,Nsp,"{Lundi,Mardi,Mercredi,Jeudi,Vendredi,Samedi}",ICAT,POINT (0.1995745372743845 10.885292837111102)
_mview_agrimagazin_etablissements_magasin_intrant.fid-2fb68024_1a0f8324f77_-6d73,Savanes,Tône,Tône 1,Bidjenga,Magasin de distribution d'intrants Cagia Bitchienga ,Nsp,"{Lundi,Mardi,Mercredi,Jeudi,Vendredi,Samedi}",CAGIA,POINT (0.2851159051766504 10.716162185969216)
_mview_agrimagazin_etablissements_magasin_intrant.fid-2fb68024_1a0f8324f77_-6d72,Savanes,Tône,Tône 2,Nanergou,Magasin de distribution d'intrants Nanergou ,Nsp,"{Lundi,Mercredi,Jeudi,Vendredi}",ICAT,POINT (0.1473190143737759 10.910849083350408)
_mview_agrimagazin_etablissements_magasin_intrant.fid-2fb68024_1a0f8324f77_-6d71,Savanes,Tône,Tône 2,Namaré,Magasin de distribution d'intrants Namare ,Nsp,"{Lundi,Mardi,Mercredi,Vendredi,Jeudi,Samedi}",CAGIA,POINT (0.0881749863392263 10.987774662957143)
_mview_agrimagazin_etablissements_magasin_intrant.fid-2fb68024_1a0f8324f77_-6d70,Savanes,Tône,Tône 2,Naki-Ouest,Magasin de distribution d'engrais Nakiouest ,Nsp,"{Lundi,Mercredi,Jeudi,Vendredi}",ICAT,POINT (0.0915900876603578 10.90698370280209)
_mview_agrimagazin_etablissements_magasin_intrant.fid-2fb68024_1a0f8324f77_-6d6f,Savanes,Tône,Tône 3,Nioukpourma,Magasin de distribution d'intrants Nioukpourma ,Nsp,Nsp,CAGIA,POINT (0.1357701787078025 10.835140574213021)
_mview_agrimagazin_etablissements_magasin_intrant.fid-2fb68024_1a0f8324f77_-6d6e,Savanes,Tône,Tône 3,Tami,Magasin de distribution d'intrants Tami ,Nsp,"{Lundi,Mardi,Mercredi,Jeudi,Vendredi,Samedi}",CAGIA,POINT (0.0415972105793468 10.861927795901254)
_mview_agrimagazin_etablissements_magasin_intrant.fid-2fb68024_1a0f8324f77_-6d6d,Savanes,Tône,Tône 3,Lotogou,Magasin de distribution d'intrants Lotogou Tampon ,Nsp,"{Lundi,Mardi,Mercredi,Jeudi,Vendredi,Samedi}",CAGIA,POINT (0.0237553963119606 10.798653057382907)
_mview_agrimagazin_etablissements_magasin_intrant.fid-2fb68024_1a0f8324f77_-6d6c,Savanes,Tône,Tône 3,Lotogou,Magasin de distribution d'intrants Cagia Lotogou ,Nsp,Nsp,CAGIA,POINT (0.0444526534284601 10.791392915157209)
