FID,region_nom_bdd,prefecture_nom_bdd,commune_nom_bdd,canton_nom_bdd,nom_localite,exploitation_nom,exploitation_annee,terrain,geometry
_mview_plantation_etablissements_plantation.fid-2fb68024_1a0f82ae2b1_4646,Kara,Binah,Binah 1,Solla,TININGOU,Plantation de Sabissou,2015,Prive - individuel,POINT (1.3585212361312127 9.889765354710017)
_mview_plantation_etablissements_plantation.fid-2fb68024_1a0f82ae2b1_4647,Kara,Binah,Binah 1,Solla,TININGOU,Plantation de Sabissou,2018,Prive - individuel,POINT (1.3597434406339537 9.881339127725095)
_mview_plantation_etablissements_plantation.fid-2fb68024_1a0f82ae2b1_4648,Plateaux,Danyi,Danyi 2,Danyi-Elavagnon,OGOBE 2,Plantation Kouya,1981,Prive - individuel,POINT (0.773917674881897 7.374404135190662)
_mview_plantation_etablissements_plantation.fid-2fb68024_1a0f82ae2b1_4649,Kara,Binah,Binah 2,Sirka,ATCHAOU,Plantation Akoulakou,2010,Prive - individuel,POINT (1.354708768879707 9.582332508327287)
_mview_plantation_etablissements_plantation.fid-2fb68024_1a0f82ae2b1_464a,Plateaux,Agou,Agou 1,Assahoun-Fiagbé,HADRE KOPE,Plantation Toko,1992,Prive - individuel,POINT (0.7060362461941199 6.809117726568373)
_mview_plantation_etablissements_plantation.fid-2fb68024_1a0f82ae2b1_464b,Centrale,Sotouboua,Sotouboua 2,Aouda,AOU-MONO,Plantation Seringa,1985,Prive - individuel,POINT (1.2002072829525199 8.693040919716967)
_mview_plantation_etablissements_plantation.fid-2fb68024_1a0f82ae2b1_464c,Kara,Binah,Binah 1,Pagouda,Tanfarou,Plantation Matagnibrou,1983,Prive - individuel,POINT (1.3589533009790178 9.74897277046602)
_mview_plantation_etablissements_plantation.fid-2fb68024_1a0f82ae2b1_464d,Kara,Binah,Binah 1,Solla,TININGOU,Plantation de Bafaliki,2010,Prive - individuel,POINT (1.3624455216711848 9.890506584692966)
_mview_plantation_etablissements_plantation.fid-2fb68024_1a0f82ae2b1_464e,Kara,Binah,Binah 1,Solla,TININGOU,Plantation de Sotou,2003,Prive - individuel,POINT (1.3636392614492368 9.889734675014482)
_mview_plantation_etablissements_plantation.fid-2fb68024_1a0f82ae2b1_464f,Kara,Binah,Binah 1,Solla,TININGOU,Plantation de Sotou,2012,Prive - individuel,POINT (1.3616210054863216 9.888680278094894)
_mview_plantation_etablissements_plantation.fid-2fb68024_1a0f82ae2b1_4650,Plateaux,Kloto,Kloto 2,Lavié,NIAMEGBE,Plantation Abotsi,1982,Prive - individuel,POINT (0.66094 7.099639999999999)
_mview_plantation_etablissements_plantation.fid-2fb68024_1a0f82ae2b1_4651,Plateaux,Kloto,Kloto 2,Lavié,AMEGAPE,Plantation Akpemado,1985,Prive - individuel,POINT (0.6599016666666666 7.105155)
_mview_plantation_etablissements_plantation.fid-2fb68024_1a0f82ae2b1_4652,Kara,Binah,Binah 1,Solla,TININGOU,Plantation de Ouwade,2012,Prive - individuel,POINT (1.3575008962170547 9.892885594438415)
_mview_plantation_etablissements_plantation.fid-2fb68024_1a0f82ae2b1_4653,Kara,Binah,Binah 1,Solla,TININGOU,Plantation Kpande,2019,Prive - individuel,POINT (1.367513267069354 9.889606364604088)
_mview_plantation_etablissements_plantation.fid-2fb68024_1a0f82ae2b1_4654,Kara,Binah,Binah 1,Solla,Tiningou,Plantation Kpande,2019,Prive - Collectivite coutumiere,POINT (1.368699520275851 9.889532284031128)
_mview_plantation_etablissements_plantation.fid-2fb68024_1a0f82ae2b1_4655,Kara,Binah,Binah 1,Solla,TININGOU,Plantation N'kpindi,2017,Prive - Collectivite coutumiere,POINT (1.3666205910146887 9.894422664805154)
_mview_plantation_etablissements_plantation.fid-2fb68024_1a0f82ae2b1_4656,Kara,Binah,Binah 1,Solla,TININGOU,Plantation Kezere,2019,Prive - Collectivite coutumiere,POINT (1.3659934535787799 9.896939511705291)
_mview_plantation_etablissements_plantation.fid-2fb68024_1a0f82ae2b1_4657,Kara,Binah,Binah 1,Solla,TININGOU,Plantation Pre,2015,Prive - Collectivite coutumiere,POINT (1.3635913816781502 9.896358308463633)
_mview_plantation_etablissements_plantation.fid-2fb68024_1a0f82ae2b1_4658,Kara,Binah,Binah 1,Solla,TININGOU,Plantation Wade,2005,Prive - Collectivite coutumiere,POINT (1.360347299417306 9.895491668538554)
_mview_plantation_etablissements_plantation.fid-2fb68024_1a0f82ae2b1_4659,Plateaux,Kloto,Kloto 2,Lavié,KPATO,Plantation Lakaza,1999,Prive - individuel,POINT (0.6379833333333333 7.0316149999999995)
_mview_plantation_etablissements_plantation.fid-2fb68024_1a0f82ae2b1_465a,Plateaux,Kloto,Kloto 2,Lavié,AGODE,Plantation de Café de Pitikire,1998,Prive - individuel,POINT (0.6380161598546871 7.041624718186567)
_mview_plantation_etablissements_plantation.fid-2fb68024_1a0f82ae2b1_465b,Kara,Binah,Binah 1,Pagouda,MADJATOM,Plantation Mana,2001,Prive - individuel,POINT (1.3673223765724285 9.810906402301093)
_mview_plantation_etablissements_plantation.fid-2fb68024_1a0f82ae2b1_465c,Kara,Binah,Binah 1,Boufalé,Banwanre,Plantation Abiguime,2007,Prive - individuel,POINT (1.360070743143117 9.858000896128216)
_mview_plantation_etablissements_plantation.fid-2fb68024_1a0f82ae2b1_465d,Centrale,Sotouboua,Sotouboua 2,Aouda,AOU-MONO,Plantation Padabou,1986,Prive - individuel,POINT (1.1766283116804066 8.691271932576575)
_mview_plantation_etablissements_plantation.fid-2fb68024_1a0f82ae2b1_465e,Centrale,Tchamba,Tchamba 1,Affem,BOUSSOULOU,Plantation d'Anacades Assoundo,2006,Prive - individuel,POINT (1.5597111909365489 9.123980551835228)
_mview_plantation_etablissements_plantation.fid-2fb68024_1a0f82ae2b1_465f,Centrale,Sotouboua,Sotouboua 2,Aouda,AOU-MONO,Plantation Padabow,2000,Prive - individuel,POINT (1.1865053670537944 8.692521510012606)
_mview_plantation_etablissements_plantation.fid-2fb68024_1a0f82ae2b1_4660,Centrale,Blitta,Blitta 3,Tchifama,TCHIFAMA,Plantation Souleymane,2020,Prive - individuel,POINT (0.7997733333333333 8.201336666666666)
_mview_plantation_etablissements_plantation.fid-2fb68024_1a0f82ae2b1_4661,Centrale,Blitta,Blitta 3,Tchifama,KIKINDRE,Plantation Souleymane,2017,Prive - individuel,POINT (0.78131 8.174923333333334)
_mview_plantation_etablissements_plantation.fid-2fb68024_1a0f82ae2b1_4662,Plateaux,Kloto,Kloto 2,Kpimé,AGOTIME-COPE,Plantation Awadi,2012,autre,POINT (0.5991641317905971 7.044304170473859)
_mview_plantation_etablissements_plantation.fid-2fb68024_1a0f82ae2b1_4663,Plateaux,Kloto,Kloto 2,Kpimé,AGOTIME-COPE,Plantation Ete-komi,2012,autre,POINT (0.5997828070723775 7.044877266472747)
_mview_plantation_etablissements_plantation.fid-2fb68024_1a0f82ae2b1_4664,Centrale,Blitta,Blitta 3,Atchintsè,Assoukoko,Plantation de Banane Plantain de Gbatti,2004,Prive - individuel,POINT (0.6772689297228834 8.011765195325648)
_mview_plantation_etablissements_plantation.fid-2fb68024_1a0f82ae2b1_4665,Plateaux,Kloto,Kloto 2,Kpimé,AGOTIME-COPE,Plantation Atsu,2002,autre,POINT (0.6014425234012449 7.0455668976300805)
_mview_plantation_etablissements_plantation.fid-2fb68024_1a0f82ae2b1_4666,Centrale,Blitta,Blitta 3,Dikpéléou,WADJILA,Plantation de Tecks de Nayo,2018,Prive - individuel,POINT (0.6118483333333333 8.196959999999999)
_mview_plantation_etablissements_plantation.fid-2fb68024_1a0f82ae2b1_4667,Plateaux,Kloto,Kloto 3,Kouma,DOVOTA,Plantation Adamou,2000,Prive - individuel,POINT (0.5948995354128395 7.004193977426158)
_mview_plantation_etablissements_plantation.fid-2fb68024_1a0f82ae2b1_4668,Centrale,Sotouboua,Sotouboua 2,Séssaro,HEMBELA,Plantation Ali,1998,Prive - individuel,POINT (1.2475305318631933 8.62550286893402)
_mview_plantation_etablissements_plantation.fid-2fb68024_1a0f82ae2b1_4669,Plateaux,Kloto,Kloto 2,Kpimé,DOVOTA,Plantation Awesso,2020,Prive - individuel,POINT (0.5940757220410418 7.026530587151066)
_mview_plantation_etablissements_plantation.fid-2fb68024_1a0f82ae2b1_466a,Centrale,Sotouboua,Sotouboua 3,Kazaboua,KAZA-KPALEWAI,Plantation Todiba,2019,Prive - individuel,POINT (1.1779314957011846 8.416495049219176)
_mview_plantation_etablissements_plantation.fid-2fb68024_1a0f82ae2b1_466b,Plateaux,Kloto,Kloto 1,Kpadapé,SEVENOKOPE,Plantation Atidepe,2017,Prive - individuel,POINT (0.5763564491328292 6.80127858810774)
_mview_plantation_etablissements_plantation.fid-2fb68024_1a0f82ae2b1_466c,Centrale,Tchaoudjo,Tchaoudjo 4,Agouloudè,AGBANDAOUDE,Plantation Salifou,2009,Prive - individuel,POINT (1.3882333052840832 9.22951984547666)
_mview_plantation_etablissements_plantation.fid-2fb68024_1a0f82ae2b1_466d,Centrale,Tchaoudjo,Tchaoudjo 4,Agouloudè,AGBANDAOUDE,Plantation Kpekpassi,1997,Prive - individuel,POINT (1.3873275972332708 9.232189827909554)
_mview_plantation_etablissements_plantation.fid-2fb68024_1a0f82ae2b1_466e,Centrale,Tchaoudjo,Tchaoudjo 4,Agouloudè,AGBANDAOUDE,Plantation Adam,2003,Prive - individuel,POINT (1.3880790782664147 9.233424602556788)
_mview_plantation_etablissements_plantation.fid-2fb68024_1a0f82ae2b1_466f,Plateaux,Danyi,Danyi 2,Ahlon,KOUSSOUNTOU,Plantation N'dandje,1982,Prive - individuel,POINT (0.6355966666666667 7.223648333333333)
_mview_plantation_etablissements_plantation.fid-2fb68024_1a0f82ae2b1_4670,Plateaux,Danyi,Danyi 2,Ahlon,KOUSSOUNTOU,Plantation N'dandje Kokou,1990,Prive - individuel,POINT (0.6364683993954056 7.223802754579774)
_mview_plantation_etablissements_plantation.fid-2fb68024_1a0f82ae2b1_4671,Centrale,Tchamba,Tchamba 1,Affem,AFFEM CARREFOUR,Plantation d'Anacades Adjeou,2005,Prive - individuel,POINT (1.5009138782051767 9.098115927383352)
_mview_plantation_etablissements_plantation.fid-2fb68024_1a0f82ae2b1_4672,Centrale,Tchamba,Tchamba 3,Kaboli,KPORO BOUA,Plantation d'Anacades Affokoumai,2000,Prive - individuel,POINT (1.4805766666666667 8.760695)
_mview_plantation_etablissements_plantation.fid-2fb68024_1a0f82ae2b1_4673,Plateaux,Kloto,Kloto 1,Hanyigba,HANYIGBA TODZI,Plantation Dussey,2020,Prive - individuel,POINT (0.55728 6.8911733333333345)
_mview_plantation_etablissements_plantation.fid-2fb68024_1a0f82ae2b1_4674,Maritime,Vo,Vo 3,Dzrékpo,YOHONOU,Plantation Somabe,Nsp,Prive - individuel,POINT (1.5666212728352127 6.456660600367619)
_mview_plantation_etablissements_plantation.fid-2fb68024_1a0f82ae2b1_4675,Centrale,Tchamba,Tchamba 1,Alibi I,AKOURA,Plantation d'Anacades Deabalo,1997,Prive - individuel,POINT (1.4027983333333334 8.893716666666668)
_mview_plantation_etablissements_plantation.fid-2fb68024_1a0f82ae2b1_4676,Centrale,Tchamba,Tchamba 3,Balanka,BALANKA,Plantation d'Anacades Affonda,2006,Prive - individuel,POINT (1.6088519671668138 8.861707089290734)
_mview_plantation_etablissements_plantation.fid-2fb68024_1a0f82ae2b1_4677,Plateaux,Agou,Agou 1,Agou-Iboé,WESSIDO,Plantation Boevi,2019,Prive - individuel,POINT (0.7817440933667045 6.8688319056739395)
_mview_plantation_etablissements_plantation.fid-2fb68024_1a0f82ae2b1_4678,Plateaux,Anié,Anié 2,Atchinédji,AYORE,Plantation Akoda,1998,Prive - individuel,POINT (1.4101416639731907 7.6264397405714215)
_mview_plantation_etablissements_plantation.fid-2fb68024_1a0f82ae2b1_4679,Centrale,Tchamba,Tchamba 1,Alibi I,ALIBI BLOC,Plantation d'Anacades Anamig,2012,Prive - individuel,POINT (1.4240971919160579 8.91527685820903)
_mview_plantation_etablissements_plantation.fid-2fb68024_1a0f82ae2b1_467a,Centrale,Tchamba,Tchamba 1,Larini,Kitchitcho,Plantation d'Anacades Tchangai,2010,Prive - individuel,POINT (1.4393476729353614 9.120536015616894)
_mview_plantation_etablissements_plantation.fid-2fb68024_1a0f82ae2b1_467b,Centrale,Tchamba,Tchamba 1,Larini,Larini,Plantation d'Anacades Koubere,2005,Prive - individuel,POINT (1.4208513520269241 9.074592033545784)
_mview_plantation_etablissements_plantation.fid-2fb68024_1a0f82ae2b1_467c,Maritime,Avé,Avé 1,Kévé,DJOKOPE,Plantation de Palmier Agbemadokponou,2012,Prive - individuel,POINT (1.043688169796759 6.445401118922405)
_mview_plantation_etablissements_plantation.fid-2fb68024_1a0f82ae2b1_467d,Plateaux,Agou,Agou 1,Agou-Atigbé,Sofié,Plantation Teck,2003,Domaine prive de l Etat ou des collectivites territoriales,POINT (0.7605746047941401 6.775634121603455)
_mview_plantation_etablissements_plantation.fid-2fb68024_1a0f82ae2b1_467e,Plateaux,Agou,Agou 1,Assahoun-Fiagbé,AGBALELE,Plantation Agbalele,1992,Prive - individuel,POINT (0.702874577662951 6.810625882906803)
_mview_plantation_etablissements_plantation.fid-2fb68024_1a0f82ae2b1_467f,Savanes,Oti-Sud,Oti-Sud 1,Tchamonga,KPOKOU,Plantation Douhore,2012,Prive - individuel,POINT (0.7127266871348127 10.492719416414552)
_mview_plantation_etablissements_plantation.fid-2fb68024_1a0f82ae2b1_4680,Savanes,Cinkassé,Cinkassé 1,Boadé,BOADE CENTRE,Plantation de Manguier de Sako,Nsp,Prive - individuel,POINT (-0.0732742539457921 11.126472481432648)
_mview_plantation_etablissements_plantation.fid-2fb68024_1a0f82ae2b1_4681,Savanes,Cinkassé,Cinkassé 1,Boadé,BOADE,Plantation de Manguier de Sako,Nsp,Prive - individuel,POINT (-0.0713475449516979 11.124924587651076)
_mview_plantation_etablissements_plantation.fid-2fb68024_1a0f82ae2b1_4682,Plateaux,Agou,Agou 1,Agou-Tavié,GADZEPE,Plantation Cacao,1980,Prive - individuel,POINT (0.7224456292284731 6.836004154471656)
_mview_plantation_etablissements_plantation.fid-2fb68024_1a0f82ae2b1_4683,Plateaux,Agou,Agou 1,Assahoun-Fiagbé,ASSAHOUN FIAGBE,Plantation Agbenya,2009,Prive - individuel,POINT (0.6991484390160835 6.799722799062479)
_mview_plantation_etablissements_plantation.fid-2fb68024_1a0f82ae2b1_4684,Maritime,Avé,Avé 1,Kévé,DJOKOPE,Plantation de Teck,2005,Prive - individuel,POINT (1.0451358426287993 6.44206481420883)
_mview_plantation_etablissements_plantation.fid-2fb68024_1a0f82ae2b1_4685,Maritime,Avé,Avé 1,Kévé,DJOKOPE,Plantation Teck de Bagna,1994,Prive - individuel,POINT (1.0445950000000002 6.452806666666667)
_mview_plantation_etablissements_plantation.fid-2fb68024_1a0f82ae2b1_4686,Maritime,Avé,Avé 1,Kévé,DJOKOPE,Plantation Teck de Gavlo,2012,Prive - individuel,POINT (1.051780886430003 6.449965195174946)
_mview_plantation_etablissements_plantation.fid-2fb68024_1a0f82ae2b1_4687,Maritime,Avé,Avé 1,Kévé,KADANGHAKOPE,Plantation Kadangha,Nsp,Nsp,POINT (0.9941448500517445 6.454380931606146)
_mview_plantation_etablissements_plantation.fid-2fb68024_1a0f82ae2b1_4688,Centrale,Sotouboua,Sotouboua 2,Adjengré,LIDAOUWE,Plantation de Manguier Takpegue,1986,Nsp,POINT (1.0010530043370915 8.694001237966868)
_mview_plantation_etablissements_plantation.fid-2fb68024_1a0f82ae2b1_4689,Kara,Assoli,Assoli 3,Soudou,BOUZRI,Plantation Bawa,2000,Prive - individuel,POINT (1.2654909794205387 9.292655027649367)
_mview_plantation_etablissements_plantation.fid-2fb68024_1a0f82ae2b1_468a,Savanes,Kpendjal,Kpendjal 1,Koundjoaré,TCHANLOAGA,Plantation de Yakoubou,2017,Prive - individuel,POINT (0.7652205337091784 10.992575032464497)
_mview_plantation_etablissements_plantation.fid-2fb68024_1a0f82ae2b1_468b,Savanes,Oti,Oti 2,Loko,KOUNKOGOU,Plantation Bantigre,1996,Prive - individuel,POINT (0.2413546989340589 10.583502362912514)
_mview_plantation_etablissements_plantation.fid-2fb68024_1a0f82ae2b1_468c,Savanes,Tône,Tône 1,Pana,PANAPAGOU,Plantation de Nana,2012,Prive - individuel,POINT (0.268254768131727 10.781879354213839)
_mview_plantation_etablissements_plantation.fid-2fb68024_1a0f82ae2b1_468d,Savanes,Tône,Tône 4,Kantindi,Kanbinlagou,Plantation de Tecks de Pougoumba,1970,Prive - individuel,POINT (0.2914264971614272 10.904858842898314)
_mview_plantation_etablissements_plantation.fid-2fb68024_1a0f82ae2b1_468e,Savanes,Tône,Tône 4,Kantindi,KANTINDI CENTRE,Plantation de Namgole,2020,Prive - individuel,POINT (0.2801132511260477 10.904813565077772)
_mview_plantation_etablissements_plantation.fid-2fb68024_1a0f82ae2b1_468f,Savanes,Tône,Tône 4,Kantindi,Monfante,Plantation de Manguier de Monfante,Nsp,Domaine prive de l Etat ou des collectivites territoriales,POINT (0.2795239961311761 10.903753399088357)
_mview_plantation_etablissements_plantation.fid-2fb68024_1a0f82ae2b1_4690,Savanes,Tône,Tône 4,Kantindi,KPIGUIDJINI,Plantation de Teck de Lale,Nsp,Prive - individuel,POINT (0.2612472238383216 10.957460827620897)
_mview_plantation_etablissements_plantation.fid-2fb68024_1a0f82ae2b1_4691,Maritime,Avé,Avé 1,Kévé,YOMETCHIN,Plantation de Teck,2010,Prive - individuel,POINT (1.013693719720312 6.488678930927163)
_mview_plantation_etablissements_plantation.fid-2fb68024_1a0f82ae2b1_4692,Maritime,Avé,Avé 1,Kévé,YOMETCHIN,Plantation de Teck,1998,Prive - individuel,POINT (1.0215382903740111 6.49787594825385)
_mview_plantation_etablissements_plantation.fid-2fb68024_1a0f82ae2b1_4693,Maritime,Avé,Avé 1,Kévé,YOMETCHIN,Plantation de Palmier Togbui,2007,Prive - individuel,POINT (1.019990700524371 6.493410548453583)
_mview_plantation_etablissements_plantation.fid-2fb68024_1a0f82ae2b1_4694,Maritime,Avé,Avé 1,Kévé,YOMETCHIN,Plantation de Bananeraie,1998,Prive - individuel,POINT (1.0106838140568755 6.480816619977305)
_mview_plantation_etablissements_plantation.fid-2fb68024_1a0f82ae2b1_4695,Maritime,Avé,Avé 1,Kévé,YOMETCHIN,Plantation de Bananeraie,2000,Prive - individuel,POINT (1.0089466010132921 6.484126821291785)
_mview_plantation_etablissements_plantation.fid-2fb68024_1a0f82ae2b1_4696,Maritime,Avé,Avé 1,Kévé,YOMETCHIN,Plantation de Palmier Ahiandzo,2011,Prive - individuel,POINT (1.0168535639718779 6.487715615895654)
_mview_plantation_etablissements_plantation.fid-2fb68024_1a0f82ae2b1_4697,Savanes,Tône,Tône 4,Kantindi,Oubitenigou,Plantation de Ronier de,1996,Prive - individuel,POINT (0.2828357606024788 10.940151219764118)
_mview_plantation_etablissements_plantation.fid-2fb68024_1a0f82ae2b1_4698,Maritime,Avé,Avé 1,Kévé,YOMETCHIN,Plantation de Palmier Agbanou,2001,Prive - individuel,POINT (1.0118110651174708 6.480453304069868)
_mview_plantation_etablissements_plantation.fid-2fb68024_1a0f82ae2b1_4699,Maritime,Avé,Avé 1,Kévé,LOOME,Plantation Alayi,2002,Prive - individuel,POINT (0.9963582870502711 6.485143820339584)
_mview_plantation_etablissements_plantation.fid-2fb68024_1a0f82ae2b1_469a,Maritime,Avé,Avé 1,Kévé,VOGANKOPE,Plantation Fapv,1985,Prive - individuel,POINT (1.0283523470990101 6.464422046065317)
_mview_plantation_etablissements_plantation.fid-2fb68024_1a0f82ae2b1_469b,Maritime,Avé,Avé 1,Kévé,LOOME,Plantation Teck de Agbavon,2004,Prive - individuel,POINT (1.0030439316378266 6.4887755768442945)
_mview_plantation_etablissements_plantation.fid-2fb68024_1a0f82ae2b1_469c,Maritime,Avé,Avé 1,Kévé,LOOME,Plantation de Palmier Tagan,2002,Prive - individuel,POINT (1.0095325655156673 6.493872633868802)
_mview_plantation_etablissements_plantation.fid-2fb68024_1a0f82ae2b1_469d,Maritime,Avé,Avé 1,Kévé,ANYRON,Plantation de Teck de Kpodjo,1999,Prive - individuel,POINT (0.9836833333333334 6.506448333333333)
_mview_plantation_etablissements_plantation.fid-2fb68024_1a0f82ae2b1_469e,Maritime,Avé,Avé 1,Assahoun,LOMOE_DZEMELEKOPE,Plantation de Teck de Noudoukou,1996,Prive - individuel,POINT (0.9296445038751034 6.5186169106120255)
_mview_plantation_etablissements_plantation.fid-2fb68024_1a0f82ae2b1_469f,Maritime,Avé,Avé 1,Assahoun,LOMOE_DZEMELEKOPE,Plantation de Teck de Sodjehoun,1997,Prive - individuel,POINT (0.930108707770347 6.517857950521554)
_mview_plantation_etablissements_plantation.fid-2fb68024_1a0f82ae2b1_46a0,Maritime,Avé,Avé 1,Assahoun,MEKOVIADE,Plantation de Techeraie D'okiki,2003,Prive - individuel,POINT (0.9053866666666667 6.48167)
_mview_plantation_etablissements_plantation.fid-2fb68024_1a0f82ae2b1_46a1,Maritime,Avé,Avé 1,Assahoun,LOMOE-DZEMELEKOPE,Plantation D'ouro-tagba,1991,Prive - individuel,POINT (0.929025 6.5202350000000004)
_mview_plantation_etablissements_plantation.fid-2fb68024_1a0f82ae2b1_46a2,Maritime,Avé,Avé 1,Assahoun,AMOTOKPE,Plantation de Techeraie D'adokpa,1988,Prive - individuel,POINT (0.9187782713914007 6.498284033969043)
_mview_plantation_etablissements_plantation.fid-2fb68024_1a0f82ae2b1_46a3,Maritime,Avé,Avé 1,Assahoun,ANAGOKOPÉ,Plantation de Techeraie D'amato,1988,Prive - individuel,POINT (0.9274663925314048 6.4988111579415)
_mview_plantation_etablissements_plantation.fid-2fb68024_1a0f82ae2b1_46a4,Maritime,Avé,Avé 1,Assahoun,ABOLEBE,Plantation de Palmier Kangbeni,1971,Prive - individuel,POINT (0.9402566666666666 6.494626666666666)
_mview_plantation_etablissements_plantation.fid-2fb68024_1a0f82ae2b1_46a5,Maritime,Avé,Avé 1,Assahoun,FERME D'AKAPO,Plantation de Techeraie D'akapo,1991,Prive - individuel,POINT (0.8977183333333334 6.425598333333332)
_mview_plantation_etablissements_plantation.fid-2fb68024_1a0f82ae2b1_46a6,Maritime,Avé,Avé 1,Assahoun,DJEGBAKONDJI,Plantation de Teck de Ndanikou,Nsp,Prive - individuel,POINT (0.8753623198824941 6.480040057384645)
_mview_plantation_etablissements_plantation.fid-2fb68024_1a0f82ae2b1_46a7,Maritime,Avé,Avé 1,Assahoun,DZEGBAKONDZI,Plantation de Techeraie Communautaire,1988,Prive - Collectivite coutumiere,POINT (0.872657690969182 6.472355147259274)
_mview_plantation_etablissements_plantation.fid-2fb68024_1a0f82ae2b1_46a8,Maritime,Avé,Avé 1,Assahoun,DZEGBAKONDZI,Plantation de Palmierde Togbuidzegba,2000,Prive - individuel,POINT (0.8757644592063218 6.473123701116511)
_mview_plantation_etablissements_plantation.fid-2fb68024_1a0f82ae2b1_46a9,Maritime,Avé,Avé 1,Assahoun,DZEGBAKONDZI,Plantation de Palmier Dzegba,2013,Prive - individuel,POINT (0.8769460931523578 6.472729138156618)
_mview_plantation_etablissements_plantation.fid-2fb68024_1a0f82ae2b1_46aa,Maritime,Avé,Avé 1,Assahoun,DZEGBAKONDZI,Plantation de Palmier Dzegba,1988,Prive - individuel,POINT (0.8779168728779517 6.471416475496874)
_mview_plantation_etablissements_plantation.fid-2fb68024_1a0f82ae2b1_46ab,Maritime,Avé,Avé 1,Assahoun,YEKPLEKONDZI,Plantation de Palmier Dgba,1988,Prive - individuel,POINT (0.8760438996039038 6.463101759126261)
_mview_plantation_etablissements_plantation.fid-2fb68024_1a0f82ae2b1_46ac,Maritime,Avé,Avé 1,Tovégan,HAVA,Plantation de Bananière de Lare,2015,Prive - individuel,POINT (0.96017 6.630575)
_mview_plantation_etablissements_plantation.fid-2fb68024_1a0f82ae2b1_46ad,Maritime,Avé,Avé 1,Tovégan,LOMOE-DZEMELEKOPE,Plantation Techeraie de Siamon,2003,Prive - individuel,POINT (0.9257178202632538 6.521881037738396)
_mview_plantation_etablissements_plantation.fid-2fb68024_1a0f82ae2b1_46ae,Maritime,Avé,Avé 1,Tovégan,LOMOE-DZEMELEKOPE,Plantation de Siamon,2003,Prive - individuel,POINT (0.9254278014560697 6.5235498443694295)
_mview_plantation_etablissements_plantation.fid-2fb68024_1a0f82ae2b1_46af,Maritime,Avé,Avé 1,Tovégan,AGNAVÉ,Plantation de Palmier Ahoto,1914,Prive - individuel,POINT (0.8986741702212449 6.599199773406999)
_mview_plantation_etablissements_plantation.fid-2fb68024_1a0f82ae2b1_46b0,Maritime,Avé,Avé 1,Tovégan,EKLOUKOPÉ,Plantation de PalmierGomela,1971,Prive - individuel,POINT (0.9050225918123198 6.603595120097017)
_mview_plantation_etablissements_plantation.fid-2fb68024_1a0f82ae2b1_46b1,Maritime,Avé,Avé 1,Tovégan,ANYAVE,Plantation de Palmierd'atou,1981,Prive - individuel,POINT (0.8994616666666667 6.60881)
_mview_plantation_etablissements_plantation.fid-2fb68024_1a0f82ae2b1_46b2,Maritime,Avé,Avé 1,Tovégan,ANYAVE,Plantation de Palmier Adjogble,1981,Prive - individuel,POINT (0.9010066666666667 6.6010083333333345)
_mview_plantation_etablissements_plantation.fid-2fb68024_1a0f82ae2b1_46b3,Maritime,Avé,Avé 1,Tovégan,ANYAVE,Plantation de Palmier Vigbedo,2009,Prive - individuel,POINT (0.8868716666666666 6.61177)
_mview_plantation_etablissements_plantation.fid-2fb68024_1a0f82ae2b1_46b4,Maritime,Avé,Avé 1,Tovégan,AZIKOPE,Plantation de Techeraie D'anato,1988,Prive - individuel,POINT (0.8726183333333334 6.592746666666667)
_mview_plantation_etablissements_plantation.fid-2fb68024_1a0f82ae2b1_46b5,Maritime,Avé,Avé 1,Ando,EKPOKOPE,Plantation Bagniab,2010,Prive - individuel,POINT (0.7853941757670211 6.544251025104548)
_mview_plantation_etablissements_plantation.fid-2fb68024_1a0f82ae2b1_46b6,Maritime,Avé,Avé 1,Zolo,DJOGBEKOPE,Plantation de Teck de Tekou Amedjogbe,2006,Prive - individuel,POINT (0.8924966666666666 6.350208333333334)
_mview_plantation_etablissements_plantation.fid-2fb68024_1a0f82ae2b1_46b7,Maritime,Avé,Avé 1,Zolo,KAVE,Plantation de Palmierde Alaga,Nsp,Prive - individuel,POINT (0.9088508123414308 6.3656408387329355)
_mview_plantation_etablissements_plantation.fid-2fb68024_1a0f82ae2b1_46b8,Maritime,Avé,Avé 1,Zolo,Tsiviépé,Plantation de Fruit de La Passion de Adjayi,Nsp,Prive - individuel,POINT (0.8908111770668365 6.4169380440701165)
_mview_plantation_etablissements_plantation.fid-2fb68024_1a0f82ae2b1_46b9,Maritime,Bas-Mono,Bas-Mono 1,Kpétsou,KATSIHOE,Plantation de Teck de Djiwonou,Nsp,Prive - individuel,POINT (1.5531389373211517 6.527145093544421)
_mview_plantation_etablissements_plantation.fid-2fb68024_1a0f82ae2b1_46ba,Maritime,Avé,Avé 1,Zolo,Tsiviépé,Plantation de Fruit de La Passion de Assigbley,2018,Prive - individuel,POINT (0.8922096030631277 6.417461422212214)
_mview_plantation_etablissements_plantation.fid-2fb68024_1a0f82ae2b1_46bb,Maritime,Avé,Avé 1,Edzi,FERME PELEYIKOPE,Plantation de Techeraie de Masoumalé,2000,Prive - individuel,POINT (0.8692183333333333 6.402721666666667)
_mview_plantation_etablissements_plantation.fid-2fb68024_1a0f82ae2b1_46bc,Maritime,Avé,Avé 1,Edzi,HOUNSSENOU,Plantation de Banane Plantain de Koudolo,1991,Prive - individuel,POINT (0.8741593193984569 6.383832791987394)
_mview_plantation_etablissements_plantation.fid-2fb68024_1a0f82ae2b1_46bd,Maritime,Avé,Avé 1,Edzi,AVALIVA,Plantation de Palmier Blukoassi,2016,Prive - individuel,POINT (0.8680141379398527 6.376216080339361)
_mview_plantation_etablissements_plantation.fid-2fb68024_1a0f82ae2b1_46be,Maritime,Avé,Avé 1,Edzi,FOFOKOPE,Plantation D'orangier D'aziantroga,2019,Prive - individuel,POINT (0.8689520697246863 6.398395354080567)
_mview_plantation_etablissements_plantation.fid-2fb68024_1a0f82ae2b1_46bf,Maritime,Avé,Avé 1,Edzi,FOFOKOPE,Plantation de Palmierde Adjossou,2015,Prive - individuel,POINT (0.8679141381771597 6.3992506756096805)
_mview_plantation_etablissements_plantation.fid-2fb68024_1a0f82ae2b1_46c0,Maritime,Avé,Avé 1,Edzi,ALAWOGBE,Plantation de Palmierde Gbadago,2007,Prive - individuel,POINT (0.8737653777130235 6.378937881808512)
_mview_plantation_etablissements_plantation.fid-2fb68024_1a0f82ae2b1_46c1,Maritime,Avé,Avé 1,Zolo,DEVEGOU,Plantation de Palmier Ablometi,Nsp,Prive - individuel,POINT (0.9150416666666668 6.3616399999999995)
_mview_plantation_etablissements_plantation.fid-2fb68024_1a0f82ae2b1_46c2,Maritime,Avé,Avé 1,Edzi,AKLOLOME,Plantation de Palmierde Blukossi,2015,Prive - individuel,POINT (0.8640131443720217 6.387778193920912)
_mview_plantation_etablissements_plantation.fid-2fb68024_1a0f82ae2b1_46c3,Maritime,Avé,Avé 1,Edzi,AKLOLOME,Plantation de Palmier dzinake,2011,Prive - individuel,POINT (0.8590514440491972 6.386022700741373)
_mview_plantation_etablissements_plantation.fid-2fb68024_1a0f82ae2b1_46c4,Maritime,Avé,Avé 1,Edzi,AVALIVA,Plantation de Palmier Akpegnon,2009,Prive - individuel,POINT (0.8647670893194274 6.378219366318739)
_mview_plantation_etablissements_plantation.fid-2fb68024_1a0f82ae2b1_46c5,Maritime,Avé,Avé 1,Edzi,HOUNSSENOU,Plantation de Palmier Adjgo,2000,Prive - individuel,POINT (0.874553929768248 6.382213816546175)
_mview_plantation_etablissements_plantation.fid-2fb68024_1a0f82ae2b1_46c6,Maritime,Avé,Avé 1,Edzi,SODEKOPE,Plantation D'orangier de Soudi,2014,Prive - individuel,POINT (0.8685439895469668 6.396305330246387)
_mview_plantation_etablissements_plantation.fid-2fb68024_1a0f82ae2b1_46c7,Maritime,Bas-Mono,Bas-Mono 1,Afagnan-Gbléta,KPOGANPEME,Plantation Koudjodji,Nsp,Prive - Collectivite coutumiere,POINT (1.5996600138259593 6.430360067305532)
_mview_plantation_etablissements_plantation.fid-2fb68024_1a0f82ae2b1_46c8,Maritime,Bas-Mono,Bas-Mono 1,Afagnan-Gbléta,Boloupeme,Plantation Kloutse,2001,Prive - Collectivite coutumiere,POINT (1.5995834712573653 6.4263422138034985)
_mview_plantation_etablissements_plantation.fid-2fb68024_1a0f82ae2b1_46c9,Maritime,Bas-Mono,Bas-Mono 1,Afagnan-Gbléta,BOLOUPEME,Plantation Adossou,2001,Prive - Collectivite coutumiere,POINT (1.598636861400917 6.426359030247837)
_mview_plantation_etablissements_plantation.fid-2fb68024_1a0f82ae2b1_46ca,Maritime,Bas-Mono,Bas-Mono 1,Afagnan-Gbléta,KLOLOGO,Plantation de Palmier Klologo,2000,Prive - individuel,POINT (1.588601666666667 6.415728333333334)
_mview_plantation_etablissements_plantation.fid-2fb68024_1a0f82ae2b1_46cb,Maritime,Bas-Mono,Bas-Mono 1,Afagnan-Gbléta,KLOLOGO LOGOVE,Plantation de Eucalyptus de Logove,2015,Prive - individuel,POINT (1.5867916666666668 6.436294999999999)
_mview_plantation_etablissements_plantation.fid-2fb68024_1a0f82ae2b1_46cc,Maritime,Bas-Mono,Bas-Mono 1,Afagnan-Gbléta,KLOLOGO LOGOVE,Plantation de Eucalyptus de Logove,2015,Prive - individuel,POINT (1.5858883333333333 6.436896666666667)
_mview_plantation_etablissements_plantation.fid-2fb68024_1a0f82ae2b1_46cd,Maritime,Bas-Mono,Bas-Mono 1,Afagnan-Gbléta,DZREKPO DJOULASSA,Plantation de Togble Komlavi Et de Koudouagbe Koffi,2008,Prive - individuel,POINT (1.574405279076468 6.4778930110238795)
_mview_plantation_etablissements_plantation.fid-2fb68024_1a0f82ae2b1_46ce,Plateaux,Kloto,Kloto 1,Agome-Kpalime,DUGAN,Plantation Ahialoho,2019,Prive - individuel,POINT (0.6149294246824784 6.905817552823063)
_mview_plantation_etablissements_plantation.fid-2fb68024_1a0f82ae2b1_46cf,Plateaux,Kloto,Kloto 1,Agome-Kpalime,DUGAN,Plantation de Palmier Woglo,2001,Prive - individuel,POINT (0.61784 6.905856666666667)
_mview_plantation_etablissements_plantation.fid-2fb68024_1a0f82ae2b1_46d0,Maritime,Avé,Avé 2,Badja,DJOKOPE,Plantation de Palmier et Teck de Agbo,2004,Prive - individuel,POINT (1.0409216666666665 6.432678333333333)
_mview_plantation_etablissements_plantation.fid-2fb68024_1a0f82ae2b1_46d1,Maritime,Avé,Avé 2,Badja,KPETOWUI,Plantation Teck de Assagba,2019,Prive - individuel,POINT (1.0382456740972725 6.428002129130374)
_mview_plantation_etablissements_plantation.fid-2fb68024_1a0f82ae2b1_46d2,Maritime,Avé,Avé 2,Badja,AZIABOUKOPE,Plantation Teck de Tchohoin,2019,Prive - individuel,POINT (1.0431736129867297 6.423550924933685)
_mview_plantation_etablissements_plantation.fid-2fb68024_1a0f82ae2b1_46d3,Maritime,Avé,Avé 2,Badja,DJOKOPE,Plantation de Teck,2012,Prive - individuel,POINT (1.028091175532918 6.436006587275038)
_mview_plantation_etablissements_plantation.fid-2fb68024_1a0f82ae2b1_46d4,Maritime,Avé,Avé 2,Badja,BAGBE,Plantation Petit,1997,Prive - individuel,POINT (1.0039983333333333 6.347435)
_mview_plantation_etablissements_plantation.fid-2fb68024_1a0f82ae2b1_46d5,Maritime,Avé,Avé 2,Badja,LANDOKOPE,Plantation Landokope,Nsp,Nsp,POINT (1.0133141939764498 6.355039154428461)
_mview_plantation_etablissements_plantation.fid-2fb68024_1a0f82ae2b1_46d6,Maritime,Avé,Avé 2,Badja,KOUDJRAGBE,Plantation Francklin,2005,Prive - individuel,POINT (0.9988157529875752 6.3527705275933215)
_mview_plantation_etablissements_plantation.fid-2fb68024_1a0f82ae2b1_46d7,Maritime,Avé,Avé 2,Badja,LANDOKOPE,Plantation Nadiere,2005,Prive - individuel,POINT (1.0219799999999999 6.355220000000001)
_mview_plantation_etablissements_plantation.fid-2fb68024_1a0f82ae2b1_46d8,Maritime,Bas-Mono,Bas-Mono 1,Kpétsou,Dzrekpo Hagou,Plantation de Teck de Hounvi,Nsp,Prive - individuel,POINT (1.5687954917655151 6.490446406857437)
_mview_plantation_etablissements_plantation.fid-2fb68024_1a0f82ae2b1_46d9,Centrale,Blitta,Blitta 1,Waragni,LANZI,Plantation Adiki,2016,Prive - individuel,POINT (1.045876171888205 8.2491995793789)
_mview_plantation_etablissements_plantation.fid-2fb68024_1a0f82ae2b1_46da,Centrale,Blitta,Blitta 1,Waragni,MALIKA,Plantation d'Anacades Malika,2000,Prive - individuel,POINT (1.039903712955436 8.27300327716383)
_mview_plantation_etablissements_plantation.fid-2fb68024_1a0f82ae2b1_46db,Centrale,Blitta,Blitta 1,Waragni,ADJIGBE,Plantation de Teck de Mossou,2003,Prive - individuel,POINT (0.9824266666666667 8.238521666666665)
_mview_plantation_etablissements_plantation.fid-2fb68024_1a0f82ae2b1_46dc,Centrale,Blitta,Blitta 1,Waragni,ADJIGBE,Plantation d'Anacades de Sokou,2016,Prive - individuel,POINT (0.9798912738364532 8.232888369848146)
_mview_plantation_etablissements_plantation.fid-2fb68024_1a0f82ae2b1_46dd,Centrale,Blitta,Blitta 1,Waragni,ADJIGBE,Plantation d'Anacades de Sokoutchapa,2010,Prive - individuel,POINT (0.9826870646357105 8.232646039621114)
_mview_plantation_etablissements_plantation.fid-2fb68024_1a0f82ae2b1_46de,Centrale,Blitta,Blitta 1,Waragni,ADJIGBE,Plantation de Mouletou,2016,Prive - individuel,POINT (0.9956122160138869 8.238385272657405)
_mview_plantation_etablissements_plantation.fid-2fb68024_1a0f82ae2b1_46df,Maritime,Vo,Vo 3,Dzrékpo,TOKPLI,Plantation Ets Bakou Et Fils,2016,Prive - individuel,POINT (1.5482099999999996 6.377188333333334)
_mview_plantation_etablissements_plantation.fid-2fb68024_1a0f82ae2b1_46e0,Maritime,Vo,Vo 3,Dzrékpo,Atchansi,Plantation Ametoko,Nsp,Prive - individuel,POINT (1.5480116868956948 6.448536974302932)
_mview_plantation_etablissements_plantation.fid-2fb68024_1a0f82ae2b1_46e1,Maritime,Vo,Vo 3,Dzrékpo,Atchanssi,Plantation de Palmier Ametoko,Nsp,Prive - individuel,POINT (1.5474945634368205 6.448723025565426)
_mview_plantation_etablissements_plantation.fid-2fb68024_1a0f82ae2b1_46e2,Maritime,Vo,Vo 3,Dzrékpo,Atchannssi,Plantation de Palmier Ametoko,Nsp,Prive - individuel,POINT (1.5374335391162486 6.448799160610257)
_mview_plantation_etablissements_plantation.fid-2fb68024_1a0f82ae2b1_46e3,Maritime,Vo,Vo 3,Dzrékpo,Atchanssi,Plantation de Faux Teck Ametoko,Nsp,Prive - individuel,POINT (1.5420691372901731 6.451185966583656)
_mview_plantation_etablissements_plantation.fid-2fb68024_1a0f82ae2b1_46e4,Maritime,Vo,Vo 3,Dzrékpo,Atchanssi,Plantation de Teck Ametoko,Nsp,Prive - individuel,POINT (1.544427685063297 6.4521088670439495)
_mview_plantation_etablissements_plantation.fid-2fb68024_1a0f82ae2b1_46e5,Maritime,Vo,Vo 3,Dzrékpo,Dzrekpo,Plantation du Lycee de Dzrekpo,Nsp,Domaine prive de l Etat ou des collectivites territoriales,POINT (1.5660255380235513 6.478216133305906)
_mview_plantation_etablissements_plantation.fid-2fb68024_1a0f82ae2b1_46e6,Maritime,Vo,Vo 3,Dzrékpo,KLOLOGO,Plantation de Palmier Klologo,2008,Prive - individuel,POINT (1.5893211933581264 6.412639628085677)
_mview_plantation_etablissements_plantation.fid-2fb68024_1a0f82ae2b1_46e7,Maritime,Vo,Vo 3,Dzrékpo,PELAPEME,Plantation de Palmier Pelapeme,2012,Prive - individuel,POINT (1.59264 6.401988333333333)
_mview_plantation_etablissements_plantation.fid-2fb68024_1a0f82ae2b1_46e8,Maritime,Vo,Vo 3,Dzrékpo,KLOLOGO,Plantation de Eucalyptus,2002,Prive - individuel,POINT (1.5731097122688862 6.410301040576912)
_mview_plantation_etablissements_plantation.fid-2fb68024_1a0f82ae2b1_46e9,Maritime,Vo,Vo 3,Dzrékpo,YOHONOU,Plantation de Sn Teck,Nsp,Prive - individuel,POINT (1.5664014943916422 6.455432715112541)
_mview_plantation_etablissements_plantation.fid-2fb68024_1a0f82ae2b1_46ea,Centrale,Tchaoudjo,Tchaoudjo 3,Amaïde,AMAÏDE HAUT,Plantation Zamari,2012,Prive - individuel,POINT (1.1907782738671402 9.187154278013978)
_mview_plantation_etablissements_plantation.fid-2fb68024_1a0f82ae2b1_46eb,Centrale,Tchaoudjo,Tchaoudjo 3,Amaïde,AMAÏDE HAUT,Plantation Iyama,2004,Prive - individuel,POINT (1.1908960438850136 9.184905174943164)
_mview_plantation_etablissements_plantation.fid-2fb68024_1a0f82ae2b1_46ec,Centrale,Tchaoudjo,Tchaoudjo 3,Amaïde,Amaïde-ho,Plantation Tchakedjeri,2015,Prive - individuel,POINT (1.1966904828058045 9.174701299126852)
_mview_plantation_etablissements_plantation.fid-2fb68024_1a0f82ae2b1_46ed,Centrale,Tchaoudjo,Tchaoudjo 3,Amaïde,Amaïde-mô,Plantation Koinzi,2004,Prive - individuel,POINT (1.1211148149292285 9.132864977949877)
_mview_plantation_etablissements_plantation.fid-2fb68024_1a0f82ae2b1_46ee,Centrale,Tchaoudjo,Tchaoudjo 3,Amaïde,AMAÏDE HAUT,Plantation Akondo,2007,Prive - individuel,POINT (1.1956853095721895 9.176877615819688)
_mview_plantation_etablissements_plantation.fid-2fb68024_1a0f82ae2b1_46ef,Centrale,Tchaoudjo,Tchaoudjo 3,Amaïde,knizaou,Plantation Agropastoral,2015,Prive - individuel,POINT (1.1671056478497541 9.15580837844768)
_mview_plantation_etablissements_plantation.fid-2fb68024_1a0f82ae2b1_46f0,Centrale,Tchaoudjo,Tchaoudjo 3,Amaïde,TCHAVALEM,Plantation Tchagodomou,2004,Prive - individuel,POINT (1.1984883333333334 9.180978333333334)
_mview_plantation_etablissements_plantation.fid-2fb68024_1a0f82ae2b1_46f1,Centrale,Tchaoudjo,Tchaoudjo 3,Amaïde,AMAOUDE,Plantation Tchadjobo,2002,Prive - individuel,POINT (1.1249016666666667 9.15591)
_mview_plantation_etablissements_plantation.fid-2fb68024_1a0f82ae2b1_46f2,Centrale,Tchaoudjo,Tchaoudjo 3,Amaïde,Amaoude,Plantation Adjemini Souleman,1997,Prive - individuel,POINT (1.1317909327050593 9.14468771711346)
_mview_plantation_etablissements_plantation.fid-2fb68024_1a0f82ae2b1_46f3,Centrale,Tchaoudjo,Tchaoudjo 3,Amaïde,AMOUDE,Plantation Ali,2005,Prive - individuel,POINT (1.13287 9.148318333333332)
_mview_plantation_etablissements_plantation.fid-2fb68024_1a0f82ae2b1_46f4,Centrale,Tchaoudjo,Tchaoudjo 3,Amaïde,Kodjokende,Plantation Esso,2015,Prive - individuel,POINT (1.1569012588610619 9.163379690325753)
_mview_plantation_etablissements_plantation.fid-2fb68024_1a0f82ae2b1_46f5,Centrale,Tchaoudjo,Tchaoudjo 3,Amaïde,KOLINA,Plantation Kpelafia,2013,Prive - individuel,POINT (1.171747398428441 9.12727798272031)
_mview_plantation_etablissements_plantation.fid-2fb68024_1a0f82ae2b1_46f6,Centrale,Tchaoudjo,Tchaoudjo 3,Amaïde,KOLINA,Plantation Pelafia,2019,Prive - individuel,POINT (1.1689347021428467 9.128359406072937)
_mview_plantation_etablissements_plantation.fid-2fb68024_1a0f82ae2b1_46f7,Maritime,Vo,Vo 1,Vogan,PEDAKONDJI,Plantation de Cocotiers Atayi,Nsp,Prive - individuel,POINT (1.5347966666666664 6.321456666666667)
_mview_plantation_etablissements_plantation.fid-2fb68024_1a0f82ae2b1_46f8,Maritime,Vo,Vo 1,Vogan,HOUNLOKOE,Plantation de Cocotiers Awoukou,1992,Prive - individuel,POINT (1.5651883333333334 6.294803333333334)
_mview_plantation_etablissements_plantation.fid-2fb68024_1a0f82ae2b1_46f9,Maritime,Vo,Vo 1,Vogan,Pedakondji,Plantation de Cocotiers Locoh,1940,Prive - individuel,POINT (1.5386499999999999 6.31657)
_mview_plantation_etablissements_plantation.fid-2fb68024_1a0f82ae2b1_46fa,Maritime,Vo,Vo 1,Vogan,Keta Hounlokoe,Plantation de Cocotiers Et Bananiers Sekpona,Nsp,Prive - individuel,POINT (1.5658166666666669 6.295485)
_mview_plantation_etablissements_plantation.fid-2fb68024_1a0f82ae2b1_46fb,Maritime,Vo,Vo 1,Vogan,ADAKPOKONDJI,Plantation de Teck Sn,Nsp,Prive - individuel,POINT (1.4817342281250594 6.371730218160055)
_mview_plantation_etablissements_plantation.fid-2fb68024_1a0f82ae2b1_46fc,Maritime,Vo,Vo 1,Vogan,GAGBLE,Plantation Ets Bakou Et Fils,2013,Prive - individuel,POINT (1.5251566666666667 6.36373)
_mview_plantation_etablissements_plantation.fid-2fb68024_1a0f82ae2b1_46fd,Maritime,Vo,Vo 1,Vogan,Legbanou,Plantation de Palmier Collectivite Kondo 1,1970,Prive - individuel,POINT (1.5247516666666665 6.378823333333334)
_mview_plantation_etablissements_plantation.fid-2fb68024_1a0f82ae2b1_46fe,Maritime,Vo,Vo 1,Vogan,Legbanou,Plantation de Palmier Collectivite Kondo 2,1970,Prive - individuel,POINT (1.5250249999999999 6.379511666666668)
_mview_plantation_etablissements_plantation.fid-2fb68024_1a0f82ae2b1_46ff,Maritime,Vo,Vo 1,Vogan,ADJODOGOU,Plantation de Manguier Agbemon,Nsp,Nsp,POINT (1.5706544066451298 6.321475355297109)
_mview_plantation_etablissements_plantation.fid-2fb68024_1a0f82ae2b1_4700,Maritime,Vo,Vo 1,Vogan,BAME,Plantation de Palmier Fiosse,Nsp,Prive - individuel,POINT (1.5142333333333335 6.334410000000001)
_mview_plantation_etablissements_plantation.fid-2fb68024_1a0f82ae2b1_4701,Maritime,Vo,Vo 1,Vogan,GBEKEME,Plantation du Rejeppat,2010,Domaine public de l Etat ou des collectivites territoriales,POINT (1.5274316847596732 6.327057688555039)
_mview_plantation_etablissements_plantation.fid-2fb68024_1a0f82ae2b1_4702,Maritime,Vo,Vo 1,Vogan,Gbekeme,Plantation Ferme Zoto,2005,Prive - individuel,POINT (1.5280619789595349 6.3274190672442945)
_mview_plantation_etablissements_plantation.fid-2fb68024_1a0f82ae2b1_4703,Maritime,Vo,Vo 1,Vogan,TETEKONDJI,Plantation Papayeraie Didier,Nsp,Nsp,POINT (1.5434466666666666 6.302065000000001)
_mview_plantation_etablissements_plantation.fid-2fb68024_1a0f82ae2b1_4704,Maritime,Vo,Vo 1,Vogan,KETA SOKPOE,Plantation de La Canne à Sucre Bruno,Nsp,Prive - individuel,POINT (1.5465283333333333 6.298253333333334)
_mview_plantation_etablissements_plantation.fid-2fb68024_1a0f82ae2b1_4705,Maritime,Vo,Vo 1,Vogan,KETA SOKPOE,Plantation Cocoteraie Epoussiho,Nsp,Prive - individuel,POINT (1.5481366666666667 6.297043333333333)
_mview_plantation_etablissements_plantation.fid-2fb68024_1a0f82ae2b1_4706,Maritime,Vo,Vo 1,Vogan,KETA SOKPOE,Plantation de La Canne à Sucre Wassekoi,2020,autre,POINT (1.5477616666666667 6.296253333333334)
_mview_plantation_etablissements_plantation.fid-2fb68024_1a0f82ae2b1_4707,Maritime,Vo,Vo 1,Vo-Koutimé,AYATA,Plantation de Manguier de Agnron,1990,Prive - individuel,POINT (1.5643454594889796 6.334538511124139)
_mview_plantation_etablissements_plantation.fid-2fb68024_1a0f82ae2b1_4708,Maritime,Vo,Vo 1,Vo-Koutimé,AGBLEGAN,Plantation de Palmier Sodji,Nsp,Prive - Collectivite coutumiere,POINT (1.5547419203367878 6.352639602626283)
_mview_plantation_etablissements_plantation.fid-2fb68024_1a0f82ae2b1_4709,Maritime,Vo,Vo 1,Vo-Koutimé,LOGODOME,Plantation de Palmier Kpatogbe,Nsp,autre,POINT (1.557915419676544 6.344234804140962)
_mview_plantation_etablissements_plantation.fid-2fb68024_1a0f82ae2b1_470a,Maritime,Vo,Vo 1,Vo-Koutimé,ADAGBEVI,Plantation de Palmier Koudjonou,Nsp,Prive - individuel,POINT (1.5642616666666669 6.3542250000000005)
_mview_plantation_etablissements_plantation.fid-2fb68024_1a0f82ae2b1_470b,Maritime,Vo,Vo 1,Vo-Koutimé,ADAGBEVI,Plantation de Palmier Amewonovi,Nsp,Prive - individuel,POINT (1.565032621686056 6.355768968218313)
_mview_plantation_etablissements_plantation.fid-2fb68024_1a0f82ae2b1_470c,Maritime,Vo,Vo 1,Vo-Koutimé,ADAGBEVI,Plantation de Palmier Afandolo,Nsp,autre,POINT (1.563686666666667 6.355445)
_mview_plantation_etablissements_plantation.fid-2fb68024_1a0f82ae2b1_470d,Maritime,Vo,Vo 1,Vo-Koutimé,DAGBEVI,Plantation de Palmier Afandolo,Nsp,autre,POINT (1.5614475814488895 6.353942403601469)
_mview_plantation_etablissements_plantation.fid-2fb68024_1a0f82ae2b1_470e,Maritime,Vo,Vo 1,Vo-Koutimé,KOUTIME,Plantation de Canne A Sucre Lansoude,Nsp,Nsp,POINT (1.5694983333333337 6.363784999999999)
_mview_plantation_etablissements_plantation.fid-2fb68024_1a0f82ae2b1_470f,Maritime,Vo,Vo 1,Vo-Koutimé,KOUTIME,Plantation de Ecalptus de La Propriete de La Collectivite Esse,Nsp,Nsp,POINT (1.5664840454531428 6.3669891958270135)
_mview_plantation_etablissements_plantation.fid-2fb68024_1a0f82ae2b1_4710,Maritime,Vo,Vo 1,Vo-Koutimé,GLOPE HAGOUME,Plantation de Cocotiers Glope Hagoume,Nsp,Prive - individuel,POINT (1.6034831586731755 6.366892357086147)
_mview_plantation_etablissements_plantation.fid-2fb68024_1a0f82ae2b1_4711,Maritime,Vo,Vo 1,Vo-Koutimé,KOUTIME,Plantation de Palmier et Cocotiers Avounato,Nsp,Prive - individuel,POINT (1.5673150000000002 6.369325)
_mview_plantation_etablissements_plantation.fid-2fb68024_1a0f82ae2b1_4712,Maritime,Vo,Vo 1,Vo-Koutimé,BADAKOPE,Plantation de Palmier Afantchaonou,Nsp,autre,POINT (1.5790349999999997 6.362781666666666)
_mview_plantation_etablissements_plantation.fid-2fb68024_1a0f82ae2b1_4713,Maritime,Vo,Vo 1,Vo-Koutimé,ATTISSOGBE,Plantation de La Canne à Sucre de Mensanh,2017,autre,POINT (1.5726066666666667 6.380303333333334)
_mview_plantation_etablissements_plantation.fid-2fb68024_1a0f82ae2b1_4714,Maritime,Vo,Vo 1,Vo-Koutimé,SOKO BALIME,Plantation de Palmier Adjignon,Nsp,Prive - individuel,POINT (1.5816416666666668 6.359183333333334)
_mview_plantation_etablissements_plantation.fid-2fb68024_1a0f82ae2b1_4715,Maritime,Vo,Vo 1,Vo-Koutimé,SOKO BALIME,Plantation de Palmier Adjignon,Nsp,Prive - individuel,POINT (1.583690535188052 6.358802894691432)
_mview_plantation_etablissements_plantation.fid-2fb68024_1a0f82ae2b1_4716,Maritime,Vo,Vo 1,Vo-Koutimé,SOKO BALIME,Plantation de Palmier Attilago,Nsp,Prive - individuel,POINT (1.5865016666666667 6.358855)
_mview_plantation_etablissements_plantation.fid-2fb68024_1a0f82ae2b1_4717,Maritime,Vo,Vo 1,Vo-Koutimé,SOKO BALIME,Plantation de Palmier Attilago,Nsp,Prive - individuel,POINT (1.5848883333333332 6.361071666666667)
_mview_plantation_etablissements_plantation.fid-2fb68024_1a0f82ae2b1_4718,Maritime,Vo,Vo 1,Vo-Koutimé,Kponou,Plantation de Eucalyptus de Kponou,2000,Prive - individuel,POINT (1.5749272357480568 6.4064348212013815)
_mview_plantation_etablissements_plantation.fid-2fb68024_1a0f82ae2b1_4719,Maritime,Vo,Vo 1,Vo-Koutimé,SALAME,Plantation de La Canne à Sucre Hoieansou,2018,Prive - individuel,POINT (1.5802233333333333 6.340176666666667)
_mview_plantation_etablissements_plantation.fid-2fb68024_1a0f82ae2b1_471a,Maritime,Vo,Vo 1,Vo-Koutimé,ADJODOGOU,Plantation de La Canne à Sucre Sans Nom,Nsp,Nsp,POINT (1.5778508761303136 6.332739484279402)
_mview_plantation_etablissements_plantation.fid-2fb68024_1a0f82ae2b1_471b,Maritime,Vo,Vo 2,Togoville,JEAN PAUL II,Plantation Abiassi,2019,Prive - individuel,POINT (1.4830117692888312 6.244645809270098)
_mview_plantation_etablissements_plantation.fid-2fb68024_1a0f82ae2b1_471c,Maritime,Vo,Vo 2,Togoville,Gbledji,Plantation d'Eucalyptus Gbledji,Nsp,Prive - individuel,POINT (1.4905615121800793 6.263886863379317)
_mview_plantation_etablissements_plantation.fid-2fb68024_1a0f82ae2b1_471d,Maritime,Vo,Vo 2,Anyron-Kopé,KOSSIKPEKOPE,Plantation de Palmier Kossikpekope,1994,Prive - individuel,POINT (1.5540849613810326 6.262239703930803)
_mview_plantation_etablissements_plantation.fid-2fb68024_1a0f82ae2b1_471e,Maritime,Vo,Vo 3,Dagbati,AGOTEKPE,Plantation de Palmier Sododan,Nsp,Prive - Collectivite coutumiere,POINT (1.4224583333333332 6.497446666666667)
_mview_plantation_etablissements_plantation.fid-2fb68024_1a0f82ae2b1_471f,Maritime,Vo,Vo 3,Dagbati,GBESSAHONOU,Plantation de Tecks de Gbessahonou,1990,Prive - individuel,POINT (1.4944233333333334 6.479941666666667)
_mview_plantation_etablissements_plantation.fid-2fb68024_1a0f82ae2b1_4720,Maritime,Vo,Vo 3,Dagbati,TCHADOME,Plantation de Palmier Tchadome,2002,Prive - individuel,POINT (1.5152979608186425 6.507511164369853)
_mview_plantation_etablissements_plantation.fid-2fb68024_1a0f82ae2b1_4721,Maritime,Vo,Vo 3,Dagbati,TCHADOME,Plantation de Palmier Tchadome,2000,Prive - individuel,POINT (1.5154733333333334 6.505386666666667)
_mview_plantation_etablissements_plantation.fid-2fb68024_1a0f82ae2b1_4722,Maritime,Vo,Vo 3,Dagbati,ASSO,Plantation de Palmier Asso,2002,Prive - individuel,POINT (1.483687850402732 6.486550956310969)
_mview_plantation_etablissements_plantation.fid-2fb68024_1a0f82ae2b1_4723,Maritime,Vo,Vo 3,Dagbati,AGBEDEHONOU,Plantation de Palmier Agbedrhonou,2000,Prive - individuel,POINT (1.478316666666667 6.504086666666666)
_mview_plantation_etablissements_plantation.fid-2fb68024_1a0f82ae2b1_4724,Maritime,Vo,Vo 3,Dagbati,AGBEDEHONOU,Plantation de Palmier Agbedrhonou,2000,Prive - individuel,POINT (1.4785450000000002 6.505301666666666)
_mview_plantation_etablissements_plantation.fid-2fb68024_1a0f82ae2b1_4725,Maritime,Vo,Vo 3,Dagbati,AHONKPE,Plantation de Palmiers de Ahonkpe,2012,Prive - individuel,POINT (1.493293136084009 6.540337955588327)
_mview_plantation_etablissements_plantation.fid-2fb68024_1a0f82ae2b1_4726,Maritime,Vo,Vo 3,Dagbati,Kpedji,Plantation Agbetowofan,Nsp,Prive - individuel,POINT (1.4874851503488729 6.515230911044955)
_mview_plantation_etablissements_plantation.fid-2fb68024_1a0f82ae2b1_4727,Maritime,Vo,Vo 3,Dagbati,KPEDJI,Plantation de Palmier et Teck Awevi-aho,Nsp,Prive - individuel,POINT (1.4893216931514823 6.518891031935224)
_mview_plantation_etablissements_plantation.fid-2fb68024_1a0f82ae2b1_4728,Maritime,Vo,Vo 3,Dagbati,COME,Plantation Agounon,Nsp,Prive - individuel,POINT (1.48414960915141 6.505840620303111)
_mview_plantation_etablissements_plantation.fid-2fb68024_1a0f82ae2b1_4729,Maritime,Vo,Vo 3,Dagbati,Kpedji,Plantation Togbui,Nsp,Prive - individuel,POINT (1.490070753471924 6.517434890853222)
_mview_plantation_etablissements_plantation.fid-2fb68024_1a0f82ae2b1_472a,Maritime,Vo,Vo 3,Dagbati,COME,Plantation Agbagbe,Nsp,Prive - individuel,POINT (1.4850941391910841 6.506182906783347)
_mview_plantation_etablissements_plantation.fid-2fb68024_1a0f82ae2b1_472b,Maritime,Vo,Vo 3,Dagbati,DAGBATI CENTRE,Plantation de Teck,Nsp,Nsp,POINT (1.5032770049916666 6.48204571233009)
_mview_plantation_etablissements_plantation.fid-2fb68024_1a0f82ae2b1_472c,Maritime,Lacs,Lacs 3,Agbodrafo,GOUMOUKOPE,Plantation Scous-adodo,1992,Prive - Collectivite coutumiere,POINT (1.5391267513350149 6.220447171926416)
_mview_plantation_etablissements_plantation.fid-2fb68024_1a0f82ae2b1_472d,Maritime,Lacs,Lacs 3,Agbodrafo,GOUMOUKOPE,Plantation Dola&fils,2005,Prive - individuel,POINT (1.5427066666666667 6.221170000000001)
_mview_plantation_etablissements_plantation.fid-2fb68024_1a0f82ae2b1_472e,Maritime,Vo,Vo 3,Mome-Hounkpati,BALIME,Plantation de Teck de Kpokla Koudjega,1986,Prive - individuel,POINT (1.5582943766683532 6.4633324308864495)
_mview_plantation_etablissements_plantation.fid-2fb68024_1a0f82ae2b1_472f,Maritime,Vo,Vo 3,Mome-Hounkpati,BALIME,Plantation de Eucalyptus de Kpokla Koudjega,2015,Prive - individuel,POINT (1.5544285897512957 6.460273823219513)
_mview_plantation_etablissements_plantation.fid-2fb68024_1a0f82ae2b1_4730,Maritime,Vo,Vo 3,Mome-Hounkpati,MOME SAGADA,Plantation de Teck de Gadegbe Loumonvi,Nsp,Prive - individuel,POINT (1.5518895056132556 6.471349095982528)
_mview_plantation_etablissements_plantation.fid-2fb68024_1a0f82ae2b1_4731,Maritime,Vo,Vo 3,Mome-Hounkpati,GNITO,Plantation de Palmier Sn Gnito,Nsp,Nsp,POINT (1.5330996336112797 6.545701967798049)
_mview_plantation_etablissements_plantation.fid-2fb68024_1a0f82ae2b1_4732,Maritime,Vo,Vo 3,Mome-Hounkpati,BADO,Plantation de Palmier Sn Bado,Nsp,Prive - individuel,POINT (1.5245857580757947 6.559848707699947)
_mview_plantation_etablissements_plantation.fid-2fb68024_1a0f82ae2b1_4733,Maritime,Vo,Vo 3,Mome-Hounkpati,OUATCHIDOME,Plantation de Palmier Sn Ouatchidome,Nsp,Nsp,POINT (1.5371852687279155 6.5337569393811945)
_mview_plantation_etablissements_plantation.fid-2fb68024_1a0f82ae2b1_4734,Maritime,Vo,Vo 4,Sévagan,HANKPO,Plantation Dougbe-gbocla,2019,Prive - individuel,POINT (1.4254280190131483 6.300069871727227)
_mview_plantation_etablissements_plantation.fid-2fb68024_1a0f82ae2b1_4735,Maritime,Vo,Vo 4,Sévagan,DJOGBE,Plantation Sewonou,1998,Prive - Collectivite coutumiere,POINT (1.41876 6.307063333333334)
_mview_plantation_etablissements_plantation.fid-2fb68024_1a0f82ae2b1_4736,Maritime,Vo,Vo 4,Sévagan,HOGBAKOME,Plantation Aboula Kpondjivi,1958,Prive - Collectivite coutumiere,POINT (1.4257088958731483 6.302642897605416)
_mview_plantation_etablissements_plantation.fid-2fb68024_1a0f82ae2b1_4737,Maritime,Vo,Vo 4,Sévagan,Hogbakomé,Plantation Djamah,1993,Prive - Collectivite coutumiere,POINT (1.4239048145889666 6.303419515552878)
_mview_plantation_etablissements_plantation.fid-2fb68024_1a0f82ae2b1_4738,Maritime,Vo,Vo 4,Hahotoé,GNADEDJOKOPE,Plantation de Palmier Somaglo,2000,Prive - individuel,POINT (1.4333883333333333 6.351495)
_mview_plantation_etablissements_plantation.fid-2fb68024_1a0f82ae2b1_4739,Maritime,Vo,Vo 4,Akoumapé,Akoumape Assiko,Plantation de Cocotier de Ahonto,Nsp,Prive - Collectivite coutumiere,POINT (1.4449191633683982 6.383744810504871)
_mview_plantation_etablissements_plantation.fid-2fb68024_1a0f82ae2b1_473a,Maritime,Vo,Vo 4,Akoumapé,ASSIKO,Plantation Agbossoumonde,Nsp,Prive - individuel,POINT (1.4394560003313466 6.394067732876703)
_mview_plantation_etablissements_plantation.fid-2fb68024_1a0f82ae2b1_473b,Maritime,Vo,Vo 4,Akoumapé,ASSIKO,Plantation Adanre,Nsp,Prive - Collectivite coutumiere,POINT (1.4444186504182457 6.385107554120276)
_mview_plantation_etablissements_plantation.fid-2fb68024_1a0f82ae2b1_473c,Maritime,Vo,Vo 4,Akoumapé,Animabio,Plantation de Teck de Missihoun,2016,Prive - individuel,POINT (1.4138583333333334 6.421801666666666)
_mview_plantation_etablissements_plantation.fid-2fb68024_1a0f82ae2b1_473d,Maritime,Vo,Vo 4,Akoumapé,ANIMABIO,Plantation de Palmier Alode,Nsp,Prive - Collectivite coutumiere,POINT (1.4004881741600226 6.426791471591676)
_mview_plantation_etablissements_plantation.fid-2fb68024_1a0f82ae2b1_473e,Maritime,Vo,Vo 4,Akoumapé,KOVETO,Plantation de PalmierSouley,Nsp,Prive - individuel,POINT (1.3929106155097901 6.450550390448776)
_mview_plantation_etablissements_plantation.fid-2fb68024_1a0f82ae2b1_473f,Maritime,Vo,Vo 4,Akoumapé,KOVETO,Plantation Exploitation Atibokou,2020,Prive - Collectivite coutumiere,POINT (1.4041354800770875 6.461286430370607)
_mview_plantation_etablissements_plantation.fid-2fb68024_1a0f82ae2b1_4740,Maritime,Vo,Vo 4,Akoumapé,ASSO-ATSANVE,Plantation de Palmier Asso-atsanve,1980,Prive - individuel,POINT (1.4652666666666665 6.468653333333333)
_mview_plantation_etablissements_plantation.fid-2fb68024_1a0f82ae2b1_4741,Maritime,Vo,Vo 4,Akoumapé,AKATSAN ATSEKOPE,Plantation de Cocotier de Massigah,Nsp,Prive - individuel,POINT (1.4541693641033109 6.41317128854072)
_mview_plantation_etablissements_plantation.fid-2fb68024_1a0f82ae2b1_4742,Maritime,Vo,Vo 4,Akoumapé,AKATSAN,Plantation de Palmier Sn,Nsp,Prive - individuel,POINT (1.465134521317177 6.43144010815629)
_mview_plantation_etablissements_plantation.fid-2fb68024_1a0f82ae2b1_4743,Maritime,Vo,Vo 4,Akoumapé,TIGOE,Plantation de Cocotier de La Collectivite Kanape,Nsp,Prive - Collectivite coutumiere,POINT (1.4696137463931183 6.408329960526631)
_mview_plantation_etablissements_plantation.fid-2fb68024_1a0f82ae2b1_4744,Maritime,Vo,Vo 4,Akoumapé,ASSO-ATSANVE,Plantation de Palmier Asso-atsanve,1995,Prive - individuel,POINT (1.4655433333333332 6.467136666666666)
_mview_plantation_etablissements_plantation.fid-2fb68024_1a0f82ae2b1_4745,Maritime,Vo,Vo 4,Akoumapé,ASSO-ATSANVE,Plantation de Palmier Asso-atsanve,1980,Prive - individuel,POINT (1.4646299999999999 6.468893333333333)
_mview_plantation_etablissements_plantation.fid-2fb68024_1a0f82ae2b1_4746,Maritime,Vo,Vo 4,Akoumapé,ASSO-ATSANVE,Plantation de Palmier Asso-atsanve,1990,Prive - individuel,POINT (1.4619966666666668 6.470281666666667)
_mview_plantation_etablissements_plantation.fid-2fb68024_1a0f82ae2b1_4747,Maritime,Vo,Vo 4,Akoumapé,ASSO-ATSANVE,Plantation de Faux Tecks,2012,Prive - individuel,POINT (1.4626733333333335 6.470016666666667)
_mview_plantation_etablissements_plantation.fid-2fb68024_1a0f82ae2b1_4748,Maritime,Vo,Vo 4,Akoumapé,ASSO-ATSANVE,Plantation de Palmier Asso-atsanve,1997,Prive - individuel,POINT (1.4622283333333332 6.468045000000001)
_mview_plantation_etablissements_plantation.fid-2fb68024_1a0f82ae2b1_4749,Maritime,Vo,Vo 4,Akoumapé,Gnita,Plantation de Eucalyptus,1980,Prive - individuel,POINT (1.4488966666666667 6.4479766666666665)
_mview_plantation_etablissements_plantation.fid-2fb68024_1a0f82ae2b1_474a,Maritime,Vo,Vo 4,Akoumapé,GNITA,Plantation de Palmier Gnita,1990,Prive - individuel,POINT (1.4478116666666667 6.448201666666667)
_mview_plantation_etablissements_plantation.fid-2fb68024_1a0f82ae2b1_474b,Maritime,Vo,Vo 4,Akoumapé,GNITA,Plantation de Palmier Gnita,1997,Prive - individuel,POINT (1.452935 6.456943333333333)
_mview_plantation_etablissements_plantation.fid-2fb68024_1a0f82ae2b1_474c,Maritime,Yoto,Yoto 1,Kouvé,LIVE,Plantation Terre Promise,1986,Prive - individuel,POINT (1.3700717010497045 6.717926368079053)
_mview_plantation_etablissements_plantation.fid-2fb68024_1a0f82ae2b1_474d,Maritime,Yoto,Yoto 1,Kouvé,LIVE,Plantation Terre Promise,1986,Prive - individuel,POINT (1.3685975915136526 6.719064600217634)
_mview_plantation_etablissements_plantation.fid-2fb68024_1a0f82ae2b1_474e,Maritime,Yoto,Yoto 1,Kouvé,AGOTO,Plantation Dagsah,2005,Prive - individuel,POINT (1.35035 6.8241249999999996)
_mview_plantation_etablissements_plantation.fid-2fb68024_1a0f82ae2b1_474f,Maritime,Yoto,Yoto 1,Kouvé,AGOTO,Plantation Agbede,1980,Prive - individuel,POINT (1.3365442601225994 6.813496673202694)
_mview_plantation_etablissements_plantation.fid-2fb68024_1a0f82ae2b1_4750,Maritime,Yoto,Yoto 1,Kouvé,ZEVE,Plantation Dodjro,2017,Domaine public de l Etat ou des collectivites territoriales,POINT (1.4594133333333335 6.776023333333335)
_mview_plantation_etablissements_plantation.fid-2fb68024_1a0f82ae2b1_4751,Maritime,Yoto,Yoto 1,Kouvé,GUEGUEKPETOTI,Plantation Dodjro,2012,Prive - individuel,POINT (1.4651757154843852 6.769007058554268)
_mview_plantation_etablissements_plantation.fid-2fb68024_1a0f82ae2b1_4752,Maritime,Yoto,Yoto 2,Zafi,AKATEDJOGBE,Plantation Holognon,2019,Prive - individuel,POINT (1.3505566217264382 6.638835720363343)
_mview_plantation_etablissements_plantation.fid-2fb68024_1a0f82ae2b1_4753,Maritime,Yoto,Yoto 2,Zafi,HETCHIAVI,Plantation Anani,2021,Prive - individuel,POINT (1.3949324574747213 6.63036379676876)
_mview_plantation_etablissements_plantation.fid-2fb68024_1a0f82ae2b1_4754,Maritime,Yoto,Yoto 3,Tométy-Kondji,DONOMADE,Plantation Etoile Verte,2015,autre,POINT (1.5246733875257017 6.812043929064834)
_mview_plantation_etablissements_plantation.fid-2fb68024_1a0f82ae2b1_4755,Maritime,Yoto,Yoto 3,Essé-Godjin,ESSE-ANA,Plantation Madjegbede,2002,autre,POINT (1.563524551423047 6.739141321748263)
_mview_plantation_etablissements_plantation.fid-2fb68024_1a0f82ae2b1_4756,Maritime,Zio,Zio 1,Gbatopé,HOVE,Plantation d' Ananas Akamoissou,2007,Prive - individuel,POINT (1.2802330192616547 6.425070164804815)
_mview_plantation_etablissements_plantation.fid-2fb68024_1a0f82ae2b1_4757,Maritime,Zio,Zio 1,Gbatopé,HOVE,Plantation d' Ananas de Klutse,1998,Prive - individuel,POINT (1.2801173834653625 6.428041586325895)
_mview_plantation_etablissements_plantation.fid-2fb68024_1a0f82ae2b1_4758,Maritime,Zio,Zio 1,Gbatopé,HOUNVE,Plantation d' Ananas Agbledjo,2019,Prive - individuel,POINT (1.2746849999999998 6.441181666666667)
_mview_plantation_etablissements_plantation.fid-2fb68024_1a0f82ae2b1_4759,Maritime,Zio,Zio 1,Gbatopé,HOUNVE,Plantation d' Ananas Aziati,1997,Prive - individuel,POINT (1.2735945807948368 6.4438795449976665)
_mview_plantation_etablissements_plantation.fid-2fb68024_1a0f82ae2b1_475a,Maritime,Zio,Zio 1,Gbatopé,PAMPLOTIDEKA,Plantation d' Ananas de Sika,2017,Prive - individuel,POINT (1.3002637897649054 6.464492151025082)
_mview_plantation_etablissements_plantation.fid-2fb68024_1a0f82ae2b1_475b,Maritime,Zio,Zio 1,Gbatopé,TERIME,Plantation d' Ananas de Maglo,2005,Prive - individuel,POINT (1.258078986724112 6.456382345435933)
_mview_plantation_etablissements_plantation.fid-2fb68024_1a0f82ae2b1_475c,Maritime,Zio,Zio 1,Gbatopé,PAMPLOTIDEKA,Plantation Ananas,2002,Prive - individuel,POINT (1.311189755708069 6.459000008604607)
_mview_plantation_etablissements_plantation.fid-2fb68024_1a0f82ae2b1_475d,Maritime,Zio,Zio 1,Gbatopé,PAMPLOTIDEKA,Plantation d'Ananas Ahonkalessou,2010,Prive - individuel,POINT (1.2945033333333331 6.475045)
_mview_plantation_etablissements_plantation.fid-2fb68024_1a0f82ae2b1_475e,Maritime,Zio,Zio 1,Gbatopé,KPETE,Plantation d'Ananas,2003,Prive - individuel,POINT (1.269765 6.458471666666666)
_mview_plantation_etablissements_plantation.fid-2fb68024_1a0f82ae2b1_475f,Maritime,Yoto,Yoto 3,Tokpli,SIKAKONDJI,Plantation Yovo,2016,Prive - individuel,POINT (1.5829629302111072 6.623887674172954)
_mview_plantation_etablissements_plantation.fid-2fb68024_1a0f82ae2b1_4760,Centrale,Tchaoudjo,Tchaoudjo 4,Wassarabo,KEDJI KANDJO,Plantation Wezili,1994,Prive - individuel,POINT (1.231153992813245 9.029609349194493)
_mview_plantation_etablissements_plantation.fid-2fb68024_1a0f82ae2b1_4761,Centrale,Tchaoudjo,Tchaoudjo 4,Wassarabo,TCHAVADE,Plantation Tchagodomou,1996,Prive - individuel,POINT (1.2066503218227327 9.02950005864309)
_mview_plantation_etablissements_plantation.fid-2fb68024_1a0f82ae2b1_4762,Centrale,Tchaoudjo,Tchaoudjo 4,Wassarabo,AGUIDAGBADE,Plantation Akoriko Seydou,1985,Prive - individuel,POINT (1.2802255718047344 9.023298309506417)
_mview_plantation_etablissements_plantation.fid-2fb68024_1a0f82ae2b1_4763,Centrale,Tchaoudjo,Tchaoudjo 4,Wassarabo,AGUIDAGBADE,Plantation Ouro-dam,1982,Prive - individuel,POINT (1.2816759680259486 9.023546311823551)
_mview_plantation_etablissements_plantation.fid-2fb68024_1a0f82ae2b1_4764,Centrale,Tchaoudjo,Tchaoudjo 4,Wassarabo,AGUIDAGBADE,Plantation Kpekpassi Awale,1981,Prive - individuel,POINT (1.2819935620679432 9.024601085876128)
_mview_plantation_etablissements_plantation.fid-2fb68024_1a0f82ae2b1_4765,Centrale,Tchaoudjo,Tchaoudjo 4,Wassarabo,AGUIDAGBEDE,Plantation Kpekpassi Mounira,1982,Prive - individuel,POINT (1.281086990606526 9.024689473500773)
_mview_plantation_etablissements_plantation.fid-2fb68024_1a0f82ae2b1_4766,Centrale,Tchaoudjo,Tchaoudjo 4,Wassarabo,AGUIDAGBADE,Plantation Ouro-akoriko,1984,Nsp,POINT (1.2790466619954393 9.02416242983055)
_mview_plantation_etablissements_plantation.fid-2fb68024_1a0f82ae2b1_4767,Centrale,Tchaoudjo,Tchaoudjo 4,Wassarabo,AVOLAO,Plantation Tchagole 2,2002,Prive - individuel,POINT (1.2768790263943426 9.002861777203757)
_mview_plantation_etablissements_plantation.fid-2fb68024_1a0f82ae2b1_4768,Centrale,Tchaoudjo,Tchaoudjo 4,Wassarabo,AVOLAO,Plantation Tchagole_1,2002,Prive - individuel,POINT (1.2769628896824399 9.001385709369067)
_mview_plantation_etablissements_plantation.fid-2fb68024_1a0f82ae2b1_4769,Centrale,Tchaoudjo,Tchaoudjo 4,Wassarabo,AGUIDAGBADE,Plantation Izotou2,1990,Prive - individuel,POINT (1.2707303374361743 9.012334743530557)
_mview_plantation_etablissements_plantation.fid-2fb68024_1a0f82ae2b1_476a,Centrale,Tchaoudjo,Tchaoudjo 4,Wassarabo,AGUIDAGBADE,Plantation Meatchi,1998,Prive - individuel,POINT (1.286369640604165 9.020907758514767)
_mview_plantation_etablissements_plantation.fid-2fb68024_1a0f82ae2b1_476b,Centrale,Tchaoudjo,Tchaoudjo 4,Wassarabo,AGUIDAGBADE,Plantation Izotou,2000,Prive - individuel,POINT (1.2837709061931855 9.018017387558785)
_mview_plantation_etablissements_plantation.fid-2fb68024_1a0f82ae2b1_476c,Centrale,Tchaoudjo,Tchaoudjo 4,Wassarabo,AGUIDAGBADE,Plantation Mayatchi,2000,Prive - individuel,POINT (1.2828518916168148 9.017287037935878)
_mview_plantation_etablissements_plantation.fid-2fb68024_1a0f82ae2b1_476d,Centrale,Tchaoudjo,Tchaoudjo 4,Wassarabo,AGUIDAGBADE,Plantation Bagna5,2011,Prive - individuel,POINT (1.2849052422904028 9.01782110856697)
_mview_plantation_etablissements_plantation.fid-2fb68024_1a0f82ae2b1_476e,Centrale,Tchaoudjo,Tchaoudjo 4,Wassarabo,AGUIDAGBADE,Plantation Bagna4,2011,Prive - individuel,POINT (1.2854582415659837 9.017774748002621)
_mview_plantation_etablissements_plantation.fid-2fb68024_1a0f82ae2b1_476f,Centrale,Tchaoudjo,Tchaoudjo 4,Wassarabo,AGUIDAGBADE,Plantation Bagna3,2011,Prive - individuel,POINT (1.288326425953581 9.016328053507499)
_mview_plantation_etablissements_plantation.fid-2fb68024_1a0f82ae2b1_4770,Centrale,Tchaoudjo,Tchaoudjo 4,Wassarabo,AGUIDAGBADE,Plantation Bagna2,2011,Prive - individuel,POINT (1.2874251901005909 9.017230284193417)
_mview_plantation_etablissements_plantation.fid-2fb68024_1a0f82ae2b1_4771,Centrale,Tchaoudjo,Tchaoudjo 4,Wassarabo,AGUIDAGBADE,Plantation Bagna1,2011,Prive - individuel,POINT (1.288370420841703 9.017690730248443)
_mview_plantation_etablissements_plantation.fid-2fb68024_1a0f82ae2b1_4772,Centrale,Tchaoudjo,Tchaoudjo 4,Wassarabo,AGUIDAGBADE,Plantation Ouro-bagna,2011,Prive - individuel,POINT (1.287620775390047 9.0177735539194)
_mview_plantation_etablissements_plantation.fid-2fb68024_1a0f82ae2b1_4773,Centrale,Tchaoudjo,Tchaoudjo 4,Wassarabo,AGUIDAGBADE,Plantation Izotou,2011,Prive - individuel,POINT (1.2674793040319399 9.015161710222486)
_mview_plantation_etablissements_plantation.fid-2fb68024_1a0f82ae2b1_4774,Centrale,Tchaoudjo,Tchaoudjo 4,Wassarabo,AGUIDAGBADE,Plantation Kpekpassi,1990,Prive - individuel,POINT (1.2687810002389626 9.013168714633027)
_mview_plantation_etablissements_plantation.fid-2fb68024_1a0f82ae2b1_4775,Centrale,Tchaoudjo,Tchaoudjo 4,Wassarabo,AGUIDAGBADE,Plantation Izotou,2016,Prive - individuel,POINT (1.2659507856606915 9.01521543955843)
_mview_plantation_etablissements_plantation.fid-2fb68024_1a0f82ae2b1_4776,Centrale,Tchaoudjo,Tchaoudjo 4,Wassarabo,AGUIDAGBADE,Plantation Kpekpassi2,1990,Prive - individuel,POINT (1.2718694338045424 9.011536422531334)
_mview_plantation_etablissements_plantation.fid-2fb68024_1a0f82ae2b1_4777,Centrale,Tchaoudjo,Tchaoudjo 4,Wassarabo,AGUIDAGBADE,Plantation Boukari,2011,Prive - individuel,POINT (1.2817450113618998 9.014779548638264)
_mview_plantation_etablissements_plantation.fid-2fb68024_1a0f82ae2b1_4778,Centrale,Tchaoudjo,Tchaoudjo 4,Wassarabo,AGUIDAGBADE,Plantation Ouro_tagba,2003,Prive - individuel,POINT (1.2791861219698257 9.011067325446641)
_mview_plantation_etablissements_plantation.fid-2fb68024_1a0f82ae2b1_4779,Centrale,Tchaoudjo,Tchaoudjo 4,Wassarabo,AGUIDAGBADE,Plantation Irokoura,1989,Prive - individuel,POINT (1.2778032678172804 9.008171387758601)
_mview_plantation_etablissements_plantation.fid-2fb68024_1a0f82ae2b1_477a,Centrale,Tchaoudjo,Tchaoudjo 4,Wassarabo,AGUIDAGBADE,Plantation Boukari2,2011,Prive - individuel,POINT (1.2796104916001874 9.012621165693988)
_mview_plantation_etablissements_plantation.fid-2fb68024_1a0f82ae2b1_477b,Centrale,Tchaoudjo,Tchaoudjo 4,Wassarabo,WASSARABO,Plantation Sibabi Fousseni,1998,Prive - individuel,POINT (1.258294595340817 8.993128310910976)
_mview_plantation_etablissements_plantation.fid-2fb68024_1a0f82ae2b1_477c,Centrale,Tchaoudjo,Tchaoudjo 4,Wassarabo,WASSARABO,Plantation Sibabi Issa,1995,Prive - individuel,POINT (1.2566035713441508 8.99342492192617)
_mview_plantation_etablissements_plantation.fid-2fb68024_1a0f82ae2b1_477d,Centrale,Tchaoudjo,Tchaoudjo 4,Wassarabo,WASSARABO,Plantation Tchatakora,Nsp,Prive - individuel,POINT (1.257362208277333 9.007330315272913)
_mview_plantation_etablissements_plantation.fid-2fb68024_1a0f82ae2b1_477e,Centrale,Tchaoudjo,Tchaoudjo 4,Wassarabo,WASSARABO,Plantation Agoro,2006,autre,POINT (1.258640437781527 8.997952162382742)
_mview_plantation_etablissements_plantation.fid-2fb68024_1a0f82ae2b1_477f,Centrale,Tchaoudjo,Tchaoudjo 4,Wassarabo,WASSARABO,Plantation Tchala,Nsp,Prive - individuel,POINT (1.2446380696561823 8.992589005487288)
_mview_plantation_etablissements_plantation.fid-2fb68024_1a0f82ae2b1_4780,Maritime,Zio,Zio 4,Gapé-Centre,GAPE TSIKALE,Plantation de Teck de Gape Tsikale,Nsp,Prive - Collectivite coutumiere,POINT (1.04268106301935 6.531004255951192)
_mview_plantation_etablissements_plantation.fid-2fb68024_1a0f82ae2b1_4781,Maritime,Zio,Zio 4,Gapé-Centre,DZOLO,Plantation d' Ananas Ahiadou,2021,Prive - individuel,POINT (1.0390787951642748 6.5574661751406165)
_mview_plantation_etablissements_plantation.fid-2fb68024_1a0f82ae2b1_4782,Maritime,Zio,Zio 4,Gapé-Centre,GAPE ANAZIVE,Plantation de Palmier Adzaklo Et Frere,1994,Prive - individuel,POINT (1.0188016666666668 6.568391666666668)
_mview_plantation_etablissements_plantation.fid-2fb68024_1a0f82ae2b1_4783,Maritime,Zio,Zio 4,Gapé-Centre,GAPE ANAZIVE,Plantation de Palmier Abo,1980,Prive - individuel,POINT (1.0112241624258345 6.570276242854162)
_mview_plantation_etablissements_plantation.fid-2fb68024_1a0f82ae2b1_4784,Plateaux,Agou,Agou 1,Agou-Nyogbo-Agbétiko,LAVIE ALLOH,Plantation de Palmier Mereda,2010,Prive - individuel,POINT (0.7421014219251072 6.990161472576341)
_mview_plantation_etablissements_plantation.fid-2fb68024_1a0f82ae2b1_4785,Plateaux,Agou,Agou 1,Agou-Nyogbo-Agbétiko,NYIFOVE,Plantation Konye,2019,Prive - individuel,POINT (0.7580066666666667 6.974418333333333)
_mview_plantation_etablissements_plantation.fid-2fb68024_1a0f82ae2b1_4786,Plateaux,Agou,Agou 1,Agou-Nyogbo-Agbétiko,KLOWUIDEKE,Plantation Kawi,2000,Prive - individuel,POINT (0.7611357687523514 6.9465521412130355)
_mview_plantation_etablissements_plantation.fid-2fb68024_1a0f82ae2b1_4787,Plateaux,Agou,Agou 1,Agou-Nyogbo-Agbétiko,KLOWUIDEKE,Plantation Tassika,2007,Prive - individuel,POINT (0.7562218721830904 6.941936217827442)
_mview_plantation_etablissements_plantation.fid-2fb68024_1a0f82ae2b1_4788,Plateaux,Agou,Agou 1,Agou-Nyogbo-Agbétiko,TATOE,Plantation Agbo,2005,Prive - individuel,POINT (0.7563204483837238 6.901536900378924)
_mview_plantation_etablissements_plantation.fid-2fb68024_1a0f82ae2b1_4789,Plateaux,Agou,Agou 1,Agou-Nyogbo-Agbétiko,AKPLEVE,Plantation Femassi,2002,Prive - individuel,POINT (0.7755299999999999 6.915213333333332)
_mview_plantation_etablissements_plantation.fid-2fb68024_1a0f82ae2b1_478a,Plateaux,Agou,Agou 1,Agou-Nyogbo-Agbétiko,AAKPLEVE,Plantation Femassu,2002,Prive - individuel,POINT (0.7722972571358879 6.914850001687882)
_mview_plantation_etablissements_plantation.fid-2fb68024_1a0f82ae2b1_478b,Plateaux,Agou,Agou 1,Agou-Nyogbo-Agbétiko,TATOUI,Plantation Kloku,1987,Prive - individuel,POINT (0.7582740838494982 6.900949661976134)
_mview_plantation_etablissements_plantation.fid-2fb68024_1a0f82ae2b1_478c,Plateaux,Agou,Agou 1,Agou-Nyogbo-Agbétiko,ZAKLI,Plantation Awizi,2005,Prive - individuel,POINT (0.7593516229847214 6.923135468583194)
_mview_plantation_etablissements_plantation.fid-2fb68024_1a0f82ae2b1_478d,Plateaux,Agou,Agou 1,Agou-Nyogbo-Agbétiko,TATOE,Plantation Dutsyonu,2004,Prive - individuel,POINT (0.7576464852463146 6.900538657524288)
_mview_plantation_etablissements_plantation.fid-2fb68024_1a0f82ae2b1_478e,Plateaux,Agou,Agou 1,Agou-Akplolo,HETO,Plantation Agblagna,2018,Prive - Collectivite coutumiere,POINT (0.7743477918201211 6.884190063552936)
_mview_plantation_etablissements_plantation.fid-2fb68024_1a0f82ae2b1_478f,Plateaux,Agou,Agou 1,Agou-Akplolo,ADIME,Plantation Tay,1998,Prive - individuel,POINT (0.7675355144813955 6.888960256852039)
_mview_plantation_etablissements_plantation.fid-2fb68024_1a0f82ae2b1_4790,Plateaux,Agou,Agou 1,Agou-Akplolo,TAME,Plantation Amekudzi,2015,Prive - individuel,POINT (0.7635172711336375 6.881527031418291)
_mview_plantation_etablissements_plantation.fid-2fb68024_1a0f82ae2b1_4791,Plateaux,Agou,Agou 1,Agou-Akplolo,DATSEME,Plantation Guede,2003,Prive - individuel,POINT (0.7627469149110886 6.8886666892395185)
_mview_plantation_etablissements_plantation.fid-2fb68024_1a0f82ae2b1_4792,Plateaux,Agou,Agou 1,Agou-Akplolo,AKLALAME,Plantation Agblagna,2016,Prive - individuel,POINT (0.7770352622948019 6.878266184551195)
_mview_plantation_etablissements_plantation.fid-2fb68024_1a0f82ae2b1_4793,Plateaux,Agou,Agou 1,Agou-Akplolo,ADAN,Plantation Duadzi,1970,Prive - individuel,POINT (0.7729371371822581 6.8910748873680605)
_mview_plantation_etablissements_plantation.fid-2fb68024_1a0f82ae2b1_4794,Plateaux,Agou,Agou 1,Agou-Akplolo,DATSEME,Plantation Femassi,1993,Prive - individuel,POINT (0.7607933333333333 6.885515)
_mview_plantation_etablissements_plantation.fid-2fb68024_1a0f82ae2b1_4795,Plateaux,Agou,Agou 1,Agou-Akplolo,BALI,Plantation Amekudzi,1990,Prive - individuel,POINT (0.7609416666666667 6.890715)
_mview_plantation_etablissements_plantation.fid-2fb68024_1a0f82ae2b1_4796,Plateaux,Agou,Agou 1,Agou-Akplolo,AGOGBOE,Plantation Akpabli,2013,Prive - individuel,POINT (0.7758766666666667 6.8931216666666675)
_mview_plantation_etablissements_plantation.fid-2fb68024_1a0f82ae2b1_4797,Plateaux,Agou,Agou 1,Agou-Akplolo,DIDOKPUI,Plantation Agbessi,2019,Prive - individuel,POINT (0.8139917788917334 6.925491664353602)
_mview_plantation_etablissements_plantation.fid-2fb68024_1a0f82ae2b1_4798,Plateaux,Agou,Agou 1,Agou-Akplolo,DEVENOU,Plantation Afle,1990,Prive - individuel,POINT (0.7823692523882932 6.886359854341082)
_mview_plantation_etablissements_plantation.fid-2fb68024_1a0f82ae2b1_4799,Plateaux,Agou,Agou 1,Agou-Akplolo,AXOME,Plantation Anika,2011,Prive - individuel,POINT (0.7807132033309302 6.899527363023313)
_mview_plantation_etablissements_plantation.fid-2fb68024_1a0f82ae2b1_479a,Plateaux,Agou,Agou 1,Agou-Akplolo,AXOME,Plantation Anika Kodjo,2013,Prive - individuel,POINT (0.7806024834875019 6.8991447292941235)
_mview_plantation_etablissements_plantation.fid-2fb68024_1a0f82ae2b1_479b,Plateaux,Agou,Agou 1,Agou-Akplolo,AHONME,Plantation Komlan,2009,Prive - individuel,POINT (0.7801014142713182 6.897723085359431)
_mview_plantation_etablissements_plantation.fid-2fb68024_1a0f82ae2b1_479c,Plateaux,Agou,Agou 1,Agou-Akplolo,KPOLO,Plantation Tsekpui,1993,Prive - individuel,POINT (0.7866837035612466 6.90888500927615)
_mview_plantation_etablissements_plantation.fid-2fb68024_1a0f82ae2b1_479d,Plateaux,Agou,Agou 1,Agou-Iboé,DOGBADZI,Plantation Akri,2000,Prive - individuel,POINT (0.7588702069231988 6.8643221924203495)
_mview_plantation_etablissements_plantation.fid-2fb68024_1a0f82ae2b1_479e,Plateaux,Agou,Agou 1,Agou-Iboé,DOGBADZI,Plantation Agbana,1998,Prive - individuel,POINT (0.759660318359896 6.864435911295929)
_mview_plantation_etablissements_plantation.fid-2fb68024_1a0f82ae2b1_479f,Plateaux,Agou,Agou 1,Agou-Iboé,WESSIDO,Plantation Adigbli,2006,Prive - individuel,POINT (0.7822718426982599 6.868339378981429)
_mview_plantation_etablissements_plantation.fid-2fb68024_1a0f82ae2b1_47a0,Plateaux,Agou,Agou 1,Agou-Iboé,DOGBADZI,Plantation Noutsoudji,1996,Prive - individuel,POINT (0.7585033683834299 6.864954324126877)
_mview_plantation_etablissements_plantation.fid-2fb68024_1a0f82ae2b1_47a1,Plateaux,Agou,Agou 1,Agou-Iboé,DOGBADZI,Plantation Amessimekou,2000,Prive - individuel,POINT (0.7590562693024357 6.864907373010964)
_mview_plantation_etablissements_plantation.fid-2fb68024_1a0f82ae2b1_47a2,Plateaux,Agou,Agou 1,Agou-Iboé,KONTA,Plantation Adandji,2010,Prive - individuel,POINT (0.8003933333333334 6.890745)
_mview_plantation_etablissements_plantation.fid-2fb68024_1a0f82ae2b1_47a3,Plateaux,Agou,Agou 1,Agou-Iboé,Agblodome,Plantation Tsognadzi,2019,Prive - individuel,POINT (0.7591680975575908 6.857923587016727)
_mview_plantation_etablissements_plantation.fid-2fb68024_1a0f82ae2b1_47a4,Plateaux,Agou,Agou 1,Agou-Iboé,Agblodome,Plantation Tatu,2000,Prive - individuel,POINT (0.7600602250599008 6.859045926827329)
_mview_plantation_etablissements_plantation.fid-2fb68024_1a0f82ae2b1_47a5,Plateaux,Agou,Agou 1,Agou-Iboé,Agblodome,Plantation Tatu,2000,Prive - individuel,POINT (0.7595464138010379 6.857375078178397)
_mview_plantation_etablissements_plantation.fid-2fb68024_1a0f82ae2b1_47a6,Plateaux,Agou,Agou 1,Agou-Nyogbo-Dzidjole,AGOU NYOGBO,Plantation Zokoto,1970,Prive - individuel,POINT (0.721475 6.875698333333334)
_mview_plantation_etablissements_plantation.fid-2fb68024_1a0f82ae2b1_47a7,Plateaux,Agou,Agou 1,Agou-Nyogbo-Dzidjole,AGOU NYOGBO,Plantation Owusu,1963,Prive - individuel,POINT (0.732916802049327 6.882981398287169)
_mview_plantation_etablissements_plantation.fid-2fb68024_1a0f82ae2b1_47a8,Plateaux,Agou,Agou 1,Agou-Nyogbo-Dzidjole,AGOU NYOGBO,Plantation Egueli,1983,Prive - individuel,POINT (0.7334304919037802 6.882435923969176)
_mview_plantation_etablissements_plantation.fid-2fb68024_1a0f82ae2b1_47a9,Plateaux,Agou,Agou 1,Agou-Nyogbo-Dzidjole,AGOU NYOGBO,Plantation Tete,1972,Prive - individuel,POINT (0.7343173057517044 6.882417332343032)
_mview_plantation_etablissements_plantation.fid-2fb68024_1a0f82ae2b1_47aa,Plateaux,Agou,Agou 1,Agou-Nyogbo-Dzidjole,AGOU NYOGBO,Plantation Yoko,1975,Prive - individuel,POINT (0.7312853062307143 6.879892765598078)
_mview_plantation_etablissements_plantation.fid-2fb68024_1a0f82ae2b1_47ab,Plateaux,Agou,Agou 1,Agou-Nyogbo-Dzidjole,AGOU NYOGBO,Plantation Sapa,1990,Prive - individuel,POINT (0.7324090267609212 6.879770280857128)
_mview_plantation_etablissements_plantation.fid-2fb68024_1a0f82ae2b1_47ac,Plateaux,Agou,Agou 1,Agou-Nyogbo-Dzidjole,AGOU NYOGBO,Plantation Dougblo,2010,Prive - individuel,POINT (0.7264464489131247 6.874397664971916)
_mview_plantation_etablissements_plantation.fid-2fb68024_1a0f82ae2b1_47ad,Plateaux,Agou,Agou 1,Agou-Kébo,AGOU NYOGBO,Plantation Dzapetia,2002,Prive - individuel,POINT (0.7274091212916137 6.871644471269938)
_mview_plantation_etablissements_plantation.fid-2fb68024_1a0f82ae2b1_47ae,Plateaux,Agou,Agou 1,Agou-Kébo,Agblodome,Plantation Edjave,2000,Prive - individuel,POINT (0.7460354324615992 6.858199820691242)
_mview_plantation_etablissements_plantation.fid-2fb68024_1a0f82ae2b1_47af,Plateaux,Agou,Agou 1,Agou-Kébo,KEBO-APEYEYEME,Plantation Dobou,2016,Prive - individuel,POINT (0.748375 6.840371666666666)
_mview_plantation_etablissements_plantation.fid-2fb68024_1a0f82ae2b1_47b0,Plateaux,Agou,Agou 1,Agou-Kébo,Agblodome,Plantation Kokovenan,2000,Prive - individuel,POINT (0.7425855761846676 6.860738240282159)
_mview_plantation_etablissements_plantation.fid-2fb68024_1a0f82ae2b1_47b1,Plateaux,Agou,Agou 1,Agou-Kébo,Agblodome,Plantation Adokpa,2003,Prive - individuel,POINT (0.7435265524818051 6.858939263363251)
_mview_plantation_etablissements_plantation.fid-2fb68024_1a0f82ae2b1_47b2,Plateaux,Agou,Agou 1,Agou-Kébo,Agblodome,Plantation Wodi,2009,Prive - individuel,POINT (0.7437752671848525 6.85798139129733)
_mview_plantation_etablissements_plantation.fid-2fb68024_1a0f82ae2b1_47b3,Plateaux,Agou,Agou 1,Agou-Kébo,Agblodome,Plantation Adabra,2006,Prive - individuel,POINT (0.7445934165983699 6.8579684474574165)
_mview_plantation_etablissements_plantation.fid-2fb68024_1a0f82ae2b1_47b4,Plateaux,Agou,Agou 1,Agou-Kébo,AGBLODOME,Plantation Atri,1990,Prive - individuel,POINT (0.7426444026130766 6.861620794095878)
_mview_plantation_etablissements_plantation.fid-2fb68024_1a0f82ae2b1_47b5,Plateaux,Agou,Agou 1,Agou-Kébo,AGBLODOME,Plantation Seba Dodzi,2018,Prive - individuel,POINT (0.743602482895993 6.862842864938475)
_mview_plantation_etablissements_plantation.fid-2fb68024_1a0f82ae2b1_47b6,Plateaux,Agou,Agou 1,Agou-Kébo,AGBLODOME,Plantation Apatse,1990,Prive - individuel,POINT (0.7437501159257792 6.862477599040194)
_mview_plantation_etablissements_plantation.fid-2fb68024_1a0f82ae2b1_47b7,Plateaux,Agou,Agou 1,Agou-Kébo,AGBLODOME,Plantation Kassa,1998,Prive - individuel,POINT (0.7482688718308722 6.839708236705946)
_mview_plantation_etablissements_plantation.fid-2fb68024_1a0f82ae2b1_47b8,Plateaux,Agou,Agou 1,Agou-Kébo,KEBO-AGBLODOME,Plantation Amegalolo,1960,Prive - individuel,POINT (0.7420881831465455 6.861151817057801)
_mview_plantation_etablissements_plantation.fid-2fb68024_1a0f82ae2b1_47b9,Plateaux,Agou,Agou 1,Agou-Kébo,KEBO-AGBLODOME,Plantation Assagba,1964,Prive - individuel,POINT (0.7418839810813537 6.861190415687837)
_mview_plantation_etablissements_plantation.fid-2fb68024_1a0f82ae2b1_47ba,Plateaux,Agou,Agou 1,Agou-Kébo,KEBO-APEYEYEME,Plantation Azedzi,2021,Prive - individuel,POINT (0.7536783449205516 6.8371258902786165)
_mview_plantation_etablissements_plantation.fid-2fb68024_1a0f82ae2b1_47bb,Plateaux,Agou,Agou 1,Agou-Kébo,KEBO-DALAVE,Plantation Gblokpo,2000,Prive - individuel,POINT (0.7549818298727006 6.851513360590255)
_mview_plantation_etablissements_plantation.fid-2fb68024_1a0f82ae2b1_47bc,Plateaux,Agou,Agou 1,Agou-Kébo,KEBO-DZIGBE,Plantation Kpetse,1999,Prive - individuel,POINT (0.7486306592050211 6.8675269032072075)
_mview_plantation_etablissements_plantation.fid-2fb68024_1a0f82ae2b1_47bd,Plateaux,Agou,Agou 1,Agou-Kébo,KEBO-DZIGBE,Plantation Nutsidzi,1956,Prive - individuel,POINT (0.7515121758530322 6.8684869833582995)
_mview_plantation_etablissements_plantation.fid-2fb68024_1a0f82ae2b1_47be,Plateaux,Agou,Agou 1,Agou-Kébo,Agblodome,Plantation Akponou,2007,Prive - individuel,POINT (0.7440602180865538 6.838479900861842)
_mview_plantation_etablissements_plantation.fid-2fb68024_1a0f82ae2b1_47bf,Plateaux,Agou,Agou 1,Agou-Kébo,Agblodome,Plantation Hountodzi,2019,Prive - individuel,POINT (0.743714589231162 6.839452934574324)
_mview_plantation_etablissements_plantation.fid-2fb68024_1a0f82ae2b1_47c0,Plateaux,Agou,Agou 1,Agou-Kébo,Agblodome,Plantation Amegassi,2014,Prive - individuel,POINT (0.7448916954552134 6.839000457376212)
_mview_plantation_etablissements_plantation.fid-2fb68024_1a0f82ae2b1_47c1,Plateaux,Agou,Agou 1,Agou-Kébo,Agblodome,Plantation Agbodo,2002,Prive - individuel,POINT (0.7463335949201167 6.837424233671407)
_mview_plantation_etablissements_plantation.fid-2fb68024_1a0f82ae2b1_47c2,Plateaux,Agou,Agou 1,Agou-Kébo,Agblodome,Plantation Gblokpo,2011,Prive - individuel,POINT (0.7548316797312559 6.852458632973881)
_mview_plantation_etablissements_plantation.fid-2fb68024_1a0f82ae2b1_47c3,Plateaux,Agou,Agou 1,Agou-Kébo,DOGBADZI,Plantation Domegnan,2012,Prive - individuel,POINT (0.7571786375800488 6.863530678534245)
_mview_plantation_etablissements_plantation.fid-2fb68024_1a0f82ae2b1_47c4,Plateaux,Agou,Agou 1,Agou-Kébo,DOGBADZI,Plantation Koudoidzi,2012,Prive - individuel,POINT (0.7566087783596299 6.863600232242596)
_mview_plantation_etablissements_plantation.fid-2fb68024_1a0f82ae2b1_47c5,Plateaux,Agou,Agou 1,Agou-Kébo,DOGBADZI,Plantation Agbeko,1990,Prive - individuel,POINT (0.7583687312355526 6.86427701792708)
_mview_plantation_etablissements_plantation.fid-2fb68024_1a0f82ae2b1_47c6,Plateaux,Agou,Agou 1,Agou-Kébo,DOGBADZI,Plantation Amessimekou,1998,Prive - individuel,POINT (0.7361242049359091 6.876068920858837)
_mview_plantation_etablissements_plantation.fid-2fb68024_1a0f82ae2b1_47c7,Plateaux,Agou,Agou 1,Agou-Kébo,DOGBADZI,Plantation Amessimekou,1990,Prive - individuel,POINT (0.7426060092684715 6.881891798543199)
_mview_plantation_etablissements_plantation.fid-2fb68024_1a0f82ae2b1_47c8,Plateaux,Agou,Agou 1,Agou-Kébo,DOGBADZI,Plantation Gbediabu,2000,Prive - individuel,POINT (0.7431969870774054 6.881808209572051)
_mview_plantation_etablissements_plantation.fid-2fb68024_1a0f82ae2b1_47c9,Plateaux,Agou,Agou 1,Agou-Kébo,DOGBADZI,Plantation Noutsougui,1997,Prive - individuel,POINT (0.7428637211099446 6.881205751980112)
_mview_plantation_etablissements_plantation.fid-2fb68024_1a0f82ae2b1_47ca,Plateaux,Agou,Agou 1,Agou-Kébo,DOGBADZI,Plantation Amah,1990,Prive - individuel,POINT (0.7435118450712748 6.881519894489207)
_mview_plantation_etablissements_plantation.fid-2fb68024_1a0f82ae2b1_47cb,Plateaux,Agou,Agou 1,Agou-Kébo,DOGBADZI,Plantation Anani,1995,Prive - individuel,POINT (0.7437565932285934 6.881916148216913)
_mview_plantation_etablissements_plantation.fid-2fb68024_1a0f82ae2b1_47cc,Plateaux,Agou,Agou 1,Agou-Kébo,DOGBADZI,Plantation Dzahini,1990,Prive - individuel,POINT (0.7418729485179214 6.881860787574943)
_mview_plantation_etablissements_plantation.fid-2fb68024_1a0f82ae2b1_47cd,Plateaux,Agou,Agou 1,Agou-Kébo,KPETA,Plantation Agbo,2014,Prive - individuel,POINT (0.7422092270843811 6.86621496319904)
_mview_plantation_etablissements_plantation.fid-2fb68024_1a0f82ae2b1_47ce,Plateaux,Agou,Agou 1,Agou-Kébo,DOGBADZI,Plantation Yao,2005,Prive - individuel,POINT (0.7333028831450321 6.872770161215568)
_mview_plantation_etablissements_plantation.fid-2fb68024_1a0f82ae2b1_47cf,Plateaux,Agou,Agou 1,Agou-Kébo,DOGBADZI,Plantation Oklo,2006,Prive - individuel,POINT (0.7342954989539897 6.87191586739297)
_mview_plantation_etablissements_plantation.fid-2fb68024_1a0f82ae2b1_47d0,Plateaux,Agou,Agou 1,Agou-Kébo,DOGBADZI,Plantation Akri,2008,Prive - individuel,POINT (0.7410701515456258 6.866714740857515)
_mview_plantation_etablissements_plantation.fid-2fb68024_1a0f82ae2b1_47d1,Plateaux,Agou,Agou 1,Agou-Kébo,KEBO-DOGBADZI,Plantation Gnagbloto,2006,Prive - individuel,POINT (0.7343602741954588 6.872318408878721)
_mview_plantation_etablissements_plantation.fid-2fb68024_1a0f82ae2b1_47d2,Plateaux,Agou,Agou 1,Agou-Kébo,KEBO-DOGBADZI,Plantation Agbenu,1967,Prive - individuel,POINT (0.7328210653115032 6.870328809762262)
_mview_plantation_etablissements_plantation.fid-2fb68024_1a0f82ae2b1_47d3,Plateaux,Agou,Agou 1,Agou-Kébo,KEBO-KPETA,Plantation Adzivon,1963,Prive - individuel,POINT (0.7328969797713382 6.869816947977651)
_mview_plantation_etablissements_plantation.fid-2fb68024_1a0f82ae2b1_47d4,Plateaux,Agou,Agou 1,Agou-Kébo,KEBO-DOGBADZI,Plantation Droefenu,1973,Prive - individuel,POINT (0.7347147168127527 6.873252527781646)
_mview_plantation_etablissements_plantation.fid-2fb68024_1a0f82ae2b1_47d5,Plateaux,Agou,Agou 1,Agou-Kébo,KEBO-DOGBADZI,Plantation Amenyo,1978,Prive - individuel,POINT (0.7361573597616645 6.878454974230102)
_mview_plantation_etablissements_plantation.fid-2fb68024_1a0f82ae2b1_47d6,Plateaux,Agou,Agou 1,Agou-Kébo,KEBO-DOGBADZI,Plantation Ediassi Fogan,1980,Prive - individuel,POINT (0.7358105388364984 6.876035092027012)
_mview_plantation_etablissements_plantation.fid-2fb68024_1a0f82ae2b1_47d7,Plateaux,Agou,Agou 1,Agou-Kébo,DOGBADZI,Plantation Avinou,2000,Prive - individuel,POINT (0.73563471349538 6.87926998845593)
_mview_plantation_etablissements_plantation.fid-2fb68024_1a0f82ae2b1_47d8,Plateaux,Agou,Agou 1,Agou-Kébo,DOGBADZI,Plantation Tolessi,2010,Prive - individuel,POINT (0.7362073113633891 6.87785853891616)
_mview_plantation_etablissements_plantation.fid-2fb68024_1a0f82ae2b1_47d9,Plateaux,Agou,Agou 1,Gadja,MESIWOGBE,Plantation Avegbe,2016,Prive - individuel,POINT (0.8741658472948364 6.81979631925339)
_mview_plantation_etablissements_plantation.fid-2fb68024_1a0f82ae2b1_47da,Plateaux,Agou,Agou 1,Agou-Kébo,DOGBADZI,Plantation Aneka,2016,Prive - individuel,POINT (0.7361510741494235 6.879726945222979)
_mview_plantation_etablissements_plantation.fid-2fb68024_1a0f82ae2b1_47db,Plateaux,Agou,Agou 1,Agou-Kébo,DOGBADZI,Plantation Mote,2015,Prive - individuel,POINT (0.7362191554961645 6.87883220186501)
_mview_plantation_etablissements_plantation.fid-2fb68024_1a0f82ae2b1_47dc,Plateaux,Agou,Agou 1,Agou-Kébo,DOGBADZI,Plantation Oklo,2017,Prive - individuel,POINT (0.7366872939953321 6.877378029181408)
_mview_plantation_etablissements_plantation.fid-2fb68024_1a0f82ae2b1_47dd,Plateaux,Agou,Agou 1,Agou-Kébo,KEBO KPETA,Plantation Akafia,2017,Prive - individuel,POINT (0.7297623227766726 6.87078832894202)
_mview_plantation_etablissements_plantation.fid-2fb68024_1a0f82ae2b1_47de,Plateaux,Agou,Agou 1,Agou-Kébo,KEBO KPETA,Plantation Ahleketekou,2015,Prive - individuel,POINT (0.7305632473422627 6.871465241073423)
_mview_plantation_etablissements_plantation.fid-2fb68024_1a0f82ae2b1_47df,Plateaux,Agou,Agou 1,Agou-Kébo,KEBO KPETA,Plantation Mawoussi,2012,Nsp,POINT (0.7309022831174322 6.871929258460715)
_mview_plantation_etablissements_plantation.fid-2fb68024_1a0f82ae2b1_47e0,Plateaux,Agou,Agou 1,Agou-Kébo,KEBO KPETA,Plantation Agbodeka,2014,Prive - individuel,POINT (0.729268536234906 6.87033897941998)
_mview_plantation_etablissements_plantation.fid-2fb68024_1a0f82ae2b1_47e1,Plateaux,Agou,Agou 1,Agou-Kébo,KEBO KPETA,Plantation Adjavon,2016,Prive - individuel,POINT (0.7281807662115347 6.869799721021719)
_mview_plantation_etablissements_plantation.fid-2fb68024_1a0f82ae2b1_47e2,Plateaux,Agou,Agou 1,Agou-Kébo,KEBO-KPETA,Plantation Vitso,1979,Prive - individuel,POINT (0.7304865198578203 6.865918178739705)
_mview_plantation_etablissements_plantation.fid-2fb68024_1a0f82ae2b1_47e3,Plateaux,Agou,Agou 1,Agou-Kébo,KEBO KPETA,Plantation Togbe,2015,Prive - individuel,POINT (0.7273575821270493 6.86823142264079)
_mview_plantation_etablissements_plantation.fid-2fb68024_1a0f82ae2b1_47e4,Plateaux,Agou,Agou 1,Agou-Kébo,KEBO KPETA,Plantation Mawoussi,2016,Prive - individuel,POINT (0.7273110631905549 6.867714231885045)
_mview_plantation_etablissements_plantation.fid-2fb68024_1a0f82ae2b1_47e5,Plateaux,Agou,Agou 1,Agou-Kébo,DOGBADZI,Plantation Togbe,2018,Prive - individuel,POINT (0.7278680324543498 6.86452044938579)
_mview_plantation_etablissements_plantation.fid-2fb68024_1a0f82ae2b1_47e6,Plateaux,Agou,Agou 1,Agou-Kébo,KEBO KPETA,Plantation Akri,2014,Prive - individuel,POINT (0.7282753405497228 6.866373151767711)
_mview_plantation_etablissements_plantation.fid-2fb68024_1a0f82ae2b1_47e7,Plateaux,Agou,Agou 1,Agou-Kébo,KEBO KPETA,Plantation Vitcho,2015,Prive - individuel,POINT (0.7293383481758358 6.865484073665076)
_mview_plantation_etablissements_plantation.fid-2fb68024_1a0f82ae2b1_47e8,Plateaux,Agou,Agou 1,Agou-Kébo,KEBO KPETA,Plantation Oclo,2013,Prive - individuel,POINT (0.7319116646562362 6.865741862391715)
_mview_plantation_etablissements_plantation.fid-2fb68024_1a0f82ae2b1_47e9,Plateaux,Agou,Agou 1,Agou-Kébo,KEBO-KPETA,Plantation Mati Komi Dido,1967,Prive - individuel,POINT (0.7296895004793007 6.870104969091714)
_mview_plantation_etablissements_plantation.fid-2fb68024_1a0f82ae2b1_47ea,Plateaux,Agou,Agou 1,Agou-Kébo,KEBO-KPETA,Plantation Ahli-kpeteku,2001,Prive - individuel,POINT (0.730199672595599 6.870762984938765)
_mview_plantation_etablissements_plantation.fid-2fb68024_1a0f82ae2b1_47eb,Plateaux,Agou,Agou 1,Agou-Kébo,KEBO-KPETA,Plantation Nyideku Rose,1983,Prive - individuel,POINT (0.7307836062119861 6.871609352417307)
_mview_plantation_etablissements_plantation.fid-2fb68024_1a0f82ae2b1_47ec,Plateaux,Agou,Agou 1,Agou-Kébo,KEBO-KPETA,Plantation Zegu,1982,Prive - individuel,POINT (0.7289749894027387 6.870336231665126)
_mview_plantation_etablissements_plantation.fid-2fb68024_1a0f82ae2b1_47ed,Plateaux,Agou,Agou 1,Agou-Kébo,KEBO-KPETA,Plantation Avinu Kokou,1967,Prive - individuel,POINT (0.727961853938653 6.869731320927145)
_mview_plantation_etablissements_plantation.fid-2fb68024_1a0f82ae2b1_47ee,Plateaux,Agou,Agou 1,Agou-Kébo,KEBO-KPETA,Plantation Mawussi,1972,Prive - individuel,POINT (0.7276639969060857 6.8687760600358745)
_mview_plantation_etablissements_plantation.fid-2fb68024_1a0f82ae2b1_47ef,Plateaux,Agou,Agou 1,Agou-Kébo,KEBO-KPETA,Plantation Mawussi,1984,Prive - individuel,POINT (0.7271017842730249 6.867462031832506)
_mview_plantation_etablissements_plantation.fid-2fb68024_1a0f82ae2b1_47f0,Plateaux,Agou,Agou 1,Agou-Kébo,KEBO-KPETA,Plantation Aklamanu,1968,Prive - individuel,POINT (0.7287992151748921 6.865764089803636)
_mview_plantation_etablissements_plantation.fid-2fb68024_1a0f82ae2b1_47f1,Plateaux,Agou,Agou 1,Agou-Kébo,KEBO-KPETA,Plantation Amenu,1967,Prive - individuel,POINT (0.7313915013825218 6.866130524841939)
_mview_plantation_etablissements_plantation.fid-2fb68024_1a0f82ae2b1_47f2,Plateaux,Agou,Agou 1,Agou-Kébo,KPETA,Plantation Atikpo,2015,Prive - individuel,POINT (0.728540929332291 6.86604480226068)
_mview_plantation_etablissements_plantation.fid-2fb68024_1a0f82ae2b1_47f3,Plateaux,Agou,Agou 1,Agou-Kébo,KPETA,Plantation Anika,2005,Prive - individuel,POINT (0.7303432675977203 6.871271713410137)
_mview_plantation_etablissements_plantation.fid-2fb68024_1a0f82ae2b1_47f4,Plateaux,Agou,Agou 1,Agou-Kébo,KPETA,Plantation Amenu,2000,Prive - individuel,POINT (0.7269066666666667 6.869606666666666)
_mview_plantation_etablissements_plantation.fid-2fb68024_1a0f82ae2b1_47f5,Plateaux,Agou,Agou 1,Agou-Kébo,KPETA,Plantation Adegbedzi,2000,Prive - individuel,POINT (0.7270100172445584 6.869242012358029)
_mview_plantation_etablissements_plantation.fid-2fb68024_1a0f82ae2b1_47f6,Plateaux,Agou,Agou 1,Agou-Kébo,KPETA,Plantation Edjonekou,2010,Prive - individuel,POINT (0.7278139095154493 6.868316959198803)
_mview_plantation_etablissements_plantation.fid-2fb68024_1a0f82ae2b1_47f7,Plateaux,Agou,Agou 1,Agou-Kébo,KPETA,Plantation Vitso,2005,Prive - individuel,POINT (0.7277344343010834 6.866972496531678)
_mview_plantation_etablissements_plantation.fid-2fb68024_1a0f82ae2b1_47f8,Plateaux,Agou,Agou 1,Agou-Kébo,KPETA,Plantation Wowonyon,2010,Prive - individuel,POINT (0.729806665313076 6.865429268380533)
_mview_plantation_etablissements_plantation.fid-2fb68024_1a0f82ae2b1_47f9,Plateaux,Agou,Agou 1,Agou-Kébo,KPETA,Plantation Ribi,2019,Prive - individuel,POINT (0.7334845644560913 6.865417926198652)
_mview_plantation_etablissements_plantation.fid-2fb68024_1a0f82ae2b1_47fa,Plateaux,Agou,Agou 1,Agou-Kébo,TOE,Plantation Assagba,1990,Prive - individuel,POINT (0.746010642416328 6.854488315007495)
_mview_plantation_etablissements_plantation.fid-2fb68024_1a0f82ae2b1_47fb,Plateaux,Agou,Agou 1,Agou-Kébo,TOE,Plantation Agbo,1996,Prive - individuel,POINT (0.7457446370790398 6.855084875664871)
_mview_plantation_etablissements_plantation.fid-2fb68024_1a0f82ae2b1_47fc,Plateaux,Agou,Agou 1,Agou-Kébo,TOE,Plantation Folikpo,1990,Prive - individuel,POINT (0.7455905401168161 6.8543415690016705)
_mview_plantation_etablissements_plantation.fid-2fb68024_1a0f82ae2b1_47fd,Plateaux,Agou,Agou 1,Agou-Kébo,TOE,Plantation Azoe,2000,Prive - individuel,POINT (0.745635 6.853965)
_mview_plantation_etablissements_plantation.fid-2fb68024_1a0f82ae2b1_47fe,Plateaux,Agou,Agou 1,Agou-Kébo,TOE,Plantation Adavi,2000,Prive - individuel,POINT (0.7517161118376753 6.857190419078054)
_mview_plantation_etablissements_plantation.fid-2fb68024_1a0f82ae2b1_47ff,Plateaux,Agou,Agou 1,Agou-Kébo,agblodome,Plantation Tsognadzi,2018,Prive - individuel,POINT (0.7589505068461818 6.856151946053025)
_mview_plantation_etablissements_plantation.fid-2fb68024_1a0f82ae2b1_4800,Plateaux,Agou,Agou 1,Agou-Kébo,KEBO TOE,Plantation Woleme,2012,Prive - individuel,POINT (0.7475435688063717 6.852291370999558)
_mview_plantation_etablissements_plantation.fid-2fb68024_1a0f82ae2b1_4801,Plateaux,Agou,Agou 1,Agou-Kébo,KEBO TOE,Plantation Assimenu,1973,Prive - individuel,POINT (0.7457114633957709 6.854992290491467)
_mview_plantation_etablissements_plantation.fid-2fb68024_1a0f82ae2b1_4802,Plateaux,Agou,Agou 1,Agou-Kébo,KEBO TODOME,Plantation Klugan,1962,Prive - individuel,POINT (0.7501708345592476 6.856420203575978)
_mview_plantation_etablissements_plantation.fid-2fb68024_1a0f82ae2b1_4803,Plateaux,Agou,Agou 1,Gadja,Egbikopé,Plantation de Teck de Egbikopé,Nsp,Prive - individuel,POINT (0.7840241538832876 6.7667207742920255)
_mview_plantation_etablissements_plantation.fid-2fb68024_1a0f82ae2b1_4804,Plateaux,Agou,Agou 1,Agou-Kébo,KEBO-KPETA,Plantation Adzeoda,1976,Prive - individuel,POINT (0.7431588408351041 6.86594879406877)
_mview_plantation_etablissements_plantation.fid-2fb68024_1a0f82ae2b1_4805,Plateaux,Agou,Agou 1,Agou-Kébo,KEBO-KPETA,Plantation Amenyo,1982,Prive - individuel,POINT (0.739530511346597 6.86547398739962)
_mview_plantation_etablissements_plantation.fid-2fb68024_1a0f82ae2b1_4806,Plateaux,Agou,Agou 1,Agou-Kébo,KEBO-KPETA,Plantation Oklo,1967,Prive - individuel,POINT (0.7372393196821337 6.862990375590941)
_mview_plantation_etablissements_plantation.fid-2fb68024_1a0f82ae2b1_4807,Plateaux,Agou,Agou 1,Agou-Kébo,KEBO-KPETA,Plantation Amenu,2015,Prive - individuel,POINT (0.7410066307952686 6.862799320991853)
_mview_plantation_etablissements_plantation.fid-2fb68024_1a0f82ae2b1_4808,Plateaux,Agou,Agou 1,Agou-Kébo,KEBO-KPETA,Plantation Kokobena,1978,Prive - individuel,POINT (0.7393490825021256 6.864236191949858)
_mview_plantation_etablissements_plantation.fid-2fb68024_1a0f82ae2b1_4809,Plateaux,Agou,Agou 1,Agou-Kébo,KEBO-KPETA,Plantation Agbedogan,1962,Prive - individuel,POINT (0.7393749779134409 6.868048092139948)
_mview_plantation_etablissements_plantation.fid-2fb68024_1a0f82ae2b1_480a,Plateaux,Agou,Agou 1,Agou-Kébo,KEBO-KPETA,Plantation Geli,1960,Prive - individuel,POINT (0.7409379984697544 6.867764444350212)
_mview_plantation_etablissements_plantation.fid-2fb68024_1a0f82ae2b1_480b,Plateaux,Agou,Agou 1,Agou-Kébo,KEBO KPETA,Plantation Kokovenan,2017,Prive - individuel,POINT (0.7408162654226985 6.865681605849593)
_mview_plantation_etablissements_plantation.fid-2fb68024_1a0f82ae2b1_480c,Plateaux,Agou,Agou 1,Agou-Kébo,KEBO KPETA,Plantation Kokovenan,2011,Prive - individuel,POINT (0.7389800515133267 6.86409077616272)
_mview_plantation_etablissements_plantation.fid-2fb68024_1a0f82ae2b1_480d,Plateaux,Agou,Agou 1,Agou-Kébo,KEBO KPETA,Plantation Oclo,2012,Prive - individuel,POINT (0.7370940191504134 6.8622164572496045)
_mview_plantation_etablissements_plantation.fid-2fb68024_1a0f82ae2b1_480e,Plateaux,Agou,Agou 1,Gadja,AGOKLAME,Plantation Suka,2020,Prive - individuel,POINT (0.8523732652287836 6.837751530845255)
_mview_plantation_etablissements_plantation.fid-2fb68024_1a0f82ae2b1_480f,Plateaux,Agou,Agou 1,Agou-Kébo,KEBO KPETA,Plantation Ahadzi,2008,Prive - individuel,POINT (0.7409017824878452 6.863535649776706)
_mview_plantation_etablissements_plantation.fid-2fb68024_1a0f82ae2b1_4810,Plateaux,Agou,Agou 1,Agou-Kébo,KEBO KPETA,Plantation Agbenou,2009,Prive - individuel,POINT (0.7371894754167755 6.8663448043102955)
_mview_plantation_etablissements_plantation.fid-2fb68024_1a0f82ae2b1_4811,Plateaux,Agou,Agou 1,Agou-Kébo,KEBO KPETA,Plantation Agbenou,2011,Prive - individuel,POINT (0.739543286199787 6.867103243319325)
_mview_plantation_etablissements_plantation.fid-2fb68024_1a0f82ae2b1_4812,Plateaux,Agou,Agou 1,Agou-Kébo,KEBO KPETA,Plantation Nutsudzin,2013,Prive - individuel,POINT (0.7401626092740299 6.86772391715462)
_mview_plantation_etablissements_plantation.fid-2fb68024_1a0f82ae2b1_4813,Plateaux,Agou,Agou 1,Agou-Kébo,KPETA,Plantation Adissou,2010,Prive - individuel,POINT (0.7422040130137487 6.8658708646190085)
_mview_plantation_etablissements_plantation.fid-2fb68024_1a0f82ae2b1_4814,Plateaux,Agou,Agou 1,Agou-Kébo,KPETA,Plantation Agbo,2000,Prive - individuel,POINT (0.7384139248991485 6.862941039496762)
_mview_plantation_etablissements_plantation.fid-2fb68024_1a0f82ae2b1_4815,Plateaux,Agou,Agou 1,Agou-Kébo,KPETA,Plantation Dzowodzo,2000,Prive - individuel,POINT (0.7377886670928517 6.862774504286041)
_mview_plantation_etablissements_plantation.fid-2fb68024_1a0f82ae2b1_4816,Plateaux,Agou,Agou 1,Agou-Kébo,KPETA,Plantation Atiabu,2000,Prive - individuel,POINT (0.737901056786848 6.862037135319691)
_mview_plantation_etablissements_plantation.fid-2fb68024_1a0f82ae2b1_4817,Plateaux,Agou,Agou 1,Agou-Kébo,KPETA,Plantation Ocloo,2000,Prive - individuel,POINT (0.7416208010020511 6.861250336556218)
_mview_plantation_etablissements_plantation.fid-2fb68024_1a0f82ae2b1_4818,Plateaux,Agou,Agou 1,Agou-Kébo,KPETA,Plantation denyigban,2000,Prive - individuel,POINT (0.7384290855356772 6.865534295162963)
_mview_plantation_etablissements_plantation.fid-2fb68024_1a0f82ae2b1_4819,Plateaux,Agou,Agou 1,Agou-Kébo,KPETA,Plantation Aklamanu,1970,Prive - individuel,POINT (0.7405367442968016 6.866893922365679)
_mview_plantation_etablissements_plantation.fid-2fb68024_1a0f82ae2b1_481a,Plateaux,Agou,Agou 1,Agou-Tavié,AGOU GARE,Plantation Klukpo,1990,Prive - individuel,POINT (0.7178333287344272 6.839510150501167)
_mview_plantation_etablissements_plantation.fid-2fb68024_1a0f82ae2b1_481b,Plateaux,Agou,Agou 1,Agou-Atigbé,Egbikopé,Plantation de Palmiste à Egbikopé,2018,Domaine public de l Etat ou des collectivites territoriales,POINT (0.7776000429094643 6.77236389316307)
_mview_plantation_etablissements_plantation.fid-2fb68024_1a0f82ae2b1_481c,Plateaux,Agou,Agou 1,Agou-Atigbé,EFAN-KOPE,Plantation Segnedji,2007,Prive - individuel,POINT (0.77547586943238 6.768253298281428)
_mview_plantation_etablissements_plantation.fid-2fb68024_1a0f82ae2b1_481d,Plateaux,Agou,Agou 1,Agou-Atigbé,Abayèmé,Plantation Terre Et Vie,2005,Prive - individuel,POINT (0.7074266666666666 6.817373333333334)
_mview_plantation_etablissements_plantation.fid-2fb68024_1a0f82ae2b1_481e,Plateaux,Agou,Agou 1,Agou-Atigbé,Dzogbépimé,Plantation Cacao,1985,Prive - individuel,POINT (0.7300849855101316 6.814283672145466)
_mview_plantation_etablissements_plantation.fid-2fb68024_1a0f82ae2b1_481f,Plateaux,Agou,Agou 1,Gadja,KAYI-COPE,Plantation Ave Maria,2007,Prive - individuel,POINT (0.8320963077995405 6.755772757538849)
_mview_plantation_etablissements_plantation.fid-2fb68024_1a0f82ae2b1_4820,Plateaux,Agou,Agou 1,Gadja,AGOE AKODESSEWA,"Plantation D'orangier, Palmier de Wegan",2005,Prive - individuel,POINT (0.8262071985581425 6.7451660150430515)
_mview_plantation_etablissements_plantation.fid-2fb68024_1a0f82ae2b1_4821,Plateaux,Agou,Agou 1,Gadja,AGOE AKODESSEWA,"Plantation de Teck, Palmier Et Acacia de Agbovon",1998,Prive - individuel,POINT (0.8250927697237249 6.744524760431177)
_mview_plantation_etablissements_plantation.fid-2fb68024_1a0f82ae2b1_4822,Plateaux,Agou,Agou 1,Gadja,AGOE AKODESSEWA,Plantation de Palmier Adanlessossi,1995,Prive - individuel,POINT (0.8232748423196197 6.74778729196313)
_mview_plantation_etablissements_plantation.fid-2fb68024_1a0f82ae2b1_4823,Plateaux,Agou,Agou 1,Gadja,AGOE AKODESSEWA,Plantation de Teck de Johnson,Nsp,Prive - individuel,POINT (0.828528624235761 6.755382648151759)
_mview_plantation_etablissements_plantation.fid-2fb68024_1a0f82ae2b1_4824,Plateaux,Agou,Agou 1,Gadja,Egbikopé,Plantation de Teck de Tekpa,2019,Prive - individuel,POINT (0.7825257793713123 6.770023387960797)
_mview_plantation_etablissements_plantation.fid-2fb68024_1a0f82ae2b1_4825,Plateaux,Agou,Agou 1,Gadja,Egbikopé,Plantation de Palmiste Et Teck de Tekpa,2020,Prive - individuel,POINT (0.7784372468953774 6.771854115315269)
_mview_plantation_etablissements_plantation.fid-2fb68024_1a0f82ae2b1_4826,Plateaux,Agou,Agou 1,Gadja,Egbikopé,Plantation de Teck,2019,Prive - individuel,POINT (0.7810557132912063 6.772548153122186)
_mview_plantation_etablissements_plantation.fid-2fb68024_1a0f82ae2b1_4827,Plateaux,Agou,Agou 1,Gadja,Egbikopé,Plantation de Palmiste de Tekpa,2019,Prive - individuel,POINT (0.7922847060435174 6.7698528698770275)
_mview_plantation_etablissements_plantation.fid-2fb68024_1a0f82ae2b1_4828,Plateaux,Agou,Agou 1,Gadja,Egbikopé,Plantation de Palmiste Sogbo,2002,Prive - individuel,POINT (0.7838956147578179 6.770425611035501)
_mview_plantation_etablissements_plantation.fid-2fb68024_1a0f82ae2b1_4829,Plateaux,Agou,Agou 1,Gadja,KARABOU-KOPE,Plantation Karabou,2017,Prive - individuel,POINT (0.8300961315133379 6.74266867167246)
_mview_plantation_etablissements_plantation.fid-2fb68024_1a0f82ae2b1_482a,Plateaux,Agou,Agou 1,Gadja,GBADOE KOPÉ,Plantation de Teck de Gbadoe,1970,Prive - individuel,POINT (0.8203142982149604 6.750787639736368)
_mview_plantation_etablissements_plantation.fid-2fb68024_1a0f82ae2b1_482b,Plateaux,Agou,Agou 1,Gadja,GBADOE KOPÉ,Plantation de Palmiste de Gbadoe,2002,Prive - individuel,POINT (0.8185477668053549 6.75016728261381)
_mview_plantation_etablissements_plantation.fid-2fb68024_1a0f82ae2b1_482c,Plateaux,Agou,Agou 1,Gadja,EDJAKOPE,Plantation Anagokope,2019,Prive - individuel,POINT (0.7928769594047388 6.7162218969456084)
_mview_plantation_etablissements_plantation.fid-2fb68024_1a0f82ae2b1_482d,Plateaux,Agou,Agou 1,Gadja,ALI KPODJI,Plantation Cadi-afrique,2007,Prive - individuel,POINT (0.8267760416287094 6.732796269329772)
_mview_plantation_etablissements_plantation.fid-2fb68024_1a0f82ae2b1_482e,Plateaux,Agou,Agou 1,Gadja,WOUTO-NORD,Plantation de Teck de Wouto-nord,2002,Domaine public de l Etat ou des collectivites territoriales,POINT (0.7944473087422222 6.771934125454679)
_mview_plantation_etablissements_plantation.fid-2fb68024_1a0f82ae2b1_482f,Plateaux,Agou,Agou 1,Gadja,Egbikopé,Plantation de Teck à Egbikopé,1960,Domaine public de l Etat ou des collectivites territoriales,POINT (0.7885597712372364 6.756914196071532)
_mview_plantation_etablissements_plantation.fid-2fb68024_1a0f82ae2b1_4830,Plateaux,Agou,Agou 1,Gadja,Egbikopé,Plantation de Teck À Egbikopé,1960,Domaine public de l Etat ou des collectivites territoriales,POINT (0.7919123560865512 6.763305433735583)
_mview_plantation_etablissements_plantation.fid-2fb68024_1a0f82ae2b1_4831,Plateaux,Agou,Agou 1,Gadja,WOUTO-SUD,Plantation de Teck de Wouto-sud,2018,Domaine public de l Etat ou des collectivites territoriales,POINT (0.806991823828278 6.771840609481312)
_mview_plantation_etablissements_plantation.fid-2fb68024_1a0f82ae2b1_4832,Plateaux,Agou,Agou 1,Gadja,Wouto-sud,Plantation,2002,Domaine public de l Etat ou des collectivites territoriales,POINT (0.8053094149840847 6.7716974465261845)
_mview_plantation_etablissements_plantation.fid-2fb68024_1a0f82ae2b1_4833,Plateaux,Agou,Agou 1,Gadja,WOUTO-SUD,Plantation de Teck de Wouto-sud,2002,Domaine public de l Etat ou des collectivites territoriales,POINT (0.806128966251111 6.7704556819813835)
_mview_plantation_etablissements_plantation.fid-2fb68024_1a0f82ae2b1_4834,Plateaux,Agou,Agou 1,Gadja,WOUTO-SUD,Plantation de Teck de Wouto-sud,2002,Domaine public de l Etat ou des collectivites territoriales,POINT (0.8095860475802384 6.767399681054288)
_mview_plantation_etablissements_plantation.fid-2fb68024_1a0f82ae2b1_4835,Plateaux,Agou,Agou 1,Gadja,Wouto-sud,Plantation de Teck à Wouto-sud,2002,Domaine public de l Etat ou des collectivites territoriales,POINT (0.8063314506801855 6.763754838246523)
_mview_plantation_etablissements_plantation.fid-2fb68024_1a0f82ae2b1_4836,Plateaux,Agou,Agou 1,Gadja,Wouto-sud,Plantation de Teck de Wouto-sud,2002,Domaine public de l Etat ou des collectivites territoriales,POINT (0.8111132463084041 6.763355589438173)
_mview_plantation_etablissements_plantation.fid-2fb68024_1a0f82ae2b1_4837,Plateaux,Agou,Agou 1,Gadja,TOUVIKOPE,Plantation Touvi,1977,Prive - individuel,POINT (0.829236602182205 6.733580781201608)
_mview_plantation_etablissements_plantation.fid-2fb68024_1a0f82ae2b1_4838,Plateaux,Agou,Agou 1,Gadja,GILGAL,Plantation Gilgal,2000,Prive - individuel,POINT (0.843458857473067 6.763973428773033)
_mview_plantation_etablissements_plantation.fid-2fb68024_1a0f82ae2b1_4839,Plateaux,Agou,Agou 1,Gadja,GILGAL,Plantation de Palmier et Citronnier de Gilgal,Nsp,Prive - individuel,POINT (0.8452945726665227 6.759595694641068)
_mview_plantation_etablissements_plantation.fid-2fb68024_1a0f82ae2b1_483a,Plateaux,Agou,Agou 1,Gadja,GILGAL,Plantation de Teck de Gilgal,2007,Prive - individuel,POINT (0.8412159687663607 6.767762964707828)
_mview_plantation_etablissements_plantation.fid-2fb68024_1a0f82ae2b1_483b,Plateaux,Agou,Agou 1,Gadja,GILGAL,Plantation de Teck de Gilgal,Nsp,Prive - individuel,POINT (0.8487442984070305 6.761256011659741)
_mview_plantation_etablissements_plantation.fid-2fb68024_1a0f82ae2b1_483c,Plateaux,Agou,Agou 1,Gadja,GILGAL,Plantation Akodja,2007,Prive - entreprise,POINT (0.8363796619389408 6.759714218047096)
_mview_plantation_etablissements_plantation.fid-2fb68024_1a0f82ae2b1_483d,Plateaux,Agou,Agou 1,Gadja,GILGAL,Plantation Grunitziky,2006,Prive - entreprise,POINT (0.8366616940845817 6.762045867285735)
_mview_plantation_etablissements_plantation.fid-2fb68024_1a0f82ae2b1_483e,Plateaux,Agou,Agou 1,Gadja,GILGAL,Plantation Grunitziky,1995,Prive - entreprise,POINT (0.833535647373292 6.758144740277048)
_mview_plantation_etablissements_plantation.fid-2fb68024_1a0f82ae2b1_483f,Plateaux,Agou,Agou 1,Gadja,Wouto-sud,Plantation de Teck Wouto-sud,2002,Domaine public de l Etat ou des collectivites territoriales,POINT (0.8142780768241673 6.755778779957805)
_mview_plantation_etablissements_plantation.fid-2fb68024_1a0f82ae2b1_4840,Plateaux,Agou,Agou 1,Gadja,EGBIKOPE,Plantation de Teck de La Coopérative Agbeyeye,1990,Prive - individuel,POINT (0.7940700600342829 6.766976662593826)
_mview_plantation_etablissements_plantation.fid-2fb68024_1a0f82ae2b1_4841,Plateaux,Agou,Agou 1,Gadja,FOKPO,Plantation de Teck de Aguidi,1970,Prive - individuel,POINT (0.8691789350811449 6.766784598063833)
_mview_plantation_etablissements_plantation.fid-2fb68024_1a0f82ae2b1_4842,Plateaux,Agou,Agou 1,Gadja,FOKPO,Plantation de Teck de Aboussa,1995,Prive - individuel,POINT (0.8745345631638577 6.768132550179263)
_mview_plantation_etablissements_plantation.fid-2fb68024_1a0f82ae2b1_4843,Plateaux,Agou,Agou 1,Gadja,FOKPO,Plantation de Teck de Akpawou,1999,Prive - individuel,POINT (0.876086900824954 6.7673190762579045)
_mview_plantation_etablissements_plantation.fid-2fb68024_1a0f82ae2b1_4844,Plateaux,Agou,Agou 1,Gadja,FOKPO,Plantation de Tecks de Djamessi,1992,Prive - individuel,POINT (0.8698649293534917 6.764999778487898)
_mview_plantation_etablissements_plantation.fid-2fb68024_1a0f82ae2b1_4845,Plateaux,Agou,Agou 1,Gadja,FOKPO,Plantation de Palmier Ameko,2013,Prive - individuel,POINT (0.8763833333333333 6.762873333333332)
_mview_plantation_etablissements_plantation.fid-2fb68024_1a0f82ae2b1_4846,Plateaux,Agou,Agou 1,Gadja,DZAMAKONDJI,Plantation Patchazi,2007,Prive - individuel,POINT (0.8060484729620704 6.847934451167204)
_mview_plantation_etablissements_plantation.fid-2fb68024_1a0f82ae2b1_4847,Plateaux,Agou,Agou 1,Gadja,AVETONOU,Plantation Gnassi,1992,Prive - individuel,POINT (0.836067720890059 6.792010227168753)
_mview_plantation_etablissements_plantation.fid-2fb68024_1a0f82ae2b1_4848,Plateaux,Agou,Agou 1,Gadja,AVETONOU,Plantation Nikabou Felix,2020,Prive - individuel,POINT (0.8350493916614118 6.790872838990193)
_mview_plantation_etablissements_plantation.fid-2fb68024_1a0f82ae2b1_4849,Plateaux,Agou,Agou 1,Gadja,DONGOKOPE,Plantation Sossa,2016,Prive - individuel,POINT (0.8364676123460978 6.784782194866432)
_mview_plantation_etablissements_plantation.fid-2fb68024_1a0f82ae2b1_484a,Plateaux,Agou,Agou 1,Gadja,DONGOKOPE,Plantation Kesse Mawugna,2021,Prive - individuel,POINT (0.8320683078195086 6.783647031920095)
_mview_plantation_etablissements_plantation.fid-2fb68024_1a0f82ae2b1_484b,Plateaux,Agou,Agou 1,Gadja,ADINAKOPE,Plantation de Teck Et de Palmier de Alo,2008,Prive - individuel,POINT (0.8524693523774985 6.788232826609063)
_mview_plantation_etablissements_plantation.fid-2fb68024_1a0f82ae2b1_484c,Plateaux,Agou,Agou 1,Gadja,ADINAKOPE,Plantation de Palmier Adinakopé,Nsp,Nsp,POINT (0.8412790434407831 6.78818522679455)
_mview_plantation_etablissements_plantation.fid-2fb68024_1a0f82ae2b1_484d,Plateaux,Agou,Agou 1,Gadja,ADINAKOPE,Plantation de Palmier Minekpo,2017,Prive - individuel,POINT (0.8531648404961446 6.79046020160589)
_mview_plantation_etablissements_plantation.fid-2fb68024_1a0f82ae2b1_484e,Plateaux,Agou,Agou 1,Gadja,Adinakopé,Plantation de Palmiste de Kossi,2014,Prive - individuel,POINT (0.8528872507102647 6.789428682074889)
_mview_plantation_etablissements_plantation.fid-2fb68024_1a0f82ae2b1_484f,Plateaux,Agou,Agou 1,Gadja,Adenakope,Plantation de Palmiste de Nicolas,Nsp,Prive - individuel,POINT (0.8542335884917678 6.792685047928349)
_mview_plantation_etablissements_plantation.fid-2fb68024_1a0f82ae2b1_4850,Plateaux,Agou,Agou 1,Gadja,TSEVIEKOPE,Plantation de Palmier Ferme Kekeli,2015,Prive - individuel,POINT (0.8490341387631463 6.839154283055647)
_mview_plantation_etablissements_plantation.fid-2fb68024_1a0f82ae2b1_4851,Plateaux,Agou,Agou 1,Gadja,TSEVIEKONDJI,Plantation Hevor Kossi,1998,Prive - individuel,POINT (0.8557208832683507 6.82959150840419)
_mview_plantation_etablissements_plantation.fid-2fb68024_1a0f82ae2b1_4852,Plateaux,Agou,Agou 1,Gadja,AVETONOU,"Plantation de Palmier, Cacaoyer, Bananier de Heno",1998,Prive - individuel,POINT (0.8552539208901311 6.830365871952696)
_mview_plantation_etablissements_plantation.fid-2fb68024_1a0f82ae2b1_4853,Plateaux,Agou,Agou 1,Gadja,TSEVIEKONDJI,"Plantation de Palmier, Bananier, Cacaoyer de Gada",2017,Prive - individuel,POINT (0.8539703237255882 6.830640787235116)
_mview_plantation_etablissements_plantation.fid-2fb68024_1a0f82ae2b1_4854,Plateaux,Agou,Agou 1,Gadja,TCHEVIKONDJI,"Plantation de Palmier, Cacaoyer, Bananier de Tsevi",Nsp,Prive - individuel,POINT (0.8539963525580438 6.831950658884498)
_mview_plantation_etablissements_plantation.fid-2fb68024_1a0f82ae2b1_4855,Plateaux,Agou,Agou 1,Gadja,TCHEVIKONDJI,"Plantation de Palmier, Bananier, Cacaoyer de Folly",2001,Prive - individuel,POINT (0.8531016716803844 6.832944053171071)
_mview_plantation_etablissements_plantation.fid-2fb68024_1a0f82ae2b1_4856,Plateaux,Agou,Agou 1,Gadja,AVETONOU,"Plantation de Palmier, Cacaoyer, Bananier de Follykpo",2000,Prive - individuel,POINT (0.8524627965433474 6.833948020484279)
_mview_plantation_etablissements_plantation.fid-2fb68024_1a0f82ae2b1_4857,Plateaux,Agou,Agou 1,Gadja,TSEVIEKONDJI,"Plantation de Palmier, Cacaoyer, Bananier de Sape",Nsp,Prive - individuel,POINT (0.851445 6.832641666666666)
_mview_plantation_etablissements_plantation.fid-2fb68024_1a0f82ae2b1_4858,Plateaux,Agou,Agou 1,Gadja,AVETONOU,"Plantation de Palmier, Bananier, Cacaoyer de Agbodemegbe",2012,Prive - individuel,POINT (0.851659987467333 6.834380224977384)
_mview_plantation_etablissements_plantation.fid-2fb68024_1a0f82ae2b1_4859,Plateaux,Agou,Agou 1,Gadja,TSEVIEKONDJI,"Plantation de Palmier, Bananier, Cacaoyer de Agamekou",1998,Prive - individuel,POINT (0.8484560648913687 6.831893555632156)
_mview_plantation_etablissements_plantation.fid-2fb68024_1a0f82ae2b1_485a,Plateaux,Agou,Agou 1,Gadja,ZOZOKONDJI,Plantation Agbelenawo,2018,Prive - individuel,POINT (0.8573673817243092 6.824487302896305)
_mview_plantation_etablissements_plantation.fid-2fb68024_1a0f82ae2b1_485b,Plateaux,Agou,Agou 1,Gadja,ZOZOKONDJI,Plantation Gomaro,2009,Prive - individuel,POINT (0.8555046150950092 6.8267647623369125)
_mview_plantation_etablissements_plantation.fid-2fb68024_1a0f82ae2b1_485c,Plateaux,Agou,Agou 1,Gadja,ZOZOKONDJI,Plantation Doglo,2017,Prive - individuel,POINT (0.8570802160658949 6.826790178961339)
_mview_plantation_etablissements_plantation.fid-2fb68024_1a0f82ae2b1_485d,Plateaux,Agou,Agou 1,Gadja,ZOZOKONDJI,Plantation Tokpa Kodjo,2005,Prive - individuel,POINT (0.857098052470055 6.823741911727613)
_mview_plantation_etablissements_plantation.fid-2fb68024_1a0f82ae2b1_485e,Plateaux,Agou,Agou 1,Gadja,AGBOKLAME,Plantation Avedzi,1995,Prive - individuel,POINT (0.8512393312255803 6.839674072533834)
_mview_plantation_etablissements_plantation.fid-2fb68024_1a0f82ae2b1_485f,Plateaux,Agou,Agou 1,Gadja,ADINA-COPE,Plantation Abel,2008,Prive - individuel,POINT (0.8513385936972564 6.786907003309204)
_mview_plantation_etablissements_plantation.fid-2fb68024_1a0f82ae2b1_4860,Plateaux,Agou,Agou 1,Gadja,ADINA-COPE,Plantation Adina,2001,Prive - individuel,POINT (0.8530842787860217 6.78145995444318)
_mview_plantation_etablissements_plantation.fid-2fb68024_1a0f82ae2b1_4861,Plateaux,Agou,Agou 1,Gadja,ZIONOU,Plantation Sagbo,2010,Prive - individuel,POINT (0.8286633333333333 6.876245)
_mview_plantation_etablissements_plantation.fid-2fb68024_1a0f82ae2b1_4862,Plateaux,Agou,Agou 1,Gadja,Gadjagan,Plantation de Teck de Awuya,2005,Prive - individuel,POINT (0.7754655249832408 6.820296106224005)
_mview_plantation_etablissements_plantation.fid-2fb68024_1a0f82ae2b1_4863,Plateaux,Agou,Agou 1,Gadja,AVETONOU,Plantation Bonheur,1980,Prive - individuel,POINT (0.8025837629776874 6.794725134009028)
_mview_plantation_etablissements_plantation.fid-2fb68024_1a0f82ae2b1_4864,Plateaux,Agou,Agou 1,Gadja,Avetonou,Plantation Bonheur,1980,Prive - individuel,POINT (0.8077456736671471 6.793619367981806)
_mview_plantation_etablissements_plantation.fid-2fb68024_1a0f82ae2b1_4865,Plateaux,Anié,Anié 2,Atchinédji,AYORE,Plantation Adido,1987,Prive - individuel,POINT (1.4130531966845978 7.637108185222343)
_mview_plantation_etablissements_plantation.fid-2fb68024_1a0f82ae2b1_4866,Plateaux,Agou,Agou 1,Gadja,AVETONOU,Plantation Blessa,1996,Prive - individuel,POINT (0.814832074248366 6.791169412289246)
_mview_plantation_etablissements_plantation.fid-2fb68024_1a0f82ae2b1_4867,Plateaux,Agou,Agou 1,Gadja,GADJAGAN,Plantation Agble,1999,Prive - individuel,POINT (0.78238773552722 6.811377369416976)
_mview_plantation_etablissements_plantation.fid-2fb68024_1a0f82ae2b1_4868,Plateaux,Agou,Agou 1,Gadja,SANGAREDÈ,Plantation de Palmiste de Solim,2021,Prive - individuel,POINT (0.808757835920098 6.832334136159404)
_mview_plantation_etablissements_plantation.fid-2fb68024_1a0f82ae2b1_4869,Plateaux,Agou,Agou 1,Gadja,DJOTOKOPE,Plantation La Grâce de Dieu,2001,Prive - individuel,POINT (0.807808786756324 6.83676578544303)
_mview_plantation_etablissements_plantation.fid-2fb68024_1a0f82ae2b1_486a,Plateaux,Agou,Agou 1,Gadja,DJOTOKOPE,Plantation Lomnaba,2010,Prive - individuel,POINT (0.7982091183893129 6.838850620576331)
_mview_plantation_etablissements_plantation.fid-2fb68024_1a0f82ae2b1_486b,Plateaux,Agou,Agou 1,Gadja,Egbikopé,Plantation de Teck de,2000,Prive - individuel,POINT (0.7790662334852662 6.780681964581341)
_mview_plantation_etablissements_plantation.fid-2fb68024_1a0f82ae2b1_486c,Plateaux,Agou,Agou 1,Gadja,Egbikopé,Plantation de Teck de Fiagbe,2002,Prive - individuel,POINT (0.7805053840054528 6.781230085145293)
_mview_plantation_etablissements_plantation.fid-2fb68024_1a0f82ae2b1_486d,Plateaux,Agou,Agou 1,Gadja,Efankopé,Plantation de Palmiste de Segnidji,1990,Prive - individuel,POINT (0.7793857314904539 6.781440816378487)
_mview_plantation_etablissements_plantation.fid-2fb68024_1a0f82ae2b1_486e,Plateaux,Agou,Agou 1,Gadja,Efankopé,Plantation de Palmiste de Occansy,2002,Prive - individuel,POINT (0.7783337112907183 6.792249447863802)
_mview_plantation_etablissements_plantation.fid-2fb68024_1a0f82ae2b1_486f,Plateaux,Agou,Agou 1,Gadja,DZAMAKONDJI,Plantation Gnazo,2004,Prive - individuel,POINT (0.7977237059515371 6.827112524431361)
_mview_plantation_etablissements_plantation.fid-2fb68024_1a0f82ae2b1_4870,Plateaux,Agou,Agou 1,Gadja,DZAMAKONSJI AVEGAN,Plantation Gbogbo,2020,Prive - individuel,POINT (0.7973386096824794 6.829045945395865)
_mview_plantation_etablissements_plantation.fid-2fb68024_1a0f82ae2b1_4871,Plateaux,Agou,Agou 1,Gadja,DZAMAKONDJI,Plantation Gnazo,1997,Prive - individuel,POINT (0.8090381566928033 6.82672865449221)
_mview_plantation_etablissements_plantation.fid-2fb68024_1a0f82ae2b1_4872,Plateaux,Agou,Agou 1,Gadja,DZAMAKONDJI,Plantation Gnazo,2012,Prive - individuel,POINT (0.8105565662670893 6.8281287774873665)
_mview_plantation_etablissements_plantation.fid-2fb68024_1a0f82ae2b1_4873,Plateaux,Agou,Agou 1,Gadja,EPANKOPE,Plantation de Teck de Kpognuide,2017,Prive - individuel,POINT (0.77364 6.788131666666668)
_mview_plantation_etablissements_plantation.fid-2fb68024_1a0f82ae2b1_4874,Plateaux,Agou,Agou 1,Gadja,EPANKOPE,Plantation de Teck de Segnedi,2017,Prive - individuel,POINT (0.7722759112547958 6.785982215243946)
_mview_plantation_etablissements_plantation.fid-2fb68024_1a0f82ae2b1_4875,Plateaux,Agou,Agou 1,Gadja,EPANKOPE,Plantation de Palmier Kpognuide,2013,Prive - individuel,POINT (0.775564881150147 6.784889352843433)
_mview_plantation_etablissements_plantation.fid-2fb68024_1a0f82ae2b1_4876,Plateaux,Agou,Agou 1,Gadja,AVETONOU,Plantation de Teck D'avetonou,2002,Domaine public de l Etat ou des collectivites territoriales,POINT (0.8046947507659249 6.806590449242305)
_mview_plantation_etablissements_plantation.fid-2fb68024_1a0f82ae2b1_4877,Plateaux,Agou,Agou 1,Gadja,EFAN-KOPE,Plantation Guede,1979,Prive - individuel,POINT (0.7777627371969266 6.782574765749857)
_mview_plantation_etablissements_plantation.fid-2fb68024_1a0f82ae2b1_4878,Plateaux,Agou,Agou 1,Gadja,EFAN-KOPE,Plantation Kossi,1990,Prive - individuel,POINT (0.7808456298036701 6.787701529277899)
_mview_plantation_etablissements_plantation.fid-2fb68024_1a0f82ae2b1_4879,Plateaux,Agou,Agou 1,Gadja,AVETONOU,Plantation de Teck de Avetonou,2002,Domaine public de l Etat ou des collectivites territoriales,POINT (0.8023173748811038 6.810202326783936)
_mview_plantation_etablissements_plantation.fid-2fb68024_1a0f82ae2b1_487a,Plateaux,Agou,Agou 1,Gadja,Avetonou,Plantation de Teck Du Lycée Avetonou,2002,Domaine public de l Etat ou des collectivites territoriales,POINT (0.7989121268584345 6.802947328198099)
_mview_plantation_etablissements_plantation.fid-2fb68024_1a0f82ae2b1_487b,Plateaux,Agou,Agou 1,Gadja,KEBO-APEYEYEME,Plantation Saguinta,1981,Prive - individuel,POINT (0.7630098490839624 6.839343348264562)
_mview_plantation_etablissements_plantation.fid-2fb68024_1a0f82ae2b1_487c,Plateaux,Agou,Agou 1,Gadja,KEBO-APEYEYEME,Plantation Dobu,1979,Prive - individuel,POINT (0.7561270820379316 6.837398207489143)
_mview_plantation_etablissements_plantation.fid-2fb68024_1a0f82ae2b1_487d,Plateaux,Agou,Agou 1,Gadja,KEBO-APEYEYEME,Plantation Adavi,1980,Prive - individuel,POINT (0.7558511922750265 6.836551569245395)
_mview_plantation_etablissements_plantation.fid-2fb68024_1a0f82ae2b1_487e,Plateaux,Agou,Agou 1,Gadja,APEYEYEME,Plantation Koudjagbo,2018,Prive - individuel,POINT (0.7620394739393009 6.838519315842264)
_mview_plantation_etablissements_plantation.fid-2fb68024_1a0f82ae2b1_487f,Plateaux,Agou,Agou 1,Gadja,APEYEYEME,Plantation Patu,2000,Prive - individuel,POINT (0.761662684413894 6.837860338011583)
_mview_plantation_etablissements_plantation.fid-2fb68024_1a0f82ae2b1_4880,Plateaux,Agou,Agou 1,Gadja,WOUTO-NORD,Plantation de Teck à Wouto- Nord,2002,Domaine public de l Etat ou des collectivites territoriales,POINT (0.7960520166003009 6.790509028849475)
_mview_plantation_etablissements_plantation.fid-2fb68024_1a0f82ae2b1_4881,Plateaux,Agou,Agou 1,Gadja,WOUTO-NORD,Plantation de Teck de Wouto- Nord,2002,Domaine public de l Etat ou des collectivites territoriales,POINT (0.7985312729219807 6.784780033978686)
_mview_plantation_etablissements_plantation.fid-2fb68024_1a0f82ae2b1_4882,Plateaux,Agou,Agou 1,Gadja,WOUTO-NORD,Plantation de Teck de Wouto-nord,2002,Domaine public de l Etat ou des collectivites territoriales,POINT (0.8013039427196671 6.785553241278919)
_mview_plantation_etablissements_plantation.fid-2fb68024_1a0f82ae2b1_4883,Plateaux,Agou,Agou 1,Gadja,GADJAGAN,Plantation de Teck de Gadjagan,2002,Domaine prive de l Etat ou des collectivites territoriales,POINT (0.7689284932772067 6.829338921449019)
_mview_plantation_etablissements_plantation.fid-2fb68024_1a0f82ae2b1_4884,Plateaux,Agou,Agou 1,Gadja,Gadjagban,Plantation de Teck de Gadjagban,2002,Domaine public de l Etat ou des collectivites territoriales,POINT (0.7670076455964882 6.827908219036309)
_mview_plantation_etablissements_plantation.fid-2fb68024_1a0f82ae2b1_4885,Plateaux,Agou,Agou 1,Gadja,Gadjagan,Plantation de Teck de Gadjagan,2002,Domaine public de l Etat ou des collectivites territoriales,POINT (0.7698552794710467 6.82946377443668)
_mview_plantation_etablissements_plantation.fid-2fb68024_1a0f82ae2b1_4886,Plateaux,Agou,Agou 1,Gadja,Gadjagan,Plantation de Palmier Alougbewou,1995,Prive - individuel,POINT (0.7610793785396671 6.82813279728888)
_mview_plantation_etablissements_plantation.fid-2fb68024_1a0f82ae2b1_4887,Plateaux,Agou,Agou 1,Gadja,Gadjagan,Plantation de Teck de Kpemoua,Nsp,Prive - individuel,POINT (0.7634705809109399 6.824571740559387)
_mview_plantation_etablissements_plantation.fid-2fb68024_1a0f82ae2b1_4888,Plateaux,Agou,Agou 1,Gadja,AVETONOU,Plantation de Teck de Barry,Nsp,Prive - individuel,POINT (0.7969531436552144 6.807835639949849)
_mview_plantation_etablissements_plantation.fid-2fb68024_1a0f82ae2b1_4889,Plateaux,Agou,Agou 1,Gadja,DJAMAKODZI,Plantation Efalo,2007,Prive - individuel,POINT (0.8145524025132267 6.8247121358218035)
_mview_plantation_etablissements_plantation.fid-2fb68024_1a0f82ae2b1_488a,Plateaux,Agou,Agou 1,Gadja,ZOZOKONDJI,Plantation Fada,1968,Prive - individuel,POINT (0.8636026296069639 6.82325927583881)
_mview_plantation_etablissements_plantation.fid-2fb68024_1a0f82ae2b1_488b,Plateaux,Agou,Agou 1,Gadja,ZOZOKONDJI,Plantation Yao,2007,Prive - individuel,POINT (0.8629553515445486 6.82390208688264)
_mview_plantation_etablissements_plantation.fid-2fb68024_1a0f82ae2b1_488c,Plateaux,Agou,Agou 1,Assahoun-Fiagbé,ASSAHOUN FIAGBE,Plantation Agblegou,1984,Prive - individuel,POINT (0.7014941806956875 6.799019007294213)
_mview_plantation_etablissements_plantation.fid-2fb68024_1a0f82ae2b1_488d,Plateaux,Agou,Agou 1,Gadja,ZOZOKONDJI,Plantation Station de Recherche,1979,Domaine public de l Etat ou des collectivites territoriales,POINT (0.8717616192710768 6.816687268197593)
_mview_plantation_etablissements_plantation.fid-2fb68024_1a0f82ae2b1_488e,Plateaux,Agou,Agou 1,Gadja,MESIWOBE,Plantation Avegbe,2017,Prive - individuel,POINT (0.8741475538564213 6.8215717369778766)
_mview_plantation_etablissements_plantation.fid-2fb68024_1a0f82ae2b1_488f,Plateaux,Agou,Agou 1,Gadja,KPOVENOU,Plantation de Cacaoyer de Tewoh,1994,Prive - individuel,POINT (0.880720341442365 6.816354655388012)
_mview_plantation_etablissements_plantation.fid-2fb68024_1a0f82ae2b1_4890,Plateaux,Agou,Agou 1,Gadja,MISSIOBE,Plantation Ego,1997,Prive - individuel,POINT (0.8768487037479034 6.819703644242593)
_mview_plantation_etablissements_plantation.fid-2fb68024_1a0f82ae2b1_4891,Plateaux,Agou,Agou 1,Gadja,MISSIOBE,Plantation Koussiakou,1997,Prive - individuel,POINT (0.877634418456505 6.818615598422765)
_mview_plantation_etablissements_plantation.fid-2fb68024_1a0f82ae2b1_4892,Plateaux,Agou,Agou 1,Assahoun-Fiagbé,AWUDI KOPE,Plantation Awudi,2015,Prive - individuel,POINT (0.7316150361262853 6.786695907694011)
_mview_plantation_etablissements_plantation.fid-2fb68024_1a0f82ae2b1_4893,Plateaux,Agou,Agou 1,Assahoun-Fiagbé,AWOUDE KOPE,Plantation Awoude,2009,Prive - individuel,POINT (0.729486063678167 6.784862007144525)
_mview_plantation_etablissements_plantation.fid-2fb68024_1a0f82ae2b1_4894,Plateaux,Agou,Agou 1,Assahoun-Fiagbé,AWUDJIKOPE,Plantation Awudi,1970,Prive - individuel,POINT (0.7313393543202157 6.784673629548277)
_mview_plantation_etablissements_plantation.fid-2fb68024_1a0f82ae2b1_4895,Plateaux,Agou,Agou 1,Assahoun-Fiagbé,GBAVÉ,Plantation Akpa,1986,Prive - individuel,POINT (0.7101933333333333 6.791875000000001)
_mview_plantation_etablissements_plantation.fid-2fb68024_1a0f82ae2b1_4896,Plateaux,Agou,Agou 1,Assahoun-Fiagbé,DZIGBE,Plantation Appossah,1999,Prive - individuel,POINT (0.711380250825424 6.796230093582846)
_mview_plantation_etablissements_plantation.fid-2fb68024_1a0f82ae2b1_4897,Plateaux,Agou,Agou 1,Assahoun-Fiagbé,ASSAHOUN-FIAGBE,Plantation Amegavi,2016,Prive - individuel,POINT (0.6905836094414483 6.792063469114526)
_mview_plantation_etablissements_plantation.fid-2fb68024_1a0f82ae2b1_4898,Plateaux,Agou,Agou 1,Assahoun-Fiagbé,ASSAHOUN-FIAGBE,Plantation Agbalele,1992,Prive - individuel,POINT (0.7033439566619213 6.811833602572012)
_mview_plantation_etablissements_plantation.fid-2fb68024_1a0f82ae2b1_4899,Plateaux,Agou,Agou 1,Agou-Tavié,TOVÉ DIGBÉ,Plantation Akou,1987,Prive - individuel,POINT (0.6644008459922763 6.85167931473604)
_mview_plantation_etablissements_plantation.fid-2fb68024_1a0f82ae2b1_489a,Plateaux,Agou,Agou 1,Agou-Tavié,TOVE DZIGBE,Plantation Agbaganu,1988,Prive - individuel,POINT (0.6651757374365493 6.851761060736665)
_mview_plantation_etablissements_plantation.fid-2fb68024_1a0f82ae2b1_489b,Plateaux,Agou,Agou 1,Agou-Tavié,AGOU GARE,Plantation Agboté,2021,Prive - individuel,POINT (0.6999233333333332 6.833063333333333)
_mview_plantation_etablissements_plantation.fid-2fb68024_1a0f82ae2b1_489c,Plateaux,Agou,Agou 2,Amoussou-Kopé,ADZAKPA,Plantation de Teck Et Palmier de Djamon,2006,Prive - individuel,POINT (0.8265884367076836 6.649164907513211)
_mview_plantation_etablissements_plantation.fid-2fb68024_1a0f82ae2b1_489d,Plateaux,Agou,Agou 2,Amoussou-Kopé,DAFO,Plantation Akitayor,2019,Prive - individuel,POINT (0.810908050926688 6.710343672040689)
_mview_plantation_etablissements_plantation.fid-2fb68024_1a0f82ae2b1_489e,Plateaux,Agou,Agou 2,Amoussou-Kopé,DAFO,Plantation de Cocotiers,1980,Prive - individuel,POINT (0.8167755947342439 6.704452355187201)
_mview_plantation_etablissements_plantation.fid-2fb68024_1a0f82ae2b1_489f,Plateaux,Agou,Agou 2,Amoussou-Kopé,DAFO,Plantation de Teck de Ayikoue,1980,Prive - individuel,POINT (0.8171683645401595 6.707120760985892)
_mview_plantation_etablissements_plantation.fid-2fb68024_1a0f82ae2b1_48a0,Plateaux,Agou,Agou 2,Amoussou-Kopé,DAFO,Plantation de Teck de Ayikoue,1980,Prive - individuel,POINT (0.814966749546947 6.703956872864672)
_mview_plantation_etablissements_plantation.fid-2fb68024_1a0f82ae2b1_48a1,Plateaux,Agou,Agou 2,Amoussou-Kopé,WUDZRALE,"Plantation D'orangier, de Cocotier de Njut",2018,Prive - individuel,POINT (0.829241132932483 6.687560285058178)
_mview_plantation_etablissements_plantation.fid-2fb68024_1a0f82ae2b1_48a2,Centrale,Tchamba,Tchamba 1,Larini,KPATAKPANI,Plantation d'Anacades Ablebou,2007,Prive - individuel,POINT (1.4436300758025922 9.0593885926799)
_mview_plantation_etablissements_plantation.fid-2fb68024_1a0f82ae2b1_48a3,Plateaux,Agou,Agou 2,Amoussou-Kopé,ADZAKPA,Plantation de Palmier Enam,Nsp,Prive - individuel,POINT (0.8277847707188323 6.648031222414655)
_mview_plantation_etablissements_plantation.fid-2fb68024_1a0f82ae2b1_48a4,Plateaux,Agou,Agou 2,Amoussou-Kopé,GLEKOPE,Plantation Latekana,2010,Prive - individuel,POINT (0.8257465069115911 6.703410622121313)
_mview_plantation_etablissements_plantation.fid-2fb68024_1a0f82ae2b1_48a5,Plateaux,Agou,Agou 2,Amoussou-Kopé,BETEKPO,Plantation de Palmier Si,1991,Prive - individuel,POINT (0.8517531333084424 6.649136689452062)
_mview_plantation_etablissements_plantation.fid-2fb68024_1a0f82ae2b1_48a6,Plateaux,Agou,Agou 2,Amoussou-Kopé,EKLOU-KOPE,Plantation de Teck Eklou-kope,2007,Prive - individuel,POINT (0.8426306564883621 6.677806906828309)
_mview_plantation_etablissements_plantation.fid-2fb68024_1a0f82ae2b1_48a7,Plateaux,Agou,Agou 2,Amoussou-Kopé,EKLOU-KOPE,Plantation Eklou Kope,Nsp,Nsp,POINT (0.8415641563752744 6.680650809849624)
_mview_plantation_etablissements_plantation.fid-2fb68024_1a0f82ae2b1_48a8,Plateaux,Agou,Agou 2,Amoussou-Kopé,LATEKANA,Plantation de Palmiste de Dzadin,Nsp,Prive - individuel,POINT (0.8242900590611983 6.706523128712727)
_mview_plantation_etablissements_plantation.fid-2fb68024_1a0f82ae2b1_48a9,Plateaux,Agou,Agou 2,Amoussou-Kopé,GLEKOPE,Plantation Anenou,2012,Prive - individuel,POINT (0.8217693411931543 6.7229145617546235)
_mview_plantation_etablissements_plantation.fid-2fb68024_1a0f82ae2b1_48aa,Plateaux,Agou,Agou 2,Amoussou-Kopé,GLEKOPE,Plantation Gohoho,1983,Prive - individuel,POINT (0.8185042517205138 6.712349622589838)
_mview_plantation_etablissements_plantation.fid-2fb68024_1a0f82ae2b1_48ab,Plateaux,Agou,Agou 2,Amoussou-Kopé,GLEKOPE,Plantation Dziba,2000,Prive - individuel,POINT (0.8328481196831804 6.724537158878867)
_mview_plantation_etablissements_plantation.fid-2fb68024_1a0f82ae2b1_48ac,Plateaux,Agou,Agou 2,Amoussou-Kopé,WOUKPO,Plantation Nunenyo,1990,autre,POINT (0.8536545647673054 6.6796072646861555)
_mview_plantation_etablissements_plantation.fid-2fb68024_1a0f82ae2b1_48ad,Plateaux,Agou,Agou 2,Amoussou-Kopé,LOVISA KOPE,Plantation de Palmier Kombate,2005,Prive - individuel,POINT (0.8253050540406699 6.6666377417213)
_mview_plantation_etablissements_plantation.fid-2fb68024_1a0f82ae2b1_48ae,Plateaux,Agou,Agou 2,Amoussou-Kopé,KODZE,Plantation Sakpa,2010,Prive - Collectivite coutumiere,POINT (0.8375400983682932 6.650606841584307)
_mview_plantation_etablissements_plantation.fid-2fb68024_1a0f82ae2b1_48af,Plateaux,Agou,Agou 2,Amoussou-Kopé,AMOUSSOUKOPE,Plantation Kassa Kondo,2015,Prive - individuel,POINT (0.8589724446745445 6.661038219358696)
_mview_plantation_etablissements_plantation.fid-2fb68024_1a0f82ae2b1_48b0,Plateaux,Agou,Agou 2,Amoussou-Kopé,TOUKE,Plantation de Teck de Amouzou,2008,Prive - individuel,POINT (0.8749929584888031 6.672893779013097)
_mview_plantation_etablissements_plantation.fid-2fb68024_1a0f82ae2b1_48b1,Plateaux,Agou,Agou 2,Amoussou-Kopé,LOVISA KOPE,Plantation de Teck de T-famers,2007,Prive - individuel,POINT (0.8712520294357654 6.668856330409622)
_mview_plantation_etablissements_plantation.fid-2fb68024_1a0f82ae2b1_48b2,Plateaux,Agou,Agou 2,Agotimé-Sud (Adzakpa),ADZAKPA,Plantation Bombome,2002,Prive - individuel,POINT (0.8184843364159827 6.645890299958278)
_mview_plantation_etablissements_plantation.fid-2fb68024_1a0f82ae2b1_48b3,Plateaux,Agou,Agou 2,Agotimé-Sud (Adzakpa),KPON,Plantation Akpagana,2011,Prive - individuel,POINT (0.7514299999999999 6.556735)
_mview_plantation_etablissements_plantation.fid-2fb68024_1a0f82ae2b1_48b4,Plateaux,Agou,Agou 2,Agotimé-Sud (Adzakpa),MIKESSOKPO-KOPE,Plantation Mikessokpo,2007,Prive - individuel,POINT (0.7953605847361263 6.574420288903145)
_mview_plantation_etablissements_plantation.fid-2fb68024_1a0f82ae2b1_48b5,Plateaux,Agou,Agou 2,Agotimé-Sud (Adzakpa),MIKESSOKPO-KOPE,Plantation Mikessokpo Kossi,2000,Prive - individuel,POINT (0.7898268188345168 6.575946199298201)
_mview_plantation_etablissements_plantation.fid-2fb68024_1a0f82ae2b1_48b6,Plateaux,Agou,Agou 2,Agotimé-Sud (Adzakpa),SOUZA-KOPE,Plantation Tchambani,2004,Prive - individuel,POINT (0.789545 6.566165000000001)
_mview_plantation_etablissements_plantation.fid-2fb68024_1a0f82ae2b1_48b7,Plateaux,Agou,Agou 2,Agotimé-Sud (Adzakpa),HEHETINOU,Plantation de Palmier Mikessokpo,2007,Prive - individuel,POINT (0.7841467475452288 6.580065517014172)
_mview_plantation_etablissements_plantation.fid-2fb68024_1a0f82ae2b1_48b8,Plateaux,Agou,Agou 2,Agotimé-Sud (Adzakpa),HEHETINOU,Plantation de Palmier Notsu,2007,Prive - individuel,POINT (0.7860706223292695 6.579260146150563)
_mview_plantation_etablissements_plantation.fid-2fb68024_1a0f82ae2b1_48b9,Plateaux,Agou,Agou 2,Agotimé-Sud (Adzakpa),MIKESSOKPO-KOPE,Plantation de Palmier Segbedi,2010,Prive - individuel,POINT (0.7947926772377403 6.5744874907510535)
_mview_plantation_etablissements_plantation.fid-2fb68024_1a0f82ae2b1_48ba,Plateaux,Agou,Agou 2,Agotimé-Sud (Adzakpa),SOUZA-KOPE,Plantation de Teck de Anani,2012,Prive - individuel,POINT (0.7853906702702637 6.568344630148941)
_mview_plantation_etablissements_plantation.fid-2fb68024_1a0f82ae2b1_48bb,Plateaux,Agou,Agou 2,Agotimé-Sud (Adzakpa),LANKOUI,Plantation Rikiland,2013,Prive - individuel,POINT (0.8052298950135244 6.600014436198226)
_mview_plantation_etablissements_plantation.fid-2fb68024_1a0f82ae2b1_48bc,Plateaux,Agou,Agou 2,Agotimé-Sud (Adzakpa),LANKUI,Plantation Gaba,2016,Prive - individuel,POINT (0.7896310285466485 6.583787013906047)
_mview_plantation_etablissements_plantation.fid-2fb68024_1a0f82ae2b1_48bd,Plateaux,Agou,Agou 2,Agotimé-Sud (Adzakpa),AGOUDOUVOU,Plantation Adjale,1984,Prive - individuel,POINT (0.79774153258975 6.586202594039432)
_mview_plantation_etablissements_plantation.fid-2fb68024_1a0f82ae2b1_48be,Plateaux,Agou,Agou 2,Agotimé-Sud (Adzakpa),AGOUDOUVOU,Plantation Atidzelakpa,1996,Prive - individuel,POINT (0.7745314261800929 6.576520124167568)
_mview_plantation_etablissements_plantation.fid-2fb68024_1a0f82ae2b1_48bf,Plateaux,Agou,Agou 2,Agotimé-Sud (Adzakpa),GADASSOU KOPE,Plantation Sisterkope,Nsp,Prive - individuel,POINT (0.773316108469335 6.585498061061783)
_mview_plantation_etablissements_plantation.fid-2fb68024_1a0f82ae2b1_48c0,Plateaux,Agou,Agou 2,Agotimé-Sud (Adzakpa),AGOMEGNIGBE,Plantation Katako,2018,Prive - individuel,POINT (0.7430290234754693 6.54162596702618)
_mview_plantation_etablissements_plantation.fid-2fb68024_1a0f82ae2b1_48c1,Plateaux,Agou,Agou 2,Agotimé-Sud (Adzakpa),LANKUI,Plantation Sendjina,2018,Prive - individuel,POINT (0.7889603097931851 6.613949406160054)
_mview_plantation_etablissements_plantation.fid-2fb68024_1a0f82ae2b1_48c2,Plateaux,Agou,Agou 2,Agotimé-Sud (Adzakpa),LANKUI,Plantation Sofeda,2018,Prive - individuel,POINT (0.7872112794686136 6.611545610840713)
_mview_plantation_etablissements_plantation.fid-2fb68024_1a0f82ae2b1_48c3,Plateaux,Agou,Agou 2,Agotimé-Sud (Adzakpa),AGOUDOUVOU,Plantation Sowalo,2014,Prive - individuel,POINT (0.7762522594900575 6.569585725956711)
_mview_plantation_etablissements_plantation.fid-2fb68024_1a0f82ae2b1_48c4,Plateaux,Agou,Agou 2,Agotimé-Sud (Adzakpa),AGOUDOUVOU,Plantation Dzagli,2018,Prive - individuel,POINT (0.7771001252498001 6.570472738968065)
_mview_plantation_etablissements_plantation.fid-2fb68024_1a0f82ae2b1_48c5,Plateaux,Akébou,Akébou 1,Kougnohou,VEH-KOUMASSI,Plantation Sabalikou,1983,Prive - individuel,POINT (0.7649045068704301 7.690226254529066)
_mview_plantation_etablissements_plantation.fid-2fb68024_1a0f82ae2b1_48c6,Plateaux,Akébou,Akébou 1,Kougnohou,VEH-KOUMASSI,Plantation Sabalikou,1998,Prive - individuel,POINT (0.7635984676288677 7.690431504608396)
_mview_plantation_etablissements_plantation.fid-2fb68024_1a0f82ae2b1_48c7,Plateaux,Akébou,Akébou 1,Kougnohou,DOUGAN,Plantation Kola Komlanvi,2000,Prive - individuel,POINT (0.7800541182887164 7.68465822094226)
_mview_plantation_etablissements_plantation.fid-2fb68024_1a0f82ae2b1_48c8,Plateaux,Akébou,Akébou 1,Kougnohou,AMEDJOPE,Plantation Abalotou,1979,Prive - individuel,POINT (0.7440179866142181 7.640182873360103)
_mview_plantation_etablissements_plantation.fid-2fb68024_1a0f82ae2b1_48c9,Plateaux,Akébou,Akébou 1,Kougnohou,Agbekponou,Plantation Abalotou,1986,Prive - individuel,POINT (0.7511166666666667 7.643325000000001)
_mview_plantation_etablissements_plantation.fid-2fb68024_1a0f82ae2b1_48ca,Plateaux,Akébou,Akébou 1,Kougnohou,AMEDJOPE,Plantation Tcha Yaovi,2013,Prive - individuel,POINT (0.7414316666666667 7.641061666666667)
_mview_plantation_etablissements_plantation.fid-2fb68024_1a0f82ae2b1_48cb,Plateaux,Akébou,Akébou 1,Kougnohou,AMEDZOPE,Plantation Awade,1950,Prive - individuel,POINT (0.7452816666666667 7.641881666666666)
_mview_plantation_etablissements_plantation.fid-2fb68024_1a0f82ae2b1_48cc,Plateaux,Akébou,Akébou 1,Gbendè,BROUNFOU,Plantation Galebou,2020,Prive - individuel,POINT (0.6825737136645831 7.736365757760525)
_mview_plantation_etablissements_plantation.fid-2fb68024_1a0f82ae2b1_48cd,Plateaux,Akébou,Akébou 1,Gbendè,ATCHAKAGBENDE,Plantation Novi,1982,Prive - individuel,POINT (0.6943216666666667 7.729088333333334)
_mview_plantation_etablissements_plantation.fid-2fb68024_1a0f82ae2b1_48ce,Plateaux,Kloto,Kloto 1,Yokélé,KOPEGAN,Plantation Kadodo,2002,Prive - individuel,POINT (0.6844467403376416 6.952270223347458)
_mview_plantation_etablissements_plantation.fid-2fb68024_1a0f82ae2b1_48cf,Plateaux,Kloto,Kloto 1,Yokélé,FADA KOPE,Plantation Dzeke,2018,Prive - individuel,POINT (0.7299064467121181 6.950363702021728)
_mview_plantation_etablissements_plantation.fid-2fb68024_1a0f82ae2b1_48d0,Plateaux,Kloto,Kloto 1,Yokélé,FADA KOPE,Plantation Dzeke,2002,Prive - individuel,POINT (0.7299723912446353 6.9476460779104245)
_mview_plantation_etablissements_plantation.fid-2fb68024_1a0f82ae2b1_48d1,Plateaux,Anié,Anié 2,Atchinédji,AYORE,Plantation Ognadon,1999,Prive - individuel,POINT (1.4080451877126854 7.619350678855032)
_mview_plantation_etablissements_plantation.fid-2fb68024_1a0f82ae2b1_48d2,Plateaux,Kloto,Kloto 1,Yokélé,FADA KOPE,Plantation Fada Kope,1998,Prive - individuel,POINT (0.7274448212143662 6.958666715789316)
_mview_plantation_etablissements_plantation.fid-2fb68024_1a0f82ae2b1_48d3,Plateaux,Agou,Agou 2,Agotimé-Nord,DOLOHOE,Plantation Tougan,1987,Prive - individuel,POINT (0.7456376857119834 6.737185008286954)
_mview_plantation_etablissements_plantation.fid-2fb68024_1a0f82ae2b1_48d4,Plateaux,Agou,Agou 2,Agotimé-Nord,PRÉSIDENT KOPE,Plantation Hodjo,2003,Prive - individuel,POINT (0.7344953601920472 6.743014418784526)
_mview_plantation_etablissements_plantation.fid-2fb68024_1a0f82ae2b1_48d5,Plateaux,Agou,Agou 2,Agotimé-Nord,AGBAVE,Plantation Saba,1983,Prive - individuel,POINT (0.749333369220047 6.737930482327742)
_mview_plantation_etablissements_plantation.fid-2fb68024_1a0f82ae2b1_48d6,Plateaux,Agou,Agou 2,Agotimé-Nord,DOGLOBO,Plantation de Palmiste de Banambakope,2000,Prive - individuel,POINT (0.7985425624628563 6.672307187351946)
_mview_plantation_etablissements_plantation.fid-2fb68024_1a0f82ae2b1_48d7,Plateaux,Agou,Agou 2,Agotimé-Nord,KPODZAHON,"Plantation de Palmier, Teck deve",2010,Prive - individuel,POINT (0.6808814029500594 6.623902877357015)
_mview_plantation_etablissements_plantation.fid-2fb68024_1a0f82ae2b1_48d8,Plateaux,Agou,Agou 2,Agotimé-Nord,KPODZAHON,"Plantation de Palmier, Teck Vidzro",1998,Prive - individuel,POINT (0.6831412353170706 6.629837136596171)
_mview_plantation_etablissements_plantation.fid-2fb68024_1a0f82ae2b1_48d9,Plateaux,Agou,Agou 2,Agotimé-Nord,KPODZAHON,Plantation de Palmier Azogou,1988,Prive - individuel,POINT (0.68027226790863 6.635382542916272)
_mview_plantation_etablissements_plantation.fid-2fb68024_1a0f82ae2b1_48da,Plateaux,Agou,Agou 2,Agotimé-Nord,KPODZAHON,Plantation de Palmier deve,1996,Prive - individuel,POINT (0.681388939916747 6.63409708459349)
_mview_plantation_etablissements_plantation.fid-2fb68024_1a0f82ae2b1_48db,Plateaux,Agou,Agou 2,Agotimé-Nord,KPODZAHON,Plantation de Palmier deve,1994,Prive - individuel,POINT (0.6835497039141302 6.63301032749627)
_mview_plantation_etablissements_plantation.fid-2fb68024_1a0f82ae2b1_48dc,Plateaux,Agou,Agou 2,Agotimé-Nord,KPODZAHON,Plantation de Palmier Vidzro,1997,Prive - individuel,POINT (0.6820557734454882 6.6265511046207)
_mview_plantation_etablissements_plantation.fid-2fb68024_1a0f82ae2b1_48dd,Plateaux,Agou,Agou 2,Agotimé-Nord,KPODZAHON,"Plantation de Palmier, Teck Vidzro",2007,Prive - individuel,POINT (0.6788793779609212 6.624675288898567)
_mview_plantation_etablissements_plantation.fid-2fb68024_1a0f82ae2b1_48de,Plateaux,Agou,Agou 2,Agotimé-Nord,KPODZAHON,Plantation de Palmier Boroke,1987,Prive - individuel,POINT (0.6763876763390343 6.6242433689209514)
_mview_plantation_etablissements_plantation.fid-2fb68024_1a0f82ae2b1_48df,Plateaux,Agou,Agou 2,Agotimé-Nord,KPODZAHON,Plantation de Palmier Vidzro,2016,Prive - individuel,POINT (0.6824134275885374 6.620757033308486)
_mview_plantation_etablissements_plantation.fid-2fb68024_1a0f82ae2b1_48e0,Plateaux,Agou,Agou 2,Agotimé-Nord,KPODJAHON,Plantation Dakou,1990,Prive - individuel,POINT (0.6655092507390662 6.615295735013005)
_mview_plantation_etablissements_plantation.fid-2fb68024_1a0f82ae2b1_48e1,Plateaux,Agou,Agou 2,Agotimé-Nord,KPODJAHON,Plantation Adzadi Berou,1997,Prive - individuel,POINT (0.6672858742350758 6.61566325177519)
_mview_plantation_etablissements_plantation.fid-2fb68024_1a0f82ae2b1_48e2,Plateaux,Agou,Agou 2,Agotimé-Nord,KPODJAHON,Plantation Agbi Afi,2016,Prive - individuel,POINT (0.6831719549415642 6.615092145991958)
_mview_plantation_etablissements_plantation.fid-2fb68024_1a0f82ae2b1_48e3,Plateaux,Agou,Agou 2,Agotimé-Nord,KPODJAHON,Plantation Ayite,2001,Prive - individuel,POINT (0.6868483333333334 6.6179983333333325)
_mview_plantation_etablissements_plantation.fid-2fb68024_1a0f82ae2b1_48e4,Plateaux,Agou,Agou 2,Agotimé-Nord,KPODJAHON,Plantation Agbi 2,2016,Prive - individuel,POINT (0.6843427090709439 6.61710765300538)
_mview_plantation_etablissements_plantation.fid-2fb68024_1a0f82ae2b1_48e5,Plateaux,Agou,Agou 2,Agotimé-Nord,KPODJAHON,Plantation Brownie,2005,Prive - individuel,POINT (0.6544763456491838 6.620767268232157)
_mview_plantation_etablissements_plantation.fid-2fb68024_1a0f82ae2b1_48e6,Plateaux,Agou,Agou 2,Agotimé-Nord,KPODJAHON,Plantation Gavor,2019,Prive - individuel,POINT (0.6537984020047177 6.625763289732609)
_mview_plantation_etablissements_plantation.fid-2fb68024_1a0f82ae2b1_48e7,Plateaux,Agou,Agou 2,Agotimé-Nord,KPODJAHON,Plantation Vidzro,2018,Prive - individuel,POINT (0.6796178595694651 6.625501919089074)
_mview_plantation_etablissements_plantation.fid-2fb68024_1a0f82ae2b1_48e8,Plateaux,Agou,Agou 2,Agotimé-Nord,KPODJAHON,Plantation Kotoko,1982,Prive - individuel,POINT (0.6844305989354542 6.6200843683890565)
_mview_plantation_etablissements_plantation.fid-2fb68024_1a0f82ae2b1_48e9,Plateaux,Agou,Agou 2,Agotimé-Nord,KPODJAHON,Plantation Kotoko,2008,Prive - individuel,POINT (0.671737401622618 6.616540190293214)
_mview_plantation_etablissements_plantation.fid-2fb68024_1a0f82ae2b1_48ea,Plateaux,Agou,Agou 2,Agotimé-Nord,KPODJAHON,Plantation Guidi,2008,Prive - individuel,POINT (0.6854017872458568 6.622225155471987)
_mview_plantation_etablissements_plantation.fid-2fb68024_1a0f82ae2b1_48eb,Plateaux,Agou,Agou 2,Agotimé-Nord,KPODZAHON,Plantation Sessi,1995,Prive - individuel,POINT (0.6646000993972008 6.614565904341404)
_mview_plantation_etablissements_plantation.fid-2fb68024_1a0f82ae2b1_48ec,Plateaux,Agou,Agou 2,Agotimé-Nord,GBODJAHON,Plantation Komla,1990,Prive - individuel,POINT (0.6598145860499156 6.611142313504949)
_mview_plantation_etablissements_plantation.fid-2fb68024_1a0f82ae2b1_48ed,Plateaux,Agou,Agou 2,Agotimé-Nord,GBODJAHON,Plantation Adzadi,2000,Prive - individuel,POINT (0.6642065665901058 6.619211055467486)
_mview_plantation_etablissements_plantation.fid-2fb68024_1a0f82ae2b1_48ee,Plateaux,Agou,Agou 2,Agotimé-Nord,GBODJAHON,Plantation Ahianbo,2015,Prive - individuel,POINT (0.6658191845049893 6.618226249033415)
_mview_plantation_etablissements_plantation.fid-2fb68024_1a0f82ae2b1_48ef,Plateaux,Agou,Agou 2,Agotimé-Nord,GBODJAHON,Plantation Gamon,1995,Prive - individuel,POINT (0.6589600051896106 6.624226768529409)
_mview_plantation_etablissements_plantation.fid-2fb68024_1a0f82ae2b1_48f0,Plateaux,Agou,Agou 2,Agotimé-Nord,GBODJAHON,Plantation Abra,1995,Prive - individuel,POINT (0.6629401051970072 6.624324798638095)
_mview_plantation_etablissements_plantation.fid-2fb68024_1a0f82ae2b1_48f1,Plateaux,Agou,Agou 2,Agotimé-Nord,GBODJAHON,Plantation François,1995,Prive - individuel,POINT (0.6655798815953835 6.623505196613675)
_mview_plantation_etablissements_plantation.fid-2fb68024_1a0f82ae2b1_48f2,Plateaux,Agou,Agou 2,Agotimé-Nord,GBODJAHON,Plantation Abra,2007,Prive - individuel,POINT (0.6606728257586821 6.623349861750559)
_mview_plantation_etablissements_plantation.fid-2fb68024_1a0f82ae2b1_48f3,Plateaux,Agou,Agou 2,Agotimé-Nord,GBODJAHON,Plantation Glaris,2013,Prive - individuel,POINT (0.6595637017963637 6.621814419660872)
_mview_plantation_etablissements_plantation.fid-2fb68024_1a0f82ae2b1_48f4,Plateaux,Agou,Agou 2,Agotimé-Nord,GBODJAHON,Plantation Broni,2005,Prive - individuel,POINT (0.655384081759721 6.618554753524831)
_mview_plantation_etablissements_plantation.fid-2fb68024_1a0f82ae2b1_48f5,Plateaux,Agou,Agou 2,Agotimé-Nord,GBODJAHON,Plantation Avagan,2007,Prive - individuel,POINT (0.6537747634853641 6.6246560635760945)
_mview_plantation_etablissements_plantation.fid-2fb68024_1a0f82ae2b1_48f6,Plateaux,Agou,Agou 2,Agotimé-Nord,KPODZAHON,Plantation de Palmiste de Sessi,2005,Prive - individuel,POINT (0.6633581185806208 6.613555976384946)
_mview_plantation_etablissements_plantation.fid-2fb68024_1a0f82ae2b1_48f7,Plateaux,Agou,Agou 2,Agotimé-Nord,KPODZAHON,Plantation de Palmiste de Douta,1983,Prive - individuel,POINT (0.6630199496386734 6.617657669980105)
_mview_plantation_etablissements_plantation.fid-2fb68024_1a0f82ae2b1_48f8,Plateaux,Agou,Agou 2,Agotimé-Nord,KPODZAHON,Plantation de Palmiste de Adzadi,2015,Prive - individuel,POINT (0.6647007698740603 6.619600218371246)
_mview_plantation_etablissements_plantation.fid-2fb68024_1a0f82ae2b1_48f9,Plateaux,Agou,Agou 2,Agotimé-Nord,KPODZAHON,Plantation de Palmiste de Adzadi,2015,Prive - individuel,POINT (0.665028250677016 6.618826285175241)
_mview_plantation_etablissements_plantation.fid-2fb68024_1a0f82ae2b1_48fa,Plateaux,Agou,Agou 2,Agotimé-Nord,KPODZAHON,Plantation de Palmiste de Tekpo,1995,Prive - individuel,POINT (0.6598361571599496 6.625183246018857)
_mview_plantation_etablissements_plantation.fid-2fb68024_1a0f82ae2b1_48fb,Plateaux,Agou,Agou 2,Agotimé-Nord,KPODZAHON,Plantation de Palmiste de Magri,1995,Prive - individuel,POINT (0.661022294136967 6.625438525588812)
_mview_plantation_etablissements_plantation.fid-2fb68024_1a0f82ae2b1_48fc,Plateaux,Agou,Agou 2,Agotimé-Nord,KPODZAHON,Plantation de Teck,1995,Prive - individuel,POINT (0.6583015448537415 6.62371264278344)
_mview_plantation_etablissements_plantation.fid-2fb68024_1a0f82ae2b1_48fd,Plateaux,Agou,Agou 2,Agotimé-Nord,KPODZAHON,Plantation de Teck de Soglo,2015,Prive - individuel,POINT (0.6600017191047467 6.617867722597819)
_mview_plantation_etablissements_plantation.fid-2fb68024_1a0f82ae2b1_48fe,Plateaux,Agou,Agou 2,Agotimé-Nord,KPODZAHON,Plantation de Palmiste de Agbana,2015,Prive - individuel,POINT (0.6583918442832156 6.617757316422612)
_mview_plantation_etablissements_plantation.fid-2fb68024_1a0f82ae2b1_48ff,Plateaux,Agou,Agou 2,Agotimé-Nord,KPODZAHON,Plantation de Teck de Agbana,2015,Prive - individuel,POINT (0.6589263728738426 6.616970040989782)
_mview_plantation_etablissements_plantation.fid-2fb68024_1a0f82ae2b1_4900,Plateaux,Agou,Agou 2,Agotimé-Nord,KPODZAHON,Plantation de Teck Et de Palmiste de Broni,2005,Prive - individuel,POINT (0.6582971408445294 6.620871512200154)
_mview_plantation_etablissements_plantation.fid-2fb68024_1a0f82ae2b1_4901,Plateaux,Agou,Agou 2,Agotimé-Nord,Plantation de palmiste,Plantation de Palmiste de Soglo,2005,Prive - individuel,POINT (0.6563847961621176 6.621082820666149)
_mview_plantation_etablissements_plantation.fid-2fb68024_1a0f82ae2b1_4902,Plateaux,Agou,Agou 2,Agotimé-Nord,KPODZAHON,Plantation de Palmiste de Agbagbanou,2016,Prive - individuel,POINT (0.6615123567474757 6.6172324593979726)
_mview_plantation_etablissements_plantation.fid-2fb68024_1a0f82ae2b1_4903,Plateaux,Agou,Agou 2,Agotimé-Nord,KPODZAHON,Plantation de Teck de Babate,2010,Prive - individuel,POINT (0.6651016821676586 6.61625843332548)
_mview_plantation_etablissements_plantation.fid-2fb68024_1a0f82ae2b1_4904,Plateaux,Agou,Agou 2,Agotimé-Nord,KPODZAHON,Plantation de Palmier Seshi,1990,Prive - individuel,POINT (0.6612635015803094 6.612663550803727)
_mview_plantation_etablissements_plantation.fid-2fb68024_1a0f82ae2b1_4905,Plateaux,Agou,Agou 2,Agotimé-Nord,KPODZAHON,Plantation de Palmier Atsan,1993,Prive - individuel,POINT (0.6612629394428531 6.610086027397871)
_mview_plantation_etablissements_plantation.fid-2fb68024_1a0f82ae2b1_4906,Plateaux,Agou,Agou 2,Agotimé-Nord,KPODZAHON,Plantation de Palmier Adzadi,1997,Prive - individuel,POINT (0.6670746990923054 6.613810190112709)
_mview_plantation_etablissements_plantation.fid-2fb68024_1a0f82ae2b1_4907,Plateaux,Agou,Agou 2,Agotimé-Nord,KPODZAHON,Plantation de Teck de Gbeze,2005,Prive - individuel,POINT (0.6777976943656545 6.617478761654489)
_mview_plantation_etablissements_plantation.fid-2fb68024_1a0f82ae2b1_4908,Plateaux,Agou,Agou 2,Agotimé-Nord,KPODZAHON,Plantation de Palmier Bouaka,1990,Prive - individuel,POINT (0.6753295449866299 6.619342945547322)
_mview_plantation_etablissements_plantation.fid-2fb68024_1a0f82ae2b1_4909,Plateaux,Agou,Agou 2,Agotimé-Nord,KPODZAHON,Plantation de Teck de Agbana,1992,Prive - individuel,POINT (0.6780593533754613 6.623884114494553)
_mview_plantation_etablissements_plantation.fid-2fb68024_1a0f82ae2b1_490a,Plateaux,Agou,Agou 2,Agotimé-Nord,KPODZAHON,Plantation de Teck de Soglo,2000,Prive - individuel,POINT (0.6769372263700607 6.6288494283942)
_mview_plantation_etablissements_plantation.fid-2fb68024_1a0f82ae2b1_490b,Plateaux,Agou,Agou 2,Agotimé-Nord,KPODZAHON,"Plantation de Teck, Bananier Et Palmier de Soglo",1993,Prive - individuel,POINT (0.6510080641673565 6.624861129209555)
_mview_plantation_etablissements_plantation.fid-2fb68024_1a0f82ae2b1_490c,Plateaux,Agou,Agou 2,Agotimé-Nord,NYIDOVE,Plantation Titou,2015,Prive - individuel,POINT (0.710003415110904 6.759001850891642)
_mview_plantation_etablissements_plantation.fid-2fb68024_1a0f82ae2b1_490d,Plateaux,Agou,Agou 2,Agotimé-Nord,NYAMESSI,Plantation Saba,2004,Prive - individuel,POINT (0.6969450154016477 6.7589648939828955)
_mview_plantation_etablissements_plantation.fid-2fb68024_1a0f82ae2b1_490e,Plateaux,Agou,Agou 2,Agotimé-Nord,NYAMESSI,Plantation Mihesso,1988,Prive - individuel,POINT (0.6970315330760831 6.743215219725765)
_mview_plantation_etablissements_plantation.fid-2fb68024_1a0f82ae2b1_490f,Plateaux,Ogou,Ogou 1,Houdou,AVA,Plantation Yekple,1999,Prive - individuel,POINT (1.1567904120593522 7.619912563983375)
_mview_plantation_etablissements_plantation.fid-2fb68024_1a0f82ae2b1_4910,Plateaux,Agou,Agou 2,Agotimé-Nord,NYAMESSI,Plantation de Palmier Aliko,2008,Prive - individuel,POINT (0.6870365172686065 6.764302718875359)
_mview_plantation_etablissements_plantation.fid-2fb68024_1a0f82ae2b1_4911,Plateaux,Agou,Agou 2,Agotimé-Nord,NYAMESSI,Plantation de Palmier Beha,2005,Prive - individuel,POINT (0.6910187816343467 6.758304410439071)
_mview_plantation_etablissements_plantation.fid-2fb68024_1a0f82ae2b1_4912,Plateaux,Agou,Agou 2,Agotimé-Nord,NYAMESSI,Plantation de Teck de Doukou,2000,Prive - individuel,POINT (0.6923042749564974 6.758710767810516)
_mview_plantation_etablissements_plantation.fid-2fb68024_1a0f82ae2b1_4913,Plateaux,Agou,Agou 2,Agotimé-Nord,NYAMESSI,Plantation de Teck Aliko,2009,Prive - individuel,POINT (0.6947438935939174 6.759989494986224)
_mview_plantation_etablissements_plantation.fid-2fb68024_1a0f82ae2b1_4914,Plateaux,Agou,Agou 2,Agotimé-Nord,NYAMESSI,Plantation de Teck de Doukou,2009,Prive - individuel,POINT (0.69367331447642 6.761631916818728)
_mview_plantation_etablissements_plantation.fid-2fb68024_1a0f82ae2b1_4915,Plateaux,Agou,Agou 2,Agotimé-Nord,NYAMESSI,Plantation de palme de Atti,2009,Prive - individuel,POINT (0.6842131610484974 6.75647308892053)
_mview_plantation_etablissements_plantation.fid-2fb68024_1a0f82ae2b1_4916,Plateaux,Agou,Agou 2,Agotimé-Nord,NYAMESSI,Plantation de Teck Atti,2009,Prive - individuel,POINT (0.6849303505285377 6.754893761254552)
_mview_plantation_etablissements_plantation.fid-2fb68024_1a0f82ae2b1_4917,Plateaux,Agou,Agou 2,Agotimé-Nord,ADAME,Plantation de Palmier Akoto,2005,Prive - individuel,POINT (0.6837848895937672 6.775378705982823)
_mview_plantation_etablissements_plantation.fid-2fb68024_1a0f82ae2b1_4918,Plateaux,Agou,Agou 2,Agotimé-Nord,NYIDOVE,Plantation Alokpayi,1981,Prive - individuel,POINT (0.7206183333333332 6.752131666666666)
_mview_plantation_etablissements_plantation.fid-2fb68024_1a0f82ae2b1_4919,Plateaux,Agou,Agou 2,Agotimé-Nord,NYIDOVE,Plantation Amevon,2001,Prive - individuel,POINT (0.7221304817927255 6.752349609076437)
_mview_plantation_etablissements_plantation.fid-2fb68024_1a0f82ae2b1_491a,Plateaux,Agou,Agou 2,Agotimé-Nord,NYIDOVE,Plantation Amevo,2008,Prive - individuel,POINT (0.7222152185867766 6.749013440994859)
_mview_plantation_etablissements_plantation.fid-2fb68024_1a0f82ae2b1_491b,Plateaux,Agou,Agou 2,Agotimé-Nord,NYIDOVE,Plantation Tsevi,2007,Prive - individuel,POINT (0.7227295240392455 6.756158924422521)
_mview_plantation_etablissements_plantation.fid-2fb68024_1a0f82ae2b1_491c,Plateaux,Agou,Agou 2,Agotimé-Nord,NYIDOVE,Plantation de Palmier Akoto,2010,Prive - individuel,POINT (0.7220124493460923 6.761105806057878)
_mview_plantation_etablissements_plantation.fid-2fb68024_1a0f82ae2b1_491d,Plateaux,Agou,Agou 2,Agotimé-Nord,NYIDOVE,Plantation de Palmieragodzoboe,1975,Prive - individuel,POINT (0.7049229600679081 6.762239429945453)
_mview_plantation_etablissements_plantation.fid-2fb68024_1a0f82ae2b1_491e,Plateaux,Agou,Agou 2,Agotimé-Nord,NYIDOVE,Plantation de Palmier Flaqués Hossiga,2002,Prive - individuel,POINT (0.7184676781304675 6.75794191962185)
_mview_plantation_etablissements_plantation.fid-2fb68024_1a0f82ae2b1_491f,Plateaux,Agou,Agou 2,Agotimé-Nord,NYIDOVE,Plantation Johnson,1977,Prive - individuel,POINT (0.708201216219127 6.750854101228539)
_mview_plantation_etablissements_plantation.fid-2fb68024_1a0f82ae2b1_4920,Plateaux,Agou,Agou 2,Agotimé-Nord,KUMASSI,Plantation Sakpo,1976,Prive - individuel,POINT (0.6905357665629207 6.725500204403536)
_mview_plantation_etablissements_plantation.fid-2fb68024_1a0f82ae2b1_4921,Plateaux,Agou,Agou 2,Agotimé-Nord,KUMASSI,Plantation Gerson,1988,Prive - individuel,POINT (0.6925169775392638 6.729802560452867)
_mview_plantation_etablissements_plantation.fid-2fb68024_1a0f82ae2b1_4922,Plateaux,Agou,Agou 2,Agotimé-Nord,KUMASSI,Plantation Dakou,1980,Prive - individuel,POINT (0.6908158862704916 6.727594199967845)
_mview_plantation_etablissements_plantation.fid-2fb68024_1a0f82ae2b1_4923,Plateaux,Agou,Agou 2,Agotimé-Nord,KUMASSI,Plantation Dodounou,2002,Prive - individuel,POINT (0.6803132777569281 6.713994562209378)
_mview_plantation_etablissements_plantation.fid-2fb68024_1a0f82ae2b1_4924,Plateaux,Agou,Agou 2,Agotimé-Nord,KUMASSI,Plantation Kloutse,2019,Prive - individuel,POINT (0.6792299666366257 6.71224648832588)
_mview_plantation_etablissements_plantation.fid-2fb68024_1a0f82ae2b1_4925,Plateaux,Agou,Agou 2,Agotimé-Nord,NYITOE,Plantation Dake,2008,Prive - individuel,POINT (0.6727319732765975 6.703571859042306)
_mview_plantation_etablissements_plantation.fid-2fb68024_1a0f82ae2b1_4926,Plateaux,Agou,Agou 2,Agotimé-Nord,SODOKE- KOPE,"Plantation de Palmier, Teck Diabou",2014,Prive - individuel,POINT (0.6856780095982759 6.761697912361661)
_mview_plantation_etablissements_plantation.fid-2fb68024_1a0f82ae2b1_4927,Plateaux,Agou,Agou 2,Agotimé-Nord,NYITOE,Plantation Akouko,2004,Prive - individuel,POINT (0.6512293823872537 6.673333008530738)
_mview_plantation_etablissements_plantation.fid-2fb68024_1a0f82ae2b1_4928,Plateaux,Agou,Agou 2,Agotimé-Nord,NYITOE,Plantation Amenyo,2006,Prive - individuel,POINT (0.6509766974015012 6.6726222756006965)
_mview_plantation_etablissements_plantation.fid-2fb68024_1a0f82ae2b1_4929,Plateaux,Agou,Agou 2,Agotimé-Nord,NYITOE,Plantation Etse,2003,Prive - individuel,POINT (0.6704342629810447 6.701340258432271)
_mview_plantation_etablissements_plantation.fid-2fb68024_1a0f82ae2b1_492a,Plateaux,Agou,Agou 2,Agotimé-Nord,GLIKPO,Plantation de Teck de Epp Glikpo,1991,Domaine public de l Etat ou des collectivites territoriales,POINT (0.6945476746715014 6.635793896165045)
_mview_plantation_etablissements_plantation.fid-2fb68024_1a0f82ae2b1_492b,Plateaux,Agou,Agou 2,Agotimé-Nord,GLIKPO,Plantation de Teck Avokpo,2000,Prive - individuel,POINT (0.7064320088393704 6.636188400870978)
_mview_plantation_etablissements_plantation.fid-2fb68024_1a0f82ae2b1_492c,Plateaux,Agou,Agou 2,Agotimé-Nord,KUMASSI,Plantation Koudjogbe,2017,Prive - individuel,POINT (0.6823322459779234 6.726328776301172)
_mview_plantation_etablissements_plantation.fid-2fb68024_1a0f82ae2b1_492d,Plateaux,Agou,Agou 2,Agotimé-Nord,KUMASSI,Plantation Mawougno,2000,Prive - individuel,POINT (0.6855748341414 6.725813753972694)
_mview_plantation_etablissements_plantation.fid-2fb68024_1a0f82ae2b1_492e,Plateaux,Agou,Agou 2,Agotimé-Nord,NYIDOVE,Plantation Akoto,1995,Prive - individuel,POINT (0.7095315725529947 6.762634725189751)
_mview_plantation_etablissements_plantation.fid-2fb68024_1a0f82ae2b1_492f,Plateaux,Agou,Agou 2,Agotimé-Nord,KUMASSI,Plantation Esso,2005,Prive - individuel,POINT (0.6733022806599959 6.757041641384795)
_mview_plantation_etablissements_plantation.fid-2fb68024_1a0f82ae2b1_4930,Plateaux,Agou,Agou 2,Agotimé-Nord,KUMASSI,Plantation Yovo,2013,Prive - individuel,POINT (0.6918567227359176 6.698851760516814)
_mview_plantation_etablissements_plantation.fid-2fb68024_1a0f82ae2b1_4931,Plateaux,Agou,Agou 2,Agotimé-Nord,GNAYIGBE,Plantation de Palmier Atali,2001,Prive - individuel,POINT (0.7955438158178517 6.685516034850079)
_mview_plantation_etablissements_plantation.fid-2fb68024_1a0f82ae2b1_4932,Plateaux,Agou,Agou 2,Agotimé-Nord,GNIYAGBE,Plantation de Teck de Atali,2009,Prive - individuel,POINT (0.794174309656002 6.679685968338748)
_mview_plantation_etablissements_plantation.fid-2fb68024_1a0f82ae2b1_4933,Plateaux,Agou,Agou 2,Agotimé-Nord,ADAME,Plantation de Teck de Kossikpe,2006,Prive - individuel,POINT (0.6650297739838078 6.761301830709131)
_mview_plantation_etablissements_plantation.fid-2fb68024_1a0f82ae2b1_4934,Plateaux,Agou,Agou 2,Agotimé-Nord,KOTOKOPE,Plantation Tcharou,1979,Prive - individuel,POINT (0.7342869492501515 6.729607363208095)
_mview_plantation_etablissements_plantation.fid-2fb68024_1a0f82ae2b1_4935,Plateaux,Akébou,Akébou 1,Djon,KOTORA,Plantation Zoumavor Komina,2021,Prive - individuel,POINT (0.7851148280106997 7.732235655425016)
_mview_plantation_etablissements_plantation.fid-2fb68024_1a0f82ae2b1_4936,Plateaux,Akébou,Akébou 1,Djon,DJON-ATIGOZA,Plantation Kpekpewe,1983,Prive - individuel,POINT (0.7206833333333333 7.72134)
_mview_plantation_etablissements_plantation.fid-2fb68024_1a0f82ae2b1_4937,Plateaux,Akébou,Akébou 1,Djon,DJON-ELAVAGNO,Plantation Yaokossi,1995,Prive - individuel,POINT (0.718395 7.710838333333333)
_mview_plantation_etablissements_plantation.fid-2fb68024_1a0f82ae2b1_4938,Plateaux,Akébou,Akébou 1,Djon,ADAPE,Plantation Djopire,2010,Prive - individuel,POINT (0.6685618613517522 7.709950463262331)
_mview_plantation_etablissements_plantation.fid-2fb68024_1a0f82ae2b1_4939,Plateaux,Akébou,Akébou 1,Djon,ADAPE,Plantation Alokoube,1983,Prive - individuel,POINT (0.6678211492943641 7.711822991418604)
_mview_plantation_etablissements_plantation.fid-2fb68024_1a0f82ae2b1_493a,Plateaux,Akébou,Akébou 1,Djon,KOROU,Plantation Amotso,1989,Prive - individuel,POINT (0.6821606175636783 7.704120711803994)
_mview_plantation_etablissements_plantation.fid-2fb68024_1a0f82ae2b1_493b,Plateaux,Akébou,Akébou 1,Djon,KOROU,Plantation Eklou,2002,Prive - individuel,POINT (0.6847474033244588 7.706089028878262)
_mview_plantation_etablissements_plantation.fid-2fb68024_1a0f82ae2b1_493c,Plateaux,Akébou,Akébou 1,Veh,AVEGAME,Plantation Okouloutou,1983,Prive - individuel,POINT (0.662247451016221 7.667921769457523)
_mview_plantation_etablissements_plantation.fid-2fb68024_1a0f82ae2b1_493d,Plateaux,Akébou,Akébou 1,Veh,AVEGAME,Plantation Ananakan,1983,Prive - individuel,POINT (0.6641440551701268 7.6685443481004185)
_mview_plantation_etablissements_plantation.fid-2fb68024_1a0f82ae2b1_493e,Plateaux,Akébou,Akébou 1,Veh,BRUKUKU,Plantation Egbetogno Kodzo,2016,Prive - individuel,POINT (0.7447333333333332 7.685601666666668)
_mview_plantation_etablissements_plantation.fid-2fb68024_1a0f82ae2b1_493f,Plateaux,Akébou,Akébou 1,Yalla,Sansanfo,Plantation Agbavito,1985,Prive - individuel,POINT (0.66295 7.830653333333333)
_mview_plantation_etablissements_plantation.fid-2fb68024_1a0f82ae2b1_4940,Plateaux,Akébou,Akébou 1,Yalla,FOTO HOHO,Plantation Konou,1983,Prive - individuel,POINT (0.6402373116066836 7.8004954835499865)
_mview_plantation_etablissements_plantation.fid-2fb68024_1a0f82ae2b1_4941,Plateaux,Akébou,Akébou 2,Kamina-Akébou,KAMINA,Plantation Aloko,2016,Prive - individuel,POINT (0.846640697448061 7.961896997814176)
_mview_plantation_etablissements_plantation.fid-2fb68024_1a0f82ae2b1_4942,Plateaux,Akébou,Akébou 1,Yalla,KAMALO,Plantation Fotowossi,2014,Prive - individuel,POINT (0.6338216666666666 7.772071666666666)
_mview_plantation_etablissements_plantation.fid-2fb68024_1a0f82ae2b1_4943,Plateaux,Akébou,Akébou 2,Sérégbénè,DANYIVI,Plantation Togbenou,2005,Prive - individuel,POINT (0.7706513756452732 7.807404223741106)
_mview_plantation_etablissements_plantation.fid-2fb68024_1a0f82ae2b1_4944,Savanes,Tône,Tône 4,Sanfatoute,SANFATOUTE,Plantation de Teck de Songre,1914,Prive - Collectivite coutumiere,POINT (0.2978141290997137 11.009697000708893)
_mview_plantation_etablissements_plantation.fid-2fb68024_1a0f82ae2b1_4945,Plateaux,Akébou,Akébou 2,Sérégbénè,DANYIVI,Plantation Togbenou,2005,Prive - individuel,POINT (0.7711078278499298 7.806070447409664)
_mview_plantation_etablissements_plantation.fid-2fb68024_1a0f82ae2b1_4946,Plateaux,Akébou,Akébou 2,Sérégbénè,DANYIGAN,Plantation Akadevi,1985,Prive - individuel,POINT (0.7590741183846191 7.8146232794293935)
_mview_plantation_etablissements_plantation.fid-2fb68024_1a0f82ae2b1_4947,Plateaux,Akébou,Akébou 2,Sérégbénè,BRADA,Plantation Koutene,1985,Prive - individuel,POINT (0.7682450000000001 7.844955000000001)
_mview_plantation_etablissements_plantation.fid-2fb68024_1a0f82ae2b1_4948,Plateaux,Akébou,Akébou 2,Sérégbénè,AYAGBA-BETHEL,Plantation Attara,2018,Prive - individuel,POINT (0.8050393198196931 7.786840065110174)
_mview_plantation_etablissements_plantation.fid-2fb68024_1a0f82ae2b1_4949,Plateaux,Akébou,Akébou 2,Kpalavé,GBOYÉYÉ,Plantation Afo,2008,Prive - individuel,POINT (0.8422951423763902 7.794538705494054)
_mview_plantation_etablissements_plantation.fid-2fb68024_1a0f82ae2b1_494a,Plateaux,Akébou,Akébou 2,Kamina-Akébou,KAMINA,Plantation Agbedji,2008,Prive - individuel,POINT (0.8734565078169158 7.946477971832515)
_mview_plantation_etablissements_plantation.fid-2fb68024_1a0f82ae2b1_494b,Plateaux,Akébou,Akébou 2,Kamina-Akébou,KOTOKOU,Plantation Tchala,2005,Prive - individuel,POINT (0.8604533333333334 7.88908)
_mview_plantation_etablissements_plantation.fid-2fb68024_1a0f82ae2b1_494c,Plateaux,Akébou,Akébou 2,Kamina-Akébou,AGBEDJI,Plantation Biga,2016,Prive - individuel,POINT (0.9254016666666666 7.933778333333334)
_mview_plantation_etablissements_plantation.fid-2fb68024_1a0f82ae2b1_494d,Plateaux,Akébou,Akébou 2,Kamina-Akébou,WAWA CENTRE,Plantation Kaka,1991,Prive - individuel,POINT (0.8670916666666667 7.963033333333334)
_mview_plantation_etablissements_plantation.fid-2fb68024_1a0f82ae2b1_494e,Plateaux,Akébou,Akébou 2,Kamina-Akébou,KOTOKOU,Plantation Tchala,2005,Prive - individuel,POINT (0.8588016666666667 7.887834999999999)
_mview_plantation_etablissements_plantation.fid-2fb68024_1a0f82ae2b1_494f,Plateaux,Haho,Haho 2,Djemegni,SOGBEHOE,Plantation Sogbe,2019,Prive - individuel,POINT (1.3731932120950328 6.9581019443032535)
_mview_plantation_etablissements_plantation.fid-2fb68024_1a0f82ae2b1_4950,Plateaux,Haho,Haho 2,Djemegni,AGBEDOUGBE,Plantation Ebenezer,2015,Prive - individuel,POINT (1.2754403628986568 7.007871790045049)
_mview_plantation_etablissements_plantation.fid-2fb68024_1a0f82ae2b1_4951,Plateaux,Haho,Haho 2,Djemegni,HOUTOYENOU,Plantation Anouma,1992,Prive - individuel,POINT (1.2634333333333334 6.944450000000001)
_mview_plantation_etablissements_plantation.fid-2fb68024_1a0f82ae2b1_4952,Plateaux,Haho,Haho 2,Djemegni,AGBEDOUGBE,Plantation Kpodeme,2014,Prive - individuel,POINT (1.2787100525934265 6.98941824275004)
_mview_plantation_etablissements_plantation.fid-2fb68024_1a0f82ae2b1_4953,Plateaux,Haho,Haho 2,Djemegni,KOUKAZOKOPE,Plantation Koukazo,1985,Prive - individuel,POINT (1.2708774581391546 6.9555316492932375)
_mview_plantation_etablissements_plantation.fid-2fb68024_1a0f82ae2b1_4954,Plateaux,Haho,Haho 2,Djemegni,KOUKAZOKOPE,Plantation Koukazo,2013,Prive - individuel,POINT (1.2681816666666668 6.95462)
_mview_plantation_etablissements_plantation.fid-2fb68024_1a0f82ae2b1_4955,Plateaux,Haho,Haho 2,Djemegni,TCHAOKOPE,Plantation Tchao,2012,Prive - individuel,POINT (1.2678349999999998 6.969709999999999)
_mview_plantation_etablissements_plantation.fid-2fb68024_1a0f82ae2b1_4956,Plateaux,Haho,Haho 2,Djemegni,TSAGBA,Plantation Medeou,2014,Prive - individuel,POINT (1.3505218786820186 6.980533802657059)
_mview_plantation_etablissements_plantation.fid-2fb68024_1a0f82ae2b1_4957,Plateaux,Haho,Haho 2,Djemegni,AVETCHOU COPE,Plantation Attigle,1974,Prive - individuel,POINT (1.27178 6.970206666666667)
_mview_plantation_etablissements_plantation.fid-2fb68024_1a0f82ae2b1_4958,Plateaux,Haho,Haho 2,Djemegni,AGBEDOUGBE,Plantation Afanou,2014,Prive - individuel,POINT (1.270705 6.991733333333333)
_mview_plantation_etablissements_plantation.fid-2fb68024_1a0f82ae2b1_4959,Plateaux,Haho,Haho 2,Djemegni,KPOVEGAN,Plantation Bonde,1987,Prive - individuel,POINT (1.2904671166214945 6.952563226605844)
_mview_plantation_etablissements_plantation.fid-2fb68024_1a0f82ae2b1_495a,Plateaux,Haho,Haho 2,Djemegni,WEDEME,Plantation Sotoume,1992,Prive - individuel,POINT (1.2992725816371242 6.94374048155624)
_mview_plantation_etablissements_plantation.fid-2fb68024_1a0f82ae2b1_495b,Plateaux,Haho,Haho 2,Djemegni,KPOVE,Plantation God To Be Glory,2016,Prive - individuel,POINT (1.2652495940416848 6.972377028052188)
_mview_plantation_etablissements_plantation.fid-2fb68024_1a0f82ae2b1_495c,Plateaux,Haho,Haho 2,Djemegni,GNASSIVE,Plantation Lakpo,1998,Prive - individuel,POINT (1.2323716666666666 6.905203333333333)
_mview_plantation_etablissements_plantation.fid-2fb68024_1a0f82ae2b1_495d,Plateaux,Haho,Haho 2,Djemegni,TCHAVE,Plantation Ekpe,2008,Prive - individuel,POINT (1.3061046474333313 6.939146534784453)
_mview_plantation_etablissements_plantation.fid-2fb68024_1a0f82ae2b1_495e,Plateaux,Haho,Haho 2,Djemegni,ATITSOHOE,Plantation Akpi,1980,Prive - individuel,POINT (1.2343141510557736 6.905158646250039)
_mview_plantation_etablissements_plantation.fid-2fb68024_1a0f82ae2b1_495f,Plateaux,Amou,Amou 1,Adiva,ADIVA TODJI,Plantation Tetou,2007,Prive - individuel,POINT (1.014086957416448 7.5138815222104745)
_mview_plantation_etablissements_plantation.fid-2fb68024_1a0f82ae2b1_4960,Plateaux,Amou,Amou 1,Adiva,OUNABE,Plantation Adjassem,1960,Prive - individuel,POINT (0.995140377262475 7.537767464594119)
_mview_plantation_etablissements_plantation.fid-2fb68024_1a0f82ae2b1_4961,Plateaux,Amou,Amou 1,Adiva,OUNABE,Plantation Edoutcho,2007,Prive - individuel,POINT (0.9967889461409704 7.53589000970247)
_mview_plantation_etablissements_plantation.fid-2fb68024_1a0f82ae2b1_4962,Plateaux,Amou,Amou 1,Adiva,OUNABE,Plantation Nouleagbessi,2020,Prive - individuel,POINT (0.9847765211173092 7.537753441623928)
_mview_plantation_etablissements_plantation.fid-2fb68024_1a0f82ae2b1_4963,Plateaux,Amou,Amou 1,Imlè-Adiva,OUKLE,Plantation Tomikpe,2010,Prive - Collectivite coutumiere,POINT (0.9999100626141362 7.461452469173852)
_mview_plantation_etablissements_plantation.fid-2fb68024_1a0f82ae2b1_4964,Plateaux,Amou,Amou 1,Imlè-Adiva,DEDOME,Plantation Kadatcha,2013,Prive - individuel,POINT (0.982545 7.506513333333333)
_mview_plantation_etablissements_plantation.fid-2fb68024_1a0f82ae2b1_4965,Plateaux,Amou,Amou 1,Imlè-Adiva,ADIFOU,Plantation Missa,2005,Prive - individuel,POINT (0.9720888279672503 7.489088868252151)
_mview_plantation_etablissements_plantation.fid-2fb68024_1a0f82ae2b1_4966,Plateaux,Amou,Amou 1,Amlamé (Ouma),ADAMKOPE,Plantation Teyo,2019,Prive - individuel,POINT (0.9201396117421308 7.402469263098633)
_mview_plantation_etablissements_plantation.fid-2fb68024_1a0f82ae2b1_4967,Plateaux,Amou,Amou 1,Amlamé (Ouma),ONÈ,Plantation Bidifai,2018,Prive - individuel,POINT (0.8921784702528907 7.419782901421922)
_mview_plantation_etablissements_plantation.fid-2fb68024_1a0f82ae2b1_4968,Plateaux,Amou,Amou 1,Amlamé (Ouma),ONE,Plantation Boukari,2016,Prive - individuel,POINT (0.8926469380440465 7.422816792541941)
_mview_plantation_etablissements_plantation.fid-2fb68024_1a0f82ae2b1_4969,Plateaux,Amou,Amou 1,Amlamé (Ouma),KPETE,Plantation Dokouno,2019,Prive - individuel,POINT (0.8817925264061006 7.413371054562747)
_mview_plantation_etablissements_plantation.fid-2fb68024_1a0f82ae2b1_496a,Plateaux,Amou,Amou 1,Amlamé (Ouma),KPETE,Plantation Dalande,2020,Prive - individuel,POINT (0.8905678500924762 7.413501296411383)
_mview_plantation_etablissements_plantation.fid-2fb68024_1a0f82ae2b1_496b,Plateaux,Amou,Amou 2,Kpatégan,EDO KOPÉ,Plantation Gbk,2017,Prive - individuel,POINT (0.9569911670290825 7.354486009091691)
_mview_plantation_etablissements_plantation.fid-2fb68024_1a0f82ae2b1_496c,Plateaux,Amou,Amou 2,Kpatégan,Kpatikope,Plantation Itapi,1995,Prive - individuel,POINT (1.1064545211573045 7.352986372997925)
_mview_plantation_etablissements_plantation.fid-2fb68024_1a0f82ae2b1_496d,Plateaux,Amou,Amou 2,Kpatégan,Kpati-cope,Plantation Kpodjoro,1994,Prive - individuel,POINT (1.1174223097037976 7.364411565558425)
_mview_plantation_etablissements_plantation.fid-2fb68024_1a0f82ae2b1_496e,Plateaux,Amou,Amou 2,Kpatégan,IDOH KOPE,Plantation Oukpo,2005,Prive - individuel,POINT (0.955924038905412 7.359810293253373)
_mview_plantation_etablissements_plantation.fid-2fb68024_1a0f82ae2b1_496f,Plateaux,Amou,Amou 2,Kpatégan,Kpatikope,Plantation Kodjro,2005,Prive - individuel,POINT (1.109712908032524 7.355920767780131)
_mview_plantation_etablissements_plantation.fid-2fb68024_1a0f82ae2b1_4970,Plateaux,Amou,Amou 2,Kpatégan,Kpatikope,Plantation Kodjro,2013,Prive - individuel,POINT (1.1098670283102468 7.351734565573518)
_mview_plantation_etablissements_plantation.fid-2fb68024_1a0f82ae2b1_4971,Plateaux,Amou,Amou 2,Amou-Oblo,AMOU-OBLO,Plantation Simteyele,1999,Prive - individuel,POINT (0.90473898116923 7.382375078614985)
_mview_plantation_etablissements_plantation.fid-2fb68024_1a0f82ae2b1_4972,Plateaux,Amou,Amou 2,Amou-Oblo,ELO,Plantation Gbk,2013,Prive - individuel,POINT (0.9359536954352253 7.339933880426308)
_mview_plantation_etablissements_plantation.fid-2fb68024_1a0f82ae2b1_4973,Plateaux,Amou,Amou 2,Amou-Oblo,AMOU-OBLO,Plantation Awui,1989,Prive - individuel,POINT (0.9072399105701539 7.385378413814099)
_mview_plantation_etablissements_plantation.fid-2fb68024_1a0f82ae2b1_4974,Plateaux,Amou,Amou 3,Evou,Adigo,Plantation Djitonou,1998,Prive - individuel,POINT (1.0383121940934465 7.534441740424061)
_mview_plantation_etablissements_plantation.fid-2fb68024_1a0f82ae2b1_4975,Plateaux,Amou,Amou 3,Evou,YAO-KOPE,Plantation Agbegnon,2005,Prive - individuel,POINT (1.0319240592010799 7.513789778822349)
_mview_plantation_etablissements_plantation.fid-2fb68024_1a0f82ae2b1_4976,Plateaux,Amou,Amou 3,Evou,OUGBOHO,Plantation Agbemedi,2000,Prive - individuel,POINT (1.0475542532211615 7.541576046261745)
_mview_plantation_etablissements_plantation.fid-2fb68024_1a0f82ae2b1_4977,Plateaux,Amou,Amou 3,Evou,YAO-KOPE,Plantation Toulassi,1985,Prive - individuel,POINT (1.0354351262588877 7.533848545091339)
_mview_plantation_etablissements_plantation.fid-2fb68024_1a0f82ae2b1_4978,Plateaux,Amou,Amou 3,Evou,NAYOBE,Plantation Foukemou,1997,Prive - individuel,POINT (1.0465333532098022 7.537323249678792)
_mview_plantation_etablissements_plantation.fid-2fb68024_1a0f82ae2b1_4979,Plateaux,Amou,Amou 3,Evou,ODJOLO,Plantation Odoh,1996,Prive - individuel,POINT (1.021026396739449 7.535883640078274)
_mview_plantation_etablissements_plantation.fid-2fb68024_1a0f82ae2b1_497a,Plateaux,Amou,Amou 3,Gamé,YADE-ALIFI,Plantation Yade-alifi,2015,Prive - individuel,POINT (1.0029141351810358 7.697764634652375)
_mview_plantation_etablissements_plantation.fid-2fb68024_1a0f82ae2b1_497b,Plateaux,Amou,Amou 3,Gamé,ILLICO TOMEGBE,Plantation deluge de Noé,2015,Prive - individuel,POINT (1.074705 7.74042)
_mview_plantation_etablissements_plantation.fid-2fb68024_1a0f82ae2b1_497c,Plateaux,Amou,Amou 3,Avédjè,Loto,Plantation Tonto,1998,Prive - individuel,POINT (1.1283004162803085 7.4175769042237585)
_mview_plantation_etablissements_plantation.fid-2fb68024_1a0f82ae2b1_497d,Plateaux,Amou,Amou 3,Otadi,YADÈ-APEGAMÉ,Plantation Champs de Café,1980,Prive - individuel,POINT (1.0011866666666667 7.6802150000000005)
_mview_plantation_etablissements_plantation.fid-2fb68024_1a0f82ae2b1_497e,Plateaux,Amou,Amou 3,Otadi,ITOKOUBE,Plantation Champ du Café,1984,Prive - individuel,POINT (1.0603266666666669 7.648155000000001)
_mview_plantation_etablissements_plantation.fid-2fb68024_1a0f82ae2b1_497f,Plateaux,Amou,Amou 3,Otadi,YADE-ALIFI,Plantation Yade-alifi,2001,Prive - individuel,POINT (0.9927833333333334 7.6824449999999995)
_mview_plantation_etablissements_plantation.fid-2fb68024_1a0f82ae2b1_4980,Plateaux,Amou,Amou 3,Hihéatro,DEME,Plantation deme,1994,Prive - individuel,POINT (1.06647 7.6105)
_mview_plantation_etablissements_plantation.fid-2fb68024_1a0f82ae2b1_4981,Plateaux,Amou,Amou 3,Hihéatro,DEME,Plantation deme,1994,Prive - individuel,POINT (1.0667733333333334 7.608360000000001)
_mview_plantation_etablissements_plantation.fid-2fb68024_1a0f82ae2b1_4982,Plateaux,Amou,Amou 3,Hihéatro,APEDOME,Plantation Kpossogna,2012,Prive - individuel,POINT (1.04316349591936 7.602521879081636)
_mview_plantation_etablissements_plantation.fid-2fb68024_1a0f82ae2b1_4983,Plateaux,Amou,Amou 3,Hihéatro,DEME,Plantation deme,2012,Prive - individuel,POINT (1.0791216666666665 7.595363333333334)
_mview_plantation_etablissements_plantation.fid-2fb68024_1a0f82ae2b1_4984,Plateaux,Amou,Amou 3,Hihéatro,OWANIBE,Plantation Koussomi,1984,Prive - individuel,POINT (1.0903566666666669 7.626459999999999)
_mview_plantation_etablissements_plantation.fid-2fb68024_1a0f82ae2b1_4985,Plateaux,Amou,Amou 3,Okpahoé,Okpahoue,Plantation Amato,2011,Prive - individuel,POINT (1.0188076647922706 7.61135176100369)
_mview_plantation_etablissements_plantation.fid-2fb68024_1a0f82ae2b1_4986,Plateaux,Amou,Amou 3,Okpahoé,Apedome,Plantation Yawo,2001,Prive - individuel,POINT (1.0408044680137383 7.602148761474799)
_mview_plantation_etablissements_plantation.fid-2fb68024_1a0f82ae2b1_4987,Plateaux,Amou,Amou 3,Okpahoé,APEDOME,Plantation Togbenou,2000,Prive - individuel,POINT (1.0418085192891706 7.59329993478629)
_mview_plantation_etablissements_plantation.fid-2fb68024_1a0f82ae2b1_4988,Plateaux,Amou,Amou 3,Okpahoé,APEDOME,Plantation Togbenou,1968,Prive - individuel,POINT (1.0422880591510046 7.592218573940231)
_mview_plantation_etablissements_plantation.fid-2fb68024_1a0f82ae2b1_4989,Plateaux,Amou,Amou 3,Okpahoé,OKPAHOUE,Plantation Idoh,2008,Prive - individuel,POINT (1.0175839580319275 7.609612834680728)
_mview_plantation_etablissements_plantation.fid-2fb68024_1a0f82ae2b1_498a,Plateaux,Amou,Amou 3,Okpahoé,OUGBO,Plantation Amegan Komlan,2005,Prive - individuel,POINT (1.0235685576136606 7.604279071588463)
_mview_plantation_etablissements_plantation.fid-2fb68024_1a0f82ae2b1_498b,Plateaux,Amou,Amou 3,Okpahoé,OUGBO,Plantation Tognike,2005,Prive - individuel,POINT (1.023822290070237 7.602900771709865)
_mview_plantation_etablissements_plantation.fid-2fb68024_1a0f82ae2b1_498c,Plateaux,Amou,Amou 3,Okpahoé,OUGBO,Plantation Apedo,1986,Prive - individuel,POINT (1.0166225224614225 7.6070843502808625)
_mview_plantation_etablissements_plantation.fid-2fb68024_1a0f82ae2b1_498d,Plateaux,Amou,Amou 3,Okpahoé,OUGBO,Plantation Apedo,1986,Prive - individuel,POINT (1.0178449874560695 7.608374041542136)
_mview_plantation_etablissements_plantation.fid-2fb68024_1a0f82ae2b1_498e,Plateaux,Amou,Amou 3,Okpahoé,Okpakou,Plantation Toulassi,2012,Prive - individuel,POINT (1.0314395337679265 7.623548278095974)
_mview_plantation_etablissements_plantation.fid-2fb68024_1a0f82ae2b1_498f,Plateaux,Amou,Amou 3,Témédja,OMOUVA,Plantation Issifou,2006,Prive - individuel,POINT (1.0450736946991543 7.4505754083867295)
_mview_plantation_etablissements_plantation.fid-2fb68024_1a0f82ae2b1_4990,Plateaux,Amou,Amou 3,Avédjè,LOTO,Plantation Ekpetche,Nsp,Prive - individuel,POINT (1.1332634440660474 7.426912272381773)
_mview_plantation_etablissements_plantation.fid-2fb68024_1a0f82ae2b1_4991,Plateaux,Amou,Amou 3,Avédjè,LOTO,Plantation Penesi,Nsp,Prive - individuel,POINT (1.1304696972609583 7.432982322441351)
_mview_plantation_etablissements_plantation.fid-2fb68024_1a0f82ae2b1_4992,Plateaux,Amou,Amou 3,Avédjè,Tchokple,Plantation Bize,2015,Prive - individuel,POINT (1.112467990491887 7.410034655703246)
_mview_plantation_etablissements_plantation.fid-2fb68024_1a0f82ae2b1_4993,Plateaux,Anié,Anié 2,Adogbénou,AFOLE,Plantation Adaou,2000,Prive - individuel,POINT (1.6068171955560935 7.811774147821155)
_mview_plantation_etablissements_plantation.fid-2fb68024_1a0f82ae2b1_4994,Plateaux,Amou,Amou 3,Avédjè,TCHOKPLE,Plantation Somenou,1950,Prive - individuel,POINT (1.1136396659657741 7.405214037079193)
_mview_plantation_etablissements_plantation.fid-2fb68024_1a0f82ae2b1_4995,Plateaux,Amou,Amou 3,Avédjè,ATIGOZO,Plantation Koutchetan,1976,Prive - individuel,POINT (1.1371042555825859 7.450141669451333)
_mview_plantation_etablissements_plantation.fid-2fb68024_1a0f82ae2b1_4996,Plateaux,Amou,Amou 3,Avédjè,ATIGOZO-AMOUTCHOU,Plantation Agbetowofana,1995,Prive - individuel,POINT (1.1350970535320324 7.437102497667847)
_mview_plantation_etablissements_plantation.fid-2fb68024_1a0f82ae2b1_4997,Plateaux,Amou,Amou 3,Avédjè,AGBODOMOGI,Plantation Sewoavi,1990,Prive - individuel,POINT (1.1338522855219288 7.440529177992363)
_mview_plantation_etablissements_plantation.fid-2fb68024_1a0f82ae2b1_4998,Plateaux,Amou,Amou 3,Avédjè,ADJIGO,Plantation Kemavor,1996,Prive - individuel,POINT (1.1365819435926727 7.361972459066419)
_mview_plantation_etablissements_plantation.fid-2fb68024_1a0f82ae2b1_4999,Plateaux,Amou,Amou 3,Avédjè,OKAFOU,Plantation Okafou 2,2002,Prive - individuel,POINT (1.1155894347959006 7.4609326385492825)
_mview_plantation_etablissements_plantation.fid-2fb68024_1a0f82ae2b1_499a,Plateaux,Amou,Amou 3,Avédjè,OKAFOU,Plantation Sigobetou,1982,Prive - individuel,POINT (1.1127401892698057 7.457448717215092)
_mview_plantation_etablissements_plantation.fid-2fb68024_1a0f82ae2b1_499b,Plateaux,Amou,Amou 3,Avédjè,OKAFOU,Plantation Yovo,1950,Prive - individuel,POINT (1.0991540397273265 7.456873746435065)
_mview_plantation_etablissements_plantation.fid-2fb68024_1a0f82ae2b1_499c,Plateaux,Amou,Amou 3,Avédjè,AVEDJE ITADI,Plantation Ogou,1980,Prive - individuel,POINT (1.1236418808846729 7.449665796803686)
_mview_plantation_etablissements_plantation.fid-2fb68024_1a0f82ae2b1_499d,Plateaux,Amou,Amou 3,Avédjè,AVEDJE,Plantation Apedo,1996,Prive - individuel,POINT (1.1304469089298876 7.461904510171731)
_mview_plantation_etablissements_plantation.fid-2fb68024_1a0f82ae2b1_499e,Plateaux,Anié,Anié 2,Atchinédji,AYORE,Plantation Kaporane,1996,Prive - individuel,POINT (1.417521905619176 7.635785763662698)
_mview_plantation_etablissements_plantation.fid-2fb68024_1a0f82ae2b1_499f,Plateaux,Anié,Anié 2,Adogbénou,AGBOTA,Plantation Koulodi,Nsp,Prive - individuel,POINT (1.623089484056942 7.874749222521408)
_mview_plantation_etablissements_plantation.fid-2fb68024_1a0f82ae2b1_49a0,Plateaux,Amou,Amou 3,Avédjè,AVEDJE,Plantation Eya,2016,Prive - individuel,POINT (1.1286503984132674 7.4665528064707685)
_mview_plantation_etablissements_plantation.fid-2fb68024_1a0f82ae2b1_49a1,Plateaux,Amou,Amou 3,Avédjè,Mamakopé,Plantation Faranda,2017,Prive - individuel,POINT (1.0741666666666667 7.461868333333332)
_mview_plantation_etablissements_plantation.fid-2fb68024_1a0f82ae2b1_49a2,Plateaux,Amou,Amou 3,Avédjè,LOTO,Plantation Agbemegi,Nsp,Prive - individuel,POINT (1.1318476824696042 7.427112915230056)
_mview_plantation_etablissements_plantation.fid-2fb68024_1a0f82ae2b1_49a3,Plateaux,Amou,Amou 3,Avédjè,LOTO,Plantation Adjade,1999,Prive - individuel,POINT (1.131279392974193 7.430538025126455)
_mview_plantation_etablissements_plantation.fid-2fb68024_1a0f82ae2b1_49a4,Plateaux,Amou,Amou 3,Avédjè,TCHOKPLE,Plantation Djinadou,Nsp,Prive - individuel,POINT (1.1077630777045797 7.3983761208862004)
_mview_plantation_etablissements_plantation.fid-2fb68024_1a0f82ae2b1_49a5,Plateaux,Amou,Amou 3,Avédjè,TCHOKPLE,Plantation Melafo,2012,Prive - individuel,POINT (1.115165 7.407091666666668)
_mview_plantation_etablissements_plantation.fid-2fb68024_1a0f82ae2b1_49a6,Plateaux,Amou,Amou 3,Avédjè,Loto,Plantation Ayegbemi,1999,Prive - individuel,POINT (1.13049294510528 7.4242953212952125)
_mview_plantation_etablissements_plantation.fid-2fb68024_1a0f82ae2b1_49a7,Plateaux,Amou,Amou 3,Avédjè,Atigozo,Plantation Poutchetan,1976,Prive - individuel,POINT (1.1386737016938582 7.4535870008189296)
_mview_plantation_etablissements_plantation.fid-2fb68024_1a0f82ae2b1_49a8,Plateaux,Amou,Amou 3,Avédjè,Loto,Plantation Atcho,1999,Prive - individuel,POINT (1.1256216406276034 7.411977346265111)
_mview_plantation_etablissements_plantation.fid-2fb68024_1a0f82ae2b1_49a9,Plateaux,Amou,Amou 3,Avédjè,Loto,Plantation Komla,1998,Prive - individuel,POINT (1.1243376644858685 7.417953195050889)
_mview_plantation_etablissements_plantation.fid-2fb68024_1a0f82ae2b1_49aa,Plateaux,Amou,Amou 3,Avédjè,Avedje,Plantation Koumassi,2015,Prive - individuel,POINT (1.145708974772996 7.456247792159395)
_mview_plantation_etablissements_plantation.fid-2fb68024_1a0f82ae2b1_49ab,Plateaux,Amou,Amou 3,Avédjè,LOTO,Plantation dedewe,1948,Prive - Collectivite coutumiere,POINT (1.1251613371914846 7.425147143495888)
_mview_plantation_etablissements_plantation.fid-2fb68024_1a0f82ae2b1_49ac,Plateaux,Amou,Amou 3,Avédjè,Loto,Plantation Adjade,1980,Prive - individuel,POINT (1.1262683539858833 7.425075713884569)
_mview_plantation_etablissements_plantation.fid-2fb68024_1a0f82ae2b1_49ad,Plateaux,Amou,Amou 3,Avédjè,TCHOKPLE,Plantation Ekpetchou,2017,Prive - individuel,POINT (1.1029668462825435 7.398989615340058)
_mview_plantation_etablissements_plantation.fid-2fb68024_1a0f82ae2b1_49ae,Plateaux,Amou,Amou 3,Avédjè,ADJIGO,Plantation Akande,1997,Prive - individuel,POINT (1.1309896895702152 7.388001393402909)
_mview_plantation_etablissements_plantation.fid-2fb68024_1a0f82ae2b1_49af,Plateaux,Amou,Amou 3,Avédjè,OKAFOU,Plantation Akortande,2005,Prive - individuel,POINT (1.1065295509069917 7.448846486762955)
_mview_plantation_etablissements_plantation.fid-2fb68024_1a0f82ae2b1_49b0,Plateaux,Amou,Amou 3,Avédjè,OKAFOU,Plantation Motekpe,1982,Prive - individuel,POINT (1.1083494916084613 7.445406617167287)
_mview_plantation_etablissements_plantation.fid-2fb68024_1a0f82ae2b1_49b1,Plateaux,Amou,Amou 3,Avédjè,AVEDJE ITADI,Plantation Apedoh,2015,Prive - individuel,POINT (1.1242246982538324 7.467426098562778)
_mview_plantation_etablissements_plantation.fid-2fb68024_1a0f82ae2b1_49b2,Plateaux,Amou,Amou 3,Avédjè,AVEDJE,Plantation Apedo,2015,Prive - individuel,POINT (1.1317542679623376 7.460649976659066)
_mview_plantation_etablissements_plantation.fid-2fb68024_1a0f82ae2b1_49b3,Plateaux,Amou,Amou 3,Avédjè,AVEDJE,Plantation Eya,2016,Prive - individuel,POINT (1.129705848625354 7.45576786389894)
_mview_plantation_etablissements_plantation.fid-2fb68024_1a0f82ae2b1_49b4,Plateaux,Anié,Anié 1,Pallakoko,EDJERE,Plantation Ayena,1988,Prive - individuel,POINT (1.1508022440476195 7.971015769410842)
_mview_plantation_etablissements_plantation.fid-2fb68024_1a0f82ae2b1_49b5,Plateaux,Anié,Anié 2,Adogbénou,AGBOTA,Plantation Adjeguede,Nsp,Prive - individuel,POINT (1.6215975775322782 7.871846896461639)
_mview_plantation_etablissements_plantation.fid-2fb68024_1a0f82ae2b1_49b6,Plateaux,Anié,Anié 2,Adogbénou,AFOLE,Plantation Kassegne,1989,Prive - individuel,POINT (1.5927832519882041 7.8130967334694805)
_mview_plantation_etablissements_plantation.fid-2fb68024_1a0f82ae2b1_49b7,Plateaux,Anié,Anié 2,Adogbénou,AFOLE,Plantation Amadou,2000,Prive - individuel,POINT (1.6057338948530544 7.809983878332631)
_mview_plantation_etablissements_plantation.fid-2fb68024_1a0f82ae2b1_49b8,Plateaux,Anié,Anié 2,Adogbénou,AFOLE,Plantation d'Anacades Ayena,1994,Prive - individuel,POINT (1.609427682998824 7.817666717682991)
_mview_plantation_etablissements_plantation.fid-2fb68024_1a0f82ae2b1_49b9,Plateaux,Anié,Anié 2,Adogbénou,AFOLE,Plantation d'Anacades Akoda,1992,Prive - individuel,POINT (1.6160012147066394 7.833378419459408)
_mview_plantation_etablissements_plantation.fid-2fb68024_1a0f82ae2b1_49ba,Plateaux,Anié,Anié 2,Adogbénou,AGBOTA,Plantation d'AnacadesAdjeguede,1993,Prive - individuel,POINT (1.618281582794206 7.876972313798456)
_mview_plantation_etablissements_plantation.fid-2fb68024_1a0f82ae2b1_49bb,Plateaux,Anié,Anié 2,Adogbénou,OKE-LOUKOUTOU,Plantation d'Anacades Ore,2000,Prive - individuel,POINT (1.4640551367851624 7.73841961885708)
_mview_plantation_etablissements_plantation.fid-2fb68024_1a0f82ae2b1_49bc,Plateaux,Kpélé,Kpélé 1,Kpélé-Novivé,BEME TOUSSI-APEDOME,Plantation de Egbare,2011,Prive - individuel,POINT (0.7001055648018188 7.097722227987406)
_mview_plantation_etablissements_plantation.fid-2fb68024_1a0f82ae2b1_49bd,Plateaux,Kpélé,Kpélé 1,Kpélé-Novivé,BEME,Plantation Aba,2006,Prive - individuel,POINT (0.7226616666666666 7.085920000000001)
_mview_plantation_etablissements_plantation.fid-2fb68024_1a0f82ae2b1_49be,Plateaux,Anié,Anié 2,Atchinédji,KOUNOU- COPE,Plantation Anarcade,2017,Prive - individuel,POINT (1.3677478192253907 7.653143599376002)
_mview_plantation_etablissements_plantation.fid-2fb68024_1a0f82ae2b1_49bf,Plateaux,Anié,Anié 2,Atchinédji,KOUNOU-COPE,Plantation Techeraie,2016,Prive - individuel,POINT (1.3656296682654807 7.656960237732885)
_mview_plantation_etablissements_plantation.fid-2fb68024_1a0f82ae2b1_49c0,Plateaux,Anié,Anié 2,Atchinédji,ATCHINEDJI,Plantation d'Anacades Amouzou,2007,Prive - individuel,POINT (1.420242120951381 7.6938587369405775)
_mview_plantation_etablissements_plantation.fid-2fb68024_1a0f82ae2b1_49c1,Plateaux,Anié,Anié 2,Atchinédji,TCHAMIN,Plantation Adossou,2004,Prive - individuel,POINT (1.390611852232886 7.6543808719206154)
_mview_plantation_etablissements_plantation.fid-2fb68024_1a0f82ae2b1_49c2,Plateaux,Anié,Anié 2,Atchinédji,DEGLA-COPE,Plantation Elonou,1998,Prive - individuel,POINT (1.436519456692218 7.699996506172064)
_mview_plantation_etablissements_plantation.fid-2fb68024_1a0f82ae2b1_49c3,Plateaux,Anié,Anié 2,Atchinédji,ATCHINEDJI,Plantation Amouzou,1991,Prive - individuel,POINT (1.4215152534074813 7.68818119910065)
_mview_plantation_etablissements_plantation.fid-2fb68024_1a0f82ae2b1_49c4,Plateaux,Anié,Anié 2,Atchinédji,ATCHINEDJI,Plantation Ayena,1997,Prive - individuel,POINT (1.4217856208647803 7.689853204772858)
_mview_plantation_etablissements_plantation.fid-2fb68024_1a0f82ae2b1_49c5,Plateaux,Anié,Anié 2,Atchinédji,ATCHINEDJI,Plantation Tamegnon,2000,Prive - individuel,POINT (1.4209352745791377 7.686900178581804)
_mview_plantation_etablissements_plantation.fid-2fb68024_1a0f82ae2b1_49c6,Plateaux,Anié,Anié 2,Atchinédji,ATCHINEDJI,Plantation Fadegnon,1989,Prive - individuel,POINT (1.4190733377405833 7.685601756511197)
_mview_plantation_etablissements_plantation.fid-2fb68024_1a0f82ae2b1_49c7,Plateaux,Anié,Anié 2,Atchinédji,DOVI,Plantation de Palmier Sala,1989,Prive - individuel,POINT (1.4134232305776804 7.694545465496454)
_mview_plantation_etablissements_plantation.fid-2fb68024_1a0f82ae2b1_49c8,Plateaux,Anié,Anié 2,Atchinédji,DOVI,Plantation Koffi,1987,Prive - individuel,POINT (1.4067565726287865 7.7006522350507955)
_mview_plantation_etablissements_plantation.fid-2fb68024_1a0f82ae2b1_49c9,Plateaux,Danyi,Danyi 1,Danyi-Atigba,EZAPE,Plantation Nutsugan,1970,Prive - individuel,POINT (0.6922813354343896 7.292084946572686)
_mview_plantation_etablissements_plantation.fid-2fb68024_1a0f82ae2b1_49ca,Plateaux,Danyi,Danyi 1,Danyi-Atigba,EZAPE,Plantation Nutsugan,2000,Prive - individuel,POINT (0.694875 7.292581666666666)
_mview_plantation_etablissements_plantation.fid-2fb68024_1a0f82ae2b1_49cb,Plateaux,Danyi,Danyi 1,Danyi-Atigba,AMOUTA,Plantation Takoh,2016,Prive - individuel,POINT (0.7113766666666667 7.356423333333334)
_mview_plantation_etablissements_plantation.fid-2fb68024_1a0f82ae2b1_49cc,Plateaux,Danyi,Danyi 1,Danyi-Atigba,AGAME,Plantation Kindou,2008,Prive - individuel,POINT (0.6830633333333334 7.28104)
_mview_plantation_etablissements_plantation.fid-2fb68024_1a0f82ae2b1_49cd,Plateaux,Danyi,Danyi 1,Danyi-Atigba,AGAME,Plantation Kpogli,1975,Prive - individuel,POINT (0.6839153672213233 7.285346369539583)
_mview_plantation_etablissements_plantation.fid-2fb68024_1a0f82ae2b1_49ce,Plateaux,Danyi,Danyi 1,Danyi-Atigba,ASSASSAHINI,Plantation Koffi,1979,Prive - individuel,POINT (0.681955 7.3475)
_mview_plantation_etablissements_plantation.fid-2fb68024_1a0f82ae2b1_49cf,Plateaux,Danyi,Danyi 1,Danyi-Atigba,DZOGBEGAN,Plantation Azameti,2005,Prive - individuel,POINT (0.6784533333333334 7.235614999999999)
_mview_plantation_etablissements_plantation.fid-2fb68024_1a0f82ae2b1_49d0,Plateaux,Danyi,Danyi 1,Danyi-Atigba,TOVI,Plantation Awi,1977,Prive - individuel,POINT (0.7222834292622727 7.196978369192776)
_mview_plantation_etablissements_plantation.fid-2fb68024_1a0f82ae2b1_49d1,Plateaux,Danyi,Danyi 1,Danyi-Atigba,MEDEWUNUI,Plantation Baluki,2018,Prive - individuel,POINT (0.6994306232777999 7.176617388117039)
_mview_plantation_etablissements_plantation.fid-2fb68024_1a0f82ae2b1_49d2,Plateaux,Danyi,Danyi 1,Danyi-Atigba,APEYEME,Plantation N'bouake,2000,Prive - individuel,POINT (0.68806 7.192615000000001)
_mview_plantation_etablissements_plantation.fid-2fb68024_1a0f82ae2b1_49d3,Plateaux,Danyi,Danyi 1,Danyi-Atigba,KONDA TODZI,Plantation Adeke,2012,Prive - individuel,POINT (0.7076427833045593 7.172266967733031)
_mview_plantation_etablissements_plantation.fid-2fb68024_1a0f82ae2b1_49d4,Plateaux,Danyi,Danyi 1,Danyi-Atigba,KONDA TODZI,Plantation Pokona,2014,Prive - individuel,POINT (0.7061747033905611 7.173220389046486)
_mview_plantation_etablissements_plantation.fid-2fb68024_1a0f82ae2b1_49d5,Plateaux,Danyi,Danyi 1,Danyi-Atigba,KONDA TODZI,Plantation Adewui,2012,Prive - individuel,POINT (0.7067265725420755 7.174384744847147)
_mview_plantation_etablissements_plantation.fid-2fb68024_1a0f82ae2b1_49d6,Plateaux,Danyi,Danyi 1,Yikpa,DAFO,Plantation Nutchi,1992,Prive - individuel,POINT (0.5996332642536751 7.12235873500036)
_mview_plantation_etablissements_plantation.fid-2fb68024_1a0f82ae2b1_49d7,Plateaux,Danyi,Danyi 1,Yikpa,DAFO,Plantation Sewonu,2003,Prive - individuel,POINT (0.5986607846220603 7.12236392013592)
_mview_plantation_etablissements_plantation.fid-2fb68024_1a0f82ae2b1_49d8,Plateaux,Danyi,Danyi 1,Yikpa,DAFO,Plantation Tsolenyanu,2012,Prive - individuel,POINT (0.5988128233883904 7.1229293176647595)
_mview_plantation_etablissements_plantation.fid-2fb68024_1a0f82ae2b1_49d9,Plateaux,Danyi,Danyi 1,Yikpa,ANYIGBE,Plantation Atsutse,1995,Prive - individuel,POINT (0.6096489106128105 7.12197433907166)
_mview_plantation_etablissements_plantation.fid-2fb68024_1a0f82ae2b1_49da,Plateaux,Danyi,Danyi 1,Yikpa,ANYIGBE,Plantation Akoli,1987,Prive - individuel,POINT (0.6088766768081423 7.122385764601398)
_mview_plantation_etablissements_plantation.fid-2fb68024_1a0f82ae2b1_49db,Plateaux,Danyi,Danyi 1,Yikpa,DZIGBE,Plantation Egle,2015,Prive - individuel,POINT (0.6130366666666667 7.127211666666667)
_mview_plantation_etablissements_plantation.fid-2fb68024_1a0f82ae2b1_49dc,Plateaux,Danyi,Danyi 1,Yikpa,DZIGBE,Plantation Konu,2016,Prive - individuel,POINT (0.6147785817620607 7.127398487204352)
_mview_plantation_etablissements_plantation.fid-2fb68024_1a0f82ae2b1_49dd,Plateaux,Danyi,Danyi 1,Yikpa,DZIGBE,Plantation Agbety,1989,Prive - individuel,POINT (0.6171846590285306 7.130481064039972)
_mview_plantation_etablissements_plantation.fid-2fb68024_1a0f82ae2b1_49de,Plateaux,Danyi,Danyi 1,Yikpa,DZIGBE,Plantation Somevi,2015,Prive - individuel,POINT (0.6162500632089218 7.1286863218838)
_mview_plantation_etablissements_plantation.fid-2fb68024_1a0f82ae2b1_49df,Plateaux,Danyi,Danyi 1,Yikpa,KPONOE,Plantation Abi,1955,Prive - individuel,POINT (0.6164325934721636 7.148507938749997)
_mview_plantation_etablissements_plantation.fid-2fb68024_1a0f82ae2b1_49e0,Plateaux,Danyi,Danyi 1,Danyi-Kakpa,ATIGBA,Plantation Dogboe,1994,Prive - individuel,POINT (0.6888198642306443 7.143744172950691)
_mview_plantation_etablissements_plantation.fid-2fb68024_1a0f82ae2b1_49e1,Plateaux,Danyi,Danyi 1,Danyi-Kakpa,DZEDRAMEGAN,Plantation Azia,1982,Prive - individuel,POINT (0.6323628666405366 7.19548328841795)
_mview_plantation_etablissements_plantation.fid-2fb68024_1a0f82ae2b1_49e2,Plateaux,Danyi,Danyi 1,Danyi-Kakpa,DZEDRAME,Plantation Agbefome,1979,Prive - individuel,POINT (0.6298705030045673 7.165032187046146)
_mview_plantation_etablissements_plantation.fid-2fb68024_1a0f82ae2b1_49e3,Plateaux,Danyi,Danyi 1,Danyi-Kakpa,DZEDRAME,Plantation Togbui,1997,Prive - individuel,POINT (0.6340849408088037 7.192337565184222)
_mview_plantation_etablissements_plantation.fid-2fb68024_1a0f82ae2b1_49e4,Plateaux,Danyi,Danyi 1,Danyi-Kakpa,KOUDZRAVI,Plantation Hoamekpo,1987,Prive - individuel,POINT (0.6398962698362012 7.14017462240222)
_mview_plantation_etablissements_plantation.fid-2fb68024_1a0f82ae2b1_49e5,Plateaux,Danyi,Danyi 1,Danyi-Kakpa,KOUDZRAVI,Plantation Amedzrovi,2019,Prive - individuel,POINT (0.6432617398413745 7.135920443875582)
_mview_plantation_etablissements_plantation.fid-2fb68024_1a0f82ae2b1_49e6,Plateaux,Anié,Anié 2,Glitto,KPAKPASSA,Plantation Hodain,2000,Prive - individuel,POINT (1.58865982498707 7.582759979051308)
_mview_plantation_etablissements_plantation.fid-2fb68024_1a0f82ae2b1_49e7,Plateaux,Danyi,Danyi 1,Danyi-Kakpa,KOUDZRAGAN,Plantation Sogadji,1986,Prive - individuel,POINT (0.6258733333333333 7.145011666666666)
_mview_plantation_etablissements_plantation.fid-2fb68024_1a0f82ae2b1_49e8,Plateaux,Danyi,Danyi 1,Danyi-Kakpa,KOUDZRAGAN,Plantation Sogadji,2012,Prive - individuel,POINT (0.6249783333333333 7.160128333333334)
_mview_plantation_etablissements_plantation.fid-2fb68024_1a0f82ae2b1_49e9,Plateaux,Danyi,Danyi 1,Danyi-Kakpa,KOUDZRA-GABI,Plantation Ami,1980,Prive - individuel,POINT (0.6339999895993843 7.139919401121975)
_mview_plantation_etablissements_plantation.fid-2fb68024_1a0f82ae2b1_49ea,Plateaux,Danyi,Danyi 1,Danyi-Kakpa,KAKPA,Plantation Assoumane,1986,Prive - individuel,POINT (0.664555 7.141985)
_mview_plantation_etablissements_plantation.fid-2fb68024_1a0f82ae2b1_49eb,Plateaux,Danyi,Danyi 1,Danyi-Kakpa,TODOME,Plantation Alawi,Nsp,Prive - individuel,POINT (0.6494634913553353 7.170954126329081)
_mview_plantation_etablissements_plantation.fid-2fb68024_1a0f82ae2b1_49ec,Plateaux,Danyi,Danyi 1,Danyi-Kakpa,KETEME,Plantation Abotchi,1982,Prive - individuel,POINT (0.660266443555589 7.172983727435927)
_mview_plantation_etablissements_plantation.fid-2fb68024_1a0f82ae2b1_49ed,Plateaux,Anié,Anié 2,Glitto,Kpakpassa,Plantation Etche,2017,Prive - individuel,POINT (1.5910447815756408 7.585966820207092)
_mview_plantation_etablissements_plantation.fid-2fb68024_1a0f82ae2b1_49ee,Plateaux,Anié,Anié 2,Glitto,Glitto,Plantation Kamde,2017,Prive - individuel,POINT (1.5333257014669703 7.603802538405455)
_mview_plantation_etablissements_plantation.fid-2fb68024_1a0f82ae2b1_49ef,Plateaux,Anié,Anié 2,Glitto,GLITTO,Plantation Souley,2017,Prive - individuel,POINT (1.5288969229242018 7.59141689575929)
_mview_plantation_etablissements_plantation.fid-2fb68024_1a0f82ae2b1_49f0,Plateaux,Anié,Anié 2,Glitto,GLITTO,Plantation Tchatchao,2015,Prive - individuel,POINT (1.5136584282837018 7.569283390620833)
_mview_plantation_etablissements_plantation.fid-2fb68024_1a0f82ae2b1_49f1,Plateaux,Anié,Anié 2,Glitto,GLITTO,Plantation Assogba,2015,Prive - individuel,POINT (1.52479364913343 7.578451596554766)
_mview_plantation_etablissements_plantation.fid-2fb68024_1a0f82ae2b1_49f2,Plateaux,Anié,Anié 2,Glitto,GLITTO,Plantation Assogba2,2012,Prive - individuel,POINT (1.5380880261973526 7.584226045617083)
_mview_plantation_etablissements_plantation.fid-2fb68024_1a0f82ae2b1_49f3,Plateaux,Anié,Anié 2,Glitto,GLAGOU,Plantation Odin,2000,Prive - individuel,POINT (1.5649462668139817 7.591551102220008)
_mview_plantation_etablissements_plantation.fid-2fb68024_1a0f82ae2b1_49f4,Plateaux,Anié,Anié 2,Glitto,GLAGOU,Plantation Ohoudoudou,2001,Prive - individuel,POINT (1.5512207273367826 7.574822553659981)
_mview_plantation_etablissements_plantation.fid-2fb68024_1a0f82ae2b1_49f5,Plateaux,Anié,Anié 2,Glitto,GLAGOU,Plantation Ahodo,2003,Prive - individuel,POINT (1.5518598330180104 7.5756235859735)
_mview_plantation_etablissements_plantation.fid-2fb68024_1a0f82ae2b1_49f6,Plateaux,Anié,Anié 2,Glitto,GLAGOU,Plantation Ohodoudou2,2000,Prive - individuel,POINT (1.5535697030176687 7.575280567269446)
_mview_plantation_etablissements_plantation.fid-2fb68024_1a0f82ae2b1_49f7,Plateaux,Anié,Anié 2,Glitto,LOVE,Plantation Abotsi,2000,Prive - individuel,POINT (1.5761407687772895 7.558837776501807)
_mview_plantation_etablissements_plantation.fid-2fb68024_1a0f82ae2b1_49f8,Plateaux,Anié,Anié 2,Glitto,LOVE,Plantation Amegnikpo,2001,Prive - individuel,POINT (1.578887163166433 7.559380966149344)
_mview_plantation_etablissements_plantation.fid-2fb68024_1a0f82ae2b1_49f9,Plateaux,Anié,Anié 2,Glitto,LOVE,Plantation Gbedaye,2004,Prive - individuel,POINT (1.558100000452772 7.558677521817385)
_mview_plantation_etablissements_plantation.fid-2fb68024_1a0f82ae2b1_49fa,Plateaux,Anié,Anié 2,Glitto,KAVE,Plantation Hounsi,2015,Prive - individuel,POINT (1.501997491886477 7.553116972803833)
_mview_plantation_etablissements_plantation.fid-2fb68024_1a0f82ae2b1_49fb,Plateaux,Anié,Anié 2,Glitto,GBEDOUHO,Plantation Hodain,1998,Prive - individuel,POINT (1.5908451649534845 7.600158775729112)
_mview_plantation_etablissements_plantation.fid-2fb68024_1a0f82ae2b1_49fc,Plateaux,Anié,Anié 2,Glitto,LOADAN,Plantation Atoyi,1995,Prive - individuel,POINT (1.5273244141702784 7.640822162183122)
_mview_plantation_etablissements_plantation.fid-2fb68024_1a0f82ae2b1_49fd,Plateaux,Anié,Anié 2,Glitto,DASSAGBA,Plantation Ahidegnon,2001,Prive - individuel,POINT (1.6047404908547438 7.612266851383506)
_mview_plantation_etablissements_plantation.fid-2fb68024_1a0f82ae2b1_49fe,Plateaux,Anié,Anié 2,Glitto,DASSAGBA,Plantation Awoussi,1994,Prive - individuel,POINT (1.6048469523499547 7.601771743516215)
_mview_plantation_etablissements_plantation.fid-2fb68024_1a0f82ae2b1_49ff,Plateaux,Anié,Anié 2,Glitto,LOWADAN,Plantation Worou,2012,Prive - individuel,POINT (1.5194027812018416 7.661735885876651)
_mview_plantation_etablissements_plantation.fid-2fb68024_1a0f82ae2b1_4a00,Plateaux,Danyi,Danyi 2,Danyi-Kpeto-Evita,EDZERE,Plantation Padaro,2013,Prive - individuel,POINT (0.7669950475402154 7.305560771699429)
_mview_plantation_etablissements_plantation.fid-2fb68024_1a0f82ae2b1_4a01,Plateaux,Danyi,Danyi 2,Danyi-Kpeto-Evita,KPETO,Plantation Voule,2015,Prive - individuel,POINT (0.7427083333333333 7.258151666666667)
_mview_plantation_etablissements_plantation.fid-2fb68024_1a0f82ae2b1_4a02,Plateaux,Danyi,Danyi 2,Danyi-Kpeto-Evita,WOEVE,Plantation Pouli,2017,Prive - individuel,POINT (0.785135 7.2964883333333335)
_mview_plantation_etablissements_plantation.fid-2fb68024_1a0f82ae2b1_4a03,Plateaux,Danyi,Danyi 2,Danyi-Kpeto-Evita,ANKUVI,Plantation Koulouma,1986,Prive - individuel,POINT (0.7574831259516274 7.24797395408941)
_mview_plantation_etablissements_plantation.fid-2fb68024_1a0f82ae2b1_4a04,Plateaux,Danyi,Danyi 2,Danyi-Kpeto-Evita,KPETO,Plantation Zotchi,2019,Prive - individuel,POINT (0.727461973283433 7.2359560570956365)
_mview_plantation_etablissements_plantation.fid-2fb68024_1a0f82ae2b1_4a05,Plateaux,Danyi,Danyi 2,Danyi-Kpeto-Evita,HEHEATRO,Plantation Nyassem,Nsp,Prive - individuel,POINT (0.7360126191380166 7.262830333096474)
_mview_plantation_etablissements_plantation.fid-2fb68024_1a0f82ae2b1_4a06,Plateaux,Danyi,Danyi 2,Danyi-Kpeto-Evita,HEHEATRO,Plantation Sewonu,2012,Prive - individuel,POINT (0.7373928400765846 7.26675383773851)
_mview_plantation_etablissements_plantation.fid-2fb68024_1a0f82ae2b1_4a07,Plateaux,Danyi,Danyi 2,Danyi-Kpeto-Evita,DAFO,Plantation Djilo,1976,Prive - individuel,POINT (0.7262683333333333 7.260464999999999)
_mview_plantation_etablissements_plantation.fid-2fb68024_1a0f82ae2b1_4a08,Plateaux,Danyi,Danyi 2,Danyi-Kpeto-Evita,DAFO,Plantation Howutse,1990,Prive - individuel,POINT (0.7357533333333334 7.250811666666667)
_mview_plantation_etablissements_plantation.fid-2fb68024_1a0f82ae2b1_4a09,Plateaux,Danyi,Danyi 2,Danyi-Kpeto-Evita,MEMPEASSEM,Plantation degbeo,2020,Prive - individuel,POINT (0.7011683333333333 7.250839999999999)
_mview_plantation_etablissements_plantation.fid-2fb68024_1a0f82ae2b1_4a0a,Plateaux,Danyi,Danyi 2,Danyi-Kpeto-Evita,MEMPEASSEM,Plantation Megbegna,2020,Prive - individuel,POINT (0.6927333333333333 7.254073333333334)
_mview_plantation_etablissements_plantation.fid-2fb68024_1a0f82ae2b1_4a0b,Plateaux,Danyi,Danyi 2,Danyi-Elavagnon,ELAVANYO,Plantation Abodite,1992,Prive - individuel,POINT (0.6993230720134632 7.280286327756854)
_mview_plantation_etablissements_plantation.fid-2fb68024_1a0f82ae2b1_4a0c,Plateaux,Danyi,Danyi 2,Danyi-Elavagnon,EDZERE,Plantation Peketi,2002,Prive - Collectivite coutumiere,POINT (0.7446201463219362 7.299387745694164)
_mview_plantation_etablissements_plantation.fid-2fb68024_1a0f82ae2b1_4a0d,Plateaux,Danyi,Danyi 2,Danyi-Elavagnon,EDZERE,Plantation Peketi,2019,Prive - individuel,POINT (0.7546075039683702 7.309160729987381)
_mview_plantation_etablissements_plantation.fid-2fb68024_1a0f82ae2b1_4a0e,Plateaux,Danyi,Danyi 2,Danyi-Elavagnon,EDZERE,Plantation Motetse,2007,Prive - individuel,POINT (0.740343916029877 7.3025798071835215)
_mview_plantation_etablissements_plantation.fid-2fb68024_1a0f82ae2b1_4a0f,Plateaux,Danyi,Danyi 2,Danyi-Elavagnon,BAVÉ,Plantation N'webida,2019,Prive - Collectivite coutumiere,POINT (0.7478450936123532 7.324892503616647)
_mview_plantation_etablissements_plantation.fid-2fb68024_1a0f82ae2b1_4a10,Plateaux,Danyi,Danyi 2,Danyi-Elavagnon,BAVÉ,Plantation Laoukpessi,2018,Prive - Collectivite coutumiere,POINT (0.7478543533481392 7.325302909339677)
_mview_plantation_etablissements_plantation.fid-2fb68024_1a0f82ae2b1_4a11,Plateaux,Danyi,Danyi 2,Danyi-Elavagnon,DEVE,Plantation Awidjesso,1987,Prive - individuel,POINT (0.6746987813590265 7.371073985612379)
_mview_plantation_etablissements_plantation.fid-2fb68024_1a0f82ae2b1_4a12,Plateaux,Danyi,Danyi 2,Danyi-Elavagnon,DEVE,Plantation Atafeinam,1988,Prive - individuel,POINT (0.6735774486982795 7.371898117788528)
_mview_plantation_etablissements_plantation.fid-2fb68024_1a0f82ae2b1_4a13,Plateaux,Danyi,Danyi 2,Danyi-Elavagnon,TETEBE,Plantation Simliwa,1985,Prive - individuel,POINT (0.6939586371752274 7.373316723783084)
_mview_plantation_etablissements_plantation.fid-2fb68024_1a0f82ae2b1_4a14,Plateaux,Danyi,Danyi 2,Danyi-Elavagnon,AFOUGBADJE,Plantation Alfa,1989,Prive - individuel,POINT (0.7357718774521061 7.371940838009102)
_mview_plantation_etablissements_plantation.fid-2fb68024_1a0f82ae2b1_4a15,Plateaux,Danyi,Danyi 2,Danyi-Elavagnon,OGOBE 2,Plantation Tchangai,1990,Prive - individuel,POINT (0.766225 7.36955)
_mview_plantation_etablissements_plantation.fid-2fb68024_1a0f82ae2b1_4a16,Plateaux,Danyi,Danyi 2,Danyi-Elavagnon,OGOBE 2,Plantation Kagnao,2009,Prive - individuel,POINT (0.76764 7.368778333333334)
_mview_plantation_etablissements_plantation.fid-2fb68024_1a0f82ae2b1_4a17,Plateaux,Danyi,Danyi 2,Ahlon,BOGO,Plantation Sessi,1985,Prive - individuel,POINT (0.6628814477369858 7.254699704153204)
_mview_plantation_etablissements_plantation.fid-2fb68024_1a0f82ae2b1_4a18,Plateaux,Danyi,Danyi 2,Ahlon,SASSANOU,Plantation Zube,2011,Prive - individuel,POINT (0.6473841099969293 7.284281377026082)
_mview_plantation_etablissements_plantation.fid-2fb68024_1a0f82ae2b1_4a19,Plateaux,Danyi,Danyi 2,Ahlon,AKAYO,Plantation Tchaa,2003,Prive - individuel,POINT (0.6575281658719695 7.237014400992117)
_mview_plantation_etablissements_plantation.fid-2fb68024_1a0f82ae2b1_4a1a,Plateaux,Danyi,Danyi 2,Ahlon,AGAME,Plantation Kindou,1982,Prive - individuel,POINT (0.6814066666666666 7.2845916666666675)
_mview_plantation_etablissements_plantation.fid-2fb68024_1a0f82ae2b1_4a1b,Plateaux,Danyi,Danyi 2,Ahlon,TINIPE,Plantation Kodjogan,1978,Prive - individuel,POINT (0.6738083333333333 7.281178333333334)
_mview_plantation_etablissements_plantation.fid-2fb68024_1a0f82ae2b1_4a1c,Plateaux,Danyi,Danyi 2,Ahlon,ITOBOLE,Plantation Movia,1985,Prive - individuel,POINT (0.6713783333333333 7.305563333333334)
_mview_plantation_etablissements_plantation.fid-2fb68024_1a0f82ae2b1_4a1d,Plateaux,Danyi,Danyi 2,Ahlon,AWOUNADZASSI,Plantation Attah,2017,Prive - individuel,POINT (0.6620027747479186 7.334388746456552)
_mview_plantation_etablissements_plantation.fid-2fb68024_1a0f82ae2b1_4a1e,Plateaux,Danyi,Danyi 2,Ahlon,DENOU,Plantation Kossi Amouzougan,2015,Prive - individuel,POINT (0.6698910210290396 7.3201215690072745)
_mview_plantation_etablissements_plantation.fid-2fb68024_1a0f82ae2b1_4a1f,Plateaux,Danyi,Danyi 2,Ahlon,ITOBOLE,Plantation Movia,2012,Prive - individuel,POINT (0.6697533333333333 7.305008333333334)
_mview_plantation_etablissements_plantation.fid-2fb68024_1a0f82ae2b1_4a20,Plateaux,Danyi,Danyi 2,Ahlon,ITOBOLE,Plantation Gomassi,2020,Prive - individuel,POINT (0.667860462472737 7.307343411999193)
_mview_plantation_etablissements_plantation.fid-2fb68024_1a0f82ae2b1_4a21,Plateaux,Danyi,Danyi 2,Ahlon,AMEMAKPOE,Plantation Ali,1981,Prive - individuel,POINT (0.651705 7.365591666666668)
_mview_plantation_etablissements_plantation.fid-2fb68024_1a0f82ae2b1_4a22,Plateaux,Danyi,Danyi 2,Ahlon,AMEMAKPOE,Plantation Assoki,1985,Prive - individuel,POINT (0.6532956292689718 7.3662529738626805)
_mview_plantation_etablissements_plantation.fid-2fb68024_1a0f82ae2b1_4a23,Plateaux,Danyi,Danyi 2,Ahlon,BOSSOPE,Plantation Dogboe,1982,Prive - individuel,POINT (0.6576826751863685 7.357712720196563)
_mview_plantation_etablissements_plantation.fid-2fb68024_1a0f82ae2b1_4a24,Plateaux,Danyi,Danyi 2,Ahlon,AKAYO 1,Plantation Pamassi,1982,Prive - individuel,POINT (0.658712161675072 7.230981127370926)
_mview_plantation_etablissements_plantation.fid-2fb68024_1a0f82ae2b1_4a25,Plateaux,Danyi,Danyi 2,Ahlon,DANYIME,Plantation Ametiagbe,2020,Prive - individuel,POINT (0.6566916666666667 7.1958616666666675)
_mview_plantation_etablissements_plantation.fid-2fb68024_1a0f82ae2b1_4a26,Plateaux,Est-Mono,Est-Mono 1,Gbadjahè,ADJASSIKA,Plantation D'oranges Zondjagni,2017,Prive - individuel,POINT (1.4653425074838524 7.800372162607828)
_mview_plantation_etablissements_plantation.fid-2fb68024_1a0f82ae2b1_4a27,Centrale,Blitta,Blitta 1,Blitta-Village,TOMEGBE,Plantation de Teck de Assiki,2014,Prive - individuel,POINT (1.0119613338278475 8.36582453031687)
_mview_plantation_etablissements_plantation.fid-2fb68024_1a0f82ae2b1_4a28,Centrale,Blitta,Blitta 1,Blitta-Village,TOMEGBE,Plantation Associée de Sowougan,2017,Prive - individuel,POINT (1.0101570012156396 8.368070270649344)
_mview_plantation_etablissements_plantation.fid-2fb68024_1a0f82ae2b1_4a29,Centrale,Blitta,Blitta 1,Blitta-Village,TOMEGBE,Plantation d'Anacades Lekezim,2017,Prive - individuel,POINT (1.015179512857255 8.390247074253134)
_mview_plantation_etablissements_plantation.fid-2fb68024_1a0f82ae2b1_4a2a,Centrale,Blitta,Blitta 1,Blitta-Village,TOMEGBE,Plantation de Manguier de Lekezim,2006,Prive - individuel,POINT (1.010459478234732 8.386960363493678)
_mview_plantation_etablissements_plantation.fid-2fb68024_1a0f82ae2b1_4a2b,Centrale,Blitta,Blitta 1,Blitta-Village,TOMEGBE,Plantation d'Anacades Sato,2015,Prive - individuel,POINT (1.011130665368738 8.37989823032447)
_mview_plantation_etablissements_plantation.fid-2fb68024_1a0f82ae2b1_4a2c,Centrale,Blitta,Blitta 1,Blitta-Village,TOMEGBE,Plantation d'Anacades Simdeyele,2018,Prive - individuel,POINT (1.0108459558321352 8.378919929933012)
_mview_plantation_etablissements_plantation.fid-2fb68024_1a0f82ae2b1_4a2d,Centrale,Blitta,Blitta 1,Blitta-Village,LAMI,Plantation d'Anacades Alowonou,1998,Prive - individuel,POINT (1.0183521105687716 8.344541148420548)
_mview_plantation_etablissements_plantation.fid-2fb68024_1a0f82ae2b1_4a2e,Centrale,Blitta,Blitta 1,Blitta-Village,KATAKOUE,Plantation d'Anacades Mizou,2012,Prive - individuel,POINT (1.0182060029634306 8.32581961621013)
_mview_plantation_etablissements_plantation.fid-2fb68024_1a0f82ae2b1_4a2f,Centrale,Blitta,Blitta 1,Blitta-Village,MORE KOPE,Plantation de Teck de Amana,2012,Prive - individuel,POINT (1.0145877422013678 8.325528689942894)
_mview_plantation_etablissements_plantation.fid-2fb68024_1a0f82ae2b1_4a30,Centrale,Blitta,Blitta 1,Blitta-Village,KANMORE,Plantation Amana,2012,Prive - individuel,POINT (1.0137798158431839 8.324125673465074)
_mview_plantation_etablissements_plantation.fid-2fb68024_1a0f82ae2b1_4a31,Centrale,Blitta,Blitta 1,Blitta-Village,KANMORE,Plantation de Jetlee,2016,Prive - individuel,POINT (1.0223883333333332 8.319883333333333)
_mview_plantation_etablissements_plantation.fid-2fb68024_1a0f82ae2b1_4a32,Plateaux,Est-Mono,Est-Mono 2,Morétan,KAGNAME,Plantation Ferme Oyou Et Fils,1996,Prive - individuel,POINT (1.4096630503914267 8.14272162720299)
_mview_plantation_etablissements_plantation.fid-2fb68024_1a0f82ae2b1_4a33,Plateaux,Est-Mono,Est-Mono 3,Nyamassila,NYAMASSILA,Plantation Fadegnon,2007,Prive - individuel,POINT (1.1806793645991123 7.975430525936876)
_mview_plantation_etablissements_plantation.fid-2fb68024_1a0f82ae2b1_4a34,Plateaux,Est-Mono,Est-Mono 3,Nyamassila,AGOTOHUI-KPOTA,Plantation Tanhare,2017,Prive - individuel,POINT (1.2087250623648125 7.990641258247316)
_mview_plantation_etablissements_plantation.fid-2fb68024_1a0f82ae2b1_4a35,Plateaux,Est-Mono,Est-Mono 3,Nyamassila,FALA-COPE,Plantation Honga,1999,autre,POINT (1.1840896535252223 7.9779029087118305)
_mview_plantation_etablissements_plantation.fid-2fb68024_1a0f82ae2b1_4a36,Plateaux,Est-Mono,Est-Mono 3,Nyamassila,AGOTOHUI -KPOTA,Plantation Koli,1997,Prive - individuel,POINT (1.210395 7.981001666666667)
_mview_plantation_etablissements_plantation.fid-2fb68024_1a0f82ae2b1_4a37,Plateaux,Est-Mono,Est-Mono 3,Nyamassila,AGOTOHUI-KPOTA,Plantation Eko,2016,Prive - individuel,POINT (1.2082817468617404 7.992224121418734)
_mview_plantation_etablissements_plantation.fid-2fb68024_1a0f82ae2b1_4a38,Plateaux,Est-Mono,Est-Mono 3,Nyamassila,AGOTOHUI-KPOTA,Plantation Edmond,2005,Prive - individuel,POINT (1.2102421543306614 7.992455729483399)
_mview_plantation_etablissements_plantation.fid-2fb68024_1a0f82ae2b1_4a39,Plateaux,Est-Mono,Est-Mono 3,Nyamassila,MEDINA 1,Plantation Abibou,2000,Prive - individuel,POINT (1.1915082436234776 7.974326737478336)
_mview_plantation_etablissements_plantation.fid-2fb68024_1a0f82ae2b1_4a3a,Plateaux,Est-Mono,Est-Mono 3,Nyamassila,NYAMASSILA CEG,Plantation Gbadamassi,1997,Prive - Collectivite coutumiere,POINT (1.1964959154959625 7.972242197796923)
_mview_plantation_etablissements_plantation.fid-2fb68024_1a0f82ae2b1_4a3b,Centrale,Sotouboua,Sotouboua 1,Tabindè,AKPAKOU,Plantation Bamisso,2005,Prive - individuel,POINT (1.0903879222213944 8.512908349272527)
_mview_plantation_etablissements_plantation.fid-2fb68024_1a0f82ae2b1_4a3c,Centrale,Sotouboua,Sotouboua 1,Tabindè,LANDA,Plantation Houneke,2016,Prive - individuel,POINT (1.0780502182629248 8.510568516708892)
_mview_plantation_etablissements_plantation.fid-2fb68024_1a0f82ae2b1_4a3d,Centrale,Sotouboua,Sotouboua 1,Tabindè,LANDA,Plantation Botobawi,2016,Prive - individuel,POINT (1.0779015610841145 8.51367835808446)
_mview_plantation_etablissements_plantation.fid-2fb68024_1a0f82ae2b1_4a3e,Centrale,Sotouboua,Sotouboua 1,Tabindè,LANDA,Plantation Anakore,2016,Prive - individuel,POINT (1.0949515006908348 8.51650682206077)
_mview_plantation_etablissements_plantation.fid-2fb68024_1a0f82ae2b1_4a3f,Centrale,Sotouboua,Sotouboua 1,Tabindè,LANDA,Plantation Sineke,2016,Prive - individuel,POINT (1.0729748987881786 8.505162697329403)
_mview_plantation_etablissements_plantation.fid-2fb68024_1a0f82ae2b1_4a40,Centrale,Sotouboua,Sotouboua 1,Tabindè,HOULOUG,Plantation Tawana,2003,Prive - individuel,POINT (1.095334749217897 8.498718360360314)
_mview_plantation_etablissements_plantation.fid-2fb68024_1a0f82ae2b1_4a41,Centrale,Sotouboua,Sotouboua 1,Tabindè,TCHOÏDE,Plantation Papa Chretien,2009,Prive - individuel,POINT (1.1148026234796338 8.508662698616956)
_mview_plantation_etablissements_plantation.fid-2fb68024_1a0f82ae2b1_4a42,Centrale,Sotouboua,Sotouboua 1,Tabindè,TCHOÏDE,Plantation Songaï,2014,Prive - individuel,POINT (1.1123787467316084 8.51285621649873)
_mview_plantation_etablissements_plantation.fid-2fb68024_1a0f82ae2b1_4a43,Centrale,Sotouboua,Sotouboua 1,Tabindè,AKPAKOU,Plantation Akpentinetetou,2014,Prive - individuel,POINT (1.1038705156248154 8.504414473451495)
_mview_plantation_etablissements_plantation.fid-2fb68024_1a0f82ae2b1_4a44,Plateaux,Haho,Haho 1,Hahomégbé,MISSAHOME,Plantation Ivito,2019,Prive - entreprise,POINT (0.933333089881311 6.842864206088092)
_mview_plantation_etablissements_plantation.fid-2fb68024_1a0f82ae2b1_4a45,Plateaux,Haho,Haho 1,Notsé,Logokpe,Plantation Toko,2005,Prive - individuel,POINT (1.1007944709872992 6.875109034052937)
_mview_plantation_etablissements_plantation.fid-2fb68024_1a0f82ae2b1_4a46,Plateaux,Haho,Haho 1,Notsé,Alinou,Plantation Fofocope,1989,Prive - individuel,POINT (1.1612667952819045 6.922573119494451)
_mview_plantation_etablissements_plantation.fid-2fb68024_1a0f82ae2b1_4a47,Plateaux,Haho,Haho 1,Notsé,GADJE,Plantation Edah,20014,Prive - individuel,POINT (1.1342459950297803 6.963587622826207)
_mview_plantation_etablissements_plantation.fid-2fb68024_1a0f82ae2b1_4a48,Plateaux,Haho,Haho 1,Notsé,DIDOME,Plantation Agbodaze,2018,Prive - individuel,POINT (1.089845 6.906068333333334)
_mview_plantation_etablissements_plantation.fid-2fb68024_1a0f82ae2b1_4a49,Plateaux,Haho,Haho 1,Hahomégbé,HAHOMEGBÉ,Plantation Kassehin,1995,Prive - individuel,POINT (1.017961633258207 6.92641785143079)
_mview_plantation_etablissements_plantation.fid-2fb68024_1a0f82ae2b1_4a4a,Plateaux,Haho,Haho 1,Dalia,BEGBE,Plantation Edoh,1987,Prive - individuel,POINT (1.2116666666666667 6.825103333333334)
_mview_plantation_etablissements_plantation.fid-2fb68024_1a0f82ae2b1_4a4b,Plateaux,Haho,Haho 1,Dalia,BEGBE,Plantation Edoh,1990,Prive - individuel,POINT (1.215260275415954 6.832271315571576)
_mview_plantation_etablissements_plantation.fid-2fb68024_1a0f82ae2b1_4a4c,Plateaux,Haho,Haho 1,Dalia,ADAKAKPE-KPOTA,Plantation Quenum Kossi,1987,Prive - individuel,POINT (1.188975608210365 6.83454631176615)
_mview_plantation_etablissements_plantation.fid-2fb68024_1a0f82ae2b1_4a4d,Plateaux,Haho,Haho 1,Dalia,AGOTO,Plantation Tchikpede,2006,Prive - individuel,POINT (1.3352849999999998 6.840431666666666)
_mview_plantation_etablissements_plantation.fid-2fb68024_1a0f82ae2b1_4a4e,Plateaux,Haho,Haho 1,Dalia,OIC-AGOTO,Plantation Mamou,2005,Prive - individuel,POINT (1.3413883333333334 6.836686666666666)
_mview_plantation_etablissements_plantation.fid-2fb68024_1a0f82ae2b1_4a4f,Plateaux,Haho,Haho 1,Atchavé,P_AT_PL_LAKPO,Plantation Lakpo Kpekpe,1980,Prive - individuel,POINT (1.2334591427789618 6.9000088122540175)
_mview_plantation_etablissements_plantation.fid-2fb68024_1a0f82ae2b1_4a50,Plateaux,Haho,Haho 1,Atchavé,SEVA,Plantation Souvi,2014,Prive - individuel,POINT (1.1224132223365724 6.863782018651355)
_mview_plantation_etablissements_plantation.fid-2fb68024_1a0f82ae2b1_4a51,Plateaux,Haho,Haho 1,Atchavé,LOGOKPE,Plantation Amegbo,1970,Prive - individuel,POINT (1.1025933333333335 6.866953333333333)
_mview_plantation_etablissements_plantation.fid-2fb68024_1a0f82ae2b1_4a52,Plateaux,Haho,Haho 1,Atchavé,LOGOKPE,Plantation Ahadji,2010,Prive - individuel,POINT (1.1119092158283044 6.859699095572053)
_mview_plantation_etablissements_plantation.fid-2fb68024_1a0f82ae2b1_4a53,Plateaux,Haho,Haho 1,Atchavé,AGOTOVE,Plantation Atitso,2008,Prive - individuel,POINT (1.1548460789228774 6.877813956054388)
_mview_plantation_etablissements_plantation.fid-2fb68024_1a0f82ae2b1_4a54,Plateaux,Haho,Haho 1,Atchavé,Alinou,Plantation Fofocope,1990,Prive - individuel,POINT (1.1564067753840017 6.918598071613143)
_mview_plantation_etablissements_plantation.fid-2fb68024_1a0f82ae2b1_4a55,Centrale,Tchamba,Tchamba 1,Larini,KPATAKPANI,Plantation d'Anacades Abou,1999,Prive - individuel,POINT (1.4493806582866497 9.061090613940605)
_mview_plantation_etablissements_plantation.fid-2fb68024_1a0f82ae2b1_4a56,Plateaux,Haho,Haho 1,Atchavé,LOGOKPE,Plantation Edoh,2007,Prive - individuel,POINT (1.1187841454246306 6.8641185714871895)
_mview_plantation_etablissements_plantation.fid-2fb68024_1a0f82ae2b1_4a57,Plateaux,Haho,Haho 4,Wahala,Abalo Copé,Plantation Abalo,2000,Prive - individuel,POINT (1.1521231840591248 7.160743276266539)
_mview_plantation_etablissements_plantation.fid-2fb68024_1a0f82ae2b1_4a58,Plateaux,Haho,Haho 4,Wahala,ABALOKOPE,Plantation Banazim,1996,Prive - individuel,POINT (1.1569375665488943 7.163095706626442)
_mview_plantation_etablissements_plantation.fid-2fb68024_1a0f82ae2b1_4a59,Plateaux,Haho,Haho 4,Wahala,HOUNTOHOE,Plantation Yokindou,2009,Prive - individuel,POINT (1.276046447006261 7.132561650708365)
_mview_plantation_etablissements_plantation.fid-2fb68024_1a0f82ae2b1_4a5a,Plateaux,Haho,Haho 4,Wahala,HETOWI,Plantation Kenavor,1982,Prive - individuel,POINT (1.28281030719852 7.132625029636281)
_mview_plantation_etablissements_plantation.fid-2fb68024_1a0f82ae2b1_4a5b,Plateaux,Haho,Haho 4,Wahala,BATO LOSSO,Plantation Magnetena,1998,Prive - individuel,POINT (1.1250794603681555 7.210363798092073)
_mview_plantation_etablissements_plantation.fid-2fb68024_1a0f82ae2b1_4a5c,Plateaux,Haho,Haho 4,Wahala,LAWAYI,Plantation Adime,2020,Prive - individuel,POINT (1.3262089180725565 7.169052429931666)
_mview_plantation_etablissements_plantation.fid-2fb68024_1a0f82ae2b1_4a5d,Plateaux,Haho,Haho 4,Wahala,MOUSSA KOPE,Plantation Konto,1968,Prive - individuel,POINT (1.290385849483288 7.15437133227144)
_mview_plantation_etablissements_plantation.fid-2fb68024_1a0f82ae2b1_4a5e,Plateaux,Haho,Haho 4,Wahala,AGODME,Plantation Akavi,2017,Prive - individuel,POINT (1.0818705514438929 7.170965053929213)
_mview_plantation_etablissements_plantation.fid-2fb68024_1a0f82ae2b1_4a5f,Plateaux,Haho,Haho 4,Wahala,TCHOULOUMTA,Plantation Dadja,2012,Prive - individuel,POINT (1.250841702754935 7.166458641895874)
_mview_plantation_etablissements_plantation.fid-2fb68024_1a0f82ae2b1_4a60,Plateaux,Haho,Haho 4,Wahala,KALABE,Plantation Amouzoukpo,2009,Prive - individuel,POINT (1.0911439470313258 7.179797525081386)
_mview_plantation_etablissements_plantation.fid-2fb68024_1a0f82ae2b1_4a61,Plateaux,Haho,Haho 4,Wahala,TALABE,Plantation Amedjika,1980,Prive - individuel,POINT (1.0932620787313239 7.19298475102716)
_mview_plantation_etablissements_plantation.fid-2fb68024_1a0f82ae2b1_4a62,Plateaux,Haho,Haho 4,Wahala,AKANA COPE,Plantation Kodoglossou,1999,Prive - individuel,POINT (1.1124539508012274 7.159930461218651)
_mview_plantation_etablissements_plantation.fid-2fb68024_1a0f82ae2b1_4a63,Plateaux,Haho,Haho 4,Wahala,SOMONE COPE,Plantation Dogba,1991,Prive - individuel,POINT (1.2150949999999998 7.126005)
_mview_plantation_etablissements_plantation.fid-2fb68024_1a0f82ae2b1_4a64,Plateaux,Haho,Haho 4,Wahala,ALIBETIM,Plantation Atchilla,1992,Prive - individuel,POINT (1.0974687323711032 7.177510417993932)
_mview_plantation_etablissements_plantation.fid-2fb68024_1a0f82ae2b1_4a65,Plateaux,Haho,Haho 4,Wahala,ALIBETIM,Plantation Tchilla,1990,Prive - individuel,POINT (1.0980044370616002 7.179192879679326)
_mview_plantation_etablissements_plantation.fid-2fb68024_1a0f82ae2b1_4a66,Plateaux,Haho,Haho 4,Wahala,ALIBETIM,Plantation Tchangai,1987,Prive - individuel,POINT (1.0985170434458518 7.177050535901466)
_mview_plantation_etablissements_plantation.fid-2fb68024_1a0f82ae2b1_4a67,Plateaux,Haho,Haho 4,Wahala,ALIBETIM,Plantation Weleyaba,2012,Prive - individuel,POINT (1.0999523054425784 7.17903999089988)
_mview_plantation_etablissements_plantation.fid-2fb68024_1a0f82ae2b1_4a68,Plateaux,Haho,Haho 4,Wahala,ALIBETIM,Plantation Bayante,1995,Prive - individuel,POINT (1.1011869712661366 7.179622571818595)
_mview_plantation_etablissements_plantation.fid-2fb68024_1a0f82ae2b1_4a69,Plateaux,Haho,Haho 4,Wahala,ALIBETIM,Plantation Tchangai,1995,Prive - individuel,POINT (1.1005617912456342 7.177807330017178)
_mview_plantation_etablissements_plantation.fid-2fb68024_1a0f82ae2b1_4a6a,Plateaux,Haho,Haho 4,Wahala,WAHALA Ville,Plantation Tomone,2020,Domaine public de l Etat ou des collectivites territoriales,POINT (1.1649388957610884 7.17880766323815)
_mview_plantation_etablissements_plantation.fid-2fb68024_1a0f82ae2b1_4a6b,Plateaux,Haho,Haho 4,Wahala,ADAH,Plantation Tchanghai,2009,Prive - individuel,POINT (1.1063576347479553 7.179580648334373)
_mview_plantation_etablissements_plantation.fid-2fb68024_1a0f82ae2b1_4a6c,Plateaux,Haho,Haho 4,Wahala,ADAH,Plantation Baba,2012,Prive - individuel,POINT (1.101950532914604 7.1804772856238195)
_mview_plantation_etablissements_plantation.fid-2fb68024_1a0f82ae2b1_4a6d,Plateaux,Haho,Haho 4,Wahala,KEDEOU,Plantation Koyabou,2000,Prive - individuel,POINT (1.0976489362643445 7.144697670652497)
_mview_plantation_etablissements_plantation.fid-2fb68024_1a0f82ae2b1_4a6e,Plateaux,Haho,Haho 4,Wahala,AFIDEGNIGBA,Plantation Kahara,2007,Prive - individuel,POINT (1.231721367667781 7.151670925760409)
_mview_plantation_etablissements_plantation.fid-2fb68024_1a0f82ae2b1_4a6f,Plateaux,Haho,Haho 4,Wahala,AFIDEGNIGBA,Plantation Tawolo,2010,Prive - individuel,POINT (1.2358224461801053 7.163163846673971)
_mview_plantation_etablissements_plantation.fid-2fb68024_1a0f82ae2b1_4a70,Plateaux,Haho,Haho 4,Wahala,GATHO ADJA,Plantation Yakobi,2009,Prive - individuel,POINT (1.2101215172621083 7.159003884879807)
_mview_plantation_etablissements_plantation.fid-2fb68024_1a0f82ae2b1_4a71,Plateaux,Haho,Haho 4,Wahala,TCHOLOUMTA,Plantation Hanta,2005,Prive - individuel,POINT (1.2436699999999998 7.169174999999999)
_mview_plantation_etablissements_plantation.fid-2fb68024_1a0f82ae2b1_4a72,Plateaux,Haho,Haho 4,Wahala,GOTHA KABYE,Plantation Ndoko,2010,Prive - individuel,POINT (1.214124426929206 7.192319926800577)
_mview_plantation_etablissements_plantation.fid-2fb68024_1a0f82ae2b1_4a73,Plateaux,Kloto,Kloto 1,Tomé,TOME,Plantation Edihe,2007,Prive - individuel,POINT (0.6718974272059582 6.80458655674147)
_mview_plantation_etablissements_plantation.fid-2fb68024_1a0f82ae2b1_4a74,Plateaux,Haho,Haho 4,Wahala,KONAKRY,Plantation Simewaya,2002,Prive - individuel,POINT (1.1137416666666666 7.189195000000001)
_mview_plantation_etablissements_plantation.fid-2fb68024_1a0f82ae2b1_4a75,Plateaux,Haho,Haho 4,Wahala,DOGOCOPE,Plantation Kamboli,2017,Prive - individuel,POINT (1.3234429470320817 7.16373175205467)
_mview_plantation_etablissements_plantation.fid-2fb68024_1a0f82ae2b1_4a76,Plateaux,Haho,Haho 4,Wahala,DOGOCOPE,Plantation Lare,2020,Prive - individuel,POINT (1.3188212488890705 7.171939865048372)
_mview_plantation_etablissements_plantation.fid-2fb68024_1a0f82ae2b1_4a77,Plateaux,Haho,Haho 4,Wahala,DINDOU,Plantation Kouwonou,2022,Prive - individuel,POINT (1.3211467893412006 7.176316804906767)
_mview_plantation_etablissements_plantation.fid-2fb68024_1a0f82ae2b1_4a78,Plateaux,Haho,Haho 4,Wahala,WAHALA Ville,Plantation Dovi Komi,2000,Domaine public de l Etat ou des collectivites territoriales,POINT (1.1667729877126212 7.1708860121592455)
_mview_plantation_etablissements_plantation.fid-2fb68024_1a0f82ae2b1_4a79,Plateaux,Haho,Haho 4,Wahala,DINDOU,Plantation Mefonou,2022,Prive - individuel,POINT (1.3203406437235452 7.175303863090171)
_mview_plantation_etablissements_plantation.fid-2fb68024_1a0f82ae2b1_4a7a,Plateaux,Haho,Haho 4,Wahala,DINDOU,Plantation Yakpe,2002,Prive - individuel,POINT (1.3221819801592645 7.177683595035676)
_mview_plantation_etablissements_plantation.fid-2fb68024_1a0f82ae2b1_4a7b,Plateaux,Haho,Haho 4,Wahala,DINDOU,Plantation Kpato,2010,Prive - individuel,POINT (1.2984624201656783 7.185775654750881)
_mview_plantation_etablissements_plantation.fid-2fb68024_1a0f82ae2b1_4a7c,Plateaux,Haho,Haho 4,Wahala,DINDOU,Plantation Yakpe,2000,Prive - individuel,POINT (1.311574775473109 7.180502069409575)
_mview_plantation_etablissements_plantation.fid-2fb68024_1a0f82ae2b1_4a7d,Plateaux,Kloto,Kloto 1,Tové,Lonve,Plantation Voukey,2005,Prive - individuel,POINT (0.638123165066051 6.851459945592457)
_mview_plantation_etablissements_plantation.fid-2fb68024_1a0f82ae2b1_4a7e,Plateaux,Kloto,Kloto 1,Tové,Lonve,Plantation Voukey,2002,Prive - individuel,POINT (0.6375381731211249 6.853222612053434)
_mview_plantation_etablissements_plantation.fid-2fb68024_1a0f82ae2b1_4a7f,Plateaux,Kloto,Kloto 1,Tové,AGOU NYOGBO,Plantation Klutse,2012,Prive - individuel,POINT (0.7133933333333334 6.885616666666666)
_mview_plantation_etablissements_plantation.fid-2fb68024_1a0f82ae2b1_4a80,Plateaux,Kloto,Kloto 1,Tové,AGOU NYOGBO,Plantation Zokoto,1985,Prive - individuel,POINT (0.6972133333333334 6.899623333333333)
_mview_plantation_etablissements_plantation.fid-2fb68024_1a0f82ae2b1_4a81,Plateaux,Kloto,Kloto 1,Tové,AGOU NYOGBO,Plantation Atomexe,2014,Prive - individuel,POINT (0.7175146184553619 6.885776608974949)
_mview_plantation_etablissements_plantation.fid-2fb68024_1a0f82ae2b1_4a82,Plateaux,Kloto,Kloto 1,Tové,AGOU NYOGBO,Plantation Siekro,2013,Prive - individuel,POINT (0.6968075621961132 6.896500303977294)
_mview_plantation_etablissements_plantation.fid-2fb68024_1a0f82ae2b1_4a83,Plateaux,Kloto,Kloto 1,Tové,AGOU NYOGBO,Plantation Afetse,2000,Prive - individuel,POINT (0.7162233333333333 6.886586666666666)
_mview_plantation_etablissements_plantation.fid-2fb68024_1a0f82ae2b1_4a84,Plateaux,Kloto,Kloto 1,Tové,AGOU NYOGBO,Plantation Kplako,1972,Prive - individuel,POINT (0.7077534818771384 6.899116993596546)
_mview_plantation_etablissements_plantation.fid-2fb68024_1a0f82ae2b1_4a85,Plateaux,Kloto,Kloto 1,Tové,AGOU NYOGBO,Plantation Sapa,1970,Prive - Collectivite coutumiere,POINT (0.7197658996747054 6.883416221008433)
_mview_plantation_etablissements_plantation.fid-2fb68024_1a0f82ae2b1_4a86,Plateaux,Kloto,Kloto 1,Tové,AGOU NYOGBO,Plantation Gueli,2018,Prive - individuel,POINT (0.7121185977539757 6.887147545921445)
_mview_plantation_etablissements_plantation.fid-2fb68024_1a0f82ae2b1_4a87,Plateaux,Kloto,Kloto 1,Tové,AGOU NYOGBO,Plantation Anyame,2003,Prive - individuel,POINT (0.7178261083023921 6.887396844080257)
_mview_plantation_etablissements_plantation.fid-2fb68024_1a0f82ae2b1_4a88,Plateaux,Kloto,Kloto 1,Tové,AGOU NYOGBO,Plantation Nobo,2017,Prive - individuel,POINT (0.7239194186502951 6.88561760205885)
_mview_plantation_etablissements_plantation.fid-2fb68024_1a0f82ae2b1_4a89,Plateaux,Haho,Haho 2,Asrama,KOTOKLOE,Plantation Djiakitsi,2007,Prive - individuel,POINT (1.3660312367793057 7.079496996210416)
_mview_plantation_etablissements_plantation.fid-2fb68024_1a0f82ae2b1_4a8a,Plateaux,Haho,Haho 2,Asrama,AKAKPOHOE,Plantation Amouzou,1975,Prive - individuel,POINT (1.4486433333333333 7.012406666666667)
_mview_plantation_etablissements_plantation.fid-2fb68024_1a0f82ae2b1_4a8b,Plateaux,Haho,Haho 2,Asrama,HOUEVIME,Plantation Baka,2008,Prive - individuel,POINT (1.5149444827837089 7.023260192351827)
_mview_plantation_etablissements_plantation.fid-2fb68024_1a0f82ae2b1_4a8c,Plateaux,Haho,Haho 2,Asrama,GBOWLOE,Plantation Nbouke,2014,Prive - individuel,POINT (1.5256450000000001 6.956765)
_mview_plantation_etablissements_plantation.fid-2fb68024_1a0f82ae2b1_4a8d,Plateaux,Haho,Haho 2,Asrama,DJANGOME,Plantation Kpatoukpa,2009,Prive - individuel,POINT (1.5031204523828652 6.956019454619789)
_mview_plantation_etablissements_plantation.fid-2fb68024_1a0f82ae2b1_4a8e,Plateaux,Haho,Haho 2,Asrama,DJANGOME,Plantation Koumachi,2000,Prive - individuel,POINT (1.4991176164988205 6.9547749437095625)
_mview_plantation_etablissements_plantation.fid-2fb68024_1a0f82ae2b1_4a8f,Plateaux,Haho,Haho 2,Asrama,DJADEHOE,Plantation Daye,1994,Prive - individuel,POINT (1.5063333333333333 7.044113333333333)
_mview_plantation_etablissements_plantation.fid-2fb68024_1a0f82ae2b1_4a90,Plateaux,Haho,Haho 3,Kpédomé,ZITSOU,Plantation Mlaga,1984,Prive - individuel,POINT (1.1652060183969253 7.030512596310925)
_mview_plantation_etablissements_plantation.fid-2fb68024_1a0f82ae2b1_4a91,Plateaux,Haho,Haho 3,Kpédomé,ZITSOU,Plantation Menshan,1990,Prive - individuel,POINT (1.1666140671598177 7.030103647430008)
_mview_plantation_etablissements_plantation.fid-2fb68024_1a0f82ae2b1_4a92,Plateaux,Haho,Haho 3,Kpédomé,ZITSOU,Plantation Logossou,1990,Prive - individuel,POINT (1.1682386730493943 7.029527259524316)
_mview_plantation_etablissements_plantation.fid-2fb68024_1a0f82ae2b1_4a93,Plateaux,Haho,Haho 3,Kpédomé,KPONTA,Plantation Agbewanou Kokou,1975,Prive - individuel,POINT (1.186225 7.015290000000001)
_mview_plantation_etablissements_plantation.fid-2fb68024_1a0f82ae2b1_4a94,Plateaux,Haho,Haho 3,Kpédomé,AKAME,Plantation Mawuena,1997,Prive - individuel,POINT (1.1552516666666666 7.01824)
_mview_plantation_etablissements_plantation.fid-2fb68024_1a0f82ae2b1_4a95,Plateaux,Haho,Haho 3,Kpédomé,BITOKA,Plantation Timkeda,2014,Prive - individuel,POINT (1.1282333333333334 7.079878333333332)
_mview_plantation_etablissements_plantation.fid-2fb68024_1a0f82ae2b1_4a96,Plateaux,Haho,Haho 3,Kpédomé,AGBATITOE,Plantation Ciagri-togo,2019,Prive - individuel,POINT (1.1549875347623586 7.104834855957992)
_mview_plantation_etablissements_plantation.fid-2fb68024_1a0f82ae2b1_4a97,Plateaux,Haho,Haho 4,Akpakpakpé,ZOMAYI,Plantation Adadji,2017,Prive - individuel,POINT (1.0965565453649522 7.064720558968613)
_mview_plantation_etablissements_plantation.fid-2fb68024_1a0f82ae2b1_4a98,Plateaux,Haho,Haho 3,Kpédomé,DOVI-KOPE,Plantation Menssan,1994,Prive - individuel,POINT (1.1908732697856548 7.008558767307975)
_mview_plantation_etablissements_plantation.fid-2fb68024_1a0f82ae2b1_4a99,Plateaux,Haho,Haho 3,Kpédomé,DOVI-KOPE,Plantation Menssan,1994,Prive - individuel,POINT (1.1917776759207976 7.010353979580386)
_mview_plantation_etablissements_plantation.fid-2fb68024_1a0f82ae2b1_4a9a,Plateaux,Haho,Haho 4,Akpakpakpé,AKPAKPAPÉ,Plantation Champ Ecole pour l' Amelioration des Rendements de la Production d' Annas E,2021,Prive - individuel,POINT (1.0743131434917248 7.114511097415288)
_mview_plantation_etablissements_plantation.fid-2fb68024_1a0f82ae2b1_4a9b,Plateaux,Haho,Haho 4,Akpakpakpé,AGBESSI-COPE,Plantation Agbessi,2009,Prive - individuel,POINT (1.0849489685557694 7.086961515444146)
_mview_plantation_etablissements_plantation.fid-2fb68024_1a0f82ae2b1_4a9c,Plateaux,Haho,Haho 3,Kpédomé,KPEDJIKE,Plantation Bodeme,2019,Prive - individuel,POINT (1.010097640753578 7.053734388882741)
_mview_plantation_etablissements_plantation.fid-2fb68024_1a0f82ae2b1_4a9d,Plateaux,Haho,Haho 3,Kpédomé,KPEDJIKE,Plantation Koumondji,2019,Prive - individuel,POINT (1.0102634537430613 7.054753567394202)
_mview_plantation_etablissements_plantation.fid-2fb68024_1a0f82ae2b1_4a9e,Plateaux,Haho,Haho 4,Akpakpakpé,ATIDOME,Plantation Kpomegbe,2018,Prive - individuel,POINT (1.0545178147455472 7.11816567829429)
_mview_plantation_etablissements_plantation.fid-2fb68024_1a0f82ae2b1_4a9f,Plateaux,Haho,Haho 3,Kpédomé,GNIGNON,Plantation Menssan,2004,Prive - individuel,POINT (1.2230009764665128 7.043368948857487)
_mview_plantation_etablissements_plantation.fid-2fb68024_1a0f82ae2b1_4aa0,Plateaux,Haho,Haho 3,Kpédomé,SOMONE- FOULANI COPÉ,Plantation Adjim,2019,Prive - individuel,POINT (1.1778111966400941 7.1009636283504385)
_mview_plantation_etablissements_plantation.fid-2fb68024_1a0f82ae2b1_4aa1,Plateaux,Haho,Haho 4,Kpegnon (Haito),DZEYIBO,Plantation Blaoudina Kpatcha,1983,Prive - individuel,POINT (0.9372230664177774 7.242048586900023)
_mview_plantation_etablissements_plantation.fid-2fb68024_1a0f82ae2b1_4aa2,Plateaux,Haho,Haho 4,Kpegnon (Haito),KPODJI,Plantation Kpodji,2000,Prive - individuel,POINT (1.0088834288560022 7.202473070479204)
_mview_plantation_etablissements_plantation.fid-2fb68024_1a0f82ae2b1_4aa3,Plateaux,Haho,Haho 4,Kpegnon (Haito),TOGODO,Plantation Soetche,2016,Prive - individuel,POINT (1.0022647208388133 7.183539555973711)
_mview_plantation_etablissements_plantation.fid-2fb68024_1a0f82ae2b1_4aa4,Plateaux,Haho,Haho 4,Kpegnon (Haito),DZEYIBO,Plantation de Tani,1983,Prive - individuel,POINT (0.9397386088792359 7.239118873596299)
_mview_plantation_etablissements_plantation.fid-2fb68024_1a0f82ae2b1_4aa5,Plateaux,Haho,Haho 4,Kpegnon (Haito),KOPE-YEYE 2,Plantation Cat-sarl,2018,Prive - entreprise,POINT (1.0030232544153224 7.116768278204965)
_mview_plantation_etablissements_plantation.fid-2fb68024_1a0f82ae2b1_4aa6,Plateaux,Haho,Haho 4,Kpegnon (Haito),KOPE-YEYE 2,Plantation Cat-sarl,2018,Prive - entreprise,POINT (1.0050029584256865 7.118563204179879)
_mview_plantation_etablissements_plantation.fid-2fb68024_1a0f82ae2b1_4aa7,Plateaux,Kloto,Kloto 1,Tomé,LOVI KOPE,Plantation Gavor,1992,Prive - individuel,POINT (0.6390399999999999 6.787978333333332)
_mview_plantation_etablissements_plantation.fid-2fb68024_1a0f82ae2b1_4aa8,Plateaux,Kloto,Kloto 1,Tomé,DOKPOME,Plantation Agbedzi,1995,Prive - individuel,POINT (0.6632558290754811 6.822978590953447)
_mview_plantation_etablissements_plantation.fid-2fb68024_1a0f82ae2b1_4aa9,Plateaux,Kloto,Kloto 1,Tomé,Lovi cope,Plantation Senyo,1997,Prive - individuel,POINT (0.6400066666666666 6.798498333333333)
_mview_plantation_etablissements_plantation.fid-2fb68024_1a0f82ae2b1_4aaa,Plateaux,Kloto,Kloto 1,Tomé,LOVI-KOPE,Plantation Lovi,2011,Prive - individuel,POINT (0.6385114372607712 6.791008509062182)
_mview_plantation_etablissements_plantation.fid-2fb68024_1a0f82ae2b1_4aab,Plateaux,Kloto,Kloto 1,Tomé,LOVI-KOPE,Plantation Zigan,2014,Prive - individuel,POINT (0.6391902971241897 6.788922885007306)
_mview_plantation_etablissements_plantation.fid-2fb68024_1a0f82ae2b1_4aac,Plateaux,Kloto,Kloto 1,Tomé,LOVI-KOPE,Plantation Havo,1988,Prive - individuel,POINT (0.6357441314463758 6.7899977863437915)
_mview_plantation_etablissements_plantation.fid-2fb68024_1a0f82ae2b1_4aad,Plateaux,Kloto,Kloto 1,Tomé,LOVI-KOPE,Plantation Gavo,2006,Prive - individuel,POINT (0.6352888833738545 6.789196268012364)
_mview_plantation_etablissements_plantation.fid-2fb68024_1a0f82ae2b1_4aae,Plateaux,Kloto,Kloto 1,Tomé,LOVI-KOPE,Plantation Senyo,1994,Prive - individuel,POINT (0.6369993143276634 6.79123944708194)
_mview_plantation_etablissements_plantation.fid-2fb68024_1a0f82ae2b1_4aaf,Plateaux,Kloto,Kloto 1,Tomé,LOVI-KOPE,Plantation Atoessi,1992,Prive - individuel,POINT (0.6370633535590041 6.792112711092376)
_mview_plantation_etablissements_plantation.fid-2fb68024_1a0f82ae2b1_4ab0,Plateaux,Kloto,Kloto 1,Tomé,TOME,Plantation Dizenu,2000,Prive - individuel,POINT (0.6623808148905399 6.806039035972153)
_mview_plantation_etablissements_plantation.fid-2fb68024_1a0f82ae2b1_4ab1,Plateaux,Kloto,Kloto 1,Tomé,TOME,Plantation Agbefou,1997,Prive - individuel,POINT (0.6610938403335592 6.797122735435338)
_mview_plantation_etablissements_plantation.fid-2fb68024_1a0f82ae2b1_4ab2,Plateaux,Kloto,Kloto 1,Tomé,KPEGOME,Plantation Tassi,2011,Prive - individuel,POINT (0.6430007167773183 6.809155924652123)
_mview_plantation_etablissements_plantation.fid-2fb68024_1a0f82ae2b1_4ab3,Plateaux,Kloto,Kloto 1,Tomé,TODJI,Plantation Ablometi,2003,Prive - individuel,POINT (0.6391403850055553 6.805068776714653)
_mview_plantation_etablissements_plantation.fid-2fb68024_1a0f82ae2b1_4ab4,Plateaux,Kloto,Kloto 1,Tomé,KALAKALA,Plantation de Nagonou,2011,Prive - individuel,POINT (0.6105483333333334 6.785363333333334)
_mview_plantation_etablissements_plantation.fid-2fb68024_1a0f82ae2b1_4ab5,Plateaux,Kloto,Kloto 1,Tomé,ADAME,Plantation Adanto,2000,Prive - individuel,POINT (0.6698522450592559 6.78691191552071)
_mview_plantation_etablissements_plantation.fid-2fb68024_1a0f82ae2b1_4ab6,Plateaux,Kloto,Kloto 1,Tomé,ADAME,Plantation de Teck de Akoto,2007,Prive - individuel,POINT (0.6609213842229987 6.7932910607457755)
_mview_plantation_etablissements_plantation.fid-2fb68024_1a0f82ae2b1_4ab7,Plateaux,Kloto,Kloto 1,Womé,WOME,Plantation Abotsivia,2006,Prive - individuel,POINT (0.5760554387770197 6.8467600478494095)
_mview_plantation_etablissements_plantation.fid-2fb68024_1a0f82ae2b1_4ab8,Plateaux,Kloto,Kloto 1,Tomé,ADAME,"Plantation de Palmier, de Fraquer,et Cacaoyer de Tsidi",2012,Prive - individuel,POINT (0.6603581567411809 6.792233525183279)
_mview_plantation_etablissements_plantation.fid-2fb68024_1a0f82ae2b1_4ab9,Plateaux,Kloto,Kloto 1,Tomé,ADAME,Plantation de Palmier Tsidi,2009,Prive - individuel,POINT (0.667506514272668 6.7935024185545085)
_mview_plantation_etablissements_plantation.fid-2fb68024_1a0f82ae2b1_4aba,Plateaux,Kloto,Kloto 1,Kpadapé,SEVENOKOPE,Plantation Alaglo,2012,Prive - individuel,POINT (0.5793135230649705 6.794818956561323)
_mview_plantation_etablissements_plantation.fid-2fb68024_1a0f82ae2b1_4abb,Plateaux,Kloto,Kloto 1,Kpadapé,SEVENOKOPE,Plantation Takpa,2006,Prive - individuel,POINT (0.5845233333333333 6.797951666666667)
_mview_plantation_etablissements_plantation.fid-2fb68024_1a0f82ae2b1_4abc,Plateaux,Kloto,Kloto 1,Kpadapé,Nyive,Plantation Beble,2006,Prive - individuel,POINT (0.5809209715897553 6.773424284708881)
_mview_plantation_etablissements_plantation.fid-2fb68024_1a0f82ae2b1_4abd,Savanes,Tône,Tône 4,Sanfatoute,Momba,Plantation de Neem de Guidayem,1984,Prive - individuel,POINT (0.3097364261478323 10.99432010299736)
_mview_plantation_etablissements_plantation.fid-2fb68024_1a0f82ae2b1_4abe,Plateaux,Kpélé,Kpélé 1,Kpélé-Akata,KAGNIRE-KOPE,Plantation Barandao,1990,Prive - individuel,POINT (0.7416989257397484 7.011390638331672)
_mview_plantation_etablissements_plantation.fid-2fb68024_1a0f82ae2b1_4abf,Plateaux,Kpélé,Kpélé 1,Kpélé-Akata,KPETASSI,Plantation d'Anacades Lafnam,2019,Prive - individuel,POINT (0.7322205121958626 7.0211437170755655)
_mview_plantation_etablissements_plantation.fid-2fb68024_1a0f82ae2b1_4ac0,Plateaux,Kpélé,Kpélé 1,Kpélé-Akata,ATIKEDI COPE,Plantation de Dabla,1997,Prive - individuel,POINT (0.7485479748081908 7.011225628560356)
_mview_plantation_etablissements_plantation.fid-2fb68024_1a0f82ae2b1_4ac1,Plateaux,Kpélé,Kpélé 1,Kpélé-Akata,ATIKEDI COPE,Plantation Atikedi,2009,Prive - individuel,POINT (0.7492996093424784 7.008326186096513)
_mview_plantation_etablissements_plantation.fid-2fb68024_1a0f82ae2b1_4ac2,Plateaux,Kpélé,Kpélé 1,Kpélé-Akata,KPETASSE,Plantation Ali,2017,Prive - individuel,POINT (0.7324966666666667 7.023163333333334)
_mview_plantation_etablissements_plantation.fid-2fb68024_1a0f82ae2b1_4ac3,Plateaux,Kloto,Kloto 1,Womé,WOME,Plantation de Doh Komlan,1970,Prive - Collectivite coutumiere,POINT (0.573662387588004 6.84215159957129)
_mview_plantation_etablissements_plantation.fid-2fb68024_1a0f82ae2b1_4ac4,Plateaux,Kloto,Kloto 1,Womé,WOME,Plantation de Konou,2010,Prive - individuel,POINT (0.565356387647581 6.831597124257551)
_mview_plantation_etablissements_plantation.fid-2fb68024_1a0f82ae2b1_4ac5,Plateaux,Kloto,Kloto 1,Womé,WOME,Plantation Amenemou,2004,Prive - Collectivite coutumiere,POINT (0.5660907248761786 6.826743425180122)
_mview_plantation_etablissements_plantation.fid-2fb68024_1a0f82ae2b1_4ac6,Plateaux,Kloto,Kloto 1,Gbalabé,BLANU-KOPE,Plantation Agbaga,1998,Prive - individuel,POINT (0.5929238623272122 6.880084127283298)
_mview_plantation_etablissements_plantation.fid-2fb68024_1a0f82ae2b1_4ac7,Plateaux,Kloto,Kloto 1,Gbalabé,DJOGAGBE,Plantation Adote,1978,Prive - individuel,POINT (0.5906708139769519 6.872292538633451)
_mview_plantation_etablissements_plantation.fid-2fb68024_1a0f82ae2b1_4ac8,Plateaux,Kloto,Kloto 1,Gbalabé,DJOGAGBE,Plantation Adote,1978,Prive - individuel,POINT (0.594552722582464 6.866611992475594)
_mview_plantation_etablissements_plantation.fid-2fb68024_1a0f82ae2b1_4ac9,Plateaux,Kloto,Kloto 1,Gbalabé,BLANU-KOPE,Plantation Ahiale,1999,Prive - individuel,POINT (0.58906 6.873821666666667)
_mview_plantation_etablissements_plantation.fid-2fb68024_1a0f82ae2b1_4aca,Plateaux,Kloto,Kloto 1,Gbalabé,DUGAN,Plantation Akli,1990,Prive - individuel,POINT (0.602139814417194 6.889215079230816)
_mview_plantation_etablissements_plantation.fid-2fb68024_1a0f82ae2b1_4acb,Plateaux,Kloto,Kloto 1,Gbalabé,DUGAN,Plantation Gadigbe,2000,Prive - individuel,POINT (0.5991342449334291 6.888997467009742)
_mview_plantation_etablissements_plantation.fid-2fb68024_1a0f82ae2b1_4acc,Plateaux,Kloto,Kloto 1,Gbalabé,HANYIGBA TODZI,Plantation Adafia,2020,Prive - individuel,POINT (0.5616916666666667 6.876639999999999)
_mview_plantation_etablissements_plantation.fid-2fb68024_1a0f82ae2b1_4acd,Plateaux,Kloto,Kloto 1,Gbalabé,HANYIGBA TODZI,Plantation Kponou,2021,Prive - individuel,POINT (0.5646571143343468 6.875966355100359)
_mview_plantation_etablissements_plantation.fid-2fb68024_1a0f82ae2b1_4ace,Plateaux,Kloto,Kloto 1,Gbalabé,HANYIGBA TODZI,Plantation Kponou,2019,Prive - individuel,POINT (0.5647710655220644 6.875034821682264)
_mview_plantation_etablissements_plantation.fid-2fb68024_1a0f82ae2b1_4acf,Plateaux,Kloto,Kloto 1,Gbalabé,HANYIGBA TODZI,Plantation Adafia,2021,Prive - individuel,POINT (0.5646527326939774 6.886860445352482)
_mview_plantation_etablissements_plantation.fid-2fb68024_1a0f82ae2b1_4ad0,Plateaux,Kloto,Kloto 1,Gbalabé,HANYIGBA TODZI,Plantation Ametepe,2021,Prive - individuel,POINT (0.5650945127022446 6.887689440961781)
_mview_plantation_etablissements_plantation.fid-2fb68024_1a0f82ae2b1_4ad1,Plateaux,Kloto,Kloto 1,Gbalabé,HANYIGBA TODZI,Plantation Eklou,2021,Prive - individuel,POINT (0.5648631064198548 6.889371167043625)
_mview_plantation_etablissements_plantation.fid-2fb68024_1a0f82ae2b1_4ad2,Plateaux,Kloto,Kloto 1,Gbalabé,HANYIGBA TODZI,Plantation Abotsi,2021,Prive - individuel,POINT (0.5670947849440048 6.889715390654436)
_mview_plantation_etablissements_plantation.fid-2fb68024_1a0f82ae2b1_4ad3,Plateaux,Kloto,Kloto 1,Gbalabé,HANYIGBA TODZI,Plantation Vava,2020,Prive - individuel,POINT (0.5803234202067986 6.890101358182448)
_mview_plantation_etablissements_plantation.fid-2fb68024_1a0f82ae2b1_4ad4,Plateaux,Kloto,Kloto 1,Gbalabé,HANYIGBA TODZI,Plantation Tege,2020,Prive - individuel,POINT (0.5723717758469895 6.882065444953108)
_mview_plantation_etablissements_plantation.fid-2fb68024_1a0f82ae2b1_4ad5,Plateaux,Kloto,Kloto 1,Gbalabé,HANYIGBA TODZI,Plantation Adovon,2020,Prive - individuel,POINT (0.5725312915321868 6.881964186003314)
_mview_plantation_etablissements_plantation.fid-2fb68024_1a0f82ae2b1_4ad6,Plateaux,Kloto,Kloto 1,Gbalabé,HANYIGBA TODZI,Plantation Vava,2020,Prive - individuel,POINT (0.5726623324754115 6.881716969431504)
_mview_plantation_etablissements_plantation.fid-2fb68024_1a0f82ae2b1_4ad7,Plateaux,Kloto,Kloto 1,Gbalabé,HANYIGBA TODZI,Plantation Konu,2020,Prive - individuel,POINT (0.5685767265266854 6.888586518851112)
_mview_plantation_etablissements_plantation.fid-2fb68024_1a0f82ae2b1_4ad8,Plateaux,Kloto,Kloto 1,Hanyigba,DUGAN,Plantation Simyeli,2008,Prive - individuel,POINT (0.5932971086973012 6.917301458540224)
_mview_plantation_etablissements_plantation.fid-2fb68024_1a0f82ae2b1_4ad9,Plateaux,Kloto,Kloto 1,Hanyigba,DUGAN,Plantation Goka,2007,Prive - individuel,POINT (0.610074834522071 6.9073279477901455)
_mview_plantation_etablissements_plantation.fid-2fb68024_1a0f82ae2b1_4ada,Plateaux,Kloto,Kloto 1,Hanyigba,DUGAN,Plantation deblui,2019,Prive - individuel,POINT (0.6074773455781616 6.907978420563576)
_mview_plantation_etablissements_plantation.fid-2fb68024_1a0f82ae2b1_4adb,Plateaux,Kloto,Kloto 1,Hanyigba,DUGAN,Plantation Damelonkou,1996,Prive - individuel,POINT (0.6132792294297594 6.899512579254327)
_mview_plantation_etablissements_plantation.fid-2fb68024_1a0f82ae2b1_4adc,Plateaux,Kloto,Kloto 1,Hanyigba,DUGAN,Plantation Damelonkou,2020,Prive - individuel,POINT (0.6115865669093534 6.8987775723237075)
_mview_plantation_etablissements_plantation.fid-2fb68024_1a0f82ae2b1_4add,Plateaux,Kloto,Kloto 1,Hanyigba,DUGAN,Plantation Djansi,2017,Prive - individuel,POINT (0.6018897220755522 6.908132247860796)
_mview_plantation_etablissements_plantation.fid-2fb68024_1a0f82ae2b1_4ade,Plateaux,Kloto,Kloto 1,Hanyigba,DUGAN,Plantation Togue,2013,Prive - individuel,POINT (0.6095726901285077 6.908517264259056)
_mview_plantation_etablissements_plantation.fid-2fb68024_1a0f82ae2b1_4adf,Plateaux,Kloto,Kloto 1,Hanyigba,DUGAN,Plantation Ahonssou,1997,Prive - individuel,POINT (0.5893280376022582 6.916643325341494)
_mview_plantation_etablissements_plantation.fid-2fb68024_1a0f82ae2b1_4ae0,Plateaux,Kloto,Kloto 1,Hanyigba,DUGAN,Plantation de Bananier de Gokah,2019,Prive - individuel,POINT (0.6066983333333333 6.910448333333333)
_mview_plantation_etablissements_plantation.fid-2fb68024_1a0f82ae2b1_4ae1,Plateaux,Kloto,Kloto 1,Hanyigba,DUGAN,Plantation Djansi,2021,Prive - individuel,POINT (0.6010956853410603 6.908787810045884)
_mview_plantation_etablissements_plantation.fid-2fb68024_1a0f82ae2b1_4ae2,Plateaux,Kloto,Kloto 1,Hanyigba,DUGAN,Plantation deblui,1958,Prive - individuel,POINT (0.5939134893656557 6.906317360125861)
_mview_plantation_etablissements_plantation.fid-2fb68024_1a0f82ae2b1_4ae3,Plateaux,Kloto,Kloto 1,Hanyigba,DUGAN,Plantation deblui,2019,Prive - individuel,POINT (0.5937766666666667 6.9074116666666665)
_mview_plantation_etablissements_plantation.fid-2fb68024_1a0f82ae2b1_4ae4,Plateaux,Kloto,Kloto 1,Hanyigba,DUGAN,Plantation Souka,2005,Prive - individuel,POINT (0.6023531311503729 6.893735716718895)
_mview_plantation_etablissements_plantation.fid-2fb68024_1a0f82ae2b1_4ae5,Plateaux,Kloto,Kloto 1,Hanyigba,DUGAN,Plantation Kereke,2005,Prive - individuel,POINT (0.6034134076579325 6.893896657804335)
_mview_plantation_etablissements_plantation.fid-2fb68024_1a0f82ae2b1_4ae6,Plateaux,Kloto,Kloto 1,Hanyigba,DUGAN,Plantation Bimpe,2002,Prive - individuel,POINT (0.6056526426151475 6.907876979195297)
_mview_plantation_etablissements_plantation.fid-2fb68024_1a0f82ae2b1_4ae7,Plateaux,Kloto,Kloto 1,Hanyigba,DUGAN,Plantation debouli,2013,Prive - individuel,POINT (0.5923813810616396 6.906913865751271)
_mview_plantation_etablissements_plantation.fid-2fb68024_1a0f82ae2b1_4ae8,Plateaux,Kloto,Kloto 1,Hanyigba,DUGAN,Plantation debouli,2016,Prive - individuel,POINT (0.5936073740989228 6.907100053436644)
_mview_plantation_etablissements_plantation.fid-2fb68024_1a0f82ae2b1_4ae9,Plateaux,Kloto,Kloto 1,Hanyigba,DUGAN,Plantation Komlan,2014,Prive - individuel,POINT (0.5946281353286201 6.906824448927278)
_mview_plantation_etablissements_plantation.fid-2fb68024_1a0f82ae2b1_4aea,Plateaux,Kloto,Kloto 1,Hanyigba,DUGAN,Plantation Tete,2015,Prive - individuel,POINT (0.5994005286852262 6.907138351151745)
_mview_plantation_etablissements_plantation.fid-2fb68024_1a0f82ae2b1_4aeb,Plateaux,Kloto,Kloto 1,Hanyigba,DUGAN,Plantation degboe,1990,Prive - individuel,POINT (0.5764991052435172 6.901936989112943)
_mview_plantation_etablissements_plantation.fid-2fb68024_1a0f82ae2b1_4aec,Plateaux,Kloto,Kloto 1,Hanyigba,DUGAN,Plantation Akwa,2014,Prive - individuel,POINT (0.604984264900146 6.910296455237806)
_mview_plantation_etablissements_plantation.fid-2fb68024_1a0f82ae2b1_4aed,Plateaux,Kloto,Kloto 1,Hanyigba,DUGAN,Plantation Dzakpa,2019,Prive - individuel,POINT (0.5999325927866334 6.906046541607491)
_mview_plantation_etablissements_plantation.fid-2fb68024_1a0f82ae2b1_4aee,Plateaux,Kloto,Kloto 1,Hanyigba,DUGAN,Plantation Agbanlin,1979,Prive - individuel,POINT (0.596859520809187 6.916860271500791)
_mview_plantation_etablissements_plantation.fid-2fb68024_1a0f82ae2b1_4aef,Plateaux,Kloto,Kloto 1,Hanyigba,DUGAN,Plantation Agbanlin,1972,Prive - individuel,POINT (0.5974011730063721 6.916843145532219)
_mview_plantation_etablissements_plantation.fid-2fb68024_1a0f82ae2b1_4af0,Plateaux,Kloto,Kloto 1,Hanyigba,DUGAN,Plantation deblui,2002,Prive - individuel,POINT (0.5925324460290553 6.906078547763947)
_mview_plantation_etablissements_plantation.fid-2fb68024_1a0f82ae2b1_4af1,Plateaux,Kloto,Kloto 1,Hanyigba,HANYIGBA-TODZI,Plantation Fia,2021,Prive - individuel,POINT (0.5625633333333333 6.899666666666667)
_mview_plantation_etablissements_plantation.fid-2fb68024_1a0f82ae2b1_4af2,Plateaux,Kloto,Kloto 1,Hanyigba,HANYIGBA TODZI,Plantation Kodjo,2018,Prive - individuel,POINT (0.5694889128718976 6.906816236088096)
_mview_plantation_etablissements_plantation.fid-2fb68024_1a0f82ae2b1_4af3,Plateaux,Kloto,Kloto 1,Hanyigba,HANYIGBA TODZI,Plantation Vava,2021,Prive - individuel,POINT (0.5690835185666191 6.906304081633425)
_mview_plantation_etablissements_plantation.fid-2fb68024_1a0f82ae2b1_4af4,Plateaux,Kloto,Kloto 1,Hanyigba,HANYIGBA TODZI,Plantation Etse,2020,Prive - individuel,POINT (0.5710639983999042 6.906101708050014)
_mview_plantation_etablissements_plantation.fid-2fb68024_1a0f82ae2b1_4af5,Plateaux,Kloto,Kloto 1,Hanyigba,HANYIGBA-TODZI,Plantation Konou,2000,Prive - individuel,POINT (0.5646752404494491 6.891719167899222)
_mview_plantation_etablissements_plantation.fid-2fb68024_1a0f82ae2b1_4af6,Plateaux,Kloto,Kloto 1,Hanyigba,HANYIGBA-TODZI,Plantation Djansi,2000,Prive - individuel,POINT (0.565129406805962 6.8911817243923705)
_mview_plantation_etablissements_plantation.fid-2fb68024_1a0f82ae2b1_4af7,Plateaux,Kloto,Kloto 1,Hanyigba,HANYIGBA-TODZI,Plantation Avou,2000,Prive - individuel,POINT (0.5641851010111014 6.8911663380940045)
_mview_plantation_etablissements_plantation.fid-2fb68024_1a0f82ae2b1_4af8,Plateaux,Kloto,Kloto 1,Hanyigba,HANYIGBA-TODZI,Plantation Abotsi,2020,Prive - individuel,POINT (0.5652391296496615 6.902073285817856)
_mview_plantation_etablissements_plantation.fid-2fb68024_1a0f82ae2b1_4af9,Plateaux,Kloto,Kloto 1,Hanyigba,HANYIGBA-TODZI,Plantation Avokpo,2005,Prive - individuel,POINT (0.56376202364483 6.902002636427496)
_mview_plantation_etablissements_plantation.fid-2fb68024_1a0f82ae2b1_4afa,Plateaux,Kloto,Kloto 1,Hanyigba,HANYIGBA-TODZI,Plantation Akubia,2021,Prive - individuel,POINT (0.5631553301783194 6.901416556073389)
_mview_plantation_etablissements_plantation.fid-2fb68024_1a0f82ae2b1_4afb,Plateaux,Kloto,Kloto 1,Hanyigba,HANYIGBA-TODZI,Plantation N'detsi,2020,Prive - individuel,POINT (0.5734043913106552 6.897157535014695)
_mview_plantation_etablissements_plantation.fid-2fb68024_1a0f82ae2b1_4afc,Plateaux,Kloto,Kloto 1,Hanyigba,HANYIGBA-TODZI,Plantation Akoto,2020,Prive - individuel,POINT (0.5724243161139941 6.895697879512156)
_mview_plantation_etablissements_plantation.fid-2fb68024_1a0f82ae2b1_4afd,Plateaux,Kloto,Kloto 1,Hanyigba,HANYIGBA-TODZI,Plantation Avu,2020,Prive - individuel,POINT (0.5721004272541041 6.892732717613265)
_mview_plantation_etablissements_plantation.fid-2fb68024_1a0f82ae2b1_4afe,Plateaux,Kloto,Kloto 1,Hanyigba,HANYIGBA-TODZI,Plantation Agbanato,2021,Prive - individuel,POINT (0.5684847626371982 6.904934151764154)
_mview_plantation_etablissements_plantation.fid-2fb68024_1a0f82ae2b1_4aff,Plateaux,Kloto,Kloto 1,Hanyigba,HANYIGBA-TODZI,Plantation Ametepe,2002,Prive - individuel,POINT (0.5703897522473657 6.905793111905131)
_mview_plantation_etablissements_plantation.fid-2fb68024_1a0f82ae2b1_4b00,Plateaux,Kloto,Kloto 1,Hanyigba,HANYIGBA TODZI,Plantation Eklou,2020,Prive - individuel,POINT (0.5810544249111818 6.897975732013972)
_mview_plantation_etablissements_plantation.fid-2fb68024_1a0f82ae2b1_4b01,Plateaux,Kloto,Kloto 1,Hanyigba,HANYIGBA TODZI,Plantation Adafia,2020,Prive - individuel,POINT (0.5828689934513459 6.897234663014657)
_mview_plantation_etablissements_plantation.fid-2fb68024_1a0f82ae2b1_4b02,Plateaux,Kloto,Kloto 1,Hanyigba,HANYIGBA TODZI,Plantation Ayingbavo,2020,Prive - individuel,POINT (0.5826326679199009 6.8981463748295635)
_mview_plantation_etablissements_plantation.fid-2fb68024_1a0f82ae2b1_4b03,Plateaux,Kloto,Kloto 1,Hanyigba,HANYIGBA TODZI,Plantation Akoto,202,Prive - individuel,POINT (0.5826664566865991 6.896069498002806)
_mview_plantation_etablissements_plantation.fid-2fb68024_1a0f82ae2b1_4b04,Plateaux,Kloto,Kloto 1,Hanyigba,HANYIGBA TODZI,Plantation Komi,2020,Prive - individuel,POINT (0.5815408259885262 6.894860106067958)
_mview_plantation_etablissements_plantation.fid-2fb68024_1a0f82ae2b1_4b05,Plateaux,Kloto,Kloto 1,Hanyigba,HANYIGBA TODZI,Plantation Hakpa,2020,Prive - individuel,POINT (0.5809871088365443 6.894865813491264)
_mview_plantation_etablissements_plantation.fid-2fb68024_1a0f82ae2b1_4b06,Plateaux,Kloto,Kloto 1,Hanyigba,HANYIGBA TODZI,Plantation Eklou,2020,Prive - individuel,POINT (0.58079106873746 6.8959626372128655)
_mview_plantation_etablissements_plantation.fid-2fb68024_1a0f82ae2b1_4b07,Plateaux,Kloto,Kloto 1,Hanyigba,HANYIGBA TODZI,Plantation Hakpa,2020,Prive - individuel,POINT (0.5744900000000001 6.899671666666667)
_mview_plantation_etablissements_plantation.fid-2fb68024_1a0f82ae2b1_4b08,Plateaux,Kloto,Kloto 1,Hanyigba,HANYIGBA TODZI,Plantation Segbedzi,2020,Prive - individuel,POINT (0.5738535935393528 6.899682589924234)
_mview_plantation_etablissements_plantation.fid-2fb68024_1a0f82ae2b1_4b09,Plateaux,Kloto,Kloto 1,Hanyigba,HANYIGBA TODZI,Plantation Tegue,2020,Prive - individuel,POINT (0.5733533333333334 6.9015933333333335)
_mview_plantation_etablissements_plantation.fid-2fb68024_1a0f82ae2b1_4b0a,Plateaux,Kloto,Kloto 1,Hanyigba,HANYIGBA TODZI,Plantation Tegue,2020,Prive - individuel,POINT (0.5736327442150998 6.902756914104132)
_mview_plantation_etablissements_plantation.fid-2fb68024_1a0f82ae2b1_4b0b,Plateaux,Kloto,Kloto 1,Hanyigba,HANYIGBA TODZI,Plantation Segbedzi,2020,Prive - individuel,POINT (0.5732204585397089 6.90443014282757)
_mview_plantation_etablissements_plantation.fid-2fb68024_1a0f82ae2b1_4b0c,Plateaux,Kloto,Kloto 1,Hanyigba,HANYIGBA TODZI,Plantation Vava,2020,Prive - individuel,POINT (0.5732877730939606 6.905177310748243)
_mview_plantation_etablissements_plantation.fid-2fb68024_1a0f82ae2b1_4b0d,Plateaux,Kloto,Kloto 1,Hanyigba,HANYIGBA TODZI,Plantation Honu,2020,Prive - individuel,POINT (0.572627878679191 6.903324187072921)
_mview_plantation_etablissements_plantation.fid-2fb68024_1a0f82ae2b1_4b0e,Plateaux,Kloto,Kloto 2,Lavié,GLILI,Plantation Fesseko,1987,Prive - individuel,POINT (0.6515833319192813 7.0486184543505175)
_mview_plantation_etablissements_plantation.fid-2fb68024_1a0f82ae2b1_4b0f,Plateaux,Kloto,Kloto 2,Lavié,HUIME,Plantation Adabi,1987,Prive - individuel,POINT (0.6501219936418213 7.047134676478281)
_mview_plantation_etablissements_plantation.fid-2fb68024_1a0f82ae2b1_4b10,Plateaux,Kloto,Kloto 2,Lavié,APEDOME,Plantation Solim,2015,Prive - individuel,POINT (0.6349877155115315 7.0496271760085785)
_mview_plantation_etablissements_plantation.fid-2fb68024_1a0f82ae2b1_4b11,Plateaux,Kloto,Kloto 2,Lavié,APEDOME,Plantation Essolakina,1986,Prive - individuel,POINT (0.6338999593470902 7.050264645429666)
_mview_plantation_etablissements_plantation.fid-2fb68024_1a0f82ae2b1_4b12,Plateaux,Kloto,Kloto 2,Lavié,AGODE,Plantation de Café de Tchowa,2000,Prive - individuel,POINT (0.6389633934683341 7.040299198353011)
_mview_plantation_etablissements_plantation.fid-2fb68024_1a0f82ae2b1_4b13,Plateaux,Kloto,Kloto 2,Lavié,AGODE,Plantation de Café de Sarma,1999,Prive - individuel,POINT (0.6346577701068719 7.052803929863472)
_mview_plantation_etablissements_plantation.fid-2fb68024_1a0f82ae2b1_4b14,Plateaux,Kloto,Kloto 2,Lavié,SAVAGNA,Plantation de Café de Domekpe,1987,Prive - individuel,POINT (0.6374526322335264 7.054881115076617)
_mview_plantation_etablissements_plantation.fid-2fb68024_1a0f82ae2b1_4b15,Plateaux,Kloto,Kloto 2,Lavié,AGODE,Plantation Simdjalim,1985,Prive - individuel,POINT (0.6358933333333333 7.047616666666666)
_mview_plantation_etablissements_plantation.fid-2fb68024_1a0f82ae2b1_4b16,Plateaux,Kloto,Kloto 2,Lavié,TSAVANYA,Plantation Akpa Koffi Lawoe,1990,Prive - individuel,POINT (0.639395 7.067051666666667)
_mview_plantation_etablissements_plantation.fid-2fb68024_1a0f82ae2b1_4b17,Plateaux,Kloto,Kloto 2,Lavié,ATRATSA,Plantation Yassi,1996,Prive - individuel,POINT (0.6513172520056466 7.01827951763292)
_mview_plantation_etablissements_plantation.fid-2fb68024_1a0f82ae2b1_4b18,Plateaux,Kloto,Kloto 2,Lavié-Apédomé,APEDOME,Plantation Amegawovo Gerson,1994,Prive - individuel,POINT (0.687609250659925 7.002722081155751)
_mview_plantation_etablissements_plantation.fid-2fb68024_1a0f82ae2b1_4b19,Plateaux,Kloto,Kloto 2,Lavié-Apédomé,APEDOME,Plantation Mossi,2010,Prive - individuel,POINT (0.6736816666666667 6.997821666666666)
_mview_plantation_etablissements_plantation.fid-2fb68024_1a0f82ae2b1_4b1a,Plateaux,Kloto,Kloto 2,Lavié-Apédomé,AGOVIEPE,Plantation Tsogbe,2011,Prive - individuel,POINT (0.7244576594530745 7.000739743553542)
_mview_plantation_etablissements_plantation.fid-2fb68024_1a0f82ae2b1_4b1b,Plateaux,Kloto,Kloto 2,Lavié-Apédomé,AGOVEPE,Plantation de Manioc Nouassi,2011,Prive - individuel,POINT (0.7150393838133591 7.009583803656449)
_mview_plantation_etablissements_plantation.fid-2fb68024_1a0f82ae2b1_4b1c,Plateaux,Kloto,Kloto 2,Lavié-Apédomé,TAGBADZA,Plantation Bexa,1998,Prive - individuel,POINT (0.7256544007755402 6.99995787490164)
_mview_plantation_etablissements_plantation.fid-2fb68024_1a0f82ae2b1_4b1d,Plateaux,Kloto,Kloto 2,Lavié-Apédomé,TITA KOPE,Plantation Malou,2017,Prive - individuel,POINT (0.7299337692137411 6.968619290342666)
_mview_plantation_etablissements_plantation.fid-2fb68024_1a0f82ae2b1_4b1e,Plateaux,Kloto,Kloto 3,Kouma,ADAME,Plantation Chorale,2001,autre,POINT (0.5953264716272095 6.977645935929078)
_mview_plantation_etablissements_plantation.fid-2fb68024_1a0f82ae2b1_4b1f,Plateaux,Kloto,Kloto 3,Kouma,KUMA KONDA,Plantation Cacao,2015,Domaine prive de l Etat ou des collectivites territoriales,POINT (0.5853736528942173 6.957801779363816)
_mview_plantation_etablissements_plantation.fid-2fb68024_1a0f82ae2b1_4b20,Plateaux,Kloto,Kloto 3,Kouma,DOGLI,Plantation Edzewu,2014,autre,POINT (0.5906607743330881 6.997797980137987)
_mview_plantation_etablissements_plantation.fid-2fb68024_1a0f82ae2b1_4b21,Plateaux,Kloto,Kloto 3,Kouma,DOVOTA,Plantation Alagbo,2008,Prive - individuel,POINT (0.5951713694318933 7.002486385157053)
_mview_plantation_etablissements_plantation.fid-2fb68024_1a0f82ae2b1_4b22,Plateaux,Kloto,Kloto 3,Kouma,DOVOTA,Plantation Tcholida,1973,Prive - individuel,POINT (0.5957630857809049 7.003500856688557)
_mview_plantation_etablissements_plantation.fid-2fb68024_1a0f82ae2b1_4b23,Plateaux,Kloto,Kloto 3,Kouma,DOVOTA,Plantation Ahli,2004,Prive - individuel,POINT (0.597717837369234 7.0083675137957115)
_mview_plantation_etablissements_plantation.fid-2fb68024_1a0f82ae2b1_4b24,Plateaux,Kloto,Kloto 2,Kpimé,TSODOME,Plantation Nuelewowo,2007,Prive - individuel,POINT (0.6408533333333334 7.091033333333333)
_mview_plantation_etablissements_plantation.fid-2fb68024_1a0f82ae2b1_4b25,Plateaux,Kloto,Kloto 2,Kpimé,AGODE,Plantation d'Ananas Sabi,2019,Prive - individuel,POINT (0.6324849127062206 7.053438088628943)
_mview_plantation_etablissements_plantation.fid-2fb68024_1a0f82ae2b1_4b26,Plateaux,Kloto,Kloto 2,Kpimé,AGODE,Plantation d'Ananas Yaovi,2018,Prive - individuel,POINT (0.6290731755889678 7.056138947670981)
_mview_plantation_etablissements_plantation.fid-2fb68024_1a0f82ae2b1_4b27,Plateaux,Kloto,Kloto 2,Kpimé,AGODE,Plantation de Manioc de Sabi,2020,Prive - individuel,POINT (0.629542703679747 7.058780547778772)
_mview_plantation_etablissements_plantation.fid-2fb68024_1a0f82ae2b1_4b28,Plateaux,Kloto,Kloto 2,Kpimé,AGODE,Plantation de Manioc de Poulodiki,2018,Prive - individuel,POINT (0.6290239108496107 7.059647828878745)
_mview_plantation_etablissements_plantation.fid-2fb68024_1a0f82ae2b1_4b29,Plateaux,Kloto,Kloto 2,Kpimé,AGOTIME-COPE,Plantation Wataklassu,2019,autre,POINT (0.6024160680827493 7.0447292203452125)
_mview_plantation_etablissements_plantation.fid-2fb68024_1a0f82ae2b1_4b2a,Plateaux,Kloto,Kloto 2,Kpimé,BLIFOU,Plantation Zogli,2006,Prive - Collectivite coutumiere,POINT (0.6169902024142554 7.031746115822335)
_mview_plantation_etablissements_plantation.fid-2fb68024_1a0f82ae2b1_4b2b,Plateaux,Kloto,Kloto 2,Kpimé,BLIFU,Plantation de Café,2013,Prive - individuel,POINT (0.6194941867806251 7.0275035156081564)
_mview_plantation_etablissements_plantation.fid-2fb68024_1a0f82ae2b1_4b2c,Plateaux,Kloto,Kloto 2,Kpimé,BLIFU,"Plantation Cacao, Plantin",1990,Prive - individuel,POINT (0.6182292292796042 7.027274432620616)
_mview_plantation_etablissements_plantation.fid-2fb68024_1a0f82ae2b1_4b2d,Plateaux,Kloto,Kloto 2,Kpimé,BLIFU,Plantation de Café,2000,Prive - individuel,POINT (0.6162886818893049 7.031014557484248)
_mview_plantation_etablissements_plantation.fid-2fb68024_1a0f82ae2b1_4b2e,Plateaux,Kloto,Kloto 2,Kpimé,BLlFOU,Plantation de Poivre,1990,Prive - individuel,POINT (0.622309807908927 7.024253758006794)
_mview_plantation_etablissements_plantation.fid-2fb68024_1a0f82ae2b1_4b2f,Plateaux,Kloto,Kloto 2,Kpimé,BLIFOU,Plantation de Café,1994,Prive - individuel,POINT (0.6200861656450778 7.022741706665448)
_mview_plantation_etablissements_plantation.fid-2fb68024_1a0f82ae2b1_4b30,Plateaux,Kloto,Kloto 2,Kpimé,BLEFOU,Plantation de Café Cacao,1987,Prive - individuel,POINT (0.6215003291258789 7.022088298492528)
_mview_plantation_etablissements_plantation.fid-2fb68024_1a0f82ae2b1_4b31,Plateaux,Kloto,Kloto 2,Kpimé,DZOKPEDZI,Plantation Wessinou,1986,Prive - individuel,POINT (0.6283516666666666 7.035321666666666)
_mview_plantation_etablissements_plantation.fid-2fb68024_1a0f82ae2b1_4b32,Plateaux,Kloto,Kloto 2,Kpimé,HUIME,Plantation Ali,2019,Prive - individuel,POINT (0.6349554904924073 7.05507839510189)
_mview_plantation_etablissements_plantation.fid-2fb68024_1a0f82ae2b1_4b33,Plateaux,Kloto,Kloto 3,Agomé-Yoh,HAVOU,Plantation de Palmier Alassani,2018,Prive - individuel,POINT (0.5975102787784222 6.933465650157062)
_mview_plantation_etablissements_plantation.fid-2fb68024_1a0f82ae2b1_4b34,Plateaux,Kloto,Kloto 3,Agomé-Yoh,DUGAN,Plantation Ametepe,2002,Prive - individuel,POINT (0.6048256075817751 6.9194388397693585)
_mview_plantation_etablissements_plantation.fid-2fb68024_1a0f82ae2b1_4b35,Plateaux,Kloto,Kloto 3,Agomé-Yoh,DUGAN,Plantation Amouzou,2016,Prive - individuel,POINT (0.6040266774227402 6.919251294442963)
_mview_plantation_etablissements_plantation.fid-2fb68024_1a0f82ae2b1_4b36,Plateaux,Kloto,Kloto 3,Agomé-Tomégbé,TOMEGBE,Plantation Doh,1973,Prive - individuel,POINT (0.5545915982363494 6.963697662259946)
_mview_plantation_etablissements_plantation.fid-2fb68024_1a0f82ae2b1_4b37,Plateaux,Kloto,Kloto 3,Agomé-Tomégbé,TOMEGBE,Plantation Doh,1975,Prive - individuel,POINT (0.5545912620079703 6.965550265393356)
_mview_plantation_etablissements_plantation.fid-2fb68024_1a0f82ae2b1_4b38,Plateaux,Kloto,Kloto 3,Agomé-Tomégbé,TOMEGBE,Plantation Nakwa,1991,Prive - individuel,POINT (0.5547757546000414 6.965962253497635)
_mview_plantation_etablissements_plantation.fid-2fb68024_1a0f82ae2b1_4b39,Plateaux,Kloto,Kloto 3,Agomé-Tomégbé,TOMEGBE,Plantation Ametepe,1980,Prive - individuel,POINT (0.5536161798430244 6.965771463391752)
_mview_plantation_etablissements_plantation.fid-2fb68024_1a0f82ae2b1_4b3a,Plateaux,Kloto,Kloto 3,Agomé-Tomégbé,TOMEGBE,Plantation Koffitsri,1969,Prive - individuel,POINT (0.553401230958491 6.965371659522293)
_mview_plantation_etablissements_plantation.fid-2fb68024_1a0f82ae2b1_4b3b,Plateaux,Kloto,Kloto 3,Agomé-Tomégbé,TOMEGBE,Plantation Awoute,1968,Prive - individuel,POINT (0.5523795501602489 6.963920868307792)
_mview_plantation_etablissements_plantation.fid-2fb68024_1a0f82ae2b1_4b3c,Plateaux,Kloto,Kloto 3,Agomé-Tomégbé,TOMEGBE,Plantation Eklu,2007,Prive - individuel,POINT (0.5524192358703236 6.965366040650916)
_mview_plantation_etablissements_plantation.fid-2fb68024_1a0f82ae2b1_4b3d,Plateaux,Kloto,Kloto 3,Agomé-Tomégbé,TOMEGBE,Plantation Dagadzi,1974,Prive - individuel,POINT (0.5511951613768594 6.963059080477481)
_mview_plantation_etablissements_plantation.fid-2fb68024_1a0f82ae2b1_4b3e,Plateaux,Kloto,Kloto 3,Agomé-Tomégbé,TOMEGBE,Plantation Gnagne,1982,Prive - individuel,POINT (0.5511977150000007 6.962555457096284)
_mview_plantation_etablissements_plantation.fid-2fb68024_1a0f82ae2b1_4b3f,Plateaux,Kloto,Kloto 3,Agomé-Tomégbé,TOMEGBE,Plantation Agnaga,2005,Prive - individuel,POINT (0.551635841366344 6.960484912168443)
_mview_plantation_etablissements_plantation.fid-2fb68024_1a0f82ae2b1_4b40,Plateaux,Kloto,Kloto 3,Agomé-Tomégbé,TOMEGBE,Plantation Avinou,1975,Prive - individuel,POINT (0.5524040777033624 6.957982976900415)
_mview_plantation_etablissements_plantation.fid-2fb68024_1a0f82ae2b1_4b41,Plateaux,Kloto,Kloto 3,Agomé-Tomégbé,TOMEGBE,Plantation Acotsia,1977,Prive - individuel,POINT (0.5523140782602588 6.9543342358245175)
_mview_plantation_etablissements_plantation.fid-2fb68024_1a0f82ae2b1_4b42,Plateaux,Kloto,Kloto 3,Agomé-Tomégbé,TOMEGBE,Plantation Amevo,1985,Prive - individuel,POINT (0.5539651361515443 6.953007021887542)
_mview_plantation_etablissements_plantation.fid-2fb68024_1a0f82ae2b1_4b43,Plateaux,Kloto,Kloto 3,Agomé-Tomégbé,TOMEGBE,Plantation Kilim,1983,Prive - individuel,POINT (0.5549248224453561 6.952789487181084)
_mview_plantation_etablissements_plantation.fid-2fb68024_1a0f82ae2b1_4b44,Plateaux,Kloto,Kloto 3,Agomé-Tomégbé,BOTCHO,Plantation Amewou,1974,Prive - individuel,POINT (0.5540799034972234 6.963285107874562)
_mview_plantation_etablissements_plantation.fid-2fb68024_1a0f82ae2b1_4b45,Plateaux,Kloto,Kloto 3,Agomé-Tomégbé,BOTCHO,Plantation Anade,2015,Prive - individuel,POINT (0.5553898173455357 6.965153419274917)
_mview_plantation_etablissements_plantation.fid-2fb68024_1a0f82ae2b1_4b46,Plateaux,Kloto,Kloto 3,Agomé-Tomégbé,GNANGBOTO,Plantation Koffitchri,1980,Prive - individuel,POINT (0.5541198322279368 6.964654540261186)
_mview_plantation_etablissements_plantation.fid-2fb68024_1a0f82ae2b1_4b47,Plateaux,Kloto,Kloto 3,Agomé-Tomégbé,GNANGBOTO,Plantation Zikpi,2008,Prive - individuel,POINT (0.5508211836655567 6.966485393777359)
_mview_plantation_etablissements_plantation.fid-2fb68024_1a0f82ae2b1_4b48,Plateaux,Kloto,Kloto 3,Agomé-Tomégbé,GNANGBOTO,Plantation Etso,2007,Prive - individuel,POINT (0.5500892205849944 6.966553908457567)
_mview_plantation_etablissements_plantation.fid-2fb68024_1a0f82ae2b1_4b49,Plateaux,Kloto,Kloto 3,Agomé-Tomégbé,GNANGBOTO,Plantation deti,1984,Prive - individuel,POINT (0.5490787460431441 6.966505616024117)
_mview_plantation_etablissements_plantation.fid-2fb68024_1a0f82ae2b1_4b4a,Plateaux,Kloto,Kloto 3,Agomé-Tomégbé,GNANGBOTO,Plantation Gawoso,2009,Prive - individuel,POINT (0.5513528213656563 6.962542739854731)
_mview_plantation_etablissements_plantation.fid-2fb68024_1a0f82ae2b1_4b4b,Plateaux,Kloto,Kloto 3,Agomé-Tomégbé,MODJODJODJI,Plantation Lanwi,2015,Prive - individuel,POINT (0.5540809475384264 6.960892901582125)
_mview_plantation_etablissements_plantation.fid-2fb68024_1a0f82ae2b1_4b4c,Plateaux,Kpélé,Kpélé 1,Kpélé-Dawlotou,KPEGADJE,Plantation Togui,2016,Nsp,POINT (0.955980165075585 7.017673904828995)
_mview_plantation_etablissements_plantation.fid-2fb68024_1a0f82ae2b1_4b4d,Plateaux,Kloto,Kloto 3,Agomé-Tomégbé,TOTOEME,Plantation Padabadi,2002,Prive - individuel,POINT (0.561796396368588 6.961396165264877)
_mview_plantation_etablissements_plantation.fid-2fb68024_1a0f82ae2b1_4b4e,Plateaux,Kloto,Kloto 3,Agomé-Tomégbé,TOTOEME,Plantation Adam,2002,Prive - individuel,POINT (0.5636371805204794 6.96248110282478)
_mview_plantation_etablissements_plantation.fid-2fb68024_1a0f82ae2b1_4b4f,Plateaux,Kloto,Kloto 3,Agomé-Tomégbé,TOTOEME,Plantation Adjaklo,2013,Prive - individuel,POINT (0.5636016772891845 6.961065278557699)
_mview_plantation_etablissements_plantation.fid-2fb68024_1a0f82ae2b1_4b50,Plateaux,Kpélé,Kpélé 2,Kpélé-Dutoé,ASSOGBE,Plantation Assogbe,2009,Prive - individuel,POINT (0.8090945875576229 7.239592709283423)
_mview_plantation_etablissements_plantation.fid-2fb68024_1a0f82ae2b1_4b51,Plateaux,Kloto,Kloto 3,Agomé-Tomégbé,TOTOEME,Plantation Agnedom,1997,Prive - individuel,POINT (0.5638367263999747 6.956488172260037)
_mview_plantation_etablissements_plantation.fid-2fb68024_1a0f82ae2b1_4b52,Plateaux,Kpélé,Kpélé 1,Kpélé-Govié,AKPATO,Plantation Dadja,2002,Prive - individuel,POINT (0.7724550537774143 7.1397284271230355)
_mview_plantation_etablissements_plantation.fid-2fb68024_1a0f82ae2b1_4b53,Plateaux,Kpélé,Kpélé 1,Kpélé-Govié,BODJE-ATRAVE,Plantation Boko,2014,Prive - individuel,POINT (0.9294318099811786 7.106178752600075)
_mview_plantation_etablissements_plantation.fid-2fb68024_1a0f82ae2b1_4b54,Plateaux,Kpélé,Kpélé 1,Kpélé-Dawlotou,TUTU ZIONOU,Plantation Tekpo,2017,Prive - individuel,POINT (0.7961933333333333 7.012064999999999)
_mview_plantation_etablissements_plantation.fid-2fb68024_1a0f82ae2b1_4b55,Plateaux,Haho,Haho 1,Hahomégbé,hahomegbé,Plantation Noutsouvi,1997,Prive - individuel,POINT (1.031264524820397 6.93374568198347)
_mview_plantation_etablissements_plantation.fid-2fb68024_1a0f82ae2b1_4b56,Plateaux,Kpélé,Kpélé 1,Kpélé-Dawlotou,MEDJEMEGBE,Plantation Adessou,1997,Nsp,POINT (0.9738733333333334 7.02297)
_mview_plantation_etablissements_plantation.fid-2fb68024_1a0f82ae2b1_4b57,Plateaux,Kpélé,Kpélé 1,Kpélé-Dawlotou,MEDJEMEGBE,Plantation Adessou,1997,Prive - individuel,POINT (0.9742733333333333 7.021391666666667)
_mview_plantation_etablissements_plantation.fid-2fb68024_1a0f82ae2b1_4b58,Plateaux,Haho,Haho 1,Hahomégbé,Kpegadje,Plantation Agboko,2018,Prive - individuel,POINT (0.9555244957676072 7.001730522264384)
_mview_plantation_etablissements_plantation.fid-2fb68024_1a0f82ae2b1_4b59,Plateaux,Kpélé,Kpélé 1,Kpélé-Dawlotou,ZIONOU,Plantation Palaki,2008,Prive - individuel,POINT (0.8285082277760467 6.882278908221173)
_mview_plantation_etablissements_plantation.fid-2fb68024_1a0f82ae2b1_4b5a,Plateaux,Kpélé,Kpélé 1,Kpélé-Dawlotou,EKPLA,Plantation Aziave,2013,Prive - individuel,POINT (0.8394966091391813 6.903966150810471)
_mview_plantation_etablissements_plantation.fid-2fb68024_1a0f82ae2b1_4b5b,Plateaux,Kpélé,Kpélé 2,Kpélé-Gbalédzé,MOLOUWE,Plantation Apedo,1982,Prive - individuel,POINT (0.7393808150235376 7.186089706844795)
_mview_plantation_etablissements_plantation.fid-2fb68024_1a0f82ae2b1_4b5c,Plateaux,Kpélé,Kpélé 2,Kpélé-Nord,KPEGLO,Plantation Lamadoukou,2014,Prive - individuel,POINT (0.91816 7.2579199999999995)
_mview_plantation_etablissements_plantation.fid-2fb68024_1a0f82ae2b1_4b5d,Plateaux,Kpélé,Kpélé 2,Kpélé-Nord,AKADJAME,Plantation Aholou,1998,Prive - individuel,POINT (0.9350951058087592 7.279169747900849)
_mview_plantation_etablissements_plantation.fid-2fb68024_1a0f82ae2b1_4b5e,Plateaux,Kpélé,Kpélé 2,Kpélé-Nord,KOUGBAN,Plantation Potcho,2018,Prive - individuel,POINT (0.8671792694921102 7.284291993605939)
_mview_plantation_etablissements_plantation.fid-2fb68024_1a0f82ae2b1_4b5f,Plateaux,Kpélé,Kpélé 2,Kpélé-Nord,KPELE-ELE,Plantation Ketor,2001,Prive - individuel,POINT (0.8136163891700977 7.270264644391962)
_mview_plantation_etablissements_plantation.fid-2fb68024_1a0f82ae2b1_4b60,Plateaux,Kpélé,Kpélé 2,Kpélé-Nord,TEGBLEVE,Plantation Afotowossi,2013,Prive - Collectivite coutumiere,POINT (0.8318744164899464 7.267040627172393)
_mview_plantation_etablissements_plantation.fid-2fb68024_1a0f82ae2b1_4b61,Plateaux,Kpélé,Kpélé 2,Kpélé-Nord,KPEGLO,Plantation Pkalabou,2019,Prive - individuel,POINT (0.903245 7.254670000000001)
_mview_plantation_etablissements_plantation.fid-2fb68024_1a0f82ae2b1_4b62,Plateaux,Kpélé,Kpélé 2,Kpélé-Dutoé,AGBANON,Plantation Dogbe,2013,Prive - individuel,POINT (0.8000909532676392 7.26176861767838)
_mview_plantation_etablissements_plantation.fid-2fb68024_1a0f82ae2b1_4b63,Plateaux,Kpélé,Kpélé 2,Kpélé-Dutoé,AGBANON,Plantation Sourou,2014,Prive - individuel,POINT (0.797749997622303 7.2626298600137)
_mview_plantation_etablissements_plantation.fid-2fb68024_1a0f82ae2b1_4b64,Plateaux,Kpélé,Kpélé 2,Kpélé-Dutoé,ASSOGBE,Plantation Sekou,1991,Prive - individuel,POINT (0.8092208936460669 7.243511703993388)
_mview_plantation_etablissements_plantation.fid-2fb68024_1a0f82ae2b1_4b65,Plateaux,Kpélé,Kpélé 2,Kpélé-Dutoé,ASSOGBE,Plantation Assogbe,1979,Prive - individuel,POINT (0.8211178825058977 7.239907997575557)
_mview_plantation_etablissements_plantation.fid-2fb68024_1a0f82ae2b1_4b66,Plateaux,Kpélé,Kpélé 2,Kpélé-Dutoé,TEGBLEVE,Plantation Kloutse,2007,Prive - individuel,POINT (0.82692 7.260454999999999)
_mview_plantation_etablissements_plantation.fid-2fb68024_1a0f82ae2b1_4b67,Plateaux,Kpélé,Kpélé 2,Kpélé-Kamé,DJOGBEPIME 1,Plantation Yawokuma,2002,Prive - individuel,POINT (0.7994209310364191 7.2307861161199485)
_mview_plantation_etablissements_plantation.fid-2fb68024_1a0f82ae2b1_4b68,Plateaux,Kpélé,Kpélé 2,Kpélé-Kamé,AVEHO,Plantation Djidjonou,2009,Prive - individuel,POINT (0.7956059651510641 7.225107356224162)
_mview_plantation_etablissements_plantation.fid-2fb68024_1a0f82ae2b1_4b69,Plateaux,Kpélé,Kpélé 2,Kpélé-Kamé,ELEME,Plantation Makiou,1995,autre,POINT (0.9138588566755442 7.203044146404782)
_mview_plantation_etablissements_plantation.fid-2fb68024_1a0f82ae2b1_4b6a,Plateaux,Kpélé,Kpélé 2,Kpélé-Kamé,ELEME,Plantation Erewou,2013,Prive - individuel,POINT (0.9132250000000001 7.204575)
_mview_plantation_etablissements_plantation.fid-2fb68024_1a0f82ae2b1_4b6b,Plateaux,Kpélé,Kpélé 2,Kpélé-Kamé,KATARE,Plantation N'tato,2008,Prive - individuel,POINT (0.8115527576064675 7.205376137737576)
_mview_plantation_etablissements_plantation.fid-2fb68024_1a0f82ae2b1_4b6c,Plateaux,Kpélé,Kpélé 2,Kpélé-Gbalédzé,TSAVIE,Plantation Tsevi,1996,Prive - individuel,POINT (0.7464096404685818 7.18903696894367)
_mview_plantation_etablissements_plantation.fid-2fb68024_1a0f82ae2b1_4b6d,Plateaux,Kpélé,Kpélé 2,Kpélé-Gbalédzé,KPONVIE-TODJI,Plantation Awizoba,2004,Prive - individuel,POINT (0.742997002578534 7.203049577667833)
_mview_plantation_etablissements_plantation.fid-2fb68024_1a0f82ae2b1_4b6e,Plateaux,Kpélé,Kpélé 2,Kpélé-Gbalédzé,KPONVIE- TODJI,Plantation Lomou,1986,Prive - individuel,POINT (0.7432126851827651 7.204478160689181)
_mview_plantation_etablissements_plantation.fid-2fb68024_1a0f82ae2b1_4b6f,Plateaux,Kpélé,Kpélé 2,Kpélé-Gbalédzé,KPONVIE-TODJI,Plantation Kassou,1986,Prive - individuel,POINT (0.7490006042464288 7.21115651321607)
_mview_plantation_etablissements_plantation.fid-2fb68024_1a0f82ae2b1_4b70,Plateaux,Kpélé,Kpélé 2,Kpélé-Gbalédzé,MOLOUWE,Plantation Mana,1987,Prive - individuel,POINT (0.7398574032838342 7.185875254294716)
_mview_plantation_etablissements_plantation.fid-2fb68024_1a0f82ae2b1_4b71,Plateaux,Kpélé,Kpélé 2,Kpélé-Gbalédzé,MOLOUWE,Plantation Apedo,1999,Prive - individuel,POINT (0.7382722354869647 7.186280197653544)
_mview_plantation_etablissements_plantation.fid-2fb68024_1a0f82ae2b1_4b72,Plateaux,Kpélé,Kpélé 2,Kpélé-Gbalédzé,Molouwe,Plantation Yaya,1980,Prive - individuel,POINT (0.7398266946648302 7.187491700220414)
_mview_plantation_etablissements_plantation.fid-2fb68024_1a0f82ae2b1_4b73,Plateaux,Kpélé,Kpélé 2,Kpélé-Gbalédzé,MOLOUWE,Plantation Apedo,1974,Prive - individuel,POINT (0.7384929307521733 7.187594576137746)
_mview_plantation_etablissements_plantation.fid-2fb68024_1a0f82ae2b1_4b74,Plateaux,Kpélé,Kpélé 2,Kpélé-Gbalédzé,MOLOUWE,Plantation Atapi,1982,Prive - individuel,POINT (0.7403611616209212 7.184706645651369)
_mview_plantation_etablissements_plantation.fid-2fb68024_1a0f82ae2b1_4b75,Plateaux,Kpélé,Kpélé 2,Kpélé-Centre,KPATO,Plantation Biye,2013,Prive - individuel,POINT (0.7318216702159329 7.173459946865964)
_mview_plantation_etablissements_plantation.fid-2fb68024_1a0f82ae2b1_4b76,Plateaux,Kpélé,Kpélé 2,Kpélé-Centre,MOLOUWE,Plantation Kewi,2008,Prive - individuel,POINT (0.7434709627074325 7.180230661079329)
_mview_plantation_etablissements_plantation.fid-2fb68024_1a0f82ae2b1_4b77,Plateaux,Moyen-Mono,Moyen-Mono 1,Tohoun,EKPELEGOUGOU,Plantation Apedoh,1970,Prive - individuel,POINT (1.6197099824050696 7.0063383329993725)
_mview_plantation_etablissements_plantation.fid-2fb68024_1a0f82ae2b1_4b78,Plateaux,Moyen-Mono,Moyen-Mono 1,Tohoun,KPEGBEDJI,Plantation Apedoh,2018,Prive - individuel,POINT (1.6182495769472511 7.0149578896895415)
_mview_plantation_etablissements_plantation.fid-2fb68024_1a0f82ae2b1_4b79,Plateaux,Moyen-Mono,Moyen-Mono 1,Tohoun,AKPOUIME,Plantation Reveil,2000,Prive - individuel,POINT (1.5715935468219169 7.032986077787215)
_mview_plantation_etablissements_plantation.fid-2fb68024_1a0f82ae2b1_4b7a,Centrale,Tchaoudjo,Tchaoudjo 4,Kpassaouade,BONWOUDA,Plantation Atakora Kassim,1994,autre,POINT (1.2374790321297924 9.035096451050515)
_mview_plantation_etablissements_plantation.fid-2fb68024_1a0f82ae2b1_4b7b,Centrale,Tchaoudjo,Tchaoudjo 4,Kpassaouade,KPASSOUADÈ,Plantation Ouro-guezere,Nsp,autre,POINT (1.2921946892696445 9.05422518144685)
_mview_plantation_etablissements_plantation.fid-2fb68024_1a0f82ae2b1_4b7c,Centrale,Tchaoudjo,Tchaoudjo 4,Kpassaouade,KPASSOUADÈ,Plantation Ouro-guezere1,Nsp,autre,POINT (1.2910818222363523 9.05443270495041)
_mview_plantation_etablissements_plantation.fid-2fb68024_1a0f82ae2b1_4b7d,Centrale,Tchaoudjo,Tchaoudjo 4,Kpassaouade,KPASSOUADÈ,Plantation Ouro-agoro,2005,Prive - individuel,POINT (1.3109296139029727 9.04480373714915)
_mview_plantation_etablissements_plantation.fid-2fb68024_1a0f82ae2b1_4b7e,Centrale,Tchaoudjo,Tchaoudjo 4,Kpassaouade,KPASSOUADÈ,Plantation Ouro-koura,2005,Prive - individuel,POINT (1.313509688745697 9.040458627271848)
_mview_plantation_etablissements_plantation.fid-2fb68024_1a0f82ae2b1_4b7f,Centrale,Tchaoudjo,Tchaoudjo 4,Kpassaouade,KPASSOUADE,Plantation Ouro-bangna,2017,Prive - individuel,POINT (1.3067247099413213 9.065483392853181)
_mview_plantation_etablissements_plantation.fid-2fb68024_1a0f82ae2b1_4b80,Centrale,Tchaoudjo,Tchaoudjo 4,Kpassaouade,KPASSOUADE,Plantation Ouro-tagba,2002,Prive - individuel,POINT (1.3048267540668534 9.065013434603875)
_mview_plantation_etablissements_plantation.fid-2fb68024_1a0f82ae2b1_4b81,Centrale,Tchaoudjo,Tchaoudjo 4,Kpassaouade,KPASSOUADE,Plantation Potcho,1998,Prive - individuel,POINT (1.319526635864414 9.067223111827696)
_mview_plantation_etablissements_plantation.fid-2fb68024_1a0f82ae2b1_4b82,Centrale,Tchaoudjo,Tchaoudjo 4,Kpassaouade,KPASSOUADE,Plantation Ouroakondo,2014,Prive - individuel,POINT (1.3313430336513163 9.064447671157641)
_mview_plantation_etablissements_plantation.fid-2fb68024_1a0f82ae2b1_4b83,Centrale,Tchaoudjo,Tchaoudjo 4,Kpassaouade,KPASSOUADE,Plantation Ouro-gafou,2018,Prive - individuel,POINT (1.3281010318196387 9.060566094476545)
_mview_plantation_etablissements_plantation.fid-2fb68024_1a0f82ae2b1_4b84,Centrale,Tchaoudjo,Tchaoudjo 4,Kpassaouade,AFADADE 1,Plantation Ouro-madja,2000,Prive - individuel,POINT (1.3155797531548705 9.066756361355829)
_mview_plantation_etablissements_plantation.fid-2fb68024_1a0f82ae2b1_4b85,Centrale,Tchaoudjo,Tchaoudjo 4,Kpassaouade,AFADADE 1,Plantation Tchassanti,2010,Prive - individuel,POINT (1.3151967222634036 9.065765970277784)
_mview_plantation_etablissements_plantation.fid-2fb68024_1a0f82ae2b1_4b86,Centrale,Tchaoudjo,Tchaoudjo 4,Kpassaouade,AFADADE 1,Plantation Aridjatou,2018,Prive - individuel,POINT (1.3134044845704436 9.06670342147292)
_mview_plantation_etablissements_plantation.fid-2fb68024_1a0f82ae2b1_4b87,Centrale,Tchaoudjo,Tchaoudjo 4,Kpassaouade,AVADADE,Plantation Ouro Gnawou,Nsp,Prive - Collectivite coutumiere,POINT (1.2649764061783837 9.074270819903104)
_mview_plantation_etablissements_plantation.fid-2fb68024_1a0f82ae2b1_4b88,Centrale,Tchaoudjo,Tchaoudjo 4,Kpassaouade,AVADADE,Plantation Yorouma,2010,Prive - individuel,POINT (1.2575168589637957 9.077169462982493)
_mview_plantation_etablissements_plantation.fid-2fb68024_1a0f82ae2b1_4b89,Centrale,Tchaoudjo,Tchaoudjo 4,Kpassaouade,KPASSOUADÈ,Plantation Tchaa Djeri,Nsp,Prive - individuel,POINT (1.2810688326461839 9.060271400949105)
_mview_plantation_etablissements_plantation.fid-2fb68024_1a0f82ae2b1_4b8a,Centrale,Tchaoudjo,Tchaoudjo 4,Kpassaouade,KPALADA,Plantation Issaka,2017,Prive - individuel,POINT (1.2907505767994754 9.022600177264799)
_mview_plantation_etablissements_plantation.fid-2fb68024_1a0f82ae2b1_4b8b,Centrale,Tchaoudjo,Tchaoudjo 4,Kpassaouade,KPALADA,Plantation Ouro-bangna,2017,Prive - individuel,POINT (1.2896538250096419 9.023350791448491)
_mview_plantation_etablissements_plantation.fid-2fb68024_1a0f82ae2b1_4b8c,Centrale,Tchaoudjo,Tchaoudjo 4,Kpassaouade,KPALADA,Plantation Ouro-bangna,2017,Prive - individuel,POINT (1.2915260359152805 9.02047031454308)
_mview_plantation_etablissements_plantation.fid-2fb68024_1a0f82ae2b1_4b8d,Centrale,Tchaoudjo,Tchaoudjo 4,Kpassaouade,KPALADA,Plantation Ouro-nimini,1990,autre,POINT (1.287087276659496 9.025554205572254)
_mview_plantation_etablissements_plantation.fid-2fb68024_1a0f82ae2b1_4b8e,Centrale,Tchaoudjo,Tchaoudjo 4,Kpassaouade,KPALADA,Plantation Moussa,2018,Prive - individuel,POINT (1.3037442852869023 9.022305221805032)
_mview_plantation_etablissements_plantation.fid-2fb68024_1a0f82ae2b1_4b8f,Centrale,Tchaoudjo,Tchaoudjo 4,Kpassaouade,KPALADA,Plantation Assima,2017,Prive - individuel,POINT (1.3033951848240533 9.02425495053973)
_mview_plantation_etablissements_plantation.fid-2fb68024_1a0f82ae2b1_4b90,Centrale,Tchaoudjo,Tchaoudjo 4,Kpassaouade,KPALADA,Plantation Yaya,2016,Prive - individuel,POINT (1.3055852220462916 9.022654830018505)
_mview_plantation_etablissements_plantation.fid-2fb68024_1a0f82ae2b1_4b91,Centrale,Tchaoudjo,Tchaoudjo 4,Kpassaouade,DIBOREDA,Plantation Amarayao,2017,Prive - individuel,POINT (1.2804313073112574 9.035065915766639)
_mview_plantation_etablissements_plantation.fid-2fb68024_1a0f82ae2b1_4b92,Centrale,Tchaoudjo,Tchaoudjo 4,Kpassaouade,DIBOREDA,Plantation Tchatakoura,1990,Prive - individuel,POINT (1.2821443367041288 9.036307194934203)
_mview_plantation_etablissements_plantation.fid-2fb68024_1a0f82ae2b1_4b93,Centrale,Tchaoudjo,Tchaoudjo 4,Kpassaouade,DIBOREDA,Plantation Ouro-bangna,2010,Prive - individuel,POINT (1.2791002803179456 9.034745909238135)
_mview_plantation_etablissements_plantation.fid-2fb68024_1a0f82ae2b1_4b94,Centrale,Tchaoudjo,Tchaoudjo 4,Kpassaouade,DIBOREDA,Plantation Ouro-tagba,2010,Prive - individuel,POINT (1.2790033092417517 9.031715009373618)
_mview_plantation_etablissements_plantation.fid-2fb68024_1a0f82ae2b1_4b95,Centrale,Tchaoudjo,Tchaoudjo 4,Kpassaouade,DIBOREDA,Plantation Tchagafou,2017,Prive - individuel,POINT (1.2801307840301661 9.0288176364879)
_mview_plantation_etablissements_plantation.fid-2fb68024_1a0f82ae2b1_4b96,Centrale,Tchaoudjo,Tchaoudjo 4,Kpassaouade,DIBOREDA,Plantation Memem,2012,Prive - individuel,POINT (1.2787283249134613 9.029624979143911)
_mview_plantation_etablissements_plantation.fid-2fb68024_1a0f82ae2b1_4b97,Centrale,Tchaoudjo,Tchaoudjo 4,Kpassaouade,DIBOREDA,Plantation Ouro-tagba,2007,Prive - individuel,POINT (1.2819843441332577 9.028997407680151)
_mview_plantation_etablissements_plantation.fid-2fb68024_1a0f82ae2b1_4b98,Centrale,Tchaoudjo,Tchaoudjo 4,Kpassaouade,DIBOREDA,Plantation Tchatikpi,2004,Prive - individuel,POINT (1.2825326219443682 9.030922735406925)
_mview_plantation_etablissements_plantation.fid-2fb68024_1a0f82ae2b1_4b99,Centrale,Tchaoudjo,Tchaoudjo 4,Kpassaouade,DIBOREDA,Plantation Agodomou,2000,Prive - individuel,POINT (1.2836163262487992 9.032068985200198)
_mview_plantation_etablissements_plantation.fid-2fb68024_1a0f82ae2b1_4b9a,Centrale,Tchaoudjo,Tchaoudjo 4,Kpassaouade,DIBOREDA,Plantation Sani,2005,Prive - individuel,POINT (1.2813626152790902 9.030858190419297)
_mview_plantation_etablissements_plantation.fid-2fb68024_1a0f82ae2b1_4b9b,Centrale,Tchaoudjo,Tchaoudjo 4,Kpassaouade,DIBOREDA,Plantation Tchatikpi,2016,Prive - individuel,POINT (1.2814637468972974 9.031706932131131)
_mview_plantation_etablissements_plantation.fid-2fb68024_1a0f82ae2b1_4b9c,Plateaux,Moyen-Mono,Moyen-Mono 1,Tado,HUTIME,Plantation Hutime,2002,Prive - individuel,POINT (1.5693190494579479 7.1593305886139165)
_mview_plantation_etablissements_plantation.fid-2fb68024_1a0f82ae2b1_4b9d,Plateaux,Moyen-Mono,Moyen-Mono 1,Tado,HUTIME,Plantation Nagbe,1999,Prive - individuel,POINT (1.5683070014631582 7.160881895666731)
_mview_plantation_etablissements_plantation.fid-2fb68024_1a0f82ae2b1_4b9e,Plateaux,Moyen-Mono,Moyen-Mono 1,Ahassomè,AKEME,Plantation Gamemodji,1970,autre,POINT (1.5013755899335615 7.2509495472530014)
_mview_plantation_etablissements_plantation.fid-2fb68024_1a0f82ae2b1_4b9f,Plateaux,Moyen-Mono,Moyen-Mono 1,Ahassomè,ALOWANOUHOE,Plantation Avedji,Nsp,Prive - individuel,POINT (1.4911305928324383 7.263330342323904)
_mview_plantation_etablissements_plantation.fid-2fb68024_1a0f82ae2b1_4ba0,Plateaux,Moyen-Mono,Moyen-Mono 1,Ahassomè,ALOWANOUHOE,Plantation Atsignon,Nsp,Prive - individuel,POINT (1.4886190455945965 7.264031150891206)
_mview_plantation_etablissements_plantation.fid-2fb68024_1a0f82ae2b1_4ba1,Plateaux,Moyen-Mono,Moyen-Mono 1,Ahassomè,DJAKOTOME,Plantation Mechiamenou,2009,Prive - individuel,POINT (1.4957678642658165 7.2423055231508)
_mview_plantation_etablissements_plantation.fid-2fb68024_1a0f82ae2b1_4ba2,Plateaux,Moyen-Mono,Moyen-Mono 1,Ahassomè,DJAKOTOME,Plantation Meho,1998,Prive - individuel,POINT (1.4987589032185575 7.241595064884035)
_mview_plantation_etablissements_plantation.fid-2fb68024_1a0f82ae2b1_4ba3,Plateaux,Moyen-Mono,Moyen-Mono 2,Kpékplémé,CHIYIME,Plantation Agbegno,1999,Prive - individuel,POINT (1.5643902275661286 7.3110244175670696)
_mview_plantation_etablissements_plantation.fid-2fb68024_1a0f82ae2b1_4ba4,Plateaux,Moyen-Mono,Moyen-Mono 2,Kpékplémé,CHIYIME,Plantation Ahouegodo,1997,Prive - individuel,POINT (1.573361471036874 7.2901309468093505)
_mview_plantation_etablissements_plantation.fid-2fb68024_1a0f82ae2b1_4ba5,Plateaux,Moyen-Mono,Moyen-Mono 2,Kpékplémé,MANGOTCHI,Plantation Zohodji,1960,Prive - individuel,POINT (1.5699549151237921 7.28698360032631)
_mview_plantation_etablissements_plantation.fid-2fb68024_1a0f82ae2b1_4ba6,Plateaux,Moyen-Mono,Moyen-Mono 2,Kpékplémé,KLIKOME,Plantation Klikome,1975,Prive - individuel,POINT (1.5491494938725494 7.284321922922084)
_mview_plantation_etablissements_plantation.fid-2fb68024_1a0f82ae2b1_4ba7,Plateaux,Ogou,Ogou 1,Houdou,FOUKOTE,Plantation Amegan,2018,Prive - individuel,POINT (1.162789382741875 7.611888491086651)
_mview_plantation_etablissements_plantation.fid-2fb68024_1a0f82ae2b1_4ba8,Plateaux,Ogou,Ogou 1,Houdou,FOUKOTE,Plantation Amegan,2019,Prive - individuel,POINT (1.1616672411164373 7.609812827179737)
_mview_plantation_etablissements_plantation.fid-2fb68024_1a0f82ae2b1_4ba9,Plateaux,Ogou,Ogou 1,Houdou,FOUKOTE,Plantation Amegan,1990,Prive - individuel,POINT (1.1581027090087253 7.608945766041995)
_mview_plantation_etablissements_plantation.fid-2fb68024_1a0f82ae2b1_4baa,Plateaux,Ogou,Ogou 1,Houdou,KABLE- COPE,Plantation Sinotogolaise,1984,Domaine public de l Etat ou des collectivites territoriales,POINT (1.1759810937555621 7.714494130187603)
_mview_plantation_etablissements_plantation.fid-2fb68024_1a0f82ae2b1_4bab,Plateaux,Ogou,Ogou 1,Djama,ABOTESSE,Plantation N'gbomawo,2019,Prive - Collectivite coutumiere,POINT (1.1949533826658534 7.533232250797737)
_mview_plantation_etablissements_plantation.fid-2fb68024_1a0f82ae2b1_4bac,Plateaux,Ogou,Ogou 1,Gnagna,TALO PÉRIMÈTRE,Plantation Agbele,2019,Prive - individuel,POINT (1.1758189716682066 7.485077192083633)
_mview_plantation_etablissements_plantation.fid-2fb68024_1a0f82ae2b1_4bad,Plateaux,Ogou,Ogou 1,Gnagna,AROUKA-KOPE,Plantation Akoete,2006,Prive - individuel,POINT (1.1938783008788891 7.4757593014765495)
_mview_plantation_etablissements_plantation.fid-2fb68024_1a0f82ae2b1_4bae,Plateaux,Ogou,Ogou 2,Katoré,KATORE,Plantation Kokou-gueri,2007,Domaine prive de l Etat ou des collectivites territoriales,POINT (1.3334650000000001 7.3896500000000005)
_mview_plantation_etablissements_plantation.fid-2fb68024_1a0f82ae2b1_4baf,Plateaux,Ogou,Ogou 2,Katoré,KELEKPE N'TARE,Plantation Som,2014,Domaine prive de l Etat ou des collectivites territoriales,POINT (1.2969466666666667 7.403998333333334)
_mview_plantation_etablissements_plantation.fid-2fb68024_1a0f82ae2b1_4bb0,Plateaux,Ogou,Ogou 2,Katoré,KATORE,Plantation Kokou-gueri,2019,Prive - individuel,POINT (1.3310199999999999 7.390181666666666)
_mview_plantation_etablissements_plantation.fid-2fb68024_1a0f82ae2b1_4bb1,Plateaux,Ogou,Ogou 2,Katoré,KELEKPENTARE,Plantation Langa,2014,Prive - individuel,POINT (1.3251650000000001 7.387066666666668)
_mview_plantation_etablissements_plantation.fid-2fb68024_1a0f82ae2b1_4bb2,Plateaux,Ogou,Ogou 2,Katoré,KPAKPO,Plantation N'tchou,1981,Prive - individuel,POINT (1.2393333333333334 7.409308333333333)
_mview_plantation_etablissements_plantation.fid-2fb68024_1a0f82ae2b1_4bb3,Plateaux,Ogou,Ogou 2,Datcha,OKPODJIVE,Plantation Akue,Nsp,Prive - individuel,POINT (1.1808816666666668 7.413365000000001)
_mview_plantation_etablissements_plantation.fid-2fb68024_1a0f82ae2b1_4bb4,Plateaux,Ogou,Ogou 2,Datcha,IKOATCHA,Plantation Kassegne,2018,Prive - individuel,POINT (1.1958189262967318 7.4192483815614665)
_mview_plantation_etablissements_plantation.fid-2fb68024_1a0f82ae2b1_4bb5,Plateaux,Ogou,Ogou 2,Datcha,KOUATCHA,Plantation Aladji,2010,Prive - individuel,POINT (1.1973881713687493 7.396468707958345)
_mview_plantation_etablissements_plantation.fid-2fb68024_1a0f82ae2b1_4bb6,Plateaux,Ogou,Ogou 2,Datcha,ILAMA,Plantation Kpandekpa,2019,Prive - individuel,POINT (1.255197511200555 7.358547073358564)
_mview_plantation_etablissements_plantation.fid-2fb68024_1a0f82ae2b1_4bb7,Plateaux,Ogou,Ogou 2,Datcha,AHOSSOUKOPE,Plantation Tade,1989,Prive - individuel,POINT (1.2066933333333334 7.388959999999999)
_mview_plantation_etablissements_plantation.fid-2fb68024_1a0f82ae2b1_4bb8,Plateaux,Ogou,Ogou 2,Akparé,KOTCHADJO,Plantation Kondo,2012,Prive - individuel,POINT (1.2506189860303436 7.478964702015165)
_mview_plantation_etablissements_plantation.fid-2fb68024_1a0f82ae2b1_4bb9,Plateaux,Ogou,Ogou 2,Akparé,ABI,Plantation Soklou,1985,Prive - individuel,POINT (1.2264118247192848 7.480396085434249)
_mview_plantation_etablissements_plantation.fid-2fb68024_1a0f82ae2b1_4bba,Plateaux,Ogou,Ogou 2,Akparé,ABI,Plantation Akoda,1982,Prive - individuel,POINT (1.2242052756572686 7.477828661553736)
_mview_plantation_etablissements_plantation.fid-2fb68024_1a0f82ae2b1_4bbb,Plateaux,Ogou,Ogou 2,Akparé,KOTCHADJO,Plantation Kota,2007,Prive - individuel,POINT (1.2651105224515582 7.475122662440922)
_mview_plantation_etablissements_plantation.fid-2fb68024_1a0f82ae2b1_4bbc,Plateaux,Ogou,Ogou 2,Akparé,KOTCHADJO,Plantation Nouamey,2007,Prive - individuel,POINT (1.2499936839761705 7.487703229004456)
_mview_plantation_etablissements_plantation.fid-2fb68024_1a0f82ae2b1_4bbd,Plateaux,Ogou,Ogou 2,Akparé,OKOUTALAKOU,Plantation Djagbanssou,1992,Prive - individuel,POINT (1.3123666666666667 7.493365)
_mview_plantation_etablissements_plantation.fid-2fb68024_1a0f82ae2b1_4bbe,Plateaux,Ogou,Ogou 2,Akparé,ALI COPE,Plantation Koffi Ba,1974,Prive - individuel,POINT (1.2428416666666666 7.527393333333333)
_mview_plantation_etablissements_plantation.fid-2fb68024_1a0f82ae2b1_4bbf,Plateaux,Ogou,Ogou 3,Gléi,TAGBEGA,Plantation Tayeleka,Nsp,Prive - individuel,POINT (1.0659077090719793 7.186854522359426)
_mview_plantation_etablissements_plantation.fid-2fb68024_1a0f82ae2b1_4bc0,Plateaux,Ogou,Ogou 3,Gléi,Tagbega,Plantation Tayeleka,2013,Prive - individuel,POINT (1.0656304402358516 7.190130987179182)
_mview_plantation_etablissements_plantation.fid-2fb68024_1a0f82ae2b1_4bc1,Plateaux,Ogou,Ogou 3,Gléi,KALABE,Plantation Legezime,2008,Prive - individuel,POINT (1.0743785212818908 7.192247537340909)
_mview_plantation_etablissements_plantation.fid-2fb68024_1a0f82ae2b1_4bc2,Plateaux,Ogou,Ogou 3,Gléi,TAGBEGA,Plantation Alibetim,2008,Prive - individuel,POINT (1.0629755892167299 7.191133660485979)
_mview_plantation_etablissements_plantation.fid-2fb68024_1a0f82ae2b1_4bc3,Plateaux,Ogou,Ogou 3,Gléi,KOUBOKOUNA,Plantation Adji,2009,Prive - individuel,POINT (1.3203338087108951 7.239430125610775)
_mview_plantation_etablissements_plantation.fid-2fb68024_1a0f82ae2b1_4bc4,Plateaux,Ogou,Ogou 3,Gléi,TCHELLA,Plantation Medenokpon,2018,Prive - individuel,POINT (1.2122820527412552 7.261883793752752)
_mview_plantation_etablissements_plantation.fid-2fb68024_1a0f82ae2b1_4bc5,Plateaux,Ogou,Ogou 3,Gléi,TCHELLA,Plantation Nofodji,2016,Prive - individuel,POINT (1.214063608218187 7.262518010035965)
_mview_plantation_etablissements_plantation.fid-2fb68024_1a0f82ae2b1_4bc6,Plateaux,Ogou,Ogou 3,Gléi,TCHELLA,Plantation Nofodji,2017,Prive - individuel,POINT (1.2004449401715898 7.2664722104356905)
_mview_plantation_etablissements_plantation.fid-2fb68024_1a0f82ae2b1_4bc7,Plateaux,Ogou,Ogou 3,Gléi,TCHELLA,Plantation Doussa,2016,Prive - individuel,POINT (1.2185591249856247 7.262293057902997)
_mview_plantation_etablissements_plantation.fid-2fb68024_1a0f82ae2b1_4bc8,Plateaux,Ogou,Ogou 3,Gléi,ATAKPARA,Plantation Lombo,2002,Prive - individuel,POINT (1.226098612092073 7.282645014909373)
_mview_plantation_etablissements_plantation.fid-2fb68024_1a0f82ae2b1_4bc9,Plateaux,Ogou,Ogou 3,Gléi,ATAKPARA,Plantation Takadjo,2000,Prive - individuel,POINT (1.229354622481132 7.260247298725243)
_mview_plantation_etablissements_plantation.fid-2fb68024_1a0f82ae2b1_4bca,Plateaux,Ogou,Ogou 3,Gléi,SAMA KOPE,Plantation de Palmier Dakpo,1992,Prive - individuel,POINT (1.2748001586826159 7.244974904270344)
_mview_plantation_etablissements_plantation.fid-2fb68024_1a0f82ae2b1_4bcb,Plateaux,Ogou,Ogou 3,Gléi,SAMA KOPE,Plantation de Palmier Dakpo,2000,Prive - individuel,POINT (1.283005 7.245888333333332)
_mview_plantation_etablissements_plantation.fid-2fb68024_1a0f82ae2b1_4bcc,Plateaux,Ogou,Ogou 4,Ountivou,AZOVOU,Plantation Lebene,2007,Prive - individuel,POINT (1.6007816666666665 7.438368333333333)
_mview_plantation_etablissements_plantation.fid-2fb68024_1a0f82ae2b1_4bcd,Plateaux,Ogou,Ogou 4,Ountivou,KATOME,Plantation Espoir,2017,Prive - individuel,POINT (1.6113321057615209 7.40367522110368)
_mview_plantation_etablissements_plantation.fid-2fb68024_1a0f82ae2b1_4bce,Plateaux,Wawa,Wawa 3,Okou,ILE,Plantation Kombate,2000,Prive - individuel,POINT (0.851378743980464 7.609121463090922)
_mview_plantation_etablissements_plantation.fid-2fb68024_1a0f82ae2b1_4bcf,Plateaux,Wawa,Wawa 3,Okou,ILE,Plantation Bangue,1984,Prive - individuel,POINT (0.8540166666666666 7.61392)
_mview_plantation_etablissements_plantation.fid-2fb68024_1a0f82ae2b1_4bd0,Plateaux,Wawa,Wawa 3,Okou,BENA OLA,Plantation Agosse,2016,Prive - individuel,POINT (0.887215 7.546631666666667)
_mview_plantation_etablissements_plantation.fid-2fb68024_1a0f82ae2b1_4bd1,Plateaux,Wawa,Wawa 3,Okou,OKOU,Plantation Yorou,1989,Prive - individuel,POINT (0.8593656452627626 7.559419025316798)
_mview_plantation_etablissements_plantation.fid-2fb68024_1a0f82ae2b1_4bd2,Plateaux,Wawa,Wawa 3,Doumé,ENYILAVASSE,Plantation Gletsou,2002,Prive - individuel,POINT (0.7672733333333334 7.56604)
_mview_plantation_etablissements_plantation.fid-2fb68024_1a0f82ae2b1_4bd3,Plateaux,Wawa,Wawa 3,Doumé,ENYILAVASSE,Plantation Kouatome,1992,Prive - individuel,POINT (0.7668183333333333 7.564266666666667)
_mview_plantation_etablissements_plantation.fid-2fb68024_1a0f82ae2b1_4bd4,Plateaux,Wawa,Wawa 3,Doumé,ENYAWU-ALI,Plantation Aboubakari,1981,Prive - individuel,POINT (0.8203716666666666 7.586603333333333)
_mview_plantation_etablissements_plantation.fid-2fb68024_1a0f82ae2b1_4bd5,Plateaux,Wawa,Wawa 3,Doumé,ENYAWU-ALI,Plantation Ouro-agouda,1981,Prive - individuel,POINT (0.8164028033422627 7.595342231857728)
_mview_plantation_etablissements_plantation.fid-2fb68024_1a0f82ae2b1_4bd6,Plateaux,Wawa,Wawa 3,Doumé,ENYAWU ALI,Plantation Ouro-sama,1981,Prive - individuel,POINT (0.8132283333333333 7.590985000000001)
_mview_plantation_etablissements_plantation.fid-2fb68024_1a0f82ae2b1_4bd7,Plateaux,Wawa,Wawa 3,Doumé,ILE,Plantation Sambiani,2016,Prive - individuel,POINT (0.8469358180308256 7.608963653771432)
_mview_plantation_etablissements_plantation.fid-2fb68024_1a0f82ae2b1_4bd8,Plateaux,Wawa,Wawa 3,Doumé,ILE,Plantation Sambiani,1990,Prive - individuel,POINT (0.8467540661185415 7.61036573579388)
_mview_plantation_etablissements_plantation.fid-2fb68024_1a0f82ae2b1_4bd9,Centrale,Blitta,Blitta 1,Pagala-Gare,PAGALA LASSA,Plantation d'Anacades Amougnon,2000,Prive - individuel,POINT (1.0102416666666667 8.22565)
_mview_plantation_etablissements_plantation.fid-2fb68024_1a0f82ae2b1_4bda,Plateaux,Wawa,Wawa 1,Kpété-Béna,ABOREH,Plantation Eklou,1998,Prive - individuel,POINT (0.5733983333333333 7.452815)
_mview_plantation_etablissements_plantation.fid-2fb68024_1a0f82ae2b1_4bdb,Centrale,Blitta,Blitta 1,Pagala-Gare,PAGALA LASSA,Plantation d'Anacades Gambia,2007,Prive - individuel,POINT (0.9773884934674556 8.204464244541896)
_mview_plantation_etablissements_plantation.fid-2fb68024_1a0f82ae2b1_4bdc,Centrale,Blitta,Blitta 1,Pagala-Gare,PAGALA LASSA,Plantation d'Anacades Anida,2014,Prive - individuel,POINT (1.008555771239988 8.20797319727753)
_mview_plantation_etablissements_plantation.fid-2fb68024_1a0f82ae2b1_4bdd,Centrale,Blitta,Blitta 1,Pagala-Gare,POUYO,Plantation de Laokpezi,2017,Prive - Collectivite coutumiere,POINT (0.9863083333333333 8.197198333333334)
_mview_plantation_etablissements_plantation.fid-2fb68024_1a0f82ae2b1_4bde,Centrale,Blitta,Blitta 1,Pagala-Gare,LOMNAVA,Plantation d'Anacades Atake,2015,Prive - individuel,POINT (0.9996967523590841 8.201234189845898)
_mview_plantation_etablissements_plantation.fid-2fb68024_1a0f82ae2b1_4bdf,Centrale,Blitta,Blitta 1,Pagala-Gare,TCHITACHO KOPE,Plantation de Teck de Komlan,2010,Prive - individuel,POINT (0.9509946447931306 8.14910085984378)
_mview_plantation_etablissements_plantation.fid-2fb68024_1a0f82ae2b1_4be0,Centrale,Blitta,Blitta 1,Pagala-Gare,TCHITACHO KOPE,Plantation d'Anacades Komlan,2015,Prive - individuel,POINT (0.9534631891896252 8.148268561439593)
_mview_plantation_etablissements_plantation.fid-2fb68024_1a0f82ae2b1_4be1,Centrale,Blitta,Blitta 1,Pagala-Gare,TCHITACHO KOPE,Plantation d'Anacades Komlan 2,2014,Prive - individuel,POINT (0.9542177708231049 8.142709026798455)
_mview_plantation_etablissements_plantation.fid-2fb68024_1a0f82ae2b1_4be2,Centrale,Blitta,Blitta 1,Pagala-Gare,TCHITCHAO KOPE,Plantation de Palmier Komlan,2008,Prive - individuel,POINT (0.9594955462600536 8.170106962481627)
_mview_plantation_etablissements_plantation.fid-2fb68024_1a0f82ae2b1_4be3,Centrale,Blitta,Blitta 1,Pagala-Gare,PAGALA-GARE CARRIÈRE,Plantation d'Anacades Kokou,2016,Prive - individuel,POINT (0.9909933991953845 8.157818587513106)
_mview_plantation_etablissements_plantation.fid-2fb68024_1a0f82ae2b1_4be4,Plateaux,Wawa,Wawa 1,Kpété-Béna,MANGBE 1,Plantation Agnam,1996,Prive - individuel,POINT (0.5640526239427683 7.459667172331002)
_mview_plantation_etablissements_plantation.fid-2fb68024_1a0f82ae2b1_4be5,Plateaux,Wawa,Wawa 1,Kpété-Béna,MANGBE 1,Plantation Dzata,1984,Prive - individuel,POINT (0.564255 7.460565000000001)
_mview_plantation_etablissements_plantation.fid-2fb68024_1a0f82ae2b1_4be6,Plateaux,Wawa,Wawa 1,Kpété-Béna,ABORE,Plantation Hodedzoe,1991,Prive - individuel,POINT (0.5691416666666667 7.458259999999999)
_mview_plantation_etablissements_plantation.fid-2fb68024_1a0f82ae2b1_4be7,Plateaux,Wawa,Wawa 1,Badou,KESSIBO,Plantation Maman,2007,Prive - individuel,POINT (0.610075 7.602376666666667)
_mview_plantation_etablissements_plantation.fid-2fb68024_1a0f82ae2b1_4be8,Plateaux,Wawa,Wawa 1,Késsibo,ABREWANKOR,Plantation Adade,2020,Prive - individuel,POINT (0.6129133333333333 7.617931666666667)
_mview_plantation_etablissements_plantation.fid-2fb68024_1a0f82ae2b1_4be9,Plateaux,Wawa,Wawa 2,Gbadi-N'kougna,GBADI-N'KOUGNA,Plantation Amouzou,2015,Prive - individuel,POINT (0.702805 7.455211666666666)
_mview_plantation_etablissements_plantation.fid-2fb68024_1a0f82ae2b1_4bea,Plateaux,Wawa,Wawa 2,Gbadi-N'kougna,ENAWOE,Plantation Awadji,1982,Prive - individuel,POINT (0.728945 7.468651666666667)
_mview_plantation_etablissements_plantation.fid-2fb68024_1a0f82ae2b1_4beb,Plateaux,Wawa,Wawa 2,Gbadi-N'kougna,GBADI-N'KOUGNA,Plantation Gadjo,2009,Prive - individuel,POINT (0.6980683333333333 7.444386666666666)
_mview_plantation_etablissements_plantation.fid-2fb68024_1a0f82ae2b1_4bec,Plateaux,Wawa,Wawa 2,Gbadi-N'kougna,GBADI-N'KOUGNA,Plantation Itiblitse,1988,Prive - individuel,POINT (0.72054 7.450678333333333)
_mview_plantation_etablissements_plantation.fid-2fb68024_1a0f82ae2b1_4bed,Plateaux,Wawa,Wawa 2,Ekéto,EKETO,Plantation Djagbavi,2017,Prive - individuel,POINT (0.8414445779998148 7.473080682416409)
_mview_plantation_etablissements_plantation.fid-2fb68024_1a0f82ae2b1_4bee,Plateaux,Wawa,Wawa 2,Ekéto,EKETO,Plantation Djagbavi,2000,Prive - individuel,POINT (0.840056130402799 7.472739566984283)
_mview_plantation_etablissements_plantation.fid-2fb68024_1a0f82ae2b1_4bef,Plateaux,Wawa,Wawa 2,Ekéto,GBADI-GAWODO,Plantation Amedoume,1984,Prive - individuel,POINT (0.7577078727918705 7.483475375266102)
_mview_plantation_etablissements_plantation.fid-2fb68024_1a0f82ae2b1_4bf0,Plateaux,Wawa,Wawa 3,Klabé-Efoukpa,GONOBE,Plantation Pewoudie,1992,Prive - individuel,POINT (0.7394266666666667 7.5943000000000005)
_mview_plantation_etablissements_plantation.fid-2fb68024_1a0f82ae2b1_4bf1,Plateaux,Wawa,Wawa 3,Klabé-Efoukpa,IKAVI-KOPE,Plantation Bidiwu,1980,Prive - individuel,POINT (0.7491599999999999 7.602665)
_mview_plantation_etablissements_plantation.fid-2fb68024_1a0f82ae2b1_4bf2,Plateaux,Wawa,Wawa 3,Klabé-Efoukpa,DEGBEZOUMA,Plantation Oufe,2007,Prive - individuel,POINT (0.7655433333333334 7.612178333333333)
_mview_plantation_etablissements_plantation.fid-2fb68024_1a0f82ae2b1_4bf3,Plateaux,Wawa,Wawa 3,Zogbégan,NYILAVASSE,Plantation Djabigou,2012,Prive - individuel,POINT (0.7454649999999999 7.574444999999999)
_mview_plantation_etablissements_plantation.fid-2fb68024_1a0f82ae2b1_4bf4,Centrale,Blitta,Blitta 1,Blitta,TONDJA,Plantation Anarcadier,2002,Prive - Collectivite coutumiere,POINT (0.9663829044058665 8.300039196397798)
_mview_plantation_etablissements_plantation.fid-2fb68024_1a0f82ae2b1_4bf5,Centrale,Blitta,Blitta 1,Blitta,LOUIS KOPE,Plantation d'Anacades Menen,2012,Prive - individuel,POINT (0.941731610404919 8.344736673234424)
_mview_plantation_etablissements_plantation.fid-2fb68024_1a0f82ae2b1_4bf6,Centrale,Blitta,Blitta 1,Blitta,LOUIS KOPE,Plantation d'Anacades Alassani,1986,Prive - individuel,POINT (0.9365935978560029 8.341804512236607)
_mview_plantation_etablissements_plantation.fid-2fb68024_1a0f82ae2b1_4bf7,Centrale,Blitta,Blitta 1,Blitta,LOUIS KOPE,Plantation d'Anacades Dermane,2000,Prive - individuel,POINT (0.9394004933196359 8.33907410935062)
_mview_plantation_etablissements_plantation.fid-2fb68024_1a0f82ae2b1_4bf8,Centrale,Blitta,Blitta 2,Tcharè-Baou,LOSSO,Plantation d'Anacades Babako,2014,Prive - individuel,POINT (1.0283233333333333 8.067386666666666)
_mview_plantation_etablissements_plantation.fid-2fb68024_1a0f82ae2b1_4bf9,Centrale,Blitta,Blitta 1,Blitta,LOUIS KOPE,Plantation d'Anacades Tchedre,2002,Prive - individuel,POINT (0.9456258072599225 8.344447067007398)
_mview_plantation_etablissements_plantation.fid-2fb68024_1a0f82ae2b1_4bfa,Centrale,Blitta,Blitta 1,Blitta,LOUIS KOPE,Plantation d'Anacades Ousmane,2012,Prive - individuel,POINT (0.942094290488006 8.346880184860186)
_mview_plantation_etablissements_plantation.fid-2fb68024_1a0f82ae2b1_4bfb,Centrale,Blitta,Blitta 1,Blitta,BLITTA GARE,Plantation d'Anacades Ouro,2017,Prive - individuel,POINT (0.9672985071614915 8.298705987417682)
_mview_plantation_etablissements_plantation.fid-2fb68024_1a0f82ae2b1_4bfc,Centrale,Blitta,Blitta 1,Blitta,BLITTA GARE,Plantation Ouro Bagna Cherif,2017,Prive - individuel,POINT (0.9627925569212733 8.293100665850355)
_mview_plantation_etablissements_plantation.fid-2fb68024_1a0f82ae2b1_4bfd,Centrale,Blitta,Blitta 1,Blitta,TONDJA,Plantation de Teck de Ouro,2000,Prive - individuel,POINT (0.9611630934307245 8.293418166427404)
_mview_plantation_etablissements_plantation.fid-2fb68024_1a0f82ae2b1_4bfe,Centrale,Blitta,Blitta 1,Blitta,TONDJA,Plantation d'Anacades Souleymane,2008,Prive - individuel,POINT (0.9614481204256611 8.294308347439783)
_mview_plantation_etablissements_plantation.fid-2fb68024_1a0f82ae2b1_4bff,Centrale,Blitta,Blitta 1,Blitta,BLITTA GARE,Plantation de Teck de Ouro,1998,Prive - individuel,POINT (0.9662622591113719 8.297163558138772)
_mview_plantation_etablissements_plantation.fid-2fb68024_1a0f82ae2b1_4c00,Centrale,Blitta,Blitta 1,Blitta,BLITTA GARE,Plantation d'Anacades Souleymane,2014,Prive - individuel,POINT (0.9566358063381816 8.29101485650486)
_mview_plantation_etablissements_plantation.fid-2fb68024_1a0f82ae2b1_4c01,Centrale,Blitta,Blitta 1,Blitta,TONDJA,Plantation de Teck de Alassani,1998,Prive - individuel,POINT (0.9575925724178352 8.29363710261997)
_mview_plantation_etablissements_plantation.fid-2fb68024_1a0f82ae2b1_4c02,Centrale,Blitta,Blitta 1,Blitta,BLITTA GARE,Plantation d'Anacades Issaka,2000,Prive - individuel,POINT (0.9574528984546604 8.289156889364127)
_mview_plantation_etablissements_plantation.fid-2fb68024_1a0f82ae2b1_4c03,Centrale,Blitta,Blitta 1,Blitta,BLITTA GARE,Plantation d'Anacades Boukari,2009,Prive - individuel,POINT (0.9741 8.300443333333334)
_mview_plantation_etablissements_plantation.fid-2fb68024_1a0f82ae2b1_4c04,Centrale,Blitta,Blitta 1,Blitta,BLITTA GARE,Plantation d'Anacades Salifou,2001,Prive - individuel,POINT (0.97138 8.300583333333332)
_mview_plantation_etablissements_plantation.fid-2fb68024_1a0f82ae2b1_4c05,Centrale,Blitta,Blitta 1,Blitta,BLITTA CAMPEMENT,Plantation Aminou,2006,Prive - individuel,POINT (0.9675463004155335 8.30184957539867)
_mview_plantation_etablissements_plantation.fid-2fb68024_1a0f82ae2b1_4c06,Centrale,Blitta,Blitta 1,Blitta,BLITTA CAMPEMENT,Plantation d'Anacades Yakoubou,2006,Prive - individuel,POINT (0.9659916666666667 8.304465)
_mview_plantation_etablissements_plantation.fid-2fb68024_1a0f82ae2b1_4c07,Centrale,Blitta,Blitta 1,Blitta,LAONDA,Plantation d'Anacades Laonda,2014,Prive - individuel,POINT (0.9612055810033852 8.316719996084167)
_mview_plantation_etablissements_plantation.fid-2fb68024_1a0f82ae2b1_4c08,Centrale,Blitta,Blitta 1,Blitta,Laonda,Plantation d'Anacades et Teck Laonda,2010,Prive - individuel,POINT (0.9580592578666838 8.314418335782767)
_mview_plantation_etablissements_plantation.fid-2fb68024_1a0f82ae2b1_4c09,Centrale,Blitta,Blitta 1,Blitta,Ville Deux,Plantation d'Anacades Ville deux,2017,Prive - individuel,POINT (0.9630917502787202 8.313699778638128)
_mview_plantation_etablissements_plantation.fid-2fb68024_1a0f82ae2b1_4c0a,Centrale,Blitta,Blitta 1,Blitta,TINDJASSIN,Plantation d'Anacades Bouraima,1998,Prive - individuel,POINT (0.9228314301871852 8.358446346510927)
_mview_plantation_etablissements_plantation.fid-2fb68024_1a0f82ae2b1_4c0b,Centrale,Blitta,Blitta 1,Blitta,TINDJASSIN,Plantation d'Anacades Yakoubou,2005,Prive - individuel,POINT (0.925965353921912 8.360443840359148)
_mview_plantation_etablissements_plantation.fid-2fb68024_1a0f82ae2b1_4c0c,Centrale,Blitta,Blitta 1,Blitta,TINDJASSIN,Plantation d'Anacades Yakoubou,2005,Prive - individuel,POINT (0.9263319165604597 8.362596913061697)
_mview_plantation_etablissements_plantation.fid-2fb68024_1a0f82ae2b1_4c0d,Centrale,Blitta,Blitta 1,Blitta,TINDJASSIN,Plantation d'Anacades Ibrahima,1997,Prive - individuel,POINT (0.9188200393531476 8.359663781938684)
_mview_plantation_etablissements_plantation.fid-2fb68024_1a0f82ae2b1_4c0e,Centrale,Blitta,Blitta 1,Blitta,TINDJASSIN,Plantation d'Anacades Idrissou,2000,Prive - individuel,POINT (0.9194271003162338 8.35559664361883)
_mview_plantation_etablissements_plantation.fid-2fb68024_1a0f82ae2b1_4c0f,Centrale,Blitta,Blitta 1,Blitta,TINDJASSIN,Plantation d'Anacades Ramatou,2000,Prive - individuel,POINT (0.9224754609877218 8.356593847781198)
_mview_plantation_etablissements_plantation.fid-2fb68024_1a0f82ae2b1_4c10,Centrale,Blitta,Blitta 1,Blitta,TINDJASSIN,Plantation d'Anacades Ali,2000,Prive - individuel,POINT (0.9217170979313426 8.355013212764813)
_mview_plantation_etablissements_plantation.fid-2fb68024_1a0f82ae2b1_4c11,Centrale,Blitta,Blitta 1,Blitta,TINDJASSIN,Plantation d'Anacades Seydou,2012,Prive - individuel,POINT (0.9206934595848106 8.354106584638458)
_mview_plantation_etablissements_plantation.fid-2fb68024_1a0f82ae2b1_4c12,Centrale,Blitta,Blitta 1,Blitta,TINDJASSIN,Plantation d'Anacades Faya,2008,Prive - individuel,POINT (0.9299178324269491 8.36526189642274)
_mview_plantation_etablissements_plantation.fid-2fb68024_1a0f82ae2b1_4c13,Centrale,Blitta,Blitta 1,Blitta,ROGERKOPE,Plantation de Tickets de Damasinaou,2005,Prive - individuel,POINT (0.9632069541412136 8.341459418030306)
_mview_plantation_etablissements_plantation.fid-2fb68024_1a0f82ae2b1_4c14,Centrale,Blitta,Blitta 1,Blitta,CARRIÈRE,Plantation d'Anacades Yakoubou,2014,Prive - individuel,POINT (0.9624633333333333 8.308316666666666)
_mview_plantation_etablissements_plantation.fid-2fb68024_1a0f82ae2b1_4c15,Centrale,Blitta,Blitta 1,Blitta,TONDJA,Plantation de Ouro Bossi,2002,Prive - Collectivite coutumiere,POINT (0.9679886873684128 8.29982336537456)
_mview_plantation_etablissements_plantation.fid-2fb68024_1a0f82ae2b1_4c16,Centrale,Blitta,Blitta 1,Blitta,TONDJA,Plantation de Badanag'gnowou,2018,Prive - Collectivite coutumiere,POINT (0.9676776688607417 8.300840478464202)
_mview_plantation_etablissements_plantation.fid-2fb68024_1a0f82ae2b1_4c17,Centrale,Blitta,Blitta 1,Blitta,NICOLASKOPÉ,Plantation de Ourobang'na,2012,Prive - Collectivite coutumiere,POINT (0.9698159905098555 8.309601528809822)
_mview_plantation_etablissements_plantation.fid-2fb68024_1a0f82ae2b1_4c18,Centrale,Blitta,Blitta 1,Yaloumbè,YALOUMBE LOSSO,Plantation d'Anacades Moumouni,1997,Prive - individuel,POINT (1.0614342519691244 8.31380337752105)
_mview_plantation_etablissements_plantation.fid-2fb68024_1a0f82ae2b1_4c19,Centrale,Blitta,Blitta 1,Yaloumbè,Defalé kopé,Plantation d'Anacades Aglessessi,2014,Prive - individuel,POINT (1.1003653011071761 8.29374542278752)
_mview_plantation_etablissements_plantation.fid-2fb68024_1a0f82ae2b1_4c1a,Centrale,Blitta,Blitta 1,Yaloumbè,YALOUMBE LOSSO,Plantation d'Anacades Kambia,2018,Prive - individuel,POINT (1.0808780762206873 8.33289106311542)
_mview_plantation_etablissements_plantation.fid-2fb68024_1a0f82ae2b1_4c1b,Centrale,Blitta,Blitta 1,Yaloumbè,Plantation d'anacarde de,Plantation d'Anacades Tairou,1992,Prive - entreprise,POINT (1.0750545281083619 8.295992070296814)
_mview_plantation_etablissements_plantation.fid-2fb68024_1a0f82ae2b1_4c1c,Centrale,Blitta,Blitta 1,Yaloumbè,ZONGO,Plantation de Palmiste de Komou,2002,Prive - individuel,POINT (1.070889157404117 8.311892082121329)
_mview_plantation_etablissements_plantation.fid-2fb68024_1a0f82ae2b1_4c1d,Centrale,Blitta,Blitta 1,Yaloumbè,KIDALOWE,Plantation d'Anacades Yorou,2017,Prive - individuel,POINT (1.1129280864153839 8.329412992108534)
_mview_plantation_etablissements_plantation.fid-2fb68024_1a0f82ae2b1_4c1e,Centrale,Blitta,Blitta 3,Tintchro,Talabo,Plantation d'Anacades Asiati,2016,Prive - individuel,POINT (0.7150319163086694 8.074066619431497)
_mview_plantation_etablissements_plantation.fid-2fb68024_1a0f82ae2b1_4c1f,Centrale,Blitta,Blitta 1,Yaloumbè,DIDIROUKOU,Plantation d'Anacades Chidou,1984,Prive - individuel,POINT (1.1210878746802144 8.339601269843033)
_mview_plantation_etablissements_plantation.fid-2fb68024_1a0f82ae2b1_4c20,Centrale,Blitta,Blitta 1,Yaloumbè,DIDIROUKOU,Plantation d'Anacades et de Teck Evalo,2005,Prive - individuel,POINT (1.1206004459971224 8.343708976146896)
_mview_plantation_etablissements_plantation.fid-2fb68024_1a0f82ae2b1_4c21,Centrale,Blitta,Blitta 1,Yaloumbè,BOKODE,Plantation d'Anacades et de Palmier Boko,1995,Prive - individuel,POINT (1.1327511471788885 8.359029560886844)
_mview_plantation_etablissements_plantation.fid-2fb68024_1a0f82ae2b1_4c22,Centrale,Blitta,Blitta 1,Yaloumbè,BOKODE,Plantation de Palmier Tchao,2000,Prive - individuel,POINT (1.1364389549792286 8.356347034098274)
_mview_plantation_etablissements_plantation.fid-2fb68024_1a0f82ae2b1_4c23,Centrale,Blitta,Blitta 1,Yaloumbè,KOUDE,Plantation d'Anacades Abaloto,2005,Prive - individuel,POINT (1.118384154211398 8.360579887043787)
_mview_plantation_etablissements_plantation.fid-2fb68024_1a0f82ae2b1_4c24,Centrale,Blitta,Blitta 1,Tchaloudè,Toulewaï,Plantation de Palmier Kabiya,2009,Prive - individuel,POINT (1.1668681798616458 8.312474316041653)
_mview_plantation_etablissements_plantation.fid-2fb68024_1a0f82ae2b1_4c25,Centrale,Blitta,Blitta 1,Tchaloudè,Kanboussa,Plantation d'Anacades Kpalou,2017,Prive - individuel,POINT (1.1617365572495937 8.34656478345425)
_mview_plantation_etablissements_plantation.fid-2fb68024_1a0f82ae2b1_4c26,Centrale,Blitta,Blitta 1,Tchaloudè,TOULEWAÏ,Plantation de Simbama,1975,Prive - individuel,POINT (1.1596759556026444 8.308136979098466)
_mview_plantation_etablissements_plantation.fid-2fb68024_1a0f82ae2b1_4c27,Centrale,Blitta,Blitta 1,Tchaloudè,NIKI-NIKI 1,Plantation de Kezie,1987,Prive - individuel,POINT (1.1807814504866843 8.344549876308848)
_mview_plantation_etablissements_plantation.fid-2fb68024_1a0f82ae2b1_4c28,Centrale,Blitta,Blitta 1,Tchaloudè,KANBOUSSA,Plantation de Kpalo,2018,Prive - individuel,POINT (1.1599581763099958 8.34539498617631)
_mview_plantation_etablissements_plantation.fid-2fb68024_1a0f82ae2b1_4c29,Centrale,Blitta,Blitta 1,Doufouli,BLITTA GARE,Plantation d'Anacades Tigon,2016,Prive - individuel,POINT (0.9545284693200421 8.29672200518309)
_mview_plantation_etablissements_plantation.fid-2fb68024_1a0f82ae2b1_4c2a,Centrale,Blitta,Blitta 1,Doufouli,BLITTA GARE,Plantation d'Anacades Pakayi,1998,Prive - individuel,POINT (0.9515772664210479 8.29837690443983)
_mview_plantation_etablissements_plantation.fid-2fb68024_1a0f82ae2b1_4c2b,Centrale,Blitta,Blitta 1,Doufouli,TROIS MANGUIERS,Plantation d'Anacades Tchoulouda,2007,Prive - individuel,POINT (0.9505621218961718 8.313220166120878)
_mview_plantation_etablissements_plantation.fid-2fb68024_1a0f82ae2b1_4c2c,Centrale,Blitta,Blitta 1,Doufouli,Trois manguiers,Plantation Teck Et Anacarde de Adokoudimado,2014,Prive - individuel,POINT (0.9482222064280157 8.309416649578859)
_mview_plantation_etablissements_plantation.fid-2fb68024_1a0f82ae2b1_4c2d,Centrale,Blitta,Blitta 1,Doufouli,Opera,Plantation d'Anacades Opéra,1998,Prive - individuel,POINT (0.9443677706840345 8.306608267022266)
_mview_plantation_etablissements_plantation.fid-2fb68024_1a0f82ae2b1_4c2e,Centrale,Blitta,Blitta 1,Doufouli,BLITTA GARE,Plantation de Teck de Nika,2008,Prive - individuel,POINT (0.9424018647202431 8.298672691150461)
_mview_plantation_etablissements_plantation.fid-2fb68024_1a0f82ae2b1_4c2f,Centrale,Blitta,Blitta 1,Doufouli,Doufouli,Plantation de Teck de Gbengui,2008,Prive - individuel,POINT (0.9303072002726168 8.292125541333338)
_mview_plantation_etablissements_plantation.fid-2fb68024_1a0f82ae2b1_4c30,Centrale,Blitta,Blitta 1,Doufouli,Doufouli,Plantation d'Anacades Gbengui,2016,Prive - individuel,POINT (0.9302330624705899 8.293206793402906)
_mview_plantation_etablissements_plantation.fid-2fb68024_1a0f82ae2b1_4c31,Centrale,Blitta,Blitta 1,Doufouli,Doufouli,Plantation de Teck D'atisso,2007,Prive - individuel,POINT (0.924310672912878 8.31326905689745)
_mview_plantation_etablissements_plantation.fid-2fb68024_1a0f82ae2b1_4c32,Centrale,Blitta,Blitta 1,Doufouli,Doufouli,Plantation d'Anacades D'atisso,2011,Prive - individuel,POINT (0.9239566540806159 8.311147376493544)
_mview_plantation_etablissements_plantation.fid-2fb68024_1a0f82ae2b1_4c33,Centrale,Blitta,Blitta 1,Doufouli,CARRIÈRE,Plantation d'Anacades Ouro Agodomou,2005,Prive - individuel,POINT (0.9561183333333333 8.302576666666665)
_mview_plantation_etablissements_plantation.fid-2fb68024_1a0f82ae2b1_4c34,Centrale,Blitta,Blitta 2,Tcharè-Baou,ATIKPAÏ,Plantation d'Anacades Ayivi,2018,Prive - individuel,POINT (1.0846155891970304 8.092151809645856)
_mview_plantation_etablissements_plantation.fid-2fb68024_1a0f82ae2b1_4c35,Centrale,Blitta,Blitta 2,Tcharè-Baou,SOUSSOUKPAROGAN,Plantation de Teck de Iepp Blitta-ouest,2007,Domaine public de l Etat ou des collectivites territoriales,POINT (1.0341562505351376 8.026698910190031)
_mview_plantation_etablissements_plantation.fid-2fb68024_1a0f82ae2b1_4c36,Centrale,Blitta,Blitta 2,Koffiti,MATEKPO,Plantation d'Anacades Yovo,2007,Prive - individuel,POINT (1.1488934081000903 8.057379015723587)
_mview_plantation_etablissements_plantation.fid-2fb68024_1a0f82ae2b1_4c37,Centrale,Blitta,Blitta 2,Koffiti,MATEKPO,Plantation d'Anacades Amedome,2007,autre,POINT (1.1522528244806076 8.057434416250425)
_mview_plantation_etablissements_plantation.fid-2fb68024_1a0f82ae2b1_4c38,Centrale,Blitta,Blitta 2,Koffiti,SAMOUREKONDJI,Plantation d'Anacades Amah,1988,Prive - individuel,POINT (1.1512109200517118 8.045000993002212)
_mview_plantation_etablissements_plantation.fid-2fb68024_1a0f82ae2b1_4c39,Centrale,Blitta,Blitta 2,Koffiti,SAMOUREKONDE,Plantation d'Anacades Yovo,1993,Prive - individuel,POINT (1.153732504909021 8.04815874365141)
_mview_plantation_etablissements_plantation.fid-2fb68024_1a0f82ae2b1_4c3a,Centrale,Blitta,Blitta 2,Koffiti,SAMOURE KONDJI,Plantation d'Anacades Degbe,1995,Prive - individuel,POINT (1.1594516666666665 8.049983333333333)
_mview_plantation_etablissements_plantation.fid-2fb68024_1a0f82ae2b1_4c3b,Centrale,Blitta,Blitta 2,Koffiti,MALOMI,Plantation de Teck de Bawara,Nsp,Prive - individuel,POINT (1.1934974265836331 8.018133028630725)
_mview_plantation_etablissements_plantation.fid-2fb68024_1a0f82ae2b1_4c3c,Centrale,Blitta,Blitta 2,Langabou,LANGABOU,Plantation de Teque Nougloze,2008,Prive - individuel,POINT (1.1453373557796624 8.118433562261936)
_mview_plantation_etablissements_plantation.fid-2fb68024_1a0f82ae2b1_4c3d,Centrale,Blitta,Blitta 2,Langabou,Langabou,Plantation d'Anacades Nouglozé,2018,Prive - individuel,POINT (1.1487919915110503 8.117621199846548)
_mview_plantation_etablissements_plantation.fid-2fb68024_1a0f82ae2b1_4c3e,Centrale,Blitta,Blitta 2,Agbandi,Mono,Plantation de Banane de Viko Holding,2020,Prive - individuel,POINT (1.2334083427856184 8.256028386059368)
_mview_plantation_etablissements_plantation.fid-2fb68024_1a0f82ae2b1_4c3f,Centrale,Blitta,Blitta 2,Agbandi,AGBANDI CENTRE,Plantation de Teque de Houngbo,2008,Prive - individuel,POINT (1.1518866666666667 8.218776666666667)
_mview_plantation_etablissements_plantation.fid-2fb68024_1a0f82ae2b1_4c40,Centrale,Tchamba,Tchamba 1,Larini,BOUSSOU,Plantation d'Anacades Adjatri,1988,Prive - individuel,POINT (1.4613968931213777 9.069813082218547)
_mview_plantation_etablissements_plantation.fid-2fb68024_1a0f82ae2b1_4c41,Centrale,Blitta,Blitta 2,Agbandi,DOGOKOPE,Plantation Amana,2017,Prive - individuel,POINT (1.0779447618823355 8.235053223757475)
_mview_plantation_etablissements_plantation.fid-2fb68024_1a0f82ae2b1_4c42,Centrale,Blitta,Blitta 3,Tintchro,ELAVAGNON,Plantation de Yaka,1972,Prive - Collectivite coutumiere,POINT (0.7469779170245876 8.119153019499747)
_mview_plantation_etablissements_plantation.fid-2fb68024_1a0f82ae2b1_4c43,Centrale,Blitta,Blitta 3,Tintchro,ELAVAGNON,Plantation Barehtai,2018,Prive - individuel,POINT (0.7314183333333334 8.12583)
_mview_plantation_etablissements_plantation.fid-2fb68024_1a0f82ae2b1_4c44,Centrale,Blitta,Blitta 3,Tintchro,ELAVAGNON,Plantation Ofiko,2020,Prive - individuel,POINT (0.7355533333333334 8.139878333333334)
_mview_plantation_etablissements_plantation.fid-2fb68024_1a0f82ae2b1_4c45,Centrale,Blitta,Blitta 3,Tintchro,AGOKPO,Plantation Soga,2014,Prive - individuel,POINT (0.8113136076170333 8.134385448758847)
_mview_plantation_etablissements_plantation.fid-2fb68024_1a0f82ae2b1_4c46,Centrale,Blitta,Blitta 3,Tintchro,N'KONKOA,Plantation Bomadi,1998,Prive - Collectivite coutumiere,POINT (0.735022808804401 8.14201270923511)
_mview_plantation_etablissements_plantation.fid-2fb68024_1a0f82ae2b1_4c47,Centrale,Blitta,Blitta 3,Tintchro,ELAVAGNON,Plantation Djamoussa,2018,Prive - Collectivite coutumiere,POINT (0.7298958630970624 8.135669043068146)
_mview_plantation_etablissements_plantation.fid-2fb68024_1a0f82ae2b1_4c48,Centrale,Blitta,Blitta 3,Tintchro,AGOKPO,Plantation Soga,1990,Prive - Collectivite coutumiere,POINT (0.8117832107056282 8.138312013153856)
_mview_plantation_etablissements_plantation.fid-2fb68024_1a0f82ae2b1_4c49,Centrale,Blitta,Blitta 3,Tintchro,KOFLO,Plantation d'AnacadesEsseni,2018,Prive - individuel,POINT (0.7714940081500687 8.066059446640134)
_mview_plantation_etablissements_plantation.fid-2fb68024_1a0f82ae2b1_4c4a,Centrale,Blitta,Blitta 3,Tintchro,KOFLOU 4,Plantation de Manguier de Djiwonou,1977,Prive - individuel,POINT (0.7644232271860396 8.082887810009382)
_mview_plantation_etablissements_plantation.fid-2fb68024_1a0f82ae2b1_4c4b,Centrale,Blitta,Blitta 3,Tintchro,KOFLO,Plantation de Cacao de Esseni,2021,Prive - individuel,POINT (0.777246445643042 8.060835891360295)
_mview_plantation_etablissements_plantation.fid-2fb68024_1a0f82ae2b1_4c4c,Centrale,Blitta,Blitta 3,Tintchro,KOFLO,Plantation d'Anacades Satchoula,2019,Prive - individuel,POINT (0.7646320230864269 8.102312406164769)
_mview_plantation_etablissements_plantation.fid-2fb68024_1a0f82ae2b1_4c4d,Centrale,Blitta,Blitta 3,Tintchro,KOFLO,Plantation d'Anacades Nossilaki,2017,Prive - individuel,POINT (0.7427597402052096 8.07689532438105)
_mview_plantation_etablissements_plantation.fid-2fb68024_1a0f82ae2b1_4c4e,Centrale,Blitta,Blitta 3,Tintchro,KOFLO,Plantation de Teck de Honou,2013,Prive - individuel,POINT (0.7595396794954138 8.07557930076256)
_mview_plantation_etablissements_plantation.fid-2fb68024_1a0f82ae2b1_4c4f,Centrale,Blitta,Blitta 3,Tintchro,KOFLO,Plantation d'Anacades Agomeda,2017,Prive - individuel,POINT (0.75453 8.061088333333334)
_mview_plantation_etablissements_plantation.fid-2fb68024_1a0f82ae2b1_4c50,Centrale,Blitta,Blitta 3,Tintchro,KOFLO,Plantation de Cacao de Avako,2005,Prive - individuel,POINT (0.7539760302955107 8.05277019956358)
_mview_plantation_etablissements_plantation.fid-2fb68024_1a0f82ae2b1_4c51,Centrale,Blitta,Blitta 3,Tintchro,Talabo,Plantation d'Anacades Agoda,2016,Prive - individuel,POINT (0.7149396479939814 8.075229830355589)
_mview_plantation_etablissements_plantation.fid-2fb68024_1a0f82ae2b1_4c52,Centrale,Blitta,Blitta 3,Tintchro,Talabo,Plantation d'Anacades Ayolou,2020,Prive - individuel,POINT (0.7159306039592932 8.075294461815748)
_mview_plantation_etablissements_plantation.fid-2fb68024_1a0f82ae2b1_4c53,Centrale,Blitta,Blitta 3,Tintchro,Talabo,Plantation d'Anacades Agoda,2015,Prive - individuel,POINT (0.7134321225691962 8.072234972370676)
_mview_plantation_etablissements_plantation.fid-2fb68024_1a0f82ae2b1_4c54,Centrale,Blitta,Blitta 3,Tintchro,KOUFLO 4,Plantation d'Anacades Djiwonou,2008,Prive - individuel,POINT (0.7725271526954233 8.0607499345586)
_mview_plantation_etablissements_plantation.fid-2fb68024_1a0f82ae2b1_4c55,Centrale,Sotouboua,Sotouboua 2,Aouda,AOU-MONO,Plantation Afilade,1997,Prive - individuel,POINT (1.181963492047799 8.684881620005495)
_mview_plantation_etablissements_plantation.fid-2fb68024_1a0f82ae2b1_4c56,Centrale,Blitta,Blitta 3,Welly,WELLY AYIKPAI,Plantation d'Anacades Wallah,2009,Prive - individuel,POINT (0.8734933333333333 8.05231)
_mview_plantation_etablissements_plantation.fid-2fb68024_1a0f82ae2b1_4c57,Centrale,Blitta,Blitta 3,Welly,WELLY KATAKPA,Plantation d'Anacades Awima,2019,Prive - individuel,POINT (0.8413683333333334 8.072681666666666)
_mview_plantation_etablissements_plantation.fid-2fb68024_1a0f82ae2b1_4c58,Centrale,Blitta,Blitta 3,Welly,WELLY KATAKPA,Plantation d'Anacades Zanga,2018,Prive - individuel,POINT (0.8431783420832257 8.072830017677166)
_mview_plantation_etablissements_plantation.fid-2fb68024_1a0f82ae2b1_4c59,Centrale,Blitta,Blitta 3,Welly,WELLY KIDJAN,Plantation d'Anacades Azima,2015,Prive - individuel,POINT (0.8583557277328693 8.048400314413541)
_mview_plantation_etablissements_plantation.fid-2fb68024_1a0f82ae2b1_4c5a,Centrale,Blitta,Blitta 3,Welly,WELLY KIDJAN,Plantation d'Anacades Gnazou,2015,Prive - individuel,POINT (0.8634466666666667 8.05316)
_mview_plantation_etablissements_plantation.fid-2fb68024_1a0f82ae2b1_4c5b,Centrale,Blitta,Blitta 3,Welly,WELLY KOUKA,Plantation d'Anacades Fabre,2017,Prive - individuel,POINT (0.8701383333333333 8.041744999999999)
_mview_plantation_etablissements_plantation.fid-2fb68024_1a0f82ae2b1_4c5c,Centrale,Blitta,Blitta 3,Welly,WELLY CENTRE,Plantation d'Anacades Amah,2015,Prive - individuel,POINT (0.884 8.078408333333334)
_mview_plantation_etablissements_plantation.fid-2fb68024_1a0f82ae2b1_4c5d,Centrale,Blitta,Blitta 3,Welly,WAWA CENTRE,Plantation Aloko Koudjo,2017,Prive - individuel,POINT (0.8561599999999999 7.96952)
_mview_plantation_etablissements_plantation.fid-2fb68024_1a0f82ae2b1_4c5e,Centrale,Blitta,Blitta 3,Tchifama,TCHIFAMA,Plantation Doumegan,2005,Prive - individuel,POINT (0.8060026589798068 8.190682034585404)
_mview_plantation_etablissements_plantation.fid-2fb68024_1a0f82ae2b1_4c5f,Centrale,Blitta,Blitta 3,Pagala-Village,YAYA,Plantation Owoussi,2018,Prive - Collectivite coutumiere,POINT (0.8392754259439239 8.176804795897155)
_mview_plantation_etablissements_plantation.fid-2fb68024_1a0f82ae2b1_4c60,Centrale,Blitta,Blitta 3,Pagala-Village,PAGALA VILLAGE,Plantation de Cacao de Kassegnin,2015,Prive - individuel,POINT (0.8843792042101645 8.21256559933965)
_mview_plantation_etablissements_plantation.fid-2fb68024_1a0f82ae2b1_4c61,Centrale,Blitta,Blitta 3,Pagala-Village,PAGALA N'SSENE,Plantation d'Anacades de Agbekponou,2015,Prive - individuel,POINT (0.8973288939216528 8.195597283885792)
_mview_plantation_etablissements_plantation.fid-2fb68024_1a0f82ae2b1_4c62,Centrale,Blitta,Blitta 3,Pagala-Village,PAGALA-TOMEGBE,Plantation de Emaodo,2011,Prive - individuel,POINT (0.8840894702836686 8.218081275177822)
_mview_plantation_etablissements_plantation.fid-2fb68024_1a0f82ae2b1_4c63,Centrale,Blitta,Blitta 3,Pagala-Village,PAGALA-TOMEGBE,Plantation de Koffi,2015,Prive - individuel,POINT (0.8629369315715958 8.213968717846413)
_mview_plantation_etablissements_plantation.fid-2fb68024_1a0f82ae2b1_4c64,Centrale,Blitta,Blitta 3,Pagala-Village,PAGALA-TOMEGBE,Plantation de Koffi,2018,Prive - individuel,POINT (0.8814933333333334 8.215541666666667)
_mview_plantation_etablissements_plantation.fid-2fb68024_1a0f82ae2b1_4c65,Centrale,Blitta,Blitta 3,Pagala-Village,KPASSAGUEBI,Plantation de Labi,2018,Prive - individuel,POINT (0.8533233333333333 8.20737)
_mview_plantation_etablissements_plantation.fid-2fb68024_1a0f82ae2b1_4c66,Centrale,Blitta,Blitta 3,Tchifama,ATCHIKE-KOPE,Plantation de Kelo,2005,Prive - individuel,POINT (0.7492483333333334 8.18403)
_mview_plantation_etablissements_plantation.fid-2fb68024_1a0f82ae2b1_4c67,Centrale,Blitta,Blitta 3,Tchifama,GUIKANDRE,Plantation Bonfo,1977,Prive - individuel,POINT (0.789825 8.181360000000002)
_mview_plantation_etablissements_plantation.fid-2fb68024_1a0f82ae2b1_4c68,Centrale,Blitta,Blitta 3,Tchifama,TCHIFAMA,Plantation Ferme Bergen,2004,Prive - individuel,POINT (0.8090402933928117 8.166893314182714)
_mview_plantation_etablissements_plantation.fid-2fb68024_1a0f82ae2b1_4c69,Centrale,Blitta,Blitta 3,Tchifama,TODJI,Plantation Doumegan,1970,Prive - Collectivite coutumiere,POINT (0.8071976478749097 8.187768953107149)
_mview_plantation_etablissements_plantation.fid-2fb68024_1a0f82ae2b1_4c6a,Centrale,Blitta,Blitta 3,Tchifama,GUIKANDRE,Plantation Espoir,2003,Prive - individuel,POINT (0.8018166089954083 8.183921481885598)
_mview_plantation_etablissements_plantation.fid-2fb68024_1a0f82ae2b1_4c6b,Centrale,Blitta,Blitta 3,Tchifama,GUIKANDRE,Plantation Tagba,2002,Prive - individuel,POINT (0.7875500617770371 8.177642389577358)
_mview_plantation_etablissements_plantation.fid-2fb68024_1a0f82ae2b1_4c6c,Centrale,Blitta,Blitta 3,Tchifama,GUIKANDRE,Plantation Tinankou,1995,Prive - individuel,POINT (0.8027074967884111 8.171300598876456)
_mview_plantation_etablissements_plantation.fid-2fb68024_1a0f82ae2b1_4c6d,Centrale,Blitta,Blitta 3,Tchifama,GUIKANDRE,Plantation Mazo,1983,Prive - individuel,POINT (0.7983610937082716 8.169556117481424)
_mview_plantation_etablissements_plantation.fid-2fb68024_1a0f82ae2b1_4c6e,Centrale,Blitta,Blitta 3,Tchifama,TCHIFAMA,Plantation Tchagouni,2007,Prive - individuel,POINT (0.808795 8.182728333333333)
_mview_plantation_etablissements_plantation.fid-2fb68024_1a0f82ae2b1_4c6f,Centrale,Blitta,Blitta 3,Tchifama,TCHIFAMA,Plantation N'djada,2003,Prive - individuel,POINT (0.809045 8.183165)
_mview_plantation_etablissements_plantation.fid-2fb68024_1a0f82ae2b1_4c70,Centrale,Blitta,Blitta 3,Atchintsè,ATCHINTCHE,Plantation d'Anacades Alassani,2006,Prive - individuel,POINT (0.6810234021737338 8.04322671616949)
_mview_plantation_etablissements_plantation.fid-2fb68024_1a0f82ae2b1_4c71,Centrale,Blitta,Blitta 3,Atchintsè,ASSOUKOKO,Plantation de Café de La Ferme Eyadema,1977,Prive - individuel,POINT (0.6847778905110999 8.011768886552273)
_mview_plantation_etablissements_plantation.fid-2fb68024_1a0f82ae2b1_4c72,Centrale,Blitta,Blitta 3,Atchintsè,Kpelé,Plantation d'Anacades Ameledji,2015,Prive - individuel,POINT (0.680203701742701 7.989707499192917)
_mview_plantation_etablissements_plantation.fid-2fb68024_1a0f82ae2b1_4c73,Centrale,Blitta,Blitta 3,Atchintsè,ASSOUKOKO,Plantation de Manguier de La Ferme Eyadema,1977,Prive - individuel,POINT (0.685120442604579 8.017876786747669)
_mview_plantation_etablissements_plantation.fid-2fb68024_1a0f82ae2b1_4c74,Centrale,Blitta,Blitta 3,Atchintsè,ASSOUKOKO,Plantation de Teck de La Ferme Eyadema,2008,Prive - individuel,POINT (0.6786402299305629 8.00876698342195)
_mview_plantation_etablissements_plantation.fid-2fb68024_1a0f82ae2b1_4c75,Centrale,Blitta,Blitta 3,Atchintsè,ASSOUKOKO,Plantation de Palmier de La Ferme Eyadema,1977,Prive - individuel,POINT (0.6933064727444667 8.010004806295072)
_mview_plantation_etablissements_plantation.fid-2fb68024_1a0f82ae2b1_4c76,Centrale,Blitta,Blitta 3,Atchintsè,ATCHINTCHE,Plantation de Manguier de Eyadema,1977,Prive - individuel,POINT (0.6835111743028743 8.016248377895042)
_mview_plantation_etablissements_plantation.fid-2fb68024_1a0f82ae2b1_4c77,Centrale,Blitta,Blitta 3,Atchintsè,KOFLO,Plantation de Banane de Kadaya,2018,Prive - individuel,POINT (0.7487794138410304 8.038041950327026)
_mview_plantation_etablissements_plantation.fid-2fb68024_1a0f82ae2b1_4c78,Centrale,Blitta,Blitta 3,Atchintsè,Talabo,Plantation de Cacao de Kuenyedji,1975,Prive - individuel,POINT (0.7303072975486617 8.049845957947259)
_mview_plantation_etablissements_plantation.fid-2fb68024_1a0f82ae2b1_4c79,Centrale,Blitta,Blitta 3,Diguengué,ABOUSSOUM-KOPE,Plantation de Okoussoum,2012,Prive - individuel,POINT (0.6447980704478625 8.10846914344898)
_mview_plantation_etablissements_plantation.fid-2fb68024_1a0f82ae2b1_4c7a,Centrale,Blitta,Blitta 3,Diguengué,ABOUSSOUM-KOPE,Plantation de Oboussoum,2011,Prive - individuel,POINT (0.6517220013227435 8.10174003599101)
_mview_plantation_etablissements_plantation.fid-2fb68024_1a0f82ae2b1_4c7b,Centrale,Blitta,Blitta 3,Diguengué,ABOUSSOUM-KOPE,Plantation  Aboussoum,2010,Prive - individuel,POINT (0.6453604649698217 8.107395353252416)
_mview_plantation_etablissements_plantation.fid-2fb68024_1a0f82ae2b1_4c7c,Centrale,Blitta,Blitta 3,Diguengué,NOUBO-NOUBO,Plantation de Koffikouma,2011,Prive - individuel,POINT (0.641797735757605 8.115080097526812)
_mview_plantation_etablissements_plantation.fid-2fb68024_1a0f82ae2b1_4c7d,Centrale,Blitta,Blitta 3,Diguengué,ABOUSSOUM-KOPE,Plantation de Thalagasso,2014,Prive - individuel,POINT (0.6276633333333332 8.10797)
_mview_plantation_etablissements_plantation.fid-2fb68024_1a0f82ae2b1_4c7e,Centrale,Blitta,Blitta 3,Diguengué,ABOUSSOUM-KOPE,Plantation Awuni,2000,Prive - individuel,POINT (0.6438616666666667 8.113216666666666)
_mview_plantation_etablissements_plantation.fid-2fb68024_1a0f82ae2b1_4c7f,Centrale,Blitta,Blitta 3,Yégué,YEGUE,Plantation Champ Ecole pour la Multiplication des Rejets d'Ananas(cemra),2019,Prive - individuel,POINT (0.6485993696434345 8.152125498817568)
_mview_plantation_etablissements_plantation.fid-2fb68024_1a0f82ae2b1_4c80,Centrale,Blitta,Blitta 3,Yégué,YEGUE,Plantation Champ d'Expérience d'Utilisation du Film Polyéthylène(ceufp),2021,Domaine public de l Etat ou des collectivites territoriales,POINT (0.6534286952531435 8.16547258003516)
_mview_plantation_etablissements_plantation.fid-2fb68024_1a0f82ae2b1_4c81,Centrale,Blitta,Blitta 3,Yégué,YEGUE,Plantation Donko,2007,Prive - individuel,POINT (0.6544833333333333 8.171496666666666)
_mview_plantation_etablissements_plantation.fid-2fb68024_1a0f82ae2b1_4c82,Centrale,Blitta,Blitta 3,Yégué,YEGUE,Plantation Mission Chatolique,2010,autre,POINT (0.6596449999999999 8.177118333333334)
_mview_plantation_etablissements_plantation.fid-2fb68024_1a0f82ae2b1_4c83,Centrale,Blitta,Blitta 3,Yégué,N'KONKOA,Plantation de Ofori,2005,Prive - Collectivite coutumiere,POINT (0.674796770536386 8.175713060909578)
_mview_plantation_etablissements_plantation.fid-2fb68024_1a0f82ae2b1_4c84,Centrale,Blitta,Blitta 3,Yégué,TOUMOULMOU,Plantation Komla,2020,Prive - Collectivite coutumiere,POINT (0.6569286915802931 8.137202635919879)
_mview_plantation_etablissements_plantation.fid-2fb68024_1a0f82ae2b1_4c85,Centrale,Blitta,Blitta 3,Yégué,TOUMOULMOU,Plantation N'sana,2019,Prive - individuel,POINT (0.6809168284046355 8.142263409845091)
_mview_plantation_etablissements_plantation.fid-2fb68024_1a0f82ae2b1_4c86,Centrale,Blitta,Blitta 3,Dikpéléou,DIKPELEOU,Plantation N'tela Kodjo-koumah,1940,Prive - individuel,POINT (0.6151716666666667 8.194854999999999)
_mview_plantation_etablissements_plantation.fid-2fb68024_1a0f82ae2b1_4c87,Centrale,Blitta,Blitta 3,Dikpéléou,DIKPELEOU,Plantation Evename,2002,Prive - individuel,POINT (0.6128549999999999 8.19937)
_mview_plantation_etablissements_plantation.fid-2fb68024_1a0f82ae2b1_4c88,Centrale,Blitta,Blitta 3,Dikpéléou,DIKPELEOU,Plantation Yao,2002,Prive - individuel,POINT (0.6137 8.199928333333334)
_mview_plantation_etablissements_plantation.fid-2fb68024_1a0f82ae2b1_4c89,Centrale,Blitta,Blitta 3,Dikpéléou,DIKPELEOU,Plantation N'tela,2002,Prive - individuel,POINT (0.6098983333333333 8.200521666666667)
_mview_plantation_etablissements_plantation.fid-2fb68024_1a0f82ae2b1_4c8a,Centrale,Blitta,Blitta 3,Dikpéléou,AGALE-OLE,Plantation Evename,1991,Prive - Collectivite coutumiere,POINT (0.6131866666666668 8.198498333333333)
_mview_plantation_etablissements_plantation.fid-2fb68024_1a0f82ae2b1_4c8b,Centrale,Blitta,Blitta 3,Dikpéléou,LOMNAVA,Plantation d'Anacades Okpowou,2019,Prive - individuel,POINT (0.625535 8.18642)
_mview_plantation_etablissements_plantation.fid-2fb68024_1a0f82ae2b1_4c8c,Centrale,Blitta,Blitta 3,Dikpéléou,LOMNAVA,Plantation d'Anacades Moudor,2015,Prive - individuel,POINT (0.6346522510606363 8.189495057787187)
_mview_plantation_etablissements_plantation.fid-2fb68024_1a0f82ae2b1_4c8d,Centrale,Blitta,Blitta 3,Dikpéléou,BOVI,Plantation de Tecks de Bovi,2003,Prive - individuel,POINT (0.6260166666666667 8.187598333333334)
_mview_plantation_etablissements_plantation.fid-2fb68024_1a0f82ae2b1_4c8e,Centrale,Blitta,Blitta 3,Dikpéléou,AGELEWELE,Plantation d'Anacades Evename,2018,Prive - individuel,POINT (0.6159199316287497 8.201756089129816)
_mview_plantation_etablissements_plantation.fid-2fb68024_1a0f82ae2b1_4c8f,Centrale,Blitta,Blitta 3,Katchenkè,NKONKOA,Plantation Oloun,1990,Prive - individuel,POINT (0.6871316666666666 8.16379)
_mview_plantation_etablissements_plantation.fid-2fb68024_1a0f82ae2b1_4c90,Centrale,Blitta,Blitta 3,M'Poti,TCHOUN-TCHOUN,Plantation de Nabelewa,2017,Prive - individuel,POINT (0.8310529626717427 8.263903216600319)
_mview_plantation_etablissements_plantation.fid-2fb68024_1a0f82ae2b1_4c91,Centrale,Blitta,Blitta 3,Katchenkè,DJIDJOLE,Plantation d'Anacades Amediame,2014,Prive - individuel,POINT (0.7069459491139953 8.263484383453033)
_mview_plantation_etablissements_plantation.fid-2fb68024_1a0f82ae2b1_4c92,Centrale,Blitta,Blitta 3,Katchenkè,GUEDEME,Plantation d'Anacades de Wodou,2019,Prive - individuel,POINT (0.7147993164532042 8.22254256574905)
_mview_plantation_etablissements_plantation.fid-2fb68024_1a0f82ae2b1_4c93,Centrale,Blitta,Blitta 3,Katchenkè,GUEDEME,Plantation de Palmier Gnakou,2000,Prive - individuel,POINT (0.7002336344150676 8.22899942069866)
_mview_plantation_etablissements_plantation.fid-2fb68024_1a0f82ae2b1_4c94,Centrale,Blitta,Blitta 3,Katchenkè,GUEDEME,Plantation de Bananiers de Adjira,1990,Prive - individuel,POINT (0.7013233333333333 8.229135000000001)
_mview_plantation_etablissements_plantation.fid-2fb68024_1a0f82ae2b1_4c95,Centrale,Blitta,Blitta 3,Katchenkè,KELEBO,Plantation de Djato,2017,Prive - individuel,POINT (0.7396779411284449 8.215461773225389)
_mview_plantation_etablissements_plantation.fid-2fb68024_1a0f82ae2b1_4c96,Centrale,Blitta,Blitta 3,Katchenkè,KELEBO,Plantation de Toufemba,2018,Prive - individuel,POINT (0.7459847793874574 8.224241317670362)
_mview_plantation_etablissements_plantation.fid-2fb68024_1a0f82ae2b1_4c97,Centrale,Blitta,Blitta 3,Katchenkè,KELEBO,Plantation de Tozoou,2016,Prive - individuel,POINT (0.7299616666666666 8.215575)
_mview_plantation_etablissements_plantation.fid-2fb68024_1a0f82ae2b1_4c98,Centrale,Blitta,Blitta 3,Katchenkè,KELEBO,Plantation de Tozoou,2012,Prive - individuel,POINT (0.7304441170818122 8.217403447576986)
_mview_plantation_etablissements_plantation.fid-2fb68024_1a0f82ae2b1_4c99,Centrale,Blitta,Blitta 3,Katchenkè,KELEBO,Plantation de Moukpe 2,2016,Prive - individuel,POINT (0.7269814287467532 8.212323628152499)
_mview_plantation_etablissements_plantation.fid-2fb68024_1a0f82ae2b1_4c9a,Centrale,Blitta,Blitta 3,Katchenkè,KELEBO,Plantation de Moukpe 1,2015,Prive - individuel,POINT (0.7263875965739683 8.21424175056969)
_mview_plantation_etablissements_plantation.fid-2fb68024_1a0f82ae2b1_4c9b,Centrale,Blitta,Blitta 3,Katchenkè,NKONKOA,Plantation Attabassou,2008,Prive - individuel,POINT (0.6913836711184252 8.167122942603815)
_mview_plantation_etablissements_plantation.fid-2fb68024_1a0f82ae2b1_4c9c,Centrale,Blitta,Blitta 3,Katchenkè,GERIKO,Plantation d'Anacades de Padalaki,1990,Prive - individuel,POINT (0.7398951193607621 8.226451877178697)
_mview_plantation_etablissements_plantation.fid-2fb68024_1a0f82ae2b1_4c9d,Centrale,Blitta,Blitta 3,M'Poti,KOUI,Plantation d'Anacades de Eviwounou,2017,Prive - individuel,POINT (0.747546925535794 8.28082505286028)
_mview_plantation_etablissements_plantation.fid-2fb68024_1a0f82ae2b1_4c9e,Centrale,Blitta,Blitta 3,M'Poti,ELAVAGNO-TODJI,Plantation de Guibissou,2018,Prive - individuel,POINT (0.7575019008753466 8.260099292547185)
_mview_plantation_etablissements_plantation.fid-2fb68024_1a0f82ae2b1_4c9f,Centrale,Blitta,Blitta 3,M'Poti,TADJAN,Plantation de Bologan,2017,Prive - individuel,POINT (0.8125904232048122 8.237503948940613)
_mview_plantation_etablissements_plantation.fid-2fb68024_1a0f82ae2b1_4ca0,Centrale,Blitta,Blitta 3,M'Poti,TADJAN,Plantation Affoh,2018,Prive - individuel,POINT (0.8111614811751635 8.23315022770682)
_mview_plantation_etablissements_plantation.fid-2fb68024_1a0f82ae2b1_4ca1,Centrale,Blitta,Blitta 3,M'Poti,TADJA,Plantation de Batcha,1989,Prive - individuel,POINT (0.811199705402231 8.212112421646962)
_mview_plantation_etablissements_plantation.fid-2fb68024_1a0f82ae2b1_4ca2,Centrale,Blitta,Blitta 3,M'Poti,LAKIGNAN,Plantation 2bla,2014,Prive - Collectivite coutumiere,POINT (0.7690686572751507 8.224853451870334)
_mview_plantation_etablissements_plantation.fid-2fb68024_1a0f82ae2b1_4ca3,Centrale,Blitta,Blitta 3,M'Poti,TCHON-TCHON,Plantation d'Anacades Tchamielaki,2019,Prive - individuel,POINT (0.8261016666666666 8.268833333333333)
_mview_plantation_etablissements_plantation.fid-2fb68024_1a0f82ae2b1_4ca4,Centrale,Blitta,Blitta 3,M'Poti,TCHON-TCHON,Plantation d'Anacades Koloba,2017,Prive - individuel,POINT (0.838665 8.27609)
_mview_plantation_etablissements_plantation.fid-2fb68024_1a0f82ae2b1_4ca5,Centrale,Blitta,Blitta 3,M'Poti,TCHOUN-TCHOUN,Plantation Amea,2017,Prive - individuel,POINT (0.8373074628779944 8.268055287064199)
_mview_plantation_etablissements_plantation.fid-2fb68024_1a0f82ae2b1_4ca6,Centrale,Blitta,Blitta 3,M'Poti,TCHOUN-TCHOUN,Plantation de Kawoki,2000,Prive - individuel,POINT (0.827931712039285 8.303899509706586)
_mview_plantation_etablissements_plantation.fid-2fb68024_1a0f82ae2b1_4ca7,Centrale,Blitta,Blitta 3,M'Poti,TCHOUN-TCHOUN,Plantation de Kawele,2002,Prive - individuel,POINT (0.8272610907161844 8.306398827259747)
_mview_plantation_etablissements_plantation.fid-2fb68024_1a0f82ae2b1_4ca8,Centrale,Mô,Mô 1,Kagnigbara,KAGNIGBARA,Plantation Adoï,2021,autre,POINT (0.6549709304397278 8.880526224748987)
_mview_plantation_etablissements_plantation.fid-2fb68024_1a0f82ae2b1_4ca9,Centrale,Mô,Mô 1,Boulohou,Koussoumilé,Plantation Scolaire,2021,Domaine public de l Etat ou des collectivites territoriales,POINT (0.6673377106792099 8.781430497508726)
_mview_plantation_etablissements_plantation.fid-2fb68024_1a0f82ae2b1_4caa,Centrale,Mô,Mô 1,Boulohou,Agbandè,Plantation Anacarde de Yololo,2018,Prive - individuel,POINT (0.6531929740212115 8.776121949112932)
_mview_plantation_etablissements_plantation.fid-2fb68024_1a0f82ae2b1_4cab,Centrale,Mô,Mô 1,Boulohou,Fazao,Plantation Ouro-bagana,1997,Prive - individuel,POINT (0.75585799272506 8.678223847646159)
_mview_plantation_etablissements_plantation.fid-2fb68024_1a0f82ae2b1_4cac,Centrale,Mô,Mô 1,Boulohou,Fazao,Plantation Gbagbawe,1997,Prive - individuel,POINT (0.754098866300542 8.676363527820943)
_mview_plantation_etablissements_plantation.fid-2fb68024_1a0f82ae2b1_4cad,Centrale,Mô,Mô 1,Boulohou,Fazao,Plantation Alpha,1992,Prive - individuel,POINT (0.7612254147016945 8.68694520304954)
_mview_plantation_etablissements_plantation.fid-2fb68024_1a0f82ae2b1_4cae,Centrale,Mô,Mô 1,Boulohou,Fazao,Plantation Ouro-bagana,1997,Prive - individuel,POINT (0.7641575618709873 8.690584297689703)
_mview_plantation_etablissements_plantation.fid-2fb68024_1a0f82ae2b1_4caf,Centrale,Mô,Mô 1,Boulohou,Fazao,Plantation Botcho,1997,Prive - individuel,POINT (0.7651744644711256 8.692179900852892)
_mview_plantation_etablissements_plantation.fid-2fb68024_1a0f82ae2b1_4cb0,Centrale,Mô,Mô 1,Boulohou,Fazao,Plantation,Nsp,Prive - individuel,POINT (0.7622204224619397 8.688232183466186)
_mview_plantation_etablissements_plantation.fid-2fb68024_1a0f82ae2b1_4cb1,Centrale,Mô,Mô 1,Boulohou,Fazao,Plantation Soulemane,2000,Prive - individuel,POINT (0.7622972290985914 8.68013936660945)
_mview_plantation_etablissements_plantation.fid-2fb68024_1a0f82ae2b1_4cb2,Centrale,Mô,Mô 1,Boulohou,Fazao,Plantation Kerim,1997,Prive - individuel,POINT (0.7563417917291625 8.677055055180748)
_mview_plantation_etablissements_plantation.fid-2fb68024_1a0f82ae2b1_4cb3,Centrale,Mô,Mô 1,Boulohou,Fazao,Plantation Botcho,1999,Prive - individuel,POINT (0.7566571026427277 8.678730652778105)
_mview_plantation_etablissements_plantation.fid-2fb68024_1a0f82ae2b1_4cb4,Centrale,Mô,Mô 1,Boulohou,Fazao,Plantation Fre,2019,Prive - individuel,POINT (0.8045906608398656 8.711829185873723)
_mview_plantation_etablissements_plantation.fid-2fb68024_1a0f82ae2b1_4cb5,Centrale,Sotouboua,Sotouboua 1,Sotouboua,WEKEDA,Plantation defi Terre Sarl,1999,Prive - entreprise,POINT (0.9592980336496281 8.54615933556701)
_mview_plantation_etablissements_plantation.fid-2fb68024_1a0f82ae2b1_4cb6,Centrale,Sotouboua,Sotouboua 1,Sotouboua,KPETE-KPETE,Plantation Agate,2008,Prive - individuel,POINT (0.9616766666666667 8.495401666666668)
_mview_plantation_etablissements_plantation.fid-2fb68024_1a0f82ae2b1_4cb7,Centrale,Sotouboua,Sotouboua 2,Séssaro,HEMBELA,Plantation Saoude,1998,Prive - individuel,POINT (1.2285911815114845 8.614485717508288)
_mview_plantation_etablissements_plantation.fid-2fb68024_1a0f82ae2b1_4cb8,Centrale,Sotouboua,Sotouboua 2,Séssaro,HEMBELA,Plantation Abalssem,1999,Prive - individuel,POINT (1.252580882101334 8.624790755680367)
_mview_plantation_etablissements_plantation.fid-2fb68024_1a0f82ae2b1_4cb9,Centrale,Sotouboua,Sotouboua 2,Séssaro,HEMBELA,Plantation Ali,1998,Prive - individuel,POINT (1.2462825986615942 8.624659951635687)
_mview_plantation_etablissements_plantation.fid-2fb68024_1a0f82ae2b1_4cba,Centrale,Sotouboua,Sotouboua 2,Séssaro,HEMBELA,Plantation Adeou,1998,Prive - individuel,POINT (1.2519555903527602 8.626059670005025)
_mview_plantation_etablissements_plantation.fid-2fb68024_1a0f82ae2b1_4cbb,Centrale,Sotouboua,Sotouboua 2,Séssaro,HEMBELA,Plantation Kakayoo,1999,Prive - individuel,POINT (1.255496733345807 8.617309765918042)
_mview_plantation_etablissements_plantation.fid-2fb68024_1a0f82ae2b1_4cbc,Centrale,Sotouboua,Sotouboua 2,Séssaro,KASSIKIDE,Plantation Tenime,2012,Prive - individuel,POINT (1.21278373478785 8.604940283733473)
_mview_plantation_etablissements_plantation.fid-2fb68024_1a0f82ae2b1_4cbd,Centrale,Sotouboua,Sotouboua 2,Séssaro,KASSIKIDE,Plantation Alaza,2000,Prive - individuel,POINT (1.2198523127806875 8.60999653247745)
_mview_plantation_etablissements_plantation.fid-2fb68024_1a0f82ae2b1_4cbe,Centrale,Sotouboua,Sotouboua 2,Séssaro,HEMBELA,Plantation Saode,2004,Prive - individuel,POINT (1.2531376109981784 8.623406667593233)
_mview_plantation_etablissements_plantation.fid-2fb68024_1a0f82ae2b1_4cbf,Centrale,Sotouboua,Sotouboua 2,Séssaro,HEMBELA,Plantation Tchie,1997,Prive - individuel,POINT (1.2554173011859977 8.620608977385702)
_mview_plantation_etablissements_plantation.fid-2fb68024_1a0f82ae2b1_4cc0,Centrale,Sotouboua,Sotouboua 2,Séssaro,HEMBELA,Plantation Yolou,2000,Prive - individuel,POINT (1.2548184103882434 8.61584948881679)
_mview_plantation_etablissements_plantation.fid-2fb68024_1a0f82ae2b1_4cc1,Centrale,Sotouboua,Sotouboua 2,Séssaro,HEMBELA,Plantation Yabla,1994,Prive - individuel,POINT (1.2244435941427918 8.611706618607748)
_mview_plantation_etablissements_plantation.fid-2fb68024_1a0f82ae2b1_4cc2,Centrale,Sotouboua,Sotouboua 2,Séssaro,KASSIKIDE,Plantation Pakoute,1998,Prive - individuel,POINT (1.2164699361176197 8.604326895354498)
_mview_plantation_etablissements_plantation.fid-2fb68024_1a0f82ae2b1_4cc3,Centrale,Sotouboua,Sotouboua 2,Aouda,AOU-MONO,Plantation Tchedre,1998,Prive - individuel,POINT (1.1819074043426983 8.687175152483542)
_mview_plantation_etablissements_plantation.fid-2fb68024_1a0f82ae2b1_4cc4,Centrale,Sotouboua,Sotouboua 2,Séssaro,KASSIKIDE,Plantation Gnassingbe,1998,Prive - individuel,POINT (1.217544248293618 8.603371389932688)
_mview_plantation_etablissements_plantation.fid-2fb68024_1a0f82ae2b1_4cc5,Centrale,Sotouboua,Sotouboua 2,Séssaro,HEMBELA,Plantation Yomdjeba,2014,Prive - individuel,POINT (1.2296831312093575 8.621486333218403)
_mview_plantation_etablissements_plantation.fid-2fb68024_1a0f82ae2b1_4cc6,Centrale,Sotouboua,Sotouboua 2,Séssaro,HEMBELA,Plantation Adeo,2014,Prive - individuel,POINT (1.2505063750196919 8.624542701434288)
_mview_plantation_etablissements_plantation.fid-2fb68024_1a0f82ae2b1_4cc7,Centrale,Sotouboua,Sotouboua 2,Séssaro,HEMBELA,Plantation Yomtcheba,2012,Prive - individuel,POINT (1.2455629553103185 8.624607221828416)
_mview_plantation_etablissements_plantation.fid-2fb68024_1a0f82ae2b1_4cc8,Centrale,Sotouboua,Sotouboua 2,Séssaro,HEMBELA,Plantation Alassani,2011,Prive - individuel,POINT (1.245843741621669 8.632833692375312)
_mview_plantation_etablissements_plantation.fid-2fb68024_1a0f82ae2b1_4cc9,Centrale,Sotouboua,Sotouboua 2,Séssaro,TETEROU,Plantation Poufeï,2015,Prive - individuel,POINT (1.1328915622169906 8.596033121534521)
_mview_plantation_etablissements_plantation.fid-2fb68024_1a0f82ae2b1_4cca,Centrale,Sotouboua,Sotouboua 2,Tittigbe,NIAMGOULAM,Plantation Batadja,1998,Prive - individuel,POINT (1.0930928109808302 8.632491601470297)
_mview_plantation_etablissements_plantation.fid-2fb68024_1a0f82ae2b1_4ccb,Centrale,Sotouboua,Sotouboua 2,Tittigbe,NIAMGOULAM,Plantation Koudjoulma,2000,Prive - individuel,POINT (1.0959399708224857 8.63466043236438)
_mview_plantation_etablissements_plantation.fid-2fb68024_1a0f82ae2b1_4ccc,Centrale,Sotouboua,Sotouboua 2,Tittigbe,NIAMGOULAM,Plantation Batadja,1998,Prive - individuel,POINT (1.1009901218142102 8.638268005533055)
_mview_plantation_etablissements_plantation.fid-2fb68024_1a0f82ae2b1_4ccd,Centrale,Sotouboua,Sotouboua 2,Tittigbe,NIAMGOULAM,Plantation Koumingou,2002,Prive - individuel,POINT (1.0778449405121189 8.64209336738777)
_mview_plantation_etablissements_plantation.fid-2fb68024_1a0f82ae2b1_4cce,Centrale,Sotouboua,Sotouboua 2,Tittigbe,NIAMGOULAM,Plantation Kokolika,2006,Prive - individuel,POINT (1.0750183431688347 8.641790474040304)
_mview_plantation_etablissements_plantation.fid-2fb68024_1a0f82ae2b1_4ccf,Centrale,Sotouboua,Sotouboua 2,Tittigbe,BOUVELEM-POYO,Plantation Saou,2000,Prive - individuel,POINT (1.0879665037576116 8.611028147242259)
_mview_plantation_etablissements_plantation.fid-2fb68024_1a0f82ae2b1_4cd0,Centrale,Sotouboua,Sotouboua 2,Tittigbe,BOUVELEM-POYO,Plantation Saou,2000,Prive - individuel,POINT (1.0900982472545722 8.603138927578328)
_mview_plantation_etablissements_plantation.fid-2fb68024_1a0f82ae2b1_4cd1,Centrale,Sotouboua,Sotouboua 2,Tittigbe,KOURIYO,Plantation Pouwi,2003,Prive - individuel,POINT (1.1065556432989454 8.603370652074018)
_mview_plantation_etablissements_plantation.fid-2fb68024_1a0f82ae2b1_4cd2,Centrale,Sotouboua,Sotouboua 2,Tittigbe,TETEROU,Plantation Paguilou,1978,Prive - entreprise,POINT (1.1192712882308036 8.612439482794132)
_mview_plantation_etablissements_plantation.fid-2fb68024_1a0f82ae2b1_4cd3,Centrale,Sotouboua,Sotouboua 2,Aouda,TCHAWARE,Plantation Idrissou,2009,Prive - individuel,POINT (0.9841404860830201 8.814120058273735)
_mview_plantation_etablissements_plantation.fid-2fb68024_1a0f82ae2b1_4cd4,Centrale,Sotouboua,Sotouboua 2,Aouda,TCHAWARE,Plantation Kpelafia,2017,Prive - individuel,POINT (0.985794818823558 8.81289046486525)
_mview_plantation_etablissements_plantation.fid-2fb68024_1a0f82ae2b1_4cd5,Centrale,Sotouboua,Sotouboua 2,Aouda,TCHAWARE,Plantation Andadjo,2003,Prive - individuel,POINT (0.980435 8.812843333333332)
_mview_plantation_etablissements_plantation.fid-2fb68024_1a0f82ae2b1_4cd6,Centrale,Sotouboua,Sotouboua 2,Aouda,AOU-MATCHATOM,Plantation Kogomna,1999,Prive - individuel,POINT (0.9701345763862173 8.793042798056923)
_mview_plantation_etablissements_plantation.fid-2fb68024_1a0f82ae2b1_4cd7,Centrale,Sotouboua,Sotouboua 2,Aouda,AOU-MATCHATOM,Plantation Tanan,2000,Prive - individuel,POINT (0.9712139236400946 8.79579275155135)
_mview_plantation_etablissements_plantation.fid-2fb68024_1a0f82ae2b1_4cd8,Centrale,Sotouboua,Sotouboua 2,Aouda,AOU-MATCHATOM,Plantation Ahoulimi,1993,Prive - individuel,POINT (0.9676995301413354 8.7893360591932)
_mview_plantation_etablissements_plantation.fid-2fb68024_1a0f82ae2b1_4cd9,Centrale,Sotouboua,Sotouboua 2,Aouda,AOU-MATCHATOM,Plantation Matossouwe,1998,Prive - individuel,POINT (0.97048 8.799405)
_mview_plantation_etablissements_plantation.fid-2fb68024_1a0f82ae2b1_4cda,Centrale,Sotouboua,Sotouboua 2,Aouda,AOU-MATCHATOM,Plantation Katako,2006,Prive - individuel,POINT (0.9704926821689805 8.795334238762145)
_mview_plantation_etablissements_plantation.fid-2fb68024_1a0f82ae2b1_4cdb,Centrale,Sotouboua,Sotouboua 2,Aouda,AOU-MATCHATOM,Plantation Kokomna,1996,Prive - individuel,POINT (0.968415012516232 8.793240274081379)
_mview_plantation_etablissements_plantation.fid-2fb68024_1a0f82ae2b1_4cdc,Centrale,Sotouboua,Sotouboua 2,Aouda,AOU-MATCHATOM,Plantation Behez,2003,Prive - individuel,POINT (0.9799497963136931 8.800862391466978)
_mview_plantation_etablissements_plantation.fid-2fb68024_1a0f82ae2b1_4cdd,Centrale,Sotouboua,Sotouboua 2,Aouda,AOU-MATCHATOM,Plantation Awizoba,2000,Prive - individuel,POINT (0.9724239448161717 8.790784567539799)
_mview_plantation_etablissements_plantation.fid-2fb68024_1a0f82ae2b1_4cde,Centrale,Sotouboua,Sotouboua 2,Aouda,AOU-MATCHATOM,Plantation Efalou,2000,Prive - individuel,POINT (0.9640855647782001 8.790977164156326)
_mview_plantation_etablissements_plantation.fid-2fb68024_1a0f82ae2b1_4cdf,Centrale,Sotouboua,Sotouboua 2,Aouda,KOZAH,Plantation Bali,2000,Prive - individuel,POINT (0.9667618484568545 8.775005229555878)
_mview_plantation_etablissements_plantation.fid-2fb68024_1a0f82ae2b1_4ce0,Centrale,Sotouboua,Sotouboua 2,Aouda,KOZAH,Plantation Didier,1997,Prive - individuel,POINT (0.9624372686422914 8.779069000563991)
_mview_plantation_etablissements_plantation.fid-2fb68024_1a0f82ae2b1_4ce1,Centrale,Sotouboua,Sotouboua 2,Aouda,AOU-MATCHATOM,Plantation Kagniga,1995,Prive - individuel,POINT (0.9766575956268743 8.801276671922444)
_mview_plantation_etablissements_plantation.fid-2fb68024_1a0f82ae2b1_4ce2,Centrale,Sotouboua,Sotouboua 2,Aouda,AOU-MATCHATOM,Plantation Kpatcha,1992,Prive - individuel,POINT (0.972535 8.794046666666667)
_mview_plantation_etablissements_plantation.fid-2fb68024_1a0f82ae2b1_4ce3,Centrale,Sotouboua,Sotouboua 2,Aouda,KOZAH,Plantation Donou,2002,Prive - individuel,POINT (0.9675937317725866 8.773829615801844)
_mview_plantation_etablissements_plantation.fid-2fb68024_1a0f82ae2b1_4ce4,Centrale,Sotouboua,Sotouboua 2,Aouda,KOZAH,Plantation Lawou-abalo,1998,Prive - individuel,POINT (0.9611733333333333 8.775865000000001)
_mview_plantation_etablissements_plantation.fid-2fb68024_1a0f82ae2b1_4ce5,Centrale,Sotouboua,Sotouboua 2,Aouda,POUTONOU,Plantation Tiwo,2017,Prive - individuel,POINT (0.9438353703014892 8.809227705574731)
_mview_plantation_etablissements_plantation.fid-2fb68024_1a0f82ae2b1_4ce6,Centrale,Sotouboua,Sotouboua 2,Aouda,POUTONOU,Plantation Tagba,2016,Prive - individuel,POINT (0.9465042980697436 8.812378195484717)
_mview_plantation_etablissements_plantation.fid-2fb68024_1a0f82ae2b1_4ce7,Centrale,Sotouboua,Sotouboua 2,Aouda,POUTONOU,Plantation Egbidi,2013,Prive - individuel,POINT (0.9536115451063761 8.813541298555203)
_mview_plantation_etablissements_plantation.fid-2fb68024_1a0f82ae2b1_4ce8,Centrale,Sotouboua,Sotouboua 2,Aouda,POUTONOU,Plantation Hada,2009,Prive - individuel,POINT (0.9580352131710785 8.810768062859074)
_mview_plantation_etablissements_plantation.fid-2fb68024_1a0f82ae2b1_4ce9,Centrale,Sotouboua,Sotouboua 2,Aouda,KOMSADE,Plantation Balack,2005,Prive - individuel,POINT (0.9711688933787382 8.732546077327877)
_mview_plantation_etablissements_plantation.fid-2fb68024_1a0f82ae2b1_4cea,Centrale,Sotouboua,Sotouboua 2,Aouda,TCHARE-COPE,Plantation Wiyao,1977,Prive - individuel,POINT (1.1548969107435623 8.679660789001428)
_mview_plantation_etablissements_plantation.fid-2fb68024_1a0f82ae2b1_4ceb,Centrale,Sotouboua,Sotouboua 2,Aouda,AOU-MONO,Plantation Tchedre,1998,Prive - individuel,POINT (1.184606117857372 8.684640782443047)
_mview_plantation_etablissements_plantation.fid-2fb68024_1a0f82ae2b1_4cec,Centrale,Sotouboua,Sotouboua 2,Aouda,AOU-MONO,Plantation Koyokina,1982,Prive - individuel,POINT (1.1678458377642493 8.699843478299265)
_mview_plantation_etablissements_plantation.fid-2fb68024_1a0f82ae2b1_4ced,Centrale,Sotouboua,Sotouboua 2,Aouda,HALOUKPABOUNDOU,Plantation Amadou,1998,Prive - individuel,POINT (1.104711118615406 8.697208618250983)
_mview_plantation_etablissements_plantation.fid-2fb68024_1a0f82ae2b1_4cee,Centrale,Sotouboua,Sotouboua 2,Aouda,HALOUKPABOUNDOU,Plantation Tchariye,1996,Prive - individuel,POINT (1.08106433243491 8.705168286954999)
_mview_plantation_etablissements_plantation.fid-2fb68024_1a0f82ae2b1_4cef,Centrale,Sotouboua,Sotouboua 2,Aouda,AOUDA,Plantation Awade,2000,Prive - individuel,POINT (1.075307821494417 8.709557645159137)
_mview_plantation_etablissements_plantation.fid-2fb68024_1a0f82ae2b1_4cf0,Centrale,Sotouboua,Sotouboua 2,Aouda,AOUDA,Plantation Atchossi,1999,Prive - individuel,POINT (1.0583579054200198 8.723771018235576)
_mview_plantation_etablissements_plantation.fid-2fb68024_1a0f82ae2b1_4cf1,Centrale,Sotouboua,Sotouboua 2,Kériadé,MELANBOUA,Plantation Pissangue,2008,Prive - individuel,POINT (0.8950360716671572 8.688281124576184)
_mview_plantation_etablissements_plantation.fid-2fb68024_1a0f82ae2b1_4cf2,Centrale,Sotouboua,Sotouboua 2,Kériadé,KATCHALIKADI,Plantation Sapseya,2017,Prive - individuel,POINT (0.8539084348275624 8.710219222498246)
_mview_plantation_etablissements_plantation.fid-2fb68024_1a0f82ae2b1_4cf3,Centrale,Sotouboua,Sotouboua 2,Kériadé,KATCHALIKADI,Plantation Ekpai,2015,Prive - individuel,POINT (0.8530959945264364 8.708640943843974)
_mview_plantation_etablissements_plantation.fid-2fb68024_1a0f82ae2b1_4cf4,Centrale,Sotouboua,Sotouboua 2,Kériadé,KATCHALIKADI,Plantation Gnakpao,2015,Prive - individuel,POINT (0.8558945647501534 8.705803827877062)
_mview_plantation_etablissements_plantation.fid-2fb68024_1a0f82ae2b1_4cf5,Centrale,Sotouboua,Sotouboua 2,Adjengré,BABADE,Plantation Langue,1998,Prive - individuel,POINT (1.031835106181894 8.704148623728713)
_mview_plantation_etablissements_plantation.fid-2fb68024_1a0f82ae2b1_4cf6,Centrale,Sotouboua,Sotouboua 2,Kériadé,FITA,Plantation Efindi,2010,Prive - individuel,POINT (0.9218810321177379 8.711124269482076)
_mview_plantation_etablissements_plantation.fid-2fb68024_1a0f82ae2b1_4cf7,Centrale,Sotouboua,Sotouboua 2,Kériadé,FITA,Plantation d'Anacades Pitassa,2016,Prive - individuel,POINT (0.9238981035810271 8.712641909899872)
_mview_plantation_etablissements_plantation.fid-2fb68024_1a0f82ae2b1_4cf8,Centrale,Sotouboua,Sotouboua 2,Kériadé,FITA,Plantation d'Anacades Lakgnan,2005,Prive - individuel,POINT (0.9232986946104309 8.710790663736201)
_mview_plantation_etablissements_plantation.fid-2fb68024_1a0f82ae2b1_4cf9,Centrale,Sotouboua,Sotouboua 2,Kériadé,FITA,Plantationde Manguier Bafalgle 1,1995,Prive - individuel,POINT (0.9098274764574082 8.718382033656134)
_mview_plantation_etablissements_plantation.fid-2fb68024_1a0f82ae2b1_4cfa,Centrale,Sotouboua,Sotouboua 2,Kériadé,N'DJAVIZI,Plantation de Manguier Kpelou,1990,Prive - individuel,POINT (0.9294235589574174 8.646270037728259)
_mview_plantation_etablissements_plantation.fid-2fb68024_1a0f82ae2b1_4cfb,Centrale,Sotouboua,Sotouboua 2,Kériadé,N'DJAVEZI,Plantation de Manguier Patchassi,2004,Prive - individuel,POINT (0.9428988079638758 8.637139433736644)
_mview_plantation_etablissements_plantation.fid-2fb68024_1a0f82ae2b1_4cfc,Centrale,Sotouboua,Sotouboua 2,Kériadé,N'DJAVEZI,Plantation d'Anacarde Kabyedom,2010,Prive - individuel,POINT (0.9484815667853306 8.634554384763735)
_mview_plantation_etablissements_plantation.fid-2fb68024_1a0f82ae2b1_4cfd,Centrale,Sotouboua,Sotouboua 2,Kériadé,N'DJAVEZI,Plantation de Manguier Agba,2004,Prive - individuel,POINT (0.9469754383950055 8.63235859403537)
_mview_plantation_etablissements_plantation.fid-2fb68024_1a0f82ae2b1_4cfe,Centrale,Sotouboua,Sotouboua 2,Kériadé,N'DJAVEZI,Plantation d'Anacades Moussa,2018,Prive - individuel,POINT (0.9403222082970619 8.63595608268892)
_mview_plantation_etablissements_plantation.fid-2fb68024_1a0f82ae2b1_4cff,Centrale,Sotouboua,Sotouboua 2,Adjengré,LIDAOUWE,Plantation Poyodi,1996,Prive - individuel,POINT (1.0090429761731676 8.668184868493142)
_mview_plantation_etablissements_plantation.fid-2fb68024_1a0f82ae2b1_4d00,Centrale,Sotouboua,Sotouboua 2,Adjengré,LIDAOUWE,Plantation d'Anacades Boukpessi,1985,Prive - individuel,POINT (1.011894659648583 8.675908084037596)
_mview_plantation_etablissements_plantation.fid-2fb68024_1a0f82ae2b1_4d01,Centrale,Tchamba,Tchamba 3,Balanka,PARAMPA,Plantation d'Anacades Sabi,2000,Prive - individuel,POINT (1.6241758645373718 8.874273080734993)
_mview_plantation_etablissements_plantation.fid-2fb68024_1a0f82ae2b1_4d02,Centrale,Sotouboua,Sotouboua 2,Adjengré,LIDAOUWE,Plantation Balack,2005,Prive - individuel,POINT (1.0011399733930981 8.677933052891454)
_mview_plantation_etablissements_plantation.fid-2fb68024_1a0f82ae2b1_4d03,Centrale,Sotouboua,Sotouboua 2,Adjengré,LIDAOUWE,Plantation d'Anacades Bouzia,2008,Prive - individuel,POINT (1.000692915771992 8.687249474506055)
_mview_plantation_etablissements_plantation.fid-2fb68024_1a0f82ae2b1_4d04,Centrale,Sotouboua,Sotouboua 2,Adjengré,LIDAOUWE,Plantation de Teck Djoliba,2003,Prive - individuel,POINT (0.9991378185301594 8.690259978408235)
_mview_plantation_etablissements_plantation.fid-2fb68024_1a0f82ae2b1_4d05,Centrale,Sotouboua,Sotouboua 2,Adjengré,LIDAOUWE,Plantation d'Anacades Donou,2017,Prive - individuel,POINT (1.0001011439687348 8.694681144443233)
_mview_plantation_etablissements_plantation.fid-2fb68024_1a0f82ae2b1_4d06,Centrale,Sotouboua,Sotouboua 2,Kériadé,KOMSADE,Plantation Babaki,2006,Prive - individuel,POINT (0.9711302729461173 8.713013986742956)
_mview_plantation_etablissements_plantation.fid-2fb68024_1a0f82ae2b1_4d07,Centrale,Sotouboua,Sotouboua 2,Kériadé,ADJENGRE,Plantation Nimon,1992,Prive - individuel,POINT (0.9882054181080199 8.676947950488374)
_mview_plantation_etablissements_plantation.fid-2fb68024_1a0f82ae2b1_4d08,Centrale,Sotouboua,Sotouboua 2,Kériadé,ADJENGRE,Plantation Silmwa,1986,Prive - individuel,POINT (0.9837167896314648 8.67637748682257)
_mview_plantation_etablissements_plantation.fid-2fb68024_1a0f82ae2b1_4d09,Centrale,Sotouboua,Sotouboua 2,Adjengré,Lidaouwe,Plantation Car,1958,Prive - individuel,POINT (1.0016952657536795 8.67502709575728)
_mview_plantation_etablissements_plantation.fid-2fb68024_1a0f82ae2b1_4d0a,Centrale,Sotouboua,Sotouboua 2,Adjengré,Waga,Plantation Alfa,1994,Prive - individuel,POINT (1.0067774910278848 8.662062508149576)
_mview_plantation_etablissements_plantation.fid-2fb68024_1a0f82ae2b1_4d0b,Centrale,Mô,Mô 1,Djarkpanga,KPARAKOUDE,Plantation Site Forêt Communale Mo 1,2021,Domaine public de l Etat ou des collectivites territoriales,POINT (0.5449736818953287 8.78303209814188)
_mview_plantation_etablissements_plantation.fid-2fb68024_1a0f82ae2b1_4d0c,Centrale,Mô,Mô 1,Djarkpanga,ADJONDO,Plantation Site de La Plantation de La Mairie de Mo1,2021,Domaine public de l Etat ou des collectivites territoriales,POINT (0.5736186300463864 8.788261163601318)
_mview_plantation_etablissements_plantation.fid-2fb68024_1a0f82ae2b1_4d0d,Centrale,Mô,Mô 2,Saïboudè,SAÏBOUDE,Plantation Tiou,2016,Prive - individuel,POINT (0.491965672865332 8.614654869463568)
_mview_plantation_etablissements_plantation.fid-2fb68024_1a0f82ae2b1_4d0e,Centrale,Mô,Mô 2,Saïboudè,GBANZABAMDE,Plantation Adjifile,2012,Prive - individuel,POINT (0.4856191098259651 8.601654240156435)
_mview_plantation_etablissements_plantation.fid-2fb68024_1a0f82ae2b1_4d0f,Centrale,Mô,Mô 2,Saïboudè,SAÏBOUDE,Plantation Ouro,2014,Prive - individuel,POINT (0.5198484461957141 8.575509402231393)
_mview_plantation_etablissements_plantation.fid-2fb68024_1a0f82ae2b1_4d10,Centrale,Mô,Mô 2,Saïboudè,SAÏBOUDE,Plantation Tchibere,2014,Prive - individuel,POINT (0.5249376000797003 8.578213517815534)
_mview_plantation_etablissements_plantation.fid-2fb68024_1a0f82ae2b1_4d11,Centrale,Mô,Mô 2,Saïboudè,GBANZABAMDE,Plantation Gbandi,Nsp,Prive - individuel,POINT (0.4935054821974507 8.598536792734194)
_mview_plantation_etablissements_plantation.fid-2fb68024_1a0f82ae2b1_4d12,Centrale,Mô,Mô 2,Saïboudè,GBANZABAMDE,Plantation Monti,2012,Prive - individuel,POINT (0.4955447207043972 8.603693831434448)
_mview_plantation_etablissements_plantation.fid-2fb68024_1a0f82ae2b1_4d13,Centrale,Mô,Mô 2,Saïboudè,GBANZABAMDE,Plantation Monti,Nsp,Prive - individuel,POINT (0.5482787803975127 8.618874517632447)
_mview_plantation_etablissements_plantation.fid-2fb68024_1a0f82ae2b1_4d14,Centrale,Mô,Mô 2,Tindjasse,SEBONIA,Plantation Ouro-daba,2012,Prive - individuel,POINT (0.5038245294759023 8.702084115277842)
_mview_plantation_etablissements_plantation.fid-2fb68024_1a0f82ae2b1_4d15,Centrale,Mô,Mô 2,Tindjasse,TINDJASSE LAO,Plantation Kalaya,2021,Prive - individuel,POINT (0.478388328136396 8.648512141153038)
_mview_plantation_etablissements_plantation.fid-2fb68024_1a0f82ae2b1_4d16,Centrale,Mô,Mô 2,Tindjasse,Sibonia,Plantation Epp Sibonia,2021,Domaine public de l Etat ou des collectivites territoriales,POINT (0.5029054545513868 8.703055035905729)
_mview_plantation_etablissements_plantation.fid-2fb68024_1a0f82ae2b1_4d17,Centrale,Mô,Mô 2,Tindjasse,TINDJASSE,Plantation Kalaya,2009,Prive - individuel,POINT (0.4703838174860906 8.652691128152057)
_mview_plantation_etablissements_plantation.fid-2fb68024_1a0f82ae2b1_4d18,Centrale,Mô,Mô 2,Tindjasse,TINDJASSE,Plantation Seyi,2000,Prive - individuel,POINT (0.424433714127431 8.684525168090683)
_mview_plantation_etablissements_plantation.fid-2fb68024_1a0f82ae2b1_4d19,Centrale,Mô,Mô 2,Tindjasse,BOUDA,Plantation Sondou,2013,Prive - individuel,POINT (0.4951363800564171 8.66846224120294)
_mview_plantation_etablissements_plantation.fid-2fb68024_1a0f82ae2b1_4d1a,Centrale,Mô,Mô 2,Tindjasse,KANDJO,Plantation Soulemana,2003,Prive - individuel,POINT (0.4450591242984199 8.674526529393255)
_mview_plantation_etablissements_plantation.fid-2fb68024_1a0f82ae2b1_4d1b,Centrale,Sotouboua,Sotouboua 3,Kazaboua,TCHARBOWAI,Plantation Kalao,1995,Prive - individuel,POINT (1.1433063153720326 8.42286313551361)
_mview_plantation_etablissements_plantation.fid-2fb68024_1a0f82ae2b1_4d1c,Centrale,Sotouboua,Sotouboua 3,Kazaboua,KAZA-KPALEWAI,Plantation Simwila,2014,Prive - individuel,POINT (1.1556748401998898 8.414193875446594)
_mview_plantation_etablissements_plantation.fid-2fb68024_1a0f82ae2b1_4d1d,Centrale,Sotouboua,Sotouboua 3,Kazaboua,KAZA-KPALEWAI,Plantation Kagnissa,2019,Prive - individuel,POINT (1.1772279451206942 8.419007951363488)
_mview_plantation_etablissements_plantation.fid-2fb68024_1a0f82ae2b1_4d1e,Centrale,Sotouboua,Sotouboua 3,Kazaboua,KAZA-KPALEWAI,Plantation Tchamie,2015,Prive - individuel,POINT (1.1793531283007137 8.417638494647273)
_mview_plantation_etablissements_plantation.fid-2fb68024_1a0f82ae2b1_4d1f,Centrale,Sotouboua,Sotouboua 3,Kazaboua,KAZA-KPALEWAI,Plantation Simwela,2019,Prive - individuel,POINT (1.1565886612188625 8.414433023055574)
_mview_plantation_etablissements_plantation.fid-2fb68024_1a0f82ae2b1_4d20,Centrale,Sotouboua,Sotouboua 3,Kazaboua,KAZA-KPALEWAI,Plantation Tawelike,2019,Prive - individuel,POINT (1.1551544029920942 8.416085139973303)
_mview_plantation_etablissements_plantation.fid-2fb68024_1a0f82ae2b1_4d21,Centrale,Sotouboua,Sotouboua 3,Kazaboua,AGONBIO-MONO,Plantation Alassi,2014,Prive - individuel,POINT (1.2176205661253587 8.430411164075336)
_mview_plantation_etablissements_plantation.fid-2fb68024_1a0f82ae2b1_4d22,Centrale,Sotouboua,Sotouboua 3,Bodjondè,BIOYO,Plantation Tchassa,2016,Prive - individuel,POINT (1.026455167373811 8.432193144643783)
_mview_plantation_etablissements_plantation.fid-2fb68024_1a0f82ae2b1_4d23,Centrale,Sotouboua,Sotouboua 3,Tchébébé,YOMABOUA,Plantation de Manguier de Lekezim,2006,Prive - individuel,POINT (0.99515931765683 8.396813624150187)
_mview_plantation_etablissements_plantation.fid-2fb68024_1a0f82ae2b1_4d24,Centrale,Sotouboua,Sotouboua 3,Tchébébé,SORADE,Plantation d'Anacarde Djake,2018,Prive - individuel,POINT (1.004906242582869 8.407914751214344)
_mview_plantation_etablissements_plantation.fid-2fb68024_1a0f82ae2b1_4d25,Centrale,Tchamba,Tchamba 1,Affem,BOUSSOU,Plantation d'Anacades Gouyagando,2010,Prive - individuel,POINT (1.535174197709346 9.115246410715617)
_mview_plantation_etablissements_plantation.fid-2fb68024_1a0f82ae2b1_4d26,Centrale,Tchamba,Tchamba 1,Affem,Boussoulou,Plantation d'Anacades Assoundo,2000,Prive - individuel,POINT (1.5446247045600965 9.13001661443137)
_mview_plantation_etablissements_plantation.fid-2fb68024_1a0f82ae2b1_4d27,Centrale,Tchamba,Tchamba 1,Affem,Boussou,Plantation d'Anacades Koumai,2005,Prive - individuel,POINT (1.545709161082929 9.121331269213687)
_mview_plantation_etablissements_plantation.fid-2fb68024_1a0f82ae2b1_4d28,Centrale,Tchamba,Tchamba 1,Affem,boussoulou,Plantation d'Anacades Gouyarou,2002,Prive - individuel,POINT (1.5581708456495666 9.135479810444766)
_mview_plantation_etablissements_plantation.fid-2fb68024_1a0f82ae2b1_4d29,Centrale,Tchamba,Tchamba 1,Affem,Boussou,Plantation Teck,2000,Prive - individuel,POINT (1.5379269768148018 9.12489763545526)
_mview_plantation_etablissements_plantation.fid-2fb68024_1a0f82ae2b1_4d2a,Centrale,Tchamba,Tchamba 1,Affem,BOUSSOULOU N'KPAME,Plantation d'Anacades Gouyarou,2007,Prive - individuel,POINT (1.5537832954548993 9.14384115879579)
_mview_plantation_etablissements_plantation.fid-2fb68024_1a0f82ae2b1_4d2b,Centrale,Tchamba,Tchamba 1,Alibi I,OMOÏDJAWA,Plantation d'Anacades Payaro,2000,Prive - individuel,POINT (1.4261171431785906 8.960607608729013)
_mview_plantation_etablissements_plantation.fid-2fb68024_1a0f82ae2b1_4d2c,Centrale,Tchamba,Tchamba 1,Alibi I,OMOÏDJAWA,Plantation d'Anacades Mewezino,1996,Prive - individuel,POINT (1.4290369860749552 8.966514134858572)
_mview_plantation_etablissements_plantation.fid-2fb68024_1a0f82ae2b1_4d2d,Centrale,Tchamba,Tchamba 1,Alibi I,ALIBI1,Plantation d'Anacades Akamira,2005,Prive - individuel,POINT (1.4140665896714661 8.939800957356454)
_mview_plantation_etablissements_plantation.fid-2fb68024_1a0f82ae2b1_4d2e,Centrale,Tchamba,Tchamba 1,Alibi I,ALIBI-BLOC,Plantation d'Anacades Kpante,1999,Prive - individuel,POINT (1.4196716666666667 8.928716666666666)
_mview_plantation_etablissements_plantation.fid-2fb68024_1a0f82ae2b1_4d2f,Centrale,Tchamba,Tchamba 1,Alibi I,N'DJAKPO,Plantation d'Anacades Pelilim,2000,Prive - individuel,POINT (1.415075090326776 8.92212779672987)
_mview_plantation_etablissements_plantation.fid-2fb68024_1a0f82ae2b1_4d30,Centrale,Tchamba,Tchamba 1,Alibi I,OMOÏDJAWA,Plantation d'Anacades Alikizan,1988,Prive - individuel,POINT (1.428725 8.963666666666667)
_mview_plantation_etablissements_plantation.fid-2fb68024_1a0f82ae2b1_4d31,Centrale,Tchamba,Tchamba 1,Alibi I,ALIBI 1,Plantation d'Anacades Oudei,2007,Prive - individuel,POINT (1.4251910615218066 8.93789193609281)
_mview_plantation_etablissements_plantation.fid-2fb68024_1a0f82ae2b1_4d32,Centrale,Tchamba,Tchamba 1,Alibi I,ALIBI 1,Plantation d'Anacades Karakouro,2005,Prive - individuel,POINT (1.4129505126773863 8.940540274467972)
_mview_plantation_etablissements_plantation.fid-2fb68024_1a0f82ae2b1_4d33,Centrale,Tchamba,Tchamba 1,Alibi I,ALIBI 1,Plantation d'Anacades Oudei,2007,Prive - individuel,POINT (1.417087453066013 8.932633723037235)
_mview_plantation_etablissements_plantation.fid-2fb68024_1a0f82ae2b1_4d34,Centrale,Tchamba,Tchamba 1,Larini,YELIWA 1,Plantation d'Anacades Sibabidjobo,1993,Prive - individuel,POINT (1.418235 9.123385)
_mview_plantation_etablissements_plantation.fid-2fb68024_1a0f82ae2b1_4d35,Centrale,Tchamba,Tchamba 1,Larini,YELIWA 1,Plantation d'Anacades Sibabidjobo,1998,Prive - individuel,POINT (1.4214766666666667 9.122633333333333)
_mview_plantation_etablissements_plantation.fid-2fb68024_1a0f82ae2b1_4d36,Centrale,Tchamba,Tchamba 1,Larini,KITCHITCHO,Plantation d'Anacades Tchagandi,2000,Prive - individuel,POINT (1.4425349830184886 9.116510127468601)
_mview_plantation_etablissements_plantation.fid-2fb68024_1a0f82ae2b1_4d37,Centrale,Tchamba,Tchamba 1,Larini,KITCHATCHO,Plantation d'Anacades Tchagandi,2002,Prive - individuel,POINT (1.4397569599411921 9.116115901296645)
_mview_plantation_etablissements_plantation.fid-2fb68024_1a0f82ae2b1_4d38,Centrale,Tchamba,Tchamba 1,Larini,DAGMA,Plantation d'Anacades Tchibarakassou,2004,Prive - individuel,POINT (1.4239099893950402 9.06925520583137)
_mview_plantation_etablissements_plantation.fid-2fb68024_1a0f82ae2b1_4d39,Centrale,Tchamba,Tchamba 1,Larini,KPATAKPANI,Plantation d'Anacades Atewe,2004,Prive - individuel,POINT (1.4433925822193856 9.062652942759838)
_mview_plantation_etablissements_plantation.fid-2fb68024_1a0f82ae2b1_4d3a,Centrale,Tchamba,Tchamba 1,Larini,KPATAKPANI,Plantation d'Anacades Noukou,2005,Prive - individuel,POINT (1.4517900975072908 9.062251789751196)
_mview_plantation_etablissements_plantation.fid-2fb68024_1a0f82ae2b1_4d3b,Centrale,Tchamba,Tchamba 1,Larini,BOUSSOU,Plantation d'Anacades Kpakpatrou,2003,Prive - individuel,POINT (1.4571248080591284 9.068933516809809)
_mview_plantation_etablissements_plantation.fid-2fb68024_1a0f82ae2b1_4d3c,Centrale,Tchamba,Tchamba 1,Kri-Kri,Amantala,Plantation d'Anacades Lawani,1997,Prive - individuel,POINT (1.44359 9.201675)
_mview_plantation_etablissements_plantation.fid-2fb68024_1a0f82ae2b1_4d3d,Centrale,Tchamba,Tchamba 1,Kri-Kri,Kazakali,Plantation d'Anacades Arouna,2000,Prive - individuel,POINT (1.4499366666666667 9.229103333333335)
_mview_plantation_etablissements_plantation.fid-2fb68024_1a0f82ae2b1_4d3e,Centrale,Tchamba,Tchamba 1,Kri-Kri,KAZAKALI,Plantation d'Anacades Yakoubou,2000,Prive - individuel,POINT (1.4499696867200533 9.226025344241394)
_mview_plantation_etablissements_plantation.fid-2fb68024_1a0f82ae2b1_4d3f,Centrale,Tchamba,Tchamba 1,Kri-Kri,N'KRONI,Plantation d'Anacades Ourogouni,2012,Prive - individuel,POINT (1.4812383333333334 9.22124)
_mview_plantation_etablissements_plantation.fid-2fb68024_1a0f82ae2b1_4d40,Centrale,Tchamba,Tchamba 1,Kri-Kri,AÉROPORT,Plantation d'Anacades Ourogouni,1992,Prive - individuel,POINT (1.4283911232730249 9.193797716304625)
_mview_plantation_etablissements_plantation.fid-2fb68024_1a0f82ae2b1_4d41,Centrale,Tchamba,Tchamba 1,Kri-Kri,Feremou,Plantation d'Anacades Alphaomorou,2000,Prive - individuel,POINT (1.4239199999999999 9.202603333333334)
_mview_plantation_etablissements_plantation.fid-2fb68024_1a0f82ae2b1_4d42,Centrale,Tchamba,Tchamba 1,Kri-Kri,Adjezè,Plantation d'Anacades Akphaomorou,2002,Prive - individuel,POINT (1.4282783333333335 9.200718333333333)
_mview_plantation_etablissements_plantation.fid-2fb68024_1a0f82ae2b1_4d43,Centrale,Tchamba,Tchamba 1,Kri-Kri,Feremou,Plantation d'Anacades Alphaomorou,2010,Prive - individuel,POINT (1.4419050000000002 9.203683333333334)
_mview_plantation_etablissements_plantation.fid-2fb68024_1a0f82ae2b1_4d44,Centrale,Tchamba,Tchamba 1,Tchamba,KOUKPEYA,Plantation d'Anacades Habiboullahi,Nsp,Nsp,POINT (1.4283460436990005 9.014918226686612)
_mview_plantation_etablissements_plantation.fid-2fb68024_1a0f82ae2b1_4d45,Centrale,Tchamba,Tchamba 2,Bago,ALIMANGO,Plantation Guégué,2002,Prive - individuel,POINT (1.3956737988289996 8.478360750454554)
_mview_plantation_etablissements_plantation.fid-2fb68024_1a0f82ae2b1_4d46,Centrale,Tchamba,Tchamba 2,Bago,ABALOGBANGBA,Plantation Agossou,2003,Prive - individuel,POINT (1.3651583333333333 8.49285)
_mview_plantation_etablissements_plantation.fid-2fb68024_1a0f82ae2b1_4d47,Centrale,Tchamba,Tchamba 2,Koussountou,AGOUTOUBI,Plantation de Teckerain,2007,Prive - individuel,POINT (1.4904991737694615 8.7859579237357)
_mview_plantation_etablissements_plantation.fid-2fb68024_1a0f82ae2b1_4d48,Centrale,Tchamba,Tchamba 2,Koussountou,KPAKPALAKOUMGBO,Plantation d'Anacades Affokougba,2005,Prive - individuel,POINT (1.5108560885228621 8.794349544052999)
_mview_plantation_etablissements_plantation.fid-2fb68024_1a0f82ae2b1_4d49,Centrale,Tchamba,Tchamba 2,Koussountou,MENIN,Plantation d'Anacades Koumai,2007,Nsp,POINT (1.5122601784157745 8.797197896771216)
_mview_plantation_etablissements_plantation.fid-2fb68024_1a0f82ae2b1_4d4a,Centrale,Tchamba,Tchamba 3,Balanka,BALANKA,Plantation d'Anacades Affodjadja,2007,Prive - individuel,POINT (1.60537852659162 8.851686909471402)
_mview_plantation_etablissements_plantation.fid-2fb68024_1a0f82ae2b1_4d4b,Centrale,Tchamba,Tchamba 3,Balanka,BALANKA,Plantation d'Anacades Yacoubou,1988,Prive - individuel,POINT (1.6053542695389247 8.879771395745266)
_mview_plantation_etablissements_plantation.fid-2fb68024_1a0f82ae2b1_4d4c,Centrale,Tchamba,Tchamba 3,Balanka,AFEKE-BALANKA,Plantation d'Anacades Affogouni,2000,Prive - individuel,POINT (1.5736275921526957 8.857979976730066)
_mview_plantation_etablissements_plantation.fid-2fb68024_1a0f82ae2b1_4d4d,Centrale,Tchamba,Tchamba 3,Balanka,Balanka,Plantation d'Anacades Akitigbi,2007,Prive - individuel,POINT (1.606538067492643 8.859920037996107)
_mview_plantation_etablissements_plantation.fid-2fb68024_1a0f82ae2b1_4d4e,Centrale,Tchamba,Tchamba 3,Balanka,Balanka,Plantation d'Anacades Affonda,2000,Prive - individuel,POINT (1.594720615863461 8.834057345811926)
_mview_plantation_etablissements_plantation.fid-2fb68024_1a0f82ae2b1_4d4f,Centrale,Tchamba,Tchamba 3,Balanka,Balanka,Plantation d'Anacades Yacoubou,1988,Prive - individuel,POINT (1.607875 8.877928333333333)
_mview_plantation_etablissements_plantation.fid-2fb68024_1a0f82ae2b1_4d50,Centrale,Tchamba,Tchamba 3,Balanka,Balanka,Plantation d'Anacades Affoh,2007,Prive - individuel,POINT (1.606175 8.879968333333332)
_mview_plantation_etablissements_plantation.fid-2fb68024_1a0f82ae2b1_4d51,Centrale,Tchamba,Tchamba 3,Balanka,Affele balanka,Plantation d'Anacades Pakuyoou,2010,Prive - individuel,POINT (1.5695137523718516 8.85277308185664)
_mview_plantation_etablissements_plantation.fid-2fb68024_1a0f82ae2b1_4d52,Centrale,Tchamba,Tchamba 3,Balanka,Affele balanka,Plantation d'Anacades Alfa,2000,Prive - individuel,POINT (1.5602938370481416 8.84807543544177)
_mview_plantation_etablissements_plantation.fid-2fb68024_1a0f82ae2b1_4d53,Centrale,Tchamba,Tchamba 3,Goubi,DJOME,Plantation Ferme Lebedje,2011,Prive - individuel,POINT (1.4095466666666667 8.560084999999999)
_mview_plantation_etablissements_plantation.fid-2fb68024_1a0f82ae2b1_4d54,Centrale,Tchamba,Tchamba 3,Goubi,SOUROU-HEZOU,Plantation d'Anacades Dossou,2011,Prive - individuel,POINT (1.4615031223652504 8.756415161665743)
_mview_plantation_etablissements_plantation.fid-2fb68024_1a0f82ae2b1_4d55,Centrale,Tchamba,Tchamba 3,Goubi,AFELE,Plantation Obade,2016,Prive - individuel,POINT (1.53194 8.69573)
_mview_plantation_etablissements_plantation.fid-2fb68024_1a0f82ae2b1_4d56,Centrale,Tchaoudjo,Tchaoudjo 1,Kadambara,LEDIYO,Plantation Bouraïma,2005,Prive - individuel,POINT (1.1910404627474391 8.834088337534196)
_mview_plantation_etablissements_plantation.fid-2fb68024_1a0f82ae2b1_4d57,Centrale,Tchaoudjo,Tchaoudjo 1,Kadambara,LEDIYO,Plantation Bouraïma,1996,Prive - individuel,POINT (1.190694140568541 8.830593831411539)
_mview_plantation_etablissements_plantation.fid-2fb68024_1a0f82ae2b1_4d58,Centrale,Tchaoudjo,Tchaoudjo 1,Kadambara,LEDIYO,Plantation Bouraïma,2005,Prive - individuel,POINT (1.191845137419927 8.830075489475137)
_mview_plantation_etablissements_plantation.fid-2fb68024_1a0f82ae2b1_4d59,Centrale,Tchaoudjo,Tchaoudjo 1,Kadambara,LEDIYO,Plantation Bouraïma,2003,Prive - individuel,POINT (1.1967522136000712 8.834147042499161)
_mview_plantation_etablissements_plantation.fid-2fb68024_1a0f82ae2b1_4d5a,Centrale,Tchaoudjo,Tchaoudjo 1,Kadambara,Lombo,Plantation Tchagbele,2008,Prive - individuel,POINT (1.2205094650211321 8.787910770600808)
_mview_plantation_etablissements_plantation.fid-2fb68024_1a0f82ae2b1_4d5b,Centrale,Tchaoudjo,Tchaoudjo 1,Kadambara,Lombo,Plantation Kedjetre,2017,Prive - individuel,POINT (1.2140830003364054 8.799095976396814)
_mview_plantation_etablissements_plantation.fid-2fb68024_1a0f82ae2b1_4d5c,Centrale,Tchaoudjo,Tchaoudjo 1,Kadambara,Lombo,Plantation Agboforou,2017,Prive - individuel,POINT (1.213155 8.79875)
_mview_plantation_etablissements_plantation.fid-2fb68024_1a0f82ae2b1_4d5d,Centrale,Tchaoudjo,Tchaoudjo 1,Kadambara,lombo,Plantation Ouro-agrignan,2008,Prive - individuel,POINT (1.2084829781936322 8.802241812053008)
_mview_plantation_etablissements_plantation.fid-2fb68024_1a0f82ae2b1_4d5e,Centrale,Tchaoudjo,Tchaoudjo 1,Kadambara,LOMBO,Plantation Kiditirou,2012,Prive - individuel,POINT (1.207035 8.802328333333332)
_mview_plantation_etablissements_plantation.fid-2fb68024_1a0f82ae2b1_4d5f,Centrale,Tchaoudjo,Tchaoudjo 1,Kadambara,LOMBO,Plantation Kerekpeyi Issaka,2017,Prive - individuel,POINT (1.1950354329101858 8.800503480622574)
_mview_plantation_etablissements_plantation.fid-2fb68024_1a0f82ae2b1_4d60,Centrale,Tchaoudjo,Tchaoudjo 1,Kadambara,LOMBO,Plantation Ouro-agrignan,2007,Prive - individuel,POINT (1.1943620800964638 8.80186943192029)
_mview_plantation_etablissements_plantation.fid-2fb68024_1a0f82ae2b1_4d61,Centrale,Tchaoudjo,Tchaoudjo 1,Kadambara,Sada1,Plantation Boboma,2003,Prive - individuel,POINT (1.243859024175 8.76104189068389)
_mview_plantation_etablissements_plantation.fid-2fb68024_1a0f82ae2b1_4d62,Centrale,Tchaoudjo,Tchaoudjo 1,Kadambara,Kperegenidè,Plantation Arouna-traore,2000,Prive - individuel,POINT (1.1849232630937232 8.768132355613371)
_mview_plantation_etablissements_plantation.fid-2fb68024_1a0f82ae2b1_4d63,Centrale,Tchaoudjo,Tchaoudjo 1,Kadambara,Kperegenidè,Plantation Arouna-traore,2017,Prive - individuel,POINT (1.1804428225127743 8.769086971141382)
_mview_plantation_etablissements_plantation.fid-2fb68024_1a0f82ae2b1_4d64,Centrale,Tchaoudjo,Tchaoudjo 1,Kadambara,Kperegenidè,Plantation Djamani,2014,Prive - individuel,POINT (1.1937421325287298 8.776179542873193)
_mview_plantation_etablissements_plantation.fid-2fb68024_1a0f82ae2b1_4d65,Centrale,Tchaoudjo,Tchaoudjo 1,Kadambara,Kperegenidè,Plantation Ayeva,2015,Prive - individuel,POINT (1.1946812041471306 8.776191805141533)
_mview_plantation_etablissements_plantation.fid-2fb68024_1a0f82ae2b1_4d66,Centrale,Tchaoudjo,Tchaoudjo 1,Kadambara,KPEREGENIDE,Plantation Koriko,2017,Prive - individuel,POINT (1.1889368407510157 8.781448827739178)
_mview_plantation_etablissements_plantation.fid-2fb68024_1a0f82ae2b1_4d67,Centrale,Tchaoudjo,Tchaoudjo 1,Kadambara,TAWOREDA,Plantation Djobo,2001,Prive - individuel,POINT (1.1922983333333332 8.797588333333334)
_mview_plantation_etablissements_plantation.fid-2fb68024_1a0f82ae2b1_4d68,Centrale,Tchaoudjo,Tchaoudjo 1,Kadambara,TAWOREDA,Plantation Djobo Issofa,2009,Prive - individuel,POINT (1.1914983333333335 8.79509)
_mview_plantation_etablissements_plantation.fid-2fb68024_1a0f82ae2b1_4d69,Centrale,Tchaoudjo,Tchaoudjo 1,Kadambara,KEDJIBI,Plantation Lare,201,Prive - individuel,POINT (1.2221611800129422 8.804922116489026)
_mview_plantation_etablissements_plantation.fid-2fb68024_1a0f82ae2b1_4d6a,Centrale,Tchaoudjo,Tchaoudjo 1,Kadambara,BANABOSSOU,Plantation Ouro-sama,Nsp,Prive - individuel,POINT (1.1840263757775737 8.816757618738725)
_mview_plantation_etablissements_plantation.fid-2fb68024_1a0f82ae2b1_4d6b,Centrale,Tchaoudjo,Tchaoudjo 1,Kadambara,KOBOYO,Plantation Albarka,2010,Prive - individuel,POINT (1.1741507630370196 8.871085634653078)
_mview_plantation_etablissements_plantation.fid-2fb68024_1a0f82ae2b1_4d6c,Centrale,Tchaoudjo,Tchaoudjo 1,Kadambara,Sada 1,Plantation Abuya,1996,Prive - individuel,POINT (1.2513683333333332 8.75135)
_mview_plantation_etablissements_plantation.fid-2fb68024_1a0f82ae2b1_4d6d,Centrale,Tchaoudjo,Tchaoudjo 1,Kadambara,SIDIKOMINI,Plantation Adjemini,1970,Prive - individuel,POINT (1.1621947742871386 8.770843321083929)
_mview_plantation_etablissements_plantation.fid-2fb68024_1a0f82ae2b1_4d6e,Centrale,Tchaoudjo,Tchaoudjo 1,Kadambara,SIDIKOMINI,Plantation Samari Bassa,2017,Prive - individuel,POINT (1.1651165328669462 8.769967096488966)
_mview_plantation_etablissements_plantation.fid-2fb68024_1a0f82ae2b1_4d6f,Centrale,Tchaoudjo,Tchaoudjo 1,Kadambara,SIDIKOMINI,Plantation Adjemini,2018,Prive - individuel,POINT (1.1644309314218848 8.770944493958067)
_mview_plantation_etablissements_plantation.fid-2fb68024_1a0f82ae2b1_4d70,Centrale,Tchaoudjo,Tchaoudjo 1,Kadambara,SIDIKOMINI,Plantation Adjemini,2018,Prive - individuel,POINT (1.1645715931187597 8.771306305657644)
_mview_plantation_etablissements_plantation.fid-2fb68024_1a0f82ae2b1_4d71,Centrale,Tchaoudjo,Tchaoudjo 1,Kadambara,SIDIKOMINI,Plantation Ouro-gbèlè,2014,Prive - individuel,POINT (1.1554566666666666 8.777528333333333)
_mview_plantation_etablissements_plantation.fid-2fb68024_1a0f82ae2b1_4d72,Centrale,Tchaoudjo,Tchaoudjo 4,Agouloudè,AGBANDAOUDE,Plantation Adam,2008,Prive - individuel,POINT (1.3689336354989994 9.243279413333916)
_mview_plantation_etablissements_plantation.fid-2fb68024_1a0f82ae2b1_4d73,Centrale,Tchaoudjo,Tchaoudjo 4,Agouloudè,AGBANDAOUDE,Plantation Amidou,2003,Prive - individuel,POINT (1.3632577585136227 9.255155737944367)
_mview_plantation_etablissements_plantation.fid-2fb68024_1a0f82ae2b1_4d74,Centrale,Tchaoudjo,Tchaoudjo 4,Agouloudè,AGBANDAOUDE ASSONI,Plantation Ouro-akondo,1996,Prive - individuel,POINT (1.3573616027944038 9.256796602612347)
_mview_plantation_etablissements_plantation.fid-2fb68024_1a0f82ae2b1_4d75,Centrale,Tchaoudjo,Tchaoudjo 4,Agouloudè,AGBANDAOUDE ASSONI,Plantation Ouro-akona,2000,Prive - individuel,POINT (1.3531274744391228 9.260464389002134)
_mview_plantation_etablissements_plantation.fid-2fb68024_1a0f82ae2b1_4d76,Centrale,Tchaoudjo,Tchaoudjo 2,Lama-Tessi,TCHEVÈ,Plantation Alle-agbo,2001,Prive - individuel,POINT (1.1140174057502243 8.83421518106023)
_mview_plantation_etablissements_plantation.fid-2fb68024_1a0f82ae2b1_4d77,Centrale,Tchaoudjo,Tchaoudjo 4,Agouloudè,AGBANDAOUDE ASSONI,Plantation Ouro-akondo,2000,Prive - individuel,POINT (1.3531424385344208 9.262723869255199)
_mview_plantation_etablissements_plantation.fid-2fb68024_1a0f82ae2b1_4d78,Centrale,Tchaoudjo,Tchaoudjo 4,Agouloudè,AGBANDAOUDE ASSONI,Plantation Adam,2000,Prive - individuel,POINT (1.3532361255999534 9.265776442684874)
_mview_plantation_etablissements_plantation.fid-2fb68024_1a0f82ae2b1_4d79,Centrale,Tchaoudjo,Tchaoudjo 4,Agouloudè,AGBANDAOUDE ASSONI,Plantation Adam,1996,Prive - individuel,POINT (1.347942510674871 9.273572743498423)
_mview_plantation_etablissements_plantation.fid-2fb68024_1a0f82ae2b1_4d7a,Centrale,Tchaoudjo,Tchaoudjo 4,Agouloudè,AGBANDAOUDE ASSONI,Plantation Ouro-akondo,2015,Prive - individuel,POINT (1.354104037399302 9.26951548387702)
_mview_plantation_etablissements_plantation.fid-2fb68024_1a0f82ae2b1_4d7b,Centrale,Tchaoudjo,Tchaoudjo 4,Agouloudè,AGBANDAOUDE,Plantation Amidou,2002,Prive - individuel,POINT (1.3765738967039058 9.264052597706192)
_mview_plantation_etablissements_plantation.fid-2fb68024_1a0f82ae2b1_4d7c,Centrale,Tchaoudjo,Tchaoudjo 4,Agouloudè,AGBANDAOUDE,Plantation Ourokouura,2005,Prive - individuel,POINT (1.3777273183109502 9.256092662385175)
_mview_plantation_etablissements_plantation.fid-2fb68024_1a0f82ae2b1_4d7d,Centrale,Tchaoudjo,Tchaoudjo 4,Agouloudè,AGBANDAOUDE,Plantation Ourokoura,2003,Prive - individuel,POINT (1.3750434341374014 9.256691832107448)
_mview_plantation_etablissements_plantation.fid-2fb68024_1a0f82ae2b1_4d7e,Centrale,Tchaoudjo,Tchaoudjo 4,Agouloudè,AGBANDAOUDE,Plantation Bana,2000,Prive - individuel,POINT (1.3732864329187333 9.257503632280189)
_mview_plantation_etablissements_plantation.fid-2fb68024_1a0f82ae2b1_4d7f,Centrale,Tchaoudjo,Tchaoudjo 4,Agouloudè,AGBANDAOUDE,Plantation Zakari,2000,Prive - individuel,POINT (1.3635744527411202 9.25427690237674)
_mview_plantation_etablissements_plantation.fid-2fb68024_1a0f82ae2b1_4d80,Centrale,Tchaoudjo,Tchaoudjo 4,Agouloudè,AGBANDAOUDE,Plantation Tchayaou,1998,Prive - individuel,POINT (1.3579821114151602 9.250162791368146)
_mview_plantation_etablissements_plantation.fid-2fb68024_1a0f82ae2b1_4d81,Centrale,Tchaoudjo,Tchaoudjo 4,Agouloudè,AGBANDAOUDE,Plantation Nassirou Wahabou,Nsp,Prive - individuel,POINT (1.3919640453592448 9.2302817172446)
_mview_plantation_etablissements_plantation.fid-2fb68024_1a0f82ae2b1_4d82,Centrale,Tchaoudjo,Tchaoudjo 4,Agouloudè,AGBANDAOUDE ASSONI,Plantation Ouro-akondo,2002,Prive - individuel,POINT (1.352861728241883 9.264461012877705)
_mview_plantation_etablissements_plantation.fid-2fb68024_1a0f82ae2b1_4d83,Centrale,Tchaoudjo,Tchaoudjo 4,Agouloudè,AGBANDAOUDE ASSONI,Plantation Aladji,2002,Prive - individuel,POINT (1.3544540345998355 9.265270269178316)
_mview_plantation_etablissements_plantation.fid-2fb68024_1a0f82ae2b1_4d84,Centrale,Tchaoudjo,Tchaoudjo 4,Agouloudè,AGBANDAOUDE ASSONI,Plantation Ouro-afa,2003,Prive - individuel,POINT (1.3527997506209446 9.263253312583789)
_mview_plantation_etablissements_plantation.fid-2fb68024_1a0f82ae2b1_4d85,Centrale,Tchaoudjo,Tchaoudjo 4,Agouloudè,AGBANDAOUDE ASSONI,Plantation Boukari,2000,Prive - individuel,POINT (1.3543129985014846 9.254910082644786)
_mview_plantation_etablissements_plantation.fid-2fb68024_1a0f82ae2b1_4d86,Centrale,Tchaoudjo,Tchaoudjo 4,Agouloudè,AGBANDAOUDE,Plantation Zakari,2007,Prive - individuel,POINT (1.3900987286466708 9.225956902267681)
_mview_plantation_etablissements_plantation.fid-2fb68024_1a0f82ae2b1_4d87,Centrale,Tchaoudjo,Tchaoudjo 4,Agouloudè,AGBANDAOUDE,Plantation Moussa,2010,Prive - individuel,POINT (1.3915767676796258 9.223503847845267)
_mview_plantation_etablissements_plantation.fid-2fb68024_1a0f82ae2b1_4d88,Centrale,Tchaoudjo,Tchaoudjo 4,Agouloudè,AGBANDAOUDE,Plantation Ourokoura,2009,Prive - individuel,POINT (1.3902034348325438 9.226975605936904)
_mview_plantation_etablissements_plantation.fid-2fb68024_1a0f82ae2b1_4d89,Centrale,Tchaoudjo,Tchaoudjo 4,Agouloudè,AGBANDAOUDE,Plantation Nassirou,2015,Prive - individuel,POINT (1.389266416505562 9.229691663815101)
_mview_plantation_etablissements_plantation.fid-2fb68024_1a0f82ae2b1_4d8a,Centrale,Tchaoudjo,Tchaoudjo 4,Agouloudè,AGBANDAOUDE,Plantation Ouro-agoro,1998,Prive - individuel,POINT (1.3772586210752618 9.22677110310441)
_mview_plantation_etablissements_plantation.fid-2fb68024_1a0f82ae2b1_4d8b,Centrale,Tchaoudjo,Tchaoudjo 4,Agouloudè,AGBANDAOUDE,Plantation Aboukerim,2010,Prive - individuel,POINT (1.3787929060418644 9.228008964860472)
_mview_plantation_etablissements_plantation.fid-2fb68024_1a0f82ae2b1_4d8c,Centrale,Tchaoudjo,Tchaoudjo 4,Agouloudè,AGBANDAOUDE,Plantation Bourahima,2004,Prive - individuel,POINT (1.3665414626912011 9.227988413111833)
_mview_plantation_etablissements_plantation.fid-2fb68024_1a0f82ae2b1_4d8d,Centrale,Tchaoudjo,Tchaoudjo 4,Agouloudè,AGOULOU,Plantation Tchamouza,2015,Prive - individuel,POINT (1.3432750000000002 9.168145)
_mview_plantation_etablissements_plantation.fid-2fb68024_1a0f82ae2b1_4d8e,Centrale,Tchaoudjo,Tchaoudjo 4,Agouloudè,DIGBANDJIRE,Plantation d'Anacades Begnerim,1996,Prive - individuel,POINT (1.3944696048718621 9.175756576851219)
_mview_plantation_etablissements_plantation.fid-2fb68024_1a0f82ae2b1_4d8f,Centrale,Tchaoudjo,Tchaoudjo 4,Agouloudè,GUERIMALAM,Plantation d'Anacades Badamassi,2018,Prive - individuel,POINT (1.3978640500827009 9.21513172739583)
_mview_plantation_etablissements_plantation.fid-2fb68024_1a0f82ae2b1_4d90,Centrale,Tchaoudjo,Tchaoudjo 4,Agouloudè,AGOULOU,Plantation Ouro-djeri,1994,Prive - individuel,POINT (1.3196159699803809 9.11213376559345)
_mview_plantation_etablissements_plantation.fid-2fb68024_1a0f82ae2b1_4d91,Centrale,Tchaoudjo,Tchaoudjo 1,Tchalo,KPALAFOULASSI,Plantation Mangouri,1997,Prive - individuel,POINT (1.0302366666666667 8.94111)
_mview_plantation_etablissements_plantation.fid-2fb68024_1a0f82ae2b1_4d92,Centrale,Tchaoudjo,Tchaoudjo 4,Agouloudè,AGOULOU,Plantation Aboudou,1996,Prive - individuel,POINT (1.3309202037373788 9.14413492473326)
_mview_plantation_etablissements_plantation.fid-2fb68024_1a0f82ae2b1_4d93,Centrale,Tchaoudjo,Tchaoudjo 4,Agouloudè,AGOULOU,Plantation Tchassanti,1991,Prive - individuel,POINT (1.326408388124327 9.147912464217692)
_mview_plantation_etablissements_plantation.fid-2fb68024_1a0f82ae2b1_4d94,Centrale,Tchaoudjo,Tchaoudjo 4,Agouloudè,AGOULOU,Plantation Tchassanti,1996,Prive - individuel,POINT (1.3278192327428373 9.152319609576091)
_mview_plantation_etablissements_plantation.fid-2fb68024_1a0f82ae2b1_4d95,Centrale,Tchaoudjo,Tchaoudjo 4,Agouloudè,AGOULOU,Plantation Ouro-seveya,2001,Prive - individuel,POINT (1.3333957713429605 9.150825574266491)
_mview_plantation_etablissements_plantation.fid-2fb68024_1a0f82ae2b1_4d96,Centrale,Tchaoudjo,Tchaoudjo 4,Agouloudè,AGOULOU,Plantation Ouro-agouda 1,2009,Prive - individuel,POINT (1.33221 9.141733333333333)
_mview_plantation_etablissements_plantation.fid-2fb68024_1a0f82ae2b1_4d97,Centrale,Tchaoudjo,Tchaoudjo 4,Agouloudè,AGOULOU,Plantation Abrangaou,2008,Prive - individuel,POINT (1.33042 9.14461)
_mview_plantation_etablissements_plantation.fid-2fb68024_1a0f82ae2b1_4d98,Centrale,Tchaoudjo,Tchaoudjo 4,Agouloudè,AGOULOU,Plantation Ouro-agouda 2,2009,Prive - individuel,POINT (1.3286733333333334 9.148198333333333)
_mview_plantation_etablissements_plantation.fid-2fb68024_1a0f82ae2b1_4d99,Centrale,Tchaoudjo,Tchaoudjo 4,Agouloudè,AGOULOU,Plantation Tchassante Amidou,1999,Prive - individuel,POINT (1.3296883333333334 9.148983333333332)
_mview_plantation_etablissements_plantation.fid-2fb68024_1a0f82ae2b1_4d9a,Centrale,Tchaoudjo,Tchaoudjo 4,Agouloudè,AGOULOU,Plantation Tchassanteafissou,1996,Prive - individuel,POINT (1.3291733333333333 9.15027)
_mview_plantation_etablissements_plantation.fid-2fb68024_1a0f82ae2b1_4d9b,Centrale,Tchaoudjo,Tchaoudjo 3,Aléhéridè,DOUSSIDE 2,Plantation Worogo Samaou,2017,Prive - individuel,POINT (1.225583455172088 9.181851250989165)
_mview_plantation_etablissements_plantation.fid-2fb68024_1a0f82ae2b1_4d9c,Centrale,Tchaoudjo,Tchaoudjo 4,Agouloudè,AGOULOU,Plantation Aliou,1993,Prive - individuel,POINT (1.3310216666666665 9.150733333333333)
_mview_plantation_etablissements_plantation.fid-2fb68024_1a0f82ae2b1_4d9d,Centrale,Tchaoudjo,Tchaoudjo 4,Agouloudè,AGOULOU,Plantation Tchavoiwa,1988,Prive - individuel,POINT (1.3352183333333334 9.153585)
_mview_plantation_etablissements_plantation.fid-2fb68024_1a0f82ae2b1_4d9e,Centrale,Tchaoudjo,Tchaoudjo 4,Agouloudè,AGOULOU,Plantation Ouro-nimini,1994,Prive - individuel,POINT (1.33168 9.158418333333334)
_mview_plantation_etablissements_plantation.fid-2fb68024_1a0f82ae2b1_4d9f,Centrale,Tchaoudjo,Tchaoudjo 4,Agouloudè,AGOULOU,Plantation Ouro-ifa,1993,Prive - individuel,POINT (1.332165 9.158278333333334)
_mview_plantation_etablissements_plantation.fid-2fb68024_1a0f82ae2b1_4da0,Centrale,Tchaoudjo,Tchaoudjo 4,Agouloudè,AGOULOU,Plantation Kougnome-wede,1999,Prive - individuel,POINT (1.3290700000000002 9.160408333333333)
_mview_plantation_etablissements_plantation.fid-2fb68024_1a0f82ae2b1_4da1,Centrale,Tchaoudjo,Tchaoudjo 1,Kparataou,KPARATAO,Plantation Djobo,2010,Prive - individuel,POINT (1.3140615913353 8.966189684970937)
_mview_plantation_etablissements_plantation.fid-2fb68024_1a0f82ae2b1_4da2,Centrale,Tchaoudjo,Tchaoudjo 4,Agouloudè,AGOULOU,Plantation Tchassante Aleassem,1994,Prive - individuel,POINT (1.3281366666666665 9.162883333333333)
_mview_plantation_etablissements_plantation.fid-2fb68024_1a0f82ae2b1_4da3,Centrale,Tchamba,Tchamba 3,Kaboli,SAMAI 1,Plantation Kamabadje Camel,1994,Prive - entreprise,POINT (1.6172283333333335 8.584651666666668)
_mview_plantation_etablissements_plantation.fid-2fb68024_1a0f82ae2b1_4da4,Centrale,Tchamba,Tchamba 3,Kaboli,LAKABA,Plantation Kamadjanou,2015,Prive - individuel,POINT (1.600823333333333 8.654465)
_mview_plantation_etablissements_plantation.fid-2fb68024_1a0f82ae2b1_4da5,Centrale,Tchamba,Tchamba 3,Kaboli,SOLIMBIA,Plantation Philemon,1998,Prive - individuel,POINT (1.6184158740820587 8.765955034796509)
_mview_plantation_etablissements_plantation.fid-2fb68024_1a0f82ae2b1_4da6,Centrale,Tchamba,Tchamba 3,Kaboli,ASSITI,Plantation Ferme Issedon,1990,Prive - individuel,POINT (1.5312533333333334 8.72337)
_mview_plantation_etablissements_plantation.fid-2fb68024_1a0f82ae2b1_4da7,Centrale,Tchamba,Tchamba 3,Kaboli,HEZOU,Plantation Kankanassita,1990,Prive - individuel,POINT (1.6212017808249202 8.767277132769916)
_mview_plantation_etablissements_plantation.fid-2fb68024_1a0f82ae2b1_4da8,Centrale,Tchamba,Tchamba 3,Kaboli,AFELE,Plantation Pele,1998,Prive - individuel,POINT (1.5538675554892352 8.75014320207388)
_mview_plantation_etablissements_plantation.fid-2fb68024_1a0f82ae2b1_4da9,Centrale,Tchamba,Tchamba 3,Kaboli,Kaboli,Plantation Olouadara,2006,Prive - individuel,POINT (1.5665570096695909 8.701365410076644)
_mview_plantation_etablissements_plantation.fid-2fb68024_1a0f82ae2b1_4daa,Centrale,Tchamba,Tchamba 3,Kaboli,ATAFA FOBO,Plantation d'Anacades Tchalla,2006,Prive - individuel,POINT (1.5589061638195947 8.711293179469381)
_mview_plantation_etablissements_plantation.fid-2fb68024_1a0f82ae2b1_4dab,Centrale,Tchamba,Tchamba 3,Kaboli,OKEDJÉ,Plantation Atte,1990,Prive - individuel,POINT (1.6085316666666665 8.744516666666668)
_mview_plantation_etablissements_plantation.fid-2fb68024_1a0f82ae2b1_4dac,Centrale,Tchaoudjo,Tchaoudjo 1,Tchalo,KPALAFOULASSI,Plantation Simfeile,1985,Prive - individuel,POINT (1.0361579160644323 8.942898693868797)
_mview_plantation_etablissements_plantation.fid-2fb68024_1a0f82ae2b1_4dad,Centrale,Tchaoudjo,Tchaoudjo 1,Tchalo,FARIME-KOZO,Plantation Nadjombe,2012,Prive - individuel,POINT (1.0214203639586223 8.945384767267509)
_mview_plantation_etablissements_plantation.fid-2fb68024_1a0f82ae2b1_4dae,Centrale,Tchaoudjo,Tchaoudjo 1,Tchalo,FARIME-KOZO,Plantation Issifou,2004,Prive - individuel,POINT (1.0194999801623694 8.945336174773953)
_mview_plantation_etablissements_plantation.fid-2fb68024_1a0f82ae2b1_4daf,Centrale,Tchaoudjo,Tchaoudjo 1,Tchalo,KATAKPANI,Plantation Silo,1995,Prive - individuel,POINT (1.1045550000000002 8.935955)
_mview_plantation_etablissements_plantation.fid-2fb68024_1a0f82ae2b1_4db0,Centrale,Tchaoudjo,Tchaoudjo 1,Tchalo,NOWORO,Plantation Simyeli,2003,Prive - individuel,POINT (1.0868833333333332 8.940405)
_mview_plantation_etablissements_plantation.fid-2fb68024_1a0f82ae2b1_4db1,Centrale,Tchaoudjo,Tchaoudjo 1,Tchalo,KATAKPANI,Plantation Tchao,2005,Prive - individuel,POINT (1.1073300000000001 8.937485)
_mview_plantation_etablissements_plantation.fid-2fb68024_1a0f82ae2b1_4db2,Centrale,Tchaoudjo,Tchaoudjo 1,Tchalo,BAVILE,Plantation Tchakifedi,2000,Prive - individuel,POINT (1.0869544272394538 8.950989670970273)
_mview_plantation_etablissements_plantation.fid-2fb68024_1a0f82ae2b1_4db3,Centrale,Tchaoudjo,Tchaoudjo 1,Tchalo,TCHEMOWORO,Plantation Tchakifedi,2000,Prive - individuel,POINT (1.079179374364144 8.941645992498767)
_mview_plantation_etablissements_plantation.fid-2fb68024_1a0f82ae2b1_4db4,Centrale,Tchaoudjo,Tchaoudjo 1,Tchalo,TCHAMOWORO,Plantation Tchakifedi Aboudoulai,2017,Prive - individuel,POINT (1.0798216666666667 8.944276666666667)
_mview_plantation_etablissements_plantation.fid-2fb68024_1a0f82ae2b1_4db5,Centrale,Tchaoudjo,Tchaoudjo 1,Tchalo,KATAKPANI,Plantation Lumiere,2011,Prive - individuel,POINT (1.1067183333333332 8.939086666666666)
_mview_plantation_etablissements_plantation.fid-2fb68024_1a0f82ae2b1_4db6,Centrale,Tchaoudjo,Tchaoudjo 1,Tchalo,TCHEMOWORO,Plantation Tchakifedi,2000,Prive - individuel,POINT (1.08082 8.944231666666667)
_mview_plantation_etablissements_plantation.fid-2fb68024_1a0f82ae2b1_4db7,Centrale,Tchaoudjo,Tchaoudjo 1,Tchalo,TCHEMOWORO,Plantation Essa,2005,Prive - individuel,POINT (1.079667752657738 8.945830920646406)
_mview_plantation_etablissements_plantation.fid-2fb68024_1a0f82ae2b1_4db8,Centrale,Tchaoudjo,Tchaoudjo 1,Tchalo,TOBOÏSSI,Plantation Creuset Togo,2015,Prive - individuel,POINT (1.13336 8.91016)
_mview_plantation_etablissements_plantation.fid-2fb68024_1a0f82ae2b1_4db9,Centrale,Tchaoudjo,Tchaoudjo 1,Tchalo,TOBOÏSSI,Plantation Tchadjeri,1975,Prive - individuel,POINT (1.133772932813737 8.924675219310632)
_mview_plantation_etablissements_plantation.fid-2fb68024_1a0f82ae2b1_4dba,Centrale,Tchaoudjo,Tchaoudjo 1,Tchalo,AGORODE,Plantation Koumoyi,2003,Prive - individuel,POINT (1.1291916666666666 8.931355)
_mview_plantation_etablissements_plantation.fid-2fb68024_1a0f82ae2b1_4dbb,Centrale,Tchaoudjo,Tchaoudjo 1,Tchalo,TOBOISSI,Plantation Tchagbele,1974,Prive - individuel,POINT (1.1334283333333335 8.917891666666666)
_mview_plantation_etablissements_plantation.fid-2fb68024_1a0f82ae2b1_4dbc,Centrale,Tchaoudjo,Tchaoudjo 1,Tchalo,TOBOÏSSI,Plantation Issifou,2017,Prive - individuel,POINT (1.1321564070556205 8.92480388512706)
_mview_plantation_etablissements_plantation.fid-2fb68024_1a0f82ae2b1_4dbd,Centrale,Tchaoudjo,Tchaoudjo 1,Tchalo,AGORODE,Plantation Kerime,1997,Prive - individuel,POINT (1.1355933333333332 8.927633333333334)
_mview_plantation_etablissements_plantation.fid-2fb68024_1a0f82ae2b1_4dbe,Centrale,Tchaoudjo,Tchaoudjo 1,Tchalo,LABIDE,Plantation Tchagbedeou,2005,Prive - individuel,POINT (1.1329933333333333 8.934696666666667)
_mview_plantation_etablissements_plantation.fid-2fb68024_1a0f82ae2b1_4dbf,Centrale,Tchaoudjo,Tchaoudjo 1,Tchalo,N/a,Plantation Laba,2017,Prive - individuel,POINT (1.1389704760378998 8.93302165604701)
_mview_plantation_etablissements_plantation.fid-2fb68024_1a0f82ae2b1_4dc0,Centrale,Tchaoudjo,Tchaoudjo 1,Tchalo,TCHALO,Plantation Yacoubou,2001,Prive - individuel,POINT (1.100330296200871 8.91637118913786)
_mview_plantation_etablissements_plantation.fid-2fb68024_1a0f82ae2b1_4dc1,Centrale,Tchaoudjo,Tchaoudjo 1,Tchalo,AGORODE,Plantation Adam,2012,Prive - individuel,POINT (1.133416534670491 8.931026066181568)
_mview_plantation_etablissements_plantation.fid-2fb68024_1a0f82ae2b1_4dc2,Centrale,Tchaoudjo,Tchaoudjo 1,Tchalo,KASSENA PONT,Plantation Etassoli,2000,Prive - individuel,POINT (1.103085349695227 8.911003853980734)
_mview_plantation_etablissements_plantation.fid-2fb68024_1a0f82ae2b1_4dc3,Centrale,Tchaoudjo,Tchaoudjo 1,Tchalo,GOUGOUSSE,Plantation Ouro-agoro,2016,Prive - individuel,POINT (1.0884283333333333 8.925418333333333)
_mview_plantation_etablissements_plantation.fid-2fb68024_1a0f82ae2b1_4dc4,Centrale,Tchaoudjo,Tchaoudjo 1,Tchalo,KOUGOUZE,Plantation Alassani,2002,Prive - individuel,POINT (1.093621753743975 8.921935268083597)
_mview_plantation_etablissements_plantation.fid-2fb68024_1a0f82ae2b1_4dc5,Centrale,Tchaoudjo,Tchaoudjo 1,Tchalo,KOUGOUZE,Plantation Ouro-gaou,2002,Prive - individuel,POINT (1.0914602364066945 8.922521606357936)
_mview_plantation_etablissements_plantation.fid-2fb68024_1a0f82ae2b1_4dc6,Centrale,Tchaoudjo,Tchaoudjo 1,Tchalo,KOUNKOUNZE,Plantation Wouroroni,2019,Prive - individuel,POINT (1.0907348277756834 8.928535108466098)
_mview_plantation_etablissements_plantation.fid-2fb68024_1a0f82ae2b1_4dc7,Centrale,Tchaoudjo,Tchaoudjo 1,Tchalo,TCHALO,Plantation Alassane,2000,Prive - individuel,POINT (1.101421251575799 8.914101063358906)
_mview_plantation_etablissements_plantation.fid-2fb68024_1a0f82ae2b1_4dc8,Centrale,Tchaoudjo,Tchaoudjo 3,Aléhéridè,ALEDJO-KADARA,Plantation Ouro-bitasse,2017,Prive - individuel,POINT (1.1824831896712982 9.24485016611791)
_mview_plantation_etablissements_plantation.fid-2fb68024_1a0f82ae2b1_4dc9,Centrale,Tchaoudjo,Tchaoudjo 3,Aléhéridè,DOUSSIDE,Plantation Worogo,2003,Prive - Collectivite coutumiere,POINT (1.209168412044438 9.176896953108464)
_mview_plantation_etablissements_plantation.fid-2fb68024_1a0f82ae2b1_4dca,Centrale,Tchaoudjo,Tchaoudjo 3,Aléhéridè,DOUSSIDE 1,Plantation Kegberou,1999,Prive - individuel,POINT (1.2238195365691138 9.183139704986559)
_mview_plantation_etablissements_plantation.fid-2fb68024_1a0f82ae2b1_4dcb,Centrale,Tchaoudjo,Tchaoudjo 3,Aléhéridè,DOUSSIDE,Plantation Worogo,2017,Prive - individuel,POINT (1.2283707104605233 9.181440369850685)
_mview_plantation_etablissements_plantation.fid-2fb68024_1a0f82ae2b1_4dcc,Centrale,Tchaoudjo,Tchaoudjo 3,Aléhéridè,DOUSSIDE 1,Plantation Hidabalo,2015,Prive - individuel,POINT (1.2226493462021628 9.185003945342777)
_mview_plantation_etablissements_plantation.fid-2fb68024_1a0f82ae2b1_4dcd,Centrale,Tchaoudjo,Tchaoudjo 3,Aléhéridè,DOUSSIDE 2,Plantation Worogo,2017,Prive - individuel,POINT (1.2278555336096055 9.18223235899781)
_mview_plantation_etablissements_plantation.fid-2fb68024_1a0f82ae2b1_4dce,Centrale,Tchaoudjo,Tchaoudjo 3,Aléhéridè,DOUSSIDE 2,Plantation Worogo,2017,Prive - individuel,POINT (1.2318513703602958 9.18268519360626)
_mview_plantation_etablissements_plantation.fid-2fb68024_1a0f82ae2b1_4dcf,Centrale,Tchaoudjo,Tchaoudjo 3,Aléhéridè,DOUSSIDE 2,Plantation Worogo,2019,Prive - individuel,POINT (1.2309225404295876 9.183004349045632)
_mview_plantation_etablissements_plantation.fid-2fb68024_1a0f82ae2b1_4dd0,Centrale,Tchaoudjo,Tchaoudjo 3,Aléhéridè,DOUSSIDE 1,Plantation Toure,2017,Prive - individuel,POINT (1.2228363883809907 9.193384930594853)
_mview_plantation_etablissements_plantation.fid-2fb68024_1a0f82ae2b1_4dd1,Centrale,Tchaoudjo,Tchaoudjo 3,Aléhéridè,DOUSSIDÈ 1,Plantation Pilabina,Nsp,Prive - individuel,POINT (1.2172281312419126 9.185931984331642)
_mview_plantation_etablissements_plantation.fid-2fb68024_1a0f82ae2b1_4dd2,Centrale,Tchaoudjo,Tchaoudjo 3,Aléhéridè,DOUSSIDÈ 1,Plantation Gnamsou,Nsp,Prive - individuel,POINT (1.2185834092359906 9.18636126160764)
_mview_plantation_etablissements_plantation.fid-2fb68024_1a0f82ae2b1_4dd3,Centrale,Tchaoudjo,Tchaoudjo 3,Aléhéridè,DOUSSIDÈ 1,Plantation Toknèyi2,Nsp,Prive - individuel,POINT (1.217703123746258 9.183733356532152)
_mview_plantation_etablissements_plantation.fid-2fb68024_1a0f82ae2b1_4dd4,Centrale,Tchaoudjo,Tchaoudjo 3,Aléhéridè,DOUSSIDÈ 1,Plantation Toknèyi1,Nsp,autre,POINT (1.2181151726105335 9.182208045676997)
_mview_plantation_etablissements_plantation.fid-2fb68024_1a0f82ae2b1_4dd5,Centrale,Tchaoudjo,Tchaoudjo 3,Aléhéridè,ALEHERIDE,Plantation Tchadoi,2015,Prive - individuel,POINT (1.1907741287901863 9.196275572204378)
_mview_plantation_etablissements_plantation.fid-2fb68024_1a0f82ae2b1_4dd6,Centrale,Tchaoudjo,Tchaoudjo 3,Aléhéridè,ALEHERIDE,Plantation Tchadjeri,2010,Prive - individuel,POINT (1.1902064429138886 9.19810425957568)
_mview_plantation_etablissements_plantation.fid-2fb68024_1a0f82ae2b1_4dd7,Centrale,Tchaoudjo,Tchaoudjo 3,Aléhéridè,ALEHERIDE,Plantation Adam,2015,Prive - individuel,POINT (1.1886078591088403 9.198825347760625)
_mview_plantation_etablissements_plantation.fid-2fb68024_1a0f82ae2b1_4dd8,Centrale,Tchaoudjo,Tchaoudjo 3,Aléhéridè,ALEHERIDE,Plantation Tchadjeri,2017,Prive - individuel,POINT (1.1917266796937427 9.197326985513307)
_mview_plantation_etablissements_plantation.fid-2fb68024_1a0f82ae2b1_4dd9,Centrale,Tchaoudjo,Tchaoudjo 3,Aléhéridè,ALEHERIDE,Plantation Kegberou,1996,Prive - individuel,POINT (1.2027067136772065 9.197602572593384)
_mview_plantation_etablissements_plantation.fid-2fb68024_1a0f82ae2b1_4dda,Centrale,Tchaoudjo,Tchaoudjo 3,Aléhéridè,KIKIMINI,Plantation Tchahadoi,1990,Prive - individuel,POINT (1.1674412050139826 9.212070381668347)
_mview_plantation_etablissements_plantation.fid-2fb68024_1a0f82ae2b1_4ddb,Centrale,Tchaoudjo,Tchaoudjo 3,Kolina,KOLINA,Plantation Tchakada,2018,Prive - individuel,POINT (1.1431757420298654 9.119986418689606)
_mview_plantation_etablissements_plantation.fid-2fb68024_1a0f82ae2b1_4ddc,Centrale,Tchaoudjo,Tchaoudjo 3,Kolina,KOUMONIADE,Plantation Landoz Ismaiel,Nsp,Prive - individuel,POINT (1.1337949999999999 9.066165000000002)
_mview_plantation_etablissements_plantation.fid-2fb68024_1a0f82ae2b1_4ddd,Centrale,Tchaoudjo,Tchaoudjo 3,Kolina,KOLINA,Plantation Ouro-bangna,2014,Prive - individuel,POINT (1.1483883333333333 9.104358333333332)
_mview_plantation_etablissements_plantation.fid-2fb68024_1a0f82ae2b1_4dde,Centrale,Tchaoudjo,Tchaoudjo 3,Kolina,KOLINA,Plantation Moumouni,2012,Prive - individuel,POINT (1.1509212796778898 9.118827829370481)
_mview_plantation_etablissements_plantation.fid-2fb68024_1a0f82ae2b1_4ddf,Centrale,Tchaoudjo,Tchaoudjo 3,Kolina,KOLINA,Plantation Tchakada,2017,Prive - individuel,POINT (1.1410450064527196 9.124257462595516)
_mview_plantation_etablissements_plantation.fid-2fb68024_1a0f82ae2b1_4de0,Centrale,Tchaoudjo,Tchaoudjo 3,Kolina,KOUMOIADE,Plantation Ouro-akpo,2000,Prive - individuel,POINT (1.1420115653485303 9.081792887651739)
_mview_plantation_etablissements_plantation.fid-2fb68024_1a0f82ae2b1_4de1,Centrale,Tchaoudjo,Tchaoudjo 3,Kolina,Kolina,Plantation Agoro,2018,Prive - individuel,POINT (1.1410811230256233 9.111267157456133)
_mview_plantation_etablissements_plantation.fid-2fb68024_1a0f82ae2b1_4de2,Centrale,Tchaoudjo,Tchaoudjo 3,Kolina,AZANADE,Plantation Ouro-koura,2017,Prive - individuel,POINT (1.1408490714400903 9.069910567985936)
_mview_plantation_etablissements_plantation.fid-2fb68024_1a0f82ae2b1_4de3,Centrale,Tchaoudjo,Tchaoudjo 3,Kolina,KOLINA,Plantation Fousseni,2016,Prive - individuel,POINT (1.14738 9.107298333333334)
_mview_plantation_etablissements_plantation.fid-2fb68024_1a0f82ae2b1_4de4,Centrale,Tchaoudjo,Tchaoudjo 3,Kolina,KOLINA,Plantation Kozi,2017,Prive - individuel,POINT (1.14733 9.10675)
_mview_plantation_etablissements_plantation.fid-2fb68024_1a0f82ae2b1_4de5,Centrale,Tchaoudjo,Tchaoudjo 3,Kolina,KOLINA,Plantation Tchassanti,2013,Prive - individuel,POINT (1.1454180292130907 9.115094118866082)
_mview_plantation_etablissements_plantation.fid-2fb68024_1a0f82ae2b1_4de6,Centrale,Tchaoudjo,Tchaoudjo 3,Kolina,KOLINA,Plantation Landoz,2009,Prive - individuel,POINT (1.1135788376846754 9.092479252183264)
_mview_plantation_etablissements_plantation.fid-2fb68024_1a0f82ae2b1_4de7,Centrale,Tchaoudjo,Tchaoudjo 3,Kolina,KOUMONIADE,Plantation Oiro-agorigo Fataou,2018,Prive - individuel,POINT (1.1299405970087006 9.08177399814148)
_mview_plantation_etablissements_plantation.fid-2fb68024_1a0f82ae2b1_4de8,Centrale,Tchaoudjo,Tchaoudjo 3,Kolina,KOLINA,Plantation Ouro-akondo,1995,Prive - individuel,POINT (1.1390025739709817 9.111158801691952)
_mview_plantation_etablissements_plantation.fid-2fb68024_1a0f82ae2b1_4de9,Centrale,Tchaoudjo,Tchaoudjo 3,Kolina,AZANADE,Plantation Ouro-akpo,1997,Prive - Collectivite coutumiere,POINT (1.1441737245831345 9.073679133238716)
_mview_plantation_etablissements_plantation.fid-2fb68024_1a0f82ae2b1_4dea,Centrale,Tchaoudjo,Tchaoudjo 3,Kolina,KOUMONIADE,Plantation Disinadama,2018,Prive - individuel,POINT (1.1155108762057744 9.102459125979395)
_mview_plantation_etablissements_plantation.fid-2fb68024_1a0f82ae2b1_4deb,Centrale,Tchaoudjo,Tchaoudjo 3,Kolina,KOLINA,Plantation Ouro-gnawo,2009,Prive - individuel,POINT (1.1412981966542015 9.110724833353988)
_mview_plantation_etablissements_plantation.fid-2fb68024_1a0f82ae2b1_4dec,Centrale,Tchaoudjo,Tchaoudjo 3,Kolina,AZANADE,Plantation Ouro-ladjo,2017,Prive - individuel,POINT (1.1407863444198694 9.066505761706033)
_mview_plantation_etablissements_plantation.fid-2fb68024_1a0f82ae2b1_4ded,Centrale,Tchaoudjo,Tchaoudjo 3,Kolina,KOLINA,Plantation Tchalaki,2001,Prive - individuel,POINT (1.15354 9.101231666666667)
_mview_plantation_etablissements_plantation.fid-2fb68024_1a0f82ae2b1_4dee,Centrale,Tchaoudjo,Tchaoudjo 3,Kolina,KOLINA,Plantation Ali,1988,Prive - individuel,POINT (1.1567905141701222 9.108924472299869)
_mview_plantation_etablissements_plantation.fid-2fb68024_1a0f82ae2b1_4def,Centrale,Tchaoudjo,Tchaoudjo 3,Kolina,KOLINA,Plantation Boukari,2015,Prive - individuel,POINT (1.1531210873089996 9.114685422941228)
_mview_plantation_etablissements_plantation.fid-2fb68024_1a0f82ae2b1_4df0,Centrale,Tchaoudjo,Tchaoudjo 3,Kolina,KOLINA,Plantation Tchanile,2017,Prive - individuel,POINT (1.1521521395485301 9.098407764281973)
_mview_plantation_etablissements_plantation.fid-2fb68024_1a0f82ae2b1_4df1,Centrale,Tchaoudjo,Tchaoudjo 3,Kolina,KOLINA,Plantation Agouda,2002,Prive - individuel,POINT (1.1455406201641878 9.09292688276808)
_mview_plantation_etablissements_plantation.fid-2fb68024_1a0f82ae2b1_4df2,Centrale,Tchaoudjo,Tchaoudjo 3,Kolina,KOLINA,Plantation Djobo,2015,Prive - individuel,POINT (1.1534891300858743 9.115511191187688)
_mview_plantation_etablissements_plantation.fid-2fb68024_1a0f82ae2b1_4df3,Centrale,Tchaoudjo,Tchaoudjo 3,Kolina,KOLINA,Plantation Tankoanou,2017,Prive - individuel,POINT (1.1413077123327222 9.117351418003802)
_mview_plantation_etablissements_plantation.fid-2fb68024_1a0f82ae2b1_4df4,Centrale,Tchaoudjo,Tchaoudjo 3,Kolina,KOLINA,Plantation Ouro-tagba,2010,Prive - individuel,POINT (1.1370493856788448 9.101438048772684)
_mview_plantation_etablissements_plantation.fid-2fb68024_1a0f82ae2b1_4df5,Centrale,Tchaoudjo,Tchaoudjo 3,Kolina,KOLINA,Plantation Saibou,2001,Prive - individuel,POINT (1.147578644641538 9.099898376990858)
_mview_plantation_etablissements_plantation.fid-2fb68024_1a0f82ae2b1_4df6,Centrale,Tchaoudjo,Tchaoudjo 3,Kolina,KOLINA,Plantation Ali,2008,Prive - individuel,POINT (1.1629031248633759 9.11073139346034)
_mview_plantation_etablissements_plantation.fid-2fb68024_1a0f82ae2b1_4df7,Centrale,Tchaoudjo,Tchaoudjo 3,Kolina,KOLINA,Plantation Moussa,2009,Prive - individuel,POINT (1.1586234942211515 9.104681993473228)
_mview_plantation_etablissements_plantation.fid-2fb68024_1a0f82ae2b1_4df8,Centrale,Tchaoudjo,Tchaoudjo 3,Kolina,KOLINA,Plantation Tchanile,2002,Prive - individuel,POINT (1.1469649089782448 9.098550705906506)
_mview_plantation_etablissements_plantation.fid-2fb68024_1a0f82ae2b1_4df9,Centrale,Tchaoudjo,Tchaoudjo 3,Kolina,KOLINA,Plantation Kondo,2002,Prive - individuel,POINT (1.148952479554752 9.099736455298672)
_mview_plantation_etablissements_plantation.fid-2fb68024_1a0f82ae2b1_4dfa,Centrale,Tchaoudjo,Tchaoudjo 3,Kolina,KOLINA,Plantation Ouro-bagnan,2002,Prive - individuel,POINT (1.1603515002432903 9.108479082230268)
_mview_plantation_etablissements_plantation.fid-2fb68024_1a0f82ae2b1_4dfb,Centrale,Tchaoudjo,Tchaoudjo 1,Kparataou,SADA 1,Plantation Ouro-akpo,2000,Prive - individuel,POINT (1.2739064552882653 8.850251247406957)
_mview_plantation_etablissements_plantation.fid-2fb68024_1a0f82ae2b1_4dfc,Centrale,Tchaoudjo,Tchaoudjo 1,Kparataou,SADA 2,Plantation Walla,1998,Prive - individuel,POINT (1.2952175470129326 8.787260619579914)
_mview_plantation_etablissements_plantation.fid-2fb68024_1a0f82ae2b1_4dfd,Centrale,Tchaoudjo,Tchaoudjo 1,Kparataou,SADA 2,Plantation Tchakelewou,2011,Prive - individuel,POINT (1.2889917342636388 8.799320221821462)
_mview_plantation_etablissements_plantation.fid-2fb68024_1a0f82ae2b1_4dfe,Centrale,Tchaoudjo,Tchaoudjo 1,Kparataou,YELIVO,Plantation Amidou,2016,Prive - individuel,POINT (1.2321223913458372 8.923102607030588)
_mview_plantation_etablissements_plantation.fid-2fb68024_1a0f82ae2b1_4dff,Centrale,Tchaoudjo,Tchaoudjo 1,Kparataou,SADA 2,Plantation Walla,1998,Prive - individuel,POINT (1.2982254340284904 8.78874676496419)
_mview_plantation_etablissements_plantation.fid-2fb68024_1a0f82ae2b1_4e00,Centrale,Tchaoudjo,Tchaoudjo 1,Kparataou,SADA 2,Plantation Walla,1998,Prive - individuel,POINT (1.294054957533597 8.788684497500112)
_mview_plantation_etablissements_plantation.fid-2fb68024_1a0f82ae2b1_4e01,Centrale,Tchaoudjo,Tchaoudjo 1,Kparataou,AVOLAO,Plantation Agouda Idrissou,1999,Prive - individuel,POINT (1.279665660428187 8.995390041885814)
_mview_plantation_etablissements_plantation.fid-2fb68024_1a0f82ae2b1_4e02,Centrale,Tchaoudjo,Tchaoudjo 1,Kparataou,WASSARABO,Plantation Sibabi Idrissou,1998,Prive - individuel,POINT (1.257579970892833 8.990544423036905)
_mview_plantation_etablissements_plantation.fid-2fb68024_1a0f82ae2b1_4e03,Centrale,Tchaoudjo,Tchaoudjo 1,Kparataou,WASSARABO,Plantation Agoro,2011,Prive - individuel,POINT (1.238886860120529 8.98858283816199)
_mview_plantation_etablissements_plantation.fid-2fb68024_1a0f82ae2b1_4e04,Centrale,Tchaoudjo,Tchaoudjo 1,Kparataou,YELIVO,Plantation Aladji,2005,Prive - individuel,POINT (1.2195332876336695 8.939381611640085)
_mview_plantation_etablissements_plantation.fid-2fb68024_1a0f82ae2b1_4e05,Centrale,Tchaoudjo,Tchaoudjo 1,Kparataou,YELIVO,Plantation Kassim,2000,Prive - individuel,POINT (1.2255854734900908 8.928417755319172)
_mview_plantation_etablissements_plantation.fid-2fb68024_1a0f82ae2b1_4e06,Centrale,Tchaoudjo,Tchaoudjo 1,Kparataou,YELIVO,Plantation Ourognini,2014,Prive - individuel,POINT (1.2249211670758249 8.928941450352545)
_mview_plantation_etablissements_plantation.fid-2fb68024_1a0f82ae2b1_4e07,Centrale,Tchaoudjo,Tchaoudjo 1,Kparataou,GNAGBALO COPE,Plantation Gnagbalo,2008,Prive - individuel,POINT (1.2392482226975288 8.910395601814844)
_mview_plantation_etablissements_plantation.fid-2fb68024_1a0f82ae2b1_4e08,Centrale,Tchaoudjo,Tchaoudjo 1,Kparataou,YELIVO,Plantation Tchagodomou Agrignan,2012,Prive - individuel,POINT (1.2185595027153018 8.94240865410118)
_mview_plantation_etablissements_plantation.fid-2fb68024_1a0f82ae2b1_4e09,Centrale,Tchaoudjo,Tchaoudjo 1,Kparataou,YELIVO,Plantation Djeyagabo,2014,Prive - individuel,POINT (1.2339923462692417 8.92196770742466)
_mview_plantation_etablissements_plantation.fid-2fb68024_1a0f82ae2b1_4e0a,Centrale,Tchaoudjo,Tchaoudjo 1,Kparataou,YELIVO,Plantation Tchassoto,2015,Prive - individuel,POINT (1.220353893612588 8.937682418556443)
_mview_plantation_etablissements_plantation.fid-2fb68024_1a0f82ae2b1_4e0b,Centrale,Tchaoudjo,Tchaoudjo 1,Kparataou,YELIVO,Plantation Gnagbalo,2015,Prive - individuel,POINT (1.2416676297874887 8.90961109745914)
_mview_plantation_etablissements_plantation.fid-2fb68024_1a0f82ae2b1_4e0c,Centrale,Tchaoudjo,Tchaoudjo 1,Kparataou,YELIVO,Plantation Morou,2003,Prive - individuel,POINT (1.2216280858896886 8.938559108991738)
_mview_plantation_etablissements_plantation.fid-2fb68024_1a0f82ae2b1_4e0d,Centrale,Tchaoudjo,Tchaoudjo 1,Kparataou,YELIVO,Plantation Ouboy,1998,Prive - individuel,POINT (1.2251298446800896 8.929893832690656)
_mview_plantation_etablissements_plantation.fid-2fb68024_1a0f82ae2b1_4e0e,Centrale,Tchaoudjo,Tchaoudjo 1,Kparataou,GNAGBALO cope,Plantation Gnagbalo,2015,Prive - individuel,POINT (1.240499325266787 8.910548799195688)
_mview_plantation_etablissements_plantation.fid-2fb68024_1a0f82ae2b1_4e0f,Centrale,Tchaoudjo,Tchaoudjo 1,Kparataou,TCHADJOWODE,Plantation Tchadjowode,1994,Prive - individuel,POINT (1.2536627463610421 8.91764184775972)
_mview_plantation_etablissements_plantation.fid-2fb68024_1a0f82ae2b1_4e10,Centrale,Tchaoudjo,Tchaoudjo 1,Kparataou,KOLOWARE,Plantation Tchakoura,2000,Prive - individuel,POINT (1.2808688244439204 8.940350926970765)
_mview_plantation_etablissements_plantation.fid-2fb68024_1a0f82ae2b1_4e11,Centrale,Tchaoudjo,Tchaoudjo 1,Kparataou,ATIBODO,Plantation Baga,2002,Prive - individuel,POINT (1.2412858411685495 8.96184900436642)
_mview_plantation_etablissements_plantation.fid-2fb68024_1a0f82ae2b1_4e12,Centrale,Tchaoudjo,Tchaoudjo 1,Kparataou,ATIBODO,Plantation Kao,2007,Prive - individuel,POINT (1.240919199868791 8.958089012830976)
_mview_plantation_etablissements_plantation.fid-2fb68024_1a0f82ae2b1_4e13,Centrale,Tchaoudjo,Tchaoudjo 1,Kparataou,KOLOWARE,Plantation Labaram,2007,Prive - individuel,POINT (1.3008237812729244 8.928016651685827)
_mview_plantation_etablissements_plantation.fid-2fb68024_1a0f82ae2b1_4e14,Centrale,Tchaoudjo,Tchaoudjo 1,Kparataou,KOLOWARE,Plantation Abou,1994,Prive - individuel,POINT (1.2924915074774785 8.935418022915522)
_mview_plantation_etablissements_plantation.fid-2fb68024_1a0f82ae2b1_4e15,Centrale,Tchaoudjo,Tchaoudjo 1,Kparataou,NIGBAOUDE 2,Plantation Sadamba,2017,Prive - individuel,POINT (1.2565605051291329 8.95723847938811)
_mview_plantation_etablissements_plantation.fid-2fb68024_1a0f82ae2b1_4e16,Centrale,Tchaoudjo,Tchaoudjo 1,Kparataou,NIGBAOUDE 2,Plantation Bouraima,2016,Prive - individuel,POINT (1.2753161620895017 8.96807387666828)
_mview_plantation_etablissements_plantation.fid-2fb68024_1a0f82ae2b1_4e17,Centrale,Tchaoudjo,Tchaoudjo 1,Kparataou,ALIBI,Plantation Koumeyi,2002,Prive - individuel,POINT (1.325333321705906 8.956132874210368)
_mview_plantation_etablissements_plantation.fid-2fb68024_1a0f82ae2b1_4e18,Centrale,Tchaoudjo,Tchaoudjo 1,Kparataou,ALIBI,Plantation Issifou,2008,Prive - individuel,POINT (1.3188758214806302 8.91684807699341)
_mview_plantation_etablissements_plantation.fid-2fb68024_1a0f82ae2b1_4e19,Centrale,Tchaoudjo,Tchaoudjo 1,Kparataou,ALIBI,Plantation Wahabou,2007,Prive - individuel,POINT (1.3208174113109625 8.946427120018127)
_mview_plantation_etablissements_plantation.fid-2fb68024_1a0f82ae2b1_4e1a,Centrale,Tchaoudjo,Tchaoudjo 1,Kparataou,ALIBI,Plantation Samangare,2002,Prive - individuel,POINT (1.315161741591244 8.949768699333577)
_mview_plantation_etablissements_plantation.fid-2fb68024_1a0f82ae2b1_4e1b,Centrale,Tchaoudjo,Tchaoudjo 1,Kparataou,ALIBI,Plantation Adam 2,2000,Prive - individuel,POINT (1.3277349927309847 8.953862363981463)
_mview_plantation_etablissements_plantation.fid-2fb68024_1a0f82ae2b1_4e1c,Centrale,Tchaoudjo,Tchaoudjo 1,Kparataou,ALIBI,Plantation Adam 1,2000,Prive - individuel,POINT (1.3282180264431707 8.954809181592024)
_mview_plantation_etablissements_plantation.fid-2fb68024_1a0f82ae2b1_4e1d,Centrale,Tchaoudjo,Tchaoudjo 1,Kparataou,KPARATAO,Plantation Souroubodou,2007,Prive - individuel,POINT (1.3139675122694878 8.969830430292339)
_mview_plantation_etablissements_plantation.fid-2fb68024_1a0f82ae2b1_4e1e,Centrale,Tchaoudjo,Tchaoudjo 1,Kparataou,KPARATAO,Plantation Mohamed,2008,Prive - individuel,POINT (1.31330169332461 8.966557054532336)
_mview_plantation_etablissements_plantation.fid-2fb68024_1a0f82ae2b1_4e1f,Centrale,Tchaoudjo,Tchaoudjo 1,Kparataou,KPARATAO,Plantation Djobo,2017,Prive - individuel,POINT (1.3149729134489052 8.965840936758248)
_mview_plantation_etablissements_plantation.fid-2fb68024_1a0f82ae2b1_4e20,Centrale,Tchaoudjo,Tchaoudjo 1,Kparataou,KPARATAO,Plantation Aboubakar,2008,Prive - individuel,POINT (1.3161105655100793 8.965860396115131)
_mview_plantation_etablissements_plantation.fid-2fb68024_1a0f82ae2b1_4e21,Centrale,Tchaoudjo,Tchaoudjo 1,Kparataou,KPARATAO,Plantation Oukoutou,2000,Prive - individuel,POINT (1.317227514301109 8.966002875459726)
_mview_plantation_etablissements_plantation.fid-2fb68024_1a0f82ae2b1_4e22,Centrale,Tchaoudjo,Tchaoudjo 1,Kparataou,KPARATAO,Plantation Djobo,1985,Prive - individuel,POINT (1.3168086909417975 8.964846976656519)
_mview_plantation_etablissements_plantation.fid-2fb68024_1a0f82ae2b1_4e23,Centrale,Tchaoudjo,Tchaoudjo 1,Kparataou,KPARATAO,Plantation Akondo Yorou,1982,Prive - individuel,POINT (1.3244430225001478 8.967100192932328)
_mview_plantation_etablissements_plantation.fid-2fb68024_1a0f82ae2b1_4e24,Centrale,Tchaoudjo,Tchaoudjo 1,Kparataou,KPARATAO,Plantation Nouhoum,2017,Prive - individuel,POINT (1.3244022226064274 8.965542806947196)
_mview_plantation_etablissements_plantation.fid-2fb68024_1a0f82ae2b1_4e25,Centrale,Tchaoudjo,Tchaoudjo 1,Kparataou,KPARATAO,Plantation Ali,2015,Prive - individuel,POINT (1.3255652912728273 8.965606892017306)
_mview_plantation_etablissements_plantation.fid-2fb68024_1a0f82ae2b1_4e26,Centrale,Tchaoudjo,Tchaoudjo 1,Kparataou,KPARATAO,Plantation Adam,2017,Prive - individuel,POINT (1.325859530509704 8.964136779741517)
_mview_plantation_etablissements_plantation.fid-2fb68024_1a0f82ae2b1_4e27,Centrale,Tchaoudjo,Tchaoudjo 1,Sokodè (Komah),TCHAVANDE,Plantation Alarbarka,2010,Prive - entreprise,POINT (1.1938833333333332 9.008246666666668)
_mview_plantation_etablissements_plantation.fid-2fb68024_1a0f82ae2b1_4e28,Centrale,Tchaoudjo,Tchaoudjo 1,Sokodè (Komah),TCHAVADE,Plantation Ouro-agoro Bakina,2001,Prive - individuel,POINT (1.1843986595110751 9.01750599814452)
_mview_plantation_etablissements_plantation.fid-2fb68024_1a0f82ae2b1_4e29,Centrale,Tchaoudjo,Tchaoudjo 1,Sokodè (Komah),TCHAVADE,Plantation Ouro-akpo,2015,autre,POINT (1.1954198976515793 9.012604033654883)
_mview_plantation_etablissements_plantation.fid-2fb68024_1a0f82ae2b1_4e2a,Centrale,Tchaoudjo,Tchaoudjo 1,Sokodè (Komah),TCHAVADE,Plantation Ouro-akpo,Nsp,autre,POINT (1.196081160271888 9.018687488174239)
_mview_plantation_etablissements_plantation.fid-2fb68024_1a0f82ae2b1_4e2b,Centrale,Tchaoudjo,Tchaoudjo 1,Sokodè (Komah),NADA,Plantation Yaka,2017,Prive - individuel,POINT (1.1719775769119911 8.999469148271082)
_mview_plantation_etablissements_plantation.fid-2fb68024_1a0f82ae2b1_4e2c,Centrale,Tchaoudjo,Tchaoudjo 1,Sokodè (Komah),NADA,Plantation Ouro-gouni,2010,Prive - individuel,POINT (1.170949633856133 8.997739041437626)
_mview_plantation_etablissements_plantation.fid-2fb68024_1a0f82ae2b1_4e2d,Centrale,Tchaoudjo,Tchaoudjo 1,Sokodè (Komah),NADA,Plantation Abrahim,2018,Prive - individuel,POINT (1.1736327378241065 8.99957706892867)
_mview_plantation_etablissements_plantation.fid-2fb68024_1a0f82ae2b1_4e2e,Centrale,Tchaoudjo,Tchaoudjo 1,Sokodè (Komah),NADA,Plantation Bama,2008,Prive - individuel,POINT (1.1730646841140655 8.997126219215907)
_mview_plantation_etablissements_plantation.fid-2fb68024_1a0f82ae2b1_4e2f,Centrale,Tchaoudjo,Tchaoudjo 1,Sokodè (Komah),NADA,Plantation Zaliya,2000,Prive - individuel,POINT (1.1702724362910157 9.000120019435908)
_mview_plantation_etablissements_plantation.fid-2fb68024_1a0f82ae2b1_4e30,Centrale,Tchaoudjo,Tchaoudjo 1,Sokodè (Komah),KEDJEWO,Plantation Cae,Nsp,Prive - individuel,POINT (1.1064973642895395 9.010243738220892)
_mview_plantation_etablissements_plantation.fid-2fb68024_1a0f82ae2b1_4e31,Centrale,Tchaoudjo,Tchaoudjo 1,Kpangalam,ALOMBÈ,Plantation Samarou,2017,Prive - individuel,POINT (1.0308909854528474 9.065382260660131)
_mview_plantation_etablissements_plantation.fid-2fb68024_1a0f82ae2b1_4e32,Centrale,Tchaoudjo,Tchaoudjo 1,Kpangalam,KPARIYO,Plantation Tchakala,2012,Prive - individuel,POINT (1.0925478273954279 9.03343275353957)
_mview_plantation_etablissements_plantation.fid-2fb68024_1a0f82ae2b1_4e33,Centrale,Tchaoudjo,Tchaoudjo 1,Kpangalam,Kparioh,Plantation Tairou,2000,Prive - Collectivite coutumiere,POINT (1.0881116666666666 9.032321666666666)
_mview_plantation_etablissements_plantation.fid-2fb68024_1a0f82ae2b1_4e34,Centrale,Tchaoudjo,Tchaoudjo 1,Kpangalam,Kparioh,Plantation Tantagou,2012,Prive - individuel,POINT (1.0932538120575244 9.031274464246831)
_mview_plantation_etablissements_plantation.fid-2fb68024_1a0f82ae2b1_4e35,Centrale,Tchaoudjo,Tchaoudjo 1,Kpangalam,SAGBADAÏ,Plantation Mama,2013,Prive - individuel,POINT (1.0836464619536543 9.060116190322201)
_mview_plantation_etablissements_plantation.fid-2fb68024_1a0f82ae2b1_4e36,Centrale,Tchaoudjo,Tchaoudjo 1,Kpangalam,Kparioh,Plantation degli,2007,Prive - individuel,POINT (1.1072183333333332 9.01589)
_mview_plantation_etablissements_plantation.fid-2fb68024_1a0f82ae2b1_4e37,Centrale,Tchaoudjo,Tchaoudjo 1,Kpangalam,Mô-Da,Plantation Sœur Cécile,Nsp,Prive - individuel,POINT (1.060996342498203 9.09019890533152)
_mview_plantation_etablissements_plantation.fid-2fb68024_1a0f82ae2b1_4e38,Centrale,Tchaoudjo,Tchaoudjo 1,Kpangalam,KPATANA,Plantation Akou-sokpe,1998,Prive - individuel,POINT (1.1089866666666666 9.015755)
_mview_plantation_etablissements_plantation.fid-2fb68024_1a0f82ae2b1_4e39,Centrale,Tchaoudjo,Tchaoudjo 1,Kpangalam,SAGBADAÏ,Plantation Cajou Du Centre,2017,Prive - entreprise,POINT (1.0762959207193155 9.046788983975148)
_mview_plantation_etablissements_plantation.fid-2fb68024_1a0f82ae2b1_4e3a,Centrale,Tchaoudjo,Tchaoudjo 2,Lama-Tessi,KPALAFOULASSI,Plantation Tounma,1998,Prive - individuel,POINT (1.016591492808682 8.932431131853436)
_mview_plantation_etablissements_plantation.fid-2fb68024_1a0f82ae2b1_4e3b,Centrale,Tchaoudjo,Tchaoudjo 2,Lama-Tessi,SAKALAOUDE,Plantation Teda,2012,Prive - individuel,POINT (1.0227254026690213 8.848896227556635)
_mview_plantation_etablissements_plantation.fid-2fb68024_1a0f82ae2b1_4e3c,Centrale,Tchaoudjo,Tchaoudjo 2,Lama-Tessi,SAKALAOUDE,Plantation Pokoyo,2009,Prive - individuel,POINT (0.9670856899909206 8.848767387191499)
_mview_plantation_etablissements_plantation.fid-2fb68024_1a0f82ae2b1_4e3d,Centrale,Tchaoudjo,Tchaoudjo 2,Lama-Tessi,SAKALAOUDÈ,Plantation Parikinebana,2005,Prive - individuel,POINT (0.971765 8.846223333333334)
_mview_plantation_etablissements_plantation.fid-2fb68024_1a0f82ae2b1_4e3e,Centrale,Tchaoudjo,Tchaoudjo 2,Lama-Tessi,DAMALA,Plantation Simliwa,2006,Prive - Collectivite coutumiere,POINT (1.024275 8.857294999999999)
_mview_plantation_etablissements_plantation.fid-2fb68024_1a0f82ae2b1_4e3f,Centrale,Tchaoudjo,Tchaoudjo 2,Lama-Tessi,FARAM KOZO,Plantation Kparkparka,2002,Prive - individuel,POINT (1.0094585297308696 8.93653201511577)
_mview_plantation_etablissements_plantation.fid-2fb68024_1a0f82ae2b1_4e40,Centrale,Tchaoudjo,Tchaoudjo 2,Lama-Tessi,KPALAFOULASSI,Plantation Kparkparka,1998,Prive - individuel,POINT (1.0116701442973424 8.938714824854491)
_mview_plantation_etablissements_plantation.fid-2fb68024_1a0f82ae2b1_4e41,Centrale,Tchaoudjo,Tchaoudjo 2,Lama-Tessi,TCHAWARÉ,Plantation Konga,2005,Prive - individuel,POINT (0.9839885054520838 8.820709332439918)
_mview_plantation_etablissements_plantation.fid-2fb68024_1a0f82ae2b1_4e42,Centrale,Tchaoudjo,Tchaoudjo 2,Lama-Tessi,TCHAWARE,Plantation Tchedre,2018,Prive - individuel,POINT (1.0166645641722423 8.827373401270885)
_mview_plantation_etablissements_plantation.fid-2fb68024_1a0f82ae2b1_4e43,Centrale,Tchaoudjo,Tchaoudjo 2,Lama-Tessi,KASSENA PONT,Plantation Adjaba,2000,Prive - individuel,POINT (1.0998499570170228 8.911579868187552)
_mview_plantation_etablissements_plantation.fid-2fb68024_1a0f82ae2b1_4e44,Centrale,Tchaoudjo,Tchaoudjo 2,Lama-Tessi,KASSANA PONT,Plantation Bawanassim,1987,Prive - individuel,POINT (1.085325 8.913058333333334)
_mview_plantation_etablissements_plantation.fid-2fb68024_1a0f82ae2b1_4e45,Centrale,Tchaoudjo,Tchaoudjo 2,Lama-Tessi,Kassena pont,Plantation Alaza,2000,Prive - individuel,POINT (1.1023747700643196 8.91052851954587)
_mview_plantation_etablissements_plantation.fid-2fb68024_1a0f82ae2b1_4e46,Centrale,Tchaoudjo,Tchaoudjo 2,Lama-Tessi,KASSANA PONT,Plantation Gnabana,1999,Prive - individuel,POINT (1.0936090367088938 8.911182251385027)
_mview_plantation_etablissements_plantation.fid-2fb68024_1a0f82ae2b1_4e47,Centrale,Tchaoudjo,Tchaoudjo 2,Lama-Tessi,KPALAFOULASSI,Plantation Batchabia,2001,Prive - individuel,POINT (1.0582332291544514 8.930072785020856)
_mview_plantation_etablissements_plantation.fid-2fb68024_1a0f82ae2b1_4e48,Centrale,Tchaoudjo,Tchaoudjo 2,Lama-Tessi,KASSENA,Plantation Some,1980,Prive - individuel,POINT (1.0798766666666666 8.905486666666667)
_mview_plantation_etablissements_plantation.fid-2fb68024_1a0f82ae2b1_4e49,Centrale,Tchaoudjo,Tchaoudjo 2,Lama-Tessi,POUWARE,Plantation Sangame,2001,Prive - individuel,POINT (1.0581013441993425 8.829907310782309)
_mview_plantation_etablissements_plantation.fid-2fb68024_1a0f82ae2b1_4e4a,Centrale,Tchaoudjo,Tchaoudjo 2,Lama-Tessi,TCHEVE,Plantation Ouro Ayeva,2000,Prive - individuel,POINT (1.1085912834304512 8.839501294117651)
_mview_plantation_etablissements_plantation.fid-2fb68024_1a0f82ae2b1_4e4b,Centrale,Tchaoudjo,Tchaoudjo 2,Lama-Tessi,YARA-KABYE,Plantation N'zonou,2016,Prive - individuel,POINT (1.0679426322816596 8.809488070822793)
_mview_plantation_etablissements_plantation.fid-2fb68024_1a0f82ae2b1_4e4c,Centrale,Tchaoudjo,Tchaoudjo 2,Lama-Tessi,YARA-KABYE,Plantation Alassani,1995,Prive - individuel,POINT (1.0732633333333332 8.796455)
_mview_plantation_etablissements_plantation.fid-2fb68024_1a0f82ae2b1_4e4d,Centrale,Tchaoudjo,Tchaoudjo 2,Lama-Tessi,YARA-KABYE,Plantation Alassani 1,1990,Prive - individuel,POINT (1.07667 8.792565)
_mview_plantation_etablissements_plantation.fid-2fb68024_1a0f82ae2b1_4e4e,Centrale,Tchaoudjo,Tchaoudjo 2,Lama-Tessi,Aou-Losso,Plantation Nassoukou,2019,Prive - individuel,POINT (1.0673352335464696 8.774035048101943)
_mview_plantation_etablissements_plantation.fid-2fb68024_1a0f82ae2b1_4e4f,Centrale,Tchaoudjo,Tchaoudjo 2,Lama-Tessi,YARA-KABYE,Plantation Adam,1994,Prive - individuel,POINT (1.07095 8.796968333333332)
_mview_plantation_etablissements_plantation.fid-2fb68024_1a0f82ae2b1_4e50,Centrale,Tchaoudjo,Tchaoudjo 2,Lama-Tessi,YARA-KABYE,Plantation Abragaou,1994,Prive - individuel,POINT (1.0789616666666668 8.790069999999998)
_mview_plantation_etablissements_plantation.fid-2fb68024_1a0f82ae2b1_4e51,Centrale,Tchaoudjo,Tchaoudjo 2,Lama-Tessi,YARA-KABYE,Plantation Atekou,1996,Prive - individuel,POINT (1.082490264282409 8.778076845674775)
_mview_plantation_etablissements_plantation.fid-2fb68024_1a0f82ae2b1_4e52,Centrale,Tchaoudjo,Tchaoudjo 2,Lama-Tessi,AOU-LOSSO,Plantation Nassoukou,2017,Prive - individuel,POINT (1.0657850000000002 8.773916666666667)
_mview_plantation_etablissements_plantation.fid-2fb68024_1a0f82ae2b1_4e53,Centrale,Tchaoudjo,Tchaoudjo 2,Lama-Tessi,TCHAGAODE,Plantation Ouro-nimini,1973,Prive - individuel,POINT (1.0812295817989297 8.791720507427456)
_mview_plantation_etablissements_plantation.fid-2fb68024_1a0f82ae2b1_4e54,Centrale,Tchaoudjo,Tchaoudjo 2,Lama-Tessi,YARA-KABYE,Plantation Ouro-nimini,1994,Prive - individuel,POINT (1.0727038487208382 8.7933898926567)
_mview_plantation_etablissements_plantation.fid-2fb68024_1a0f82ae2b1_4e55,Centrale,Tchaoudjo,Tchaoudjo 2,Lama-Tessi,YARA-KABYE,Plantation Kadanga,2010,Prive - individuel,POINT (1.0697738648595125 8.810054658714833)
_mview_plantation_etablissements_plantation.fid-2fb68024_1a0f82ae2b1_4e56,Centrale,Tchaoudjo,Tchaoudjo 2,Lama-Tessi,SIDIKOMINI,Plantation Ouro-agouda,2015,Prive - individuel,POINT (1.1479488853420736 8.79010007460234)
_mview_plantation_etablissements_plantation.fid-2fb68024_1a0f82ae2b1_4e57,Centrale,Tchaoudjo,Tchaoudjo 2,Lama-Tessi,SOLAOU,Plantation Tchanile,2018,Domaine prive de l Etat ou des collectivites territoriales,POINT (1.1296330581705483 8.784509937474517)
_mview_plantation_etablissements_plantation.fid-2fb68024_1a0f82ae2b1_4e58,Centrale,Tchaoudjo,Tchaoudjo 2,Lama-Tessi,DATCHA,Plantation Ouro-nimini,2017,Prive - individuel,POINT (1.107109999444965 8.799247108055333)
_mview_plantation_etablissements_plantation.fid-2fb68024_1a0f82ae2b1_4e59,Centrale,Tchaoudjo,Tchaoudjo 2,Lama-Tessi,SIDIKOMINI,Plantation Ouro-agouda 1,2015,Prive - individuel,POINT (1.146795 8.792935)
_mview_plantation_etablissements_plantation.fid-2fb68024_1a0f82ae2b1_4e5a,Centrale,Tchaoudjo,Tchaoudjo 2,Lama-Tessi,KASSENA,Plantation Agrigna,2000,Prive - individuel,POINT (1.0709044107223749 8.894793061083105)
_mview_plantation_etablissements_plantation.fid-2fb68024_1a0f82ae2b1_4e5b,Centrale,Tchaoudjo,Tchaoudjo 2,Lama-Tessi,KASSENA,Plantation Adam,2000,Prive - individuel,POINT (1.073847688971217 8.894820038938148)
_mview_plantation_etablissements_plantation.fid-2fb68024_1a0f82ae2b1_4e5c,Centrale,Tchaoudjo,Tchaoudjo 2,Lama-Tessi,KASSENA,Plantation Badamole,2001,Prive - individuel,POINT (1.1056783333333333 8.881091666666666)
_mview_plantation_etablissements_plantation.fid-2fb68024_1a0f82ae2b1_4e5d,Centrale,Tchaoudjo,Tchaoudjo 2,Lama-Tessi,YAO-KOPE,Plantation Aketa,2015,Prive - individuel,POINT (1.0926443948217228 8.860453346936614)
_mview_plantation_etablissements_plantation.fid-2fb68024_1a0f82ae2b1_4e5e,Centrale,Tchaoudjo,Tchaoudjo 2,Lama-Tessi,YAO-KOPE,Plantation N'gnama,2012,Prive - individuel,POINT (1.0963537695231242 8.853317870359772)
_mview_plantation_etablissements_plantation.fid-2fb68024_1a0f82ae2b1_4e5f,Centrale,Tchaoudjo,Tchaoudjo 2,Lama-Tessi,KASSENA,Plantation Nantema,2016,Prive - individuel,POINT (1.0791834283839952 8.894309376286609)
_mview_plantation_etablissements_plantation.fid-2fb68024_1a0f82ae2b1_4e60,Centrale,Tchaoudjo,Tchaoudjo 2,Lama-Tessi,KASSENA,Plantation Amidou,1960,Prive - individuel,POINT (1.075638556184042 8.894546293752056)
_mview_plantation_etablissements_plantation.fid-2fb68024_1a0f82ae2b1_4e61,Centrale,Tchaoudjo,Tchaoudjo 2,Lama-Tessi,KASSENA,Plantation Tchatchibao,Nsp,Prive - individuel,POINT (1.1096850511086929 8.87794292489472)
_mview_plantation_etablissements_plantation.fid-2fb68024_1a0f82ae2b1_4e62,Centrale,Tchaoudjo,Tchaoudjo 2,Lama-Tessi,YAO-KOPE,Plantation Anawi,2015,Prive - individuel,POINT (1.0913166666666667 8.860108333333333)
_mview_plantation_etablissements_plantation.fid-2fb68024_1a0f82ae2b1_4e63,Centrale,Tchaoudjo,Tchaoudjo 2,Lama-Tessi,YAO-KOPE,Plantation Anawi,2017,Prive - individuel,POINT (1.0885157920318889 8.862944765693769)
_mview_plantation_etablissements_plantation.fid-2fb68024_1a0f82ae2b1_4e64,Centrale,Tchaoudjo,Tchaoudjo 2,Lama-Tessi,BOFOULOU,Plantation Ouro-bang'na,2017,Prive - individuel,POINT (1.0916521191717585 8.784242401548836)
_mview_plantation_etablissements_plantation.fid-2fb68024_1a0f82ae2b1_4e65,Centrale,Tchaoudjo,Tchaoudjo 2,Lama-Tessi,BOFOULOU,Plantation Tanto,2000,Prive - individuel,POINT (1.0814434319737536 8.795148672854381)
_mview_plantation_etablissements_plantation.fid-2fb68024_1a0f82ae2b1_4e66,Centrale,Tchaoudjo,Tchaoudjo 2,Lama-Tessi,BOFOULOU,Plantation Ouro,2015,Prive - individuel,POINT (1.086682921845189 8.791608781305444)
_mview_plantation_etablissements_plantation.fid-2fb68024_1a0f82ae2b1_4e67,Centrale,Tchaoudjo,Tchaoudjo 2,Lama-Tessi,BOFOULOU,Plantation Ouro-gourongou,2014,Prive - individuel,POINT (1.087685999865231 8.790775801534323)
_mview_plantation_etablissements_plantation.fid-2fb68024_1a0f82ae2b1_4e68,Centrale,Tchaoudjo,Tchaoudjo 3,Kéméni,GNANKPONDO,Plantation Idrissou,2019,Prive - individuel,POINT (1.2743942528239953 9.236188350984243)
_mview_plantation_etablissements_plantation.fid-2fb68024_1a0f82ae2b1_4e69,Centrale,Tchaoudjo,Tchaoudjo 3,Kéméni,FIZODE,Plantation Tchedre,2020,Prive - individuel,POINT (1.257454875456715 9.21652578779425)
_mview_plantation_etablissements_plantation.fid-2fb68024_1a0f82ae2b1_4e6a,Centrale,Tchaoudjo,Tchaoudjo 3,Kéméni,FIZODE,Plantation Morou,2011,Prive - individuel,POINT (1.2656495306699636 9.217910840943928)
_mview_plantation_etablissements_plantation.fid-2fb68024_1a0f82ae2b1_4e6b,Centrale,Tchaoudjo,Tchaoudjo 3,Kéméni,FIZODE,Plantation Tchatikpi,2017,Prive - individuel,POINT (1.255639791667998 9.223405194071848)
_mview_plantation_etablissements_plantation.fid-2fb68024_1a0f82ae2b1_4e6c,Centrale,Tchaoudjo,Tchaoudjo 3,Kéméni,FIZODE,Plantation Tchedre,2016,Prive - individuel,POINT (1.253851054479736 9.226322206005491)
_mview_plantation_etablissements_plantation.fid-2fb68024_1a0f82ae2b1_4e6d,Centrale,Tchaoudjo,Tchaoudjo 3,Kéméni,FIZODE,Plantation Esso Omar,2013,Prive - individuel,POINT (1.2538543791703016 9.227027533357179)
_mview_plantation_etablissements_plantation.fid-2fb68024_1a0f82ae2b1_4e6e,Centrale,Tchaoudjo,Tchaoudjo 3,Kéméni,FIZODE,Plantation Tchele,2010,Prive - individuel,POINT (1.2512276008642338 9.23107608148492)
_mview_plantation_etablissements_plantation.fid-2fb68024_1a0f82ae2b1_4e6f,Centrale,Tchaoudjo,Tchaoudjo 3,Kéméni,FIZADE,Plantation Tchadenou,2018,Prive - individuel,POINT (1.2546865202356814 9.237322428753235)
_mview_plantation_etablissements_plantation.fid-2fb68024_1a0f82ae2b1_4e70,Centrale,Tchaoudjo,Tchaoudjo 3,Kéméni,FIZADE,Plantation Groungou,2018,Prive - individuel,POINT (1.2557267419081184 9.237774487526641)
_mview_plantation_etablissements_plantation.fid-2fb68024_1a0f82ae2b1_4e71,Centrale,Tchaoudjo,Tchaoudjo 3,Kéméni,FIZADE,Plantation Bawa,2017,Prive - individuel,POINT (1.2578402907749402 9.238303510511225)
_mview_plantation_etablissements_plantation.fid-2fb68024_1a0f82ae2b1_4e72,Centrale,Tchaoudjo,Tchaoudjo 3,Kéméni,FIZADE,Plantation Boukari,2002,Prive - individuel,POINT (1.2570630579176392 9.240793262816084)
_mview_plantation_etablissements_plantation.fid-2fb68024_1a0f82ae2b1_4e73,Centrale,Tchaoudjo,Tchaoudjo 3,Kéméni,FIZADE,Plantation Ouro-koriko,2015,Prive - individuel,POINT (1.2558618148868548 9.240154421176818)
_mview_plantation_etablissements_plantation.fid-2fb68024_1a0f82ae2b1_4e74,Centrale,Tchaoudjo,Tchaoudjo 3,Kéméni,FIZADE,Plantation Tchassaou,1999,Prive - individuel,POINT (1.2545205583126349 9.242194637850735)
_mview_plantation_etablissements_plantation.fid-2fb68024_1a0f82ae2b1_4e75,Centrale,Tchaoudjo,Tchaoudjo 3,Kéméni,FIZADE,Plantation Tchassaou,2008,Prive - individuel,POINT (1.2551849790116725 9.241219036274595)
_mview_plantation_etablissements_plantation.fid-2fb68024_1a0f82ae2b1_4e76,Centrale,Tchaoudjo,Tchaoudjo 3,Kéméni,FIZADE,Plantation Tchadenou,2000,Prive - individuel,POINT (1.2532893180572364 9.239979969221972)
_mview_plantation_etablissements_plantation.fid-2fb68024_1a0f82ae2b1_4e77,Centrale,Tchaoudjo,Tchaoudjo 3,Kéméni,FIZADE,Plantation Ouro-bossi,2002,Prive - individuel,POINT (1.2615010753441245 9.233037511451)
_mview_plantation_etablissements_plantation.fid-2fb68024_1a0f82ae2b1_4e78,Centrale,Tchaoudjo,Tchaoudjo 3,Kéméni,FIZADE,Plantation Madjedje,2018,Prive - individuel,POINT (1.260063778161808 9.232988320379334)
_mview_plantation_etablissements_plantation.fid-2fb68024_1a0f82ae2b1_4e79,Centrale,Tchaoudjo,Tchaoudjo 3,Kéméni,FIZADE,Plantation Ouro-bossi,2018,Prive - individuel,POINT (1.2636062800540655 9.230788923087713)
_mview_plantation_etablissements_plantation.fid-2fb68024_1a0f82ae2b1_4e7a,Centrale,Tchaoudjo,Tchaoudjo 3,Kéméni,FIZADE,Plantation Tchakpai,2018,Prive - individuel,POINT (1.2566874290221488 9.242690042184362)
_mview_plantation_etablissements_plantation.fid-2fb68024_1a0f82ae2b1_4e7b,Centrale,Tchaoudjo,Tchaoudjo 3,Kéméni,IGBEPIDA,Plantation Issaka,2017,Prive - individuel,POINT (1.2727873358896362 9.23641641453016)
_mview_plantation_etablissements_plantation.fid-2fb68024_1a0f82ae2b1_4e7c,Centrale,Tchaoudjo,Tchaoudjo 3,Kéméni,SOLOUM,Plantation Kparkparka,2002,Prive - individuel,POINT (1.3003216666666666 9.249493333333334)
_mview_plantation_etablissements_plantation.fid-2fb68024_1a0f82ae2b1_4e7d,Centrale,Tchaoudjo,Tchaoudjo 3,Kéméni,TAKPA,Plantation Brahima,2001,Prive - individuel,POINT (1.2700496731758755 9.238328768989946)
_mview_plantation_etablissements_plantation.fid-2fb68024_1a0f82ae2b1_4e7e,Centrale,Tchaoudjo,Tchaoudjo 3,Kéméni,IGBEPI,Plantation Fizade,2019,Prive - Collectivite coutumiere,POINT (1.2661299684652325 9.231642620426289)
_mview_plantation_etablissements_plantation.fid-2fb68024_1a0f82ae2b1_4e7f,Centrale,Tchaoudjo,Tchaoudjo 3,Kéméni,TAKPA,Plantation Ouro-bossi,2000,Nsp,POINT (1.2729059701692438 9.244973457512494)
_mview_plantation_etablissements_plantation.fid-2fb68024_1a0f82ae2b1_4e80,Centrale,Tchaoudjo,Tchaoudjo 3,Kéméni,DOUBONI,Plantation Ourognaou Morou,2005,Prive - individuel,POINT (1.2778843419607322 9.239911503542277)
_mview_plantation_etablissements_plantation.fid-2fb68024_1a0f82ae2b1_4e81,Centrale,Tchaoudjo,Tchaoudjo 3,Kéméni,KOUGBO,Plantation Affo,2017,Domaine prive de l Etat ou des collectivites territoriales,POINT (1.2872563515099662 9.24666994953696)
_mview_plantation_etablissements_plantation.fid-2fb68024_1a0f82ae2b1_4e82,Centrale,Tchaoudjo,Tchaoudjo 3,Kéméni,IGBEPI,Plantation Ourognaou,2007,Prive - individuel,POINT (1.2679110021023747 9.235748381943106)
_mview_plantation_etablissements_plantation.fid-2fb68024_1a0f82ae2b1_4e83,Centrale,Tchaoudjo,Tchaoudjo 3,Kéméni,TAKPA,Plantation Idrissou Kadjri,Nsp,Prive - individuel,POINT (1.2681487843043164 9.243128052057358)
_mview_plantation_etablissements_plantation.fid-2fb68024_1a0f82ae2b1_4e84,Centrale,Tchaoudjo,Tchaoudjo 3,Kéméni,IGBEPI,Plantation Tchatagba Abdoukerim,2016,Prive - individuel,POINT (1.2695727637632315 9.235763782302495)
_mview_plantation_etablissements_plantation.fid-2fb68024_1a0f82ae2b1_4e85,Centrale,Tchaoudjo,Tchaoudjo 3,Kéméni,IGBEPI,Plantation Tchedre,2017,Prive - individuel,POINT (1.262938369213468 9.232397304857745)
_mview_plantation_etablissements_plantation.fid-2fb68024_1a0f82ae2b1_4e86,Centrale,Tchaoudjo,Tchaoudjo 3,Kéméni,IGBEPI,Plantation Ourognaou,2018,Prive - individuel,POINT (1.270863801709993 9.235160052306691)
_mview_plantation_etablissements_plantation.fid-2fb68024_1a0f82ae2b1_4e87,Centrale,Tchaoudjo,Tchaoudjo 3,Kéméni,IGBEPI,Plantation Gourougou,2017,Prive - individuel,POINT (1.2700066569384152 9.241822852901624)
_mview_plantation_etablissements_plantation.fid-2fb68024_1a0f82ae2b1_4e88,Centrale,Tchaoudjo,Tchaoudjo 3,Kéméni,WELOU,Plantation Ouro-bangna Assoumanou,2014,Prive - individuel,POINT (1.2904958156693496 9.213057742690724)
_mview_plantation_etablissements_plantation.fid-2fb68024_1a0f82ae2b1_4e89,Centrale,Tchaoudjo,Tchaoudjo 3,Kéméni,WELOU,Plantation Akpa Sani,2009,Prive - individuel,POINT (1.2934050577635963 9.205233040058468)
_mview_plantation_etablissements_plantation.fid-2fb68024_1a0f82ae2b1_4e8a,Centrale,Tchaoudjo,Tchaoudjo 3,Kéméni,WELOU,Plantation Tchaguissa 1,2007,Prive - individuel,POINT (1.286963247226127 9.203352983024859)
_mview_plantation_etablissements_plantation.fid-2fb68024_1a0f82ae2b1_4e8b,Centrale,Tchaoudjo,Tchaoudjo 3,Kéméni,WELOU,Plantation Assoumanou 2,2007,Prive - individuel,POINT (1.2860520603288126 9.204320485055145)
_mview_plantation_etablissements_plantation.fid-2fb68024_1a0f82ae2b1_4e8c,Centrale,Tchaoudjo,Tchaoudjo 3,Kéméni,WELOU,Plantation Gnangba-agnoro,2007,Prive - individuel,POINT (1.2926208949618647 9.20906800151524)
_mview_plantation_etablissements_plantation.fid-2fb68024_1a0f82ae2b1_4e8d,Centrale,Tchaoudjo,Tchaoudjo 3,Kéméni,WELOU,Plantation Ouro-guezere,2012,Prive - individuel,POINT (1.2911791165489817 9.21027772460285)
_mview_plantation_etablissements_plantation.fid-2fb68024_1a0f82ae2b1_4e8e,Centrale,Tchaoudjo,Tchaoudjo 3,Kéméni,KPAZADA,Plantation Bawa,2007,Prive - individuel,POINT (1.2800525761731758 9.218768460519625)
_mview_plantation_etablissements_plantation.fid-2fb68024_1a0f82ae2b1_4e8f,Centrale,Tchaoudjo,Tchaoudjo 3,Kéméni,KPAZADA,Plantation Tchagbele Kigberou,2003,Prive - individuel,POINT (1.2715867065841568 9.217659732835005)
_mview_plantation_etablissements_plantation.fid-2fb68024_1a0f82ae2b1_4e90,Centrale,Tchaoudjo,Tchaoudjo 3,Kéméni,KIKPENYA,Plantation Ouro-gouni,2018,Prive - individuel,POINT (1.2502876219038033 9.225560331175723)
_mview_plantation_etablissements_plantation.fid-2fb68024_1a0f82ae2b1_4e91,Centrale,Tchaoudjo,Tchaoudjo 3,Kéméni,DITONDJODO,Plantation Saibou,2017,Prive - individuel,POINT (1.2482878764677803 9.22746069207515)
_mview_plantation_etablissements_plantation.fid-2fb68024_1a0f82ae2b1_4e92,Centrale,Tchaoudjo,Tchaoudjo 3,Kéméni,AYEWADE,Plantation Salifou,2018,Prive - individuel,POINT (1.2457691926593901 9.2302021182043)
_mview_plantation_etablissements_plantation.fid-2fb68024_1a0f82ae2b1_4e93,Centrale,Tchaoudjo,Tchaoudjo 3,Kéméni,AYEWADE,Plantation Ourondou,1988,Prive - individuel,POINT (1.2467292477355971 9.2289787285766)
_mview_plantation_etablissements_plantation.fid-2fb68024_1a0f82ae2b1_4e94,Centrale,Tchaoudjo,Tchaoudjo 3,Kéméni,AYEWADE,Plantation Ourodo,2009,Prive - individuel,POINT (1.2481431298573475 9.229596539014077)
_mview_plantation_etablissements_plantation.fid-2fb68024_1a0f82ae2b1_4e95,Centrale,Tchaoudjo,Tchaoudjo 3,Kéméni,AYEWADE,Plantation Fousseni,2008,Prive - individuel,POINT (1.2496350202036988 9.229616530040307)
_mview_plantation_etablissements_plantation.fid-2fb68024_1a0f82ae2b1_4e96,Centrale,Tchaoudjo,Tchaoudjo 3,Kéméni,AYEWADE,Plantation Ali,2019,Prive - individuel,POINT (1.2510656111265583 9.227624545644879)
_mview_plantation_etablissements_plantation.fid-2fb68024_1a0f82ae2b1_4e97,Centrale,Tchaoudjo,Tchaoudjo 3,Kéméni,AYEWADE,Plantation Lamwede,2017,Prive - individuel,POINT (1.245788054932917 9.228708606567036)
_mview_plantation_etablissements_plantation.fid-2fb68024_1a0f82ae2b1_4e98,Centrale,Tchaoudjo,Tchaoudjo 3,Kéméni,AYEWADE,Plantation Amidou,1985,Prive - individuel,POINT (1.2461477055033718 9.22819566363517)
_mview_plantation_etablissements_plantation.fid-2fb68024_1a0f82ae2b1_4e99,Centrale,Tchaoudjo,Tchaoudjo 3,Kéméni,AYEWADE,Plantation Adam,2017,Prive - individuel,POINT (1.2423867417207821 9.227430016393155)
_mview_plantation_etablissements_plantation.fid-2fb68024_1a0f82ae2b1_4e9a,Centrale,Tchaoudjo,Tchaoudjo 3,Kéméni,AYEWADE,Plantation Kerim,2008,Prive - individuel,POINT (1.2429780436373188 9.22697338426437)
_mview_plantation_etablissements_plantation.fid-2fb68024_1a0f82ae2b1_4e9b,Centrale,Tchaoudjo,Tchaoudjo 3,Kéméni,AYEWADE,Plantation Massasaba,2017,Prive - individuel,POINT (1.2412189354223528 9.227443155680039)
_mview_plantation_etablissements_plantation.fid-2fb68024_1a0f82ae2b1_4e9c,Centrale,Tchaoudjo,Tchaoudjo 3,Kéméni,AYEWADE,Plantation Tchatagba,1999,Prive - individuel,POINT (1.2291497043836095 9.206444750124417)
_mview_plantation_etablissements_plantation.fid-2fb68024_1a0f82ae2b1_4e9d,Kara,Assoli,Assoli 1,Dako (Daoude),KAGNIGBARADA,Plantation Negbane,2016,Prive - individuel,POINT (1.05006 9.322461666666667)
_mview_plantation_etablissements_plantation.fid-2fb68024_1a0f82ae2b1_4e9e,Kara,Assoli,Assoli 1,Dako (Daoude),KAGNIGBARADA,Plantation Negbane,2018,Prive - individuel,POINT (1.0394016666666666 9.331078333333332)
_mview_plantation_etablissements_plantation.fid-2fb68024_1a0f82ae2b1_4e9f,Kara,Assoli,Assoli 1,Dako (Daoude),FELIMA,Plantation Ouro-gbele,2014,Prive - individuel,POINT (1.0583483333333334 9.30544)
_mview_plantation_etablissements_plantation.fid-2fb68024_1a0f82ae2b1_4ea0,Kara,Assoli,Assoli 1,Dako (Daoude),BONEÏSSIDA,Plantation Ouro-gbele,2005,Prive - individuel,POINT (1.0650540711455965 9.298592007655177)
_mview_plantation_etablissements_plantation.fid-2fb68024_1a0f82ae2b1_4ea1,Kara,Assoli,Assoli 1,Dako (Daoude),GNATA,Plantation Ourou-gbele,2011,Prive - Collectivite coutumiere,POINT (1.0643466666666666 9.307025000000001)
_mview_plantation_etablissements_plantation.fid-2fb68024_1a0f82ae2b1_4ea2,Kara,Assoli,Assoli 1,Dako (Daoude),GNATA,Plantation Zakari,2017,Prive - Collectivite coutumiere,POINT (1.066193375955804 9.305757791784892)
_mview_plantation_etablissements_plantation.fid-2fb68024_1a0f82ae2b1_4ea3,Kara,Assoli,Assoli 1,Dako (Daoude),Gnata,Plantation Ourou-gbele,2016,Prive - individuel,POINT (1.06676 9.305338333333333)
_mview_plantation_etablissements_plantation.fid-2fb68024_1a0f82ae2b1_4ea4,Kara,Assoli,Assoli 1,Dako (Daoude),GNATA,Plantation Ourou-gbele,2013,Prive - Collectivite coutumiere,POINT (1.0595134147967904 9.301062525151625)
_mview_plantation_etablissements_plantation.fid-2fb68024_1a0f82ae2b1_4ea5,Kara,Assoli,Assoli 1,Dako (Daoude),GNATA,Plantation Ourou-gbele,2014,Prive - individuel,POINT (1.0693766666666666 9.296318333333334)
_mview_plantation_etablissements_plantation.fid-2fb68024_1a0f82ae2b1_4ea6,Kara,Assoli,Assoli 1,Dako (Daoude),BONEÏSINDA,Plantation Ouro-gbele,1996,Prive - individuel,POINT (1.064231972139443 9.29799086489712)
_mview_plantation_etablissements_plantation.fid-2fb68024_1a0f82ae2b1_4ea7,Kara,Assoli,Assoli 1,Dako (Daoude),NYALLOU,Plantation Sayibou,2005,Prive - individuel,POINT (1.0512016666666668 9.314306666666665)
_mview_plantation_etablissements_plantation.fid-2fb68024_1a0f82ae2b1_4ea8,Kara,Assoli,Assoli 1,Dako (Daoude),OURO-AWOSSIDE,Plantation Yerima,1996,Prive - individuel,POINT (1.05687 9.305016666666667)
_mview_plantation_etablissements_plantation.fid-2fb68024_1a0f82ae2b1_4ea9,Kara,Assoli,Assoli 1,Dako (Daoude),TCHADJAO,Plantation Kozi,2019,Prive - individuel,POINT (1.0413166666666667 9.306939999999999)
_mview_plantation_etablissements_plantation.fid-2fb68024_1a0f82ae2b1_4eaa,Kara,Assoli,Assoli 1,Dako (Daoude),TCHAMDA,Plantation Kozi,2007,Prive - individuel,POINT (1.03705 9.309345)
_mview_plantation_etablissements_plantation.fid-2fb68024_1a0f82ae2b1_4eab,Kara,Assoli,Assoli 1,Dako (Daoude),N'GUERE,Plantation Gado,2020,Prive - individuel,POINT (1.0502766666666665 9.305416666666668)
_mview_plantation_etablissements_plantation.fid-2fb68024_1a0f82ae2b1_4eac,Kara,Assoli,Assoli 1,Dako (Daoude),KOGOYO,Plantation Meme,2009,Prive - individuel,POINT (1.0487600000000001 9.304526666666668)
_mview_plantation_etablissements_plantation.fid-2fb68024_1a0f82ae2b1_4ead,Kara,Assoli,Assoli 1,Dako (Daoude),GOUNOUBONOKODJO,Plantation Ouro-gbele,2013,Prive - individuel,POINT (1.0616145388226765 9.298561051165716)
_mview_plantation_etablissements_plantation.fid-2fb68024_1a0f82ae2b1_4eae,Kara,Assoli,Assoli 1,Dako (Daoude),BONISSINDA,Plantation Ouro-gbele,2017,Prive - individuel,POINT (1.0658502964039667 9.297399189491802)
_mview_plantation_etablissements_plantation.fid-2fb68024_1a0f82ae2b1_4eaf,Kara,Assoli,Assoli 1,Dako (Daoude),Felima,Plantation Ouro-gbele,2004,Prive - individuel,POINT (1.0647940636415854 9.300410817931429)
_mview_plantation_etablissements_plantation.fid-2fb68024_1a0f82ae2b1_4eb0,Kara,Assoli,Assoli 1,Dako (Daoude),KOUDJODOLOU,Plantation Atakora,2004,Prive - individuel,POINT (1.1299938587348923 9.387168273061471)
_mview_plantation_etablissements_plantation.fid-2fb68024_1a0f82ae2b1_4eb1,Kara,Assoli,Assoli 1,Dako (Daoude),KOUDJODOULOU,Plantation Kokomna,2017,Prive - individuel,POINT (1.1415356736184932 9.377121901270963)
_mview_plantation_etablissements_plantation.fid-2fb68024_1a0f82ae2b1_4eb2,Kara,Assoli,Assoli 1,Bouladè,ABAKOUTE,Plantation Ouro -agoro,1985,Prive - individuel,POINT (1.2483416666666667 9.42026)
_mview_plantation_etablissements_plantation.fid-2fb68024_1a0f82ae2b1_4eb3,Kara,Assoli,Assoli 1,Bouladè,KAYALE,Plantation Gouni,2017,Prive - individuel,POINT (1.2517266666666667 9.401951666666667)
_mview_plantation_etablissements_plantation.fid-2fb68024_1a0f82ae2b1_4eb4,Kara,Assoli,Assoli 1,Bouladè,KPAYA-WORO,Plantation Baba,1995,autre,POINT (1.1596633333333335 9.377984999999999)
_mview_plantation_etablissements_plantation.fid-2fb68024_1a0f82ae2b1_4eb5,Kara,Assoli,Assoli 1,Bouladè,KPAYAWORO,Plantation Baba,2005,Prive - individuel,POINT (1.15791 9.376831666666668)
_mview_plantation_etablissements_plantation.fid-2fb68024_1a0f82ae2b1_4eb6,Kara,Assoli,Assoli 1,Bouladè,TCHOUKOUMA,Plantation Assouma,2008,Prive - individuel,POINT (1.1664879486180315 9.364836948445678)
_mview_plantation_etablissements_plantation.fid-2fb68024_1a0f82ae2b1_4eb7,Kara,Assoli,Assoli 1,Bouladè,SOURI KATAGAN,Plantation Essowavana,1990,Prive - individuel,POINT (1.2184888623709236 9.392252784228573)
_mview_plantation_etablissements_plantation.fid-2fb68024_1a0f82ae2b1_4eb8,Kara,Assoli,Assoli 1,Bouladè,SOURI KATANGA,Plantation Essowavana,2006,Prive - individuel,POINT (1.221255 9.401388333333333)
_mview_plantation_etablissements_plantation.fid-2fb68024_1a0f82ae2b1_4eb9,Kara,Assoli,Assoli 1,Bouladè,AGBAKEWAYOU,Plantation Agbakewayou,2010,Prive - individuel,POINT (1.1806733333333335 9.370271666666667)
_mview_plantation_etablissements_plantation.fid-2fb68024_1a0f82ae2b1_4eba,Kara,Assoli,Assoli 1,Bouladè,BOULADE CENTRE,Plantation Djaga,2018,Nsp,POINT (1.2262866666666667 9.434466666666667)
_mview_plantation_etablissements_plantation.fid-2fb68024_1a0f82ae2b1_4ebb,Kara,Assoli,Assoli 1,Bouladè,GANDO,Plantation Bassabi,1985,Prive - individuel,POINT (1.2093319434089507 9.434928305888336)
_mview_plantation_etablissements_plantation.fid-2fb68024_1a0f82ae2b1_4ebc,Kara,Assoli,Assoli 1,Bouladè,KALAMPAÏ,Plantation Petchedi,1998,Prive - individuel,POINT (1.196715404783342 9.423084602562286)
_mview_plantation_etablissements_plantation.fid-2fb68024_1a0f82ae2b1_4ebd,Kara,Assoli,Assoli 1,Bouladè,KALAMPAÏ,Plantation Tidjani Roufaï,2013,Prive - entreprise,POINT (1.1949270944995691 9.409128687241822)
_mview_plantation_etablissements_plantation.fid-2fb68024_1a0f82ae2b1_4ebe,Kara,Assoli,Assoli 1,Bafilo,TCHONWORO,Plantation Tchakoura,1965,Prive - Collectivite coutumiere,POINT (1.2711183333333334 9.353461666666668)
_mview_plantation_etablissements_plantation.fid-2fb68024_1a0f82ae2b1_4ebf,Kara,Assoli,Assoli 1,Bafilo,TCHONWORO ABOKODE,Plantation Aguewou,2002,Prive - individuel,POINT (1.2789966666666668 9.35949)
_mview_plantation_etablissements_plantation.fid-2fb68024_1a0f82ae2b1_4ec0,Kara,Assoli,Assoli 1,Bafilo,TCHONWORO,Plantation Yaya-adame,2007,Prive - individuel,POINT (1.2768333333333333 9.358115)
_mview_plantation_etablissements_plantation.fid-2fb68024_1a0f82ae2b1_4ec1,Kara,Assoli,Assoli 1,Bafilo,TCHONWORO,Plantation Gouni,2010,Prive - individuel,POINT (1.269115 9.359468333333332)
_mview_plantation_etablissements_plantation.fid-2fb68024_1a0f82ae2b1_4ec2,Kara,Assoli,Assoli 1,Bafilo,TCHONWORO,Plantation Ourotou,2015,Nsp,POINT (1.2772883333333334 9.350425)
_mview_plantation_etablissements_plantation.fid-2fb68024_1a0f82ae2b1_4ec3,Kara,Assoli,Assoli 1,Bafilo,TCHONWORO,Plantation Ourokoura,1997,Nsp,POINT (1.27187 9.35504)
_mview_plantation_etablissements_plantation.fid-2fb68024_1a0f82ae2b1_4ec4,Kara,Assoli,Assoli 1,Bafilo,TCHONWORO,Plantation Koboyaworo,1997,Nsp,POINT (1.2778850000000002 9.363731666666666)
_mview_plantation_etablissements_plantation.fid-2fb68024_1a0f82ae2b1_4ec5,Kara,Assoli,Assoli 1,Bafilo,TCHONWORO,Plantation Koboyaworo,2002,Nsp,POINT (1.2769066666666666 9.362266666666667)
_mview_plantation_etablissements_plantation.fid-2fb68024_1a0f82ae2b1_4ec6,Kara,Assoli,Assoli 1,Bafilo,TCHONWORO,Plantation Tchafaram,2004,Prive - individuel,POINT (1.2791816666666667 9.359991666666668)
_mview_plantation_etablissements_plantation.fid-2fb68024_1a0f82ae2b1_4ec7,Kara,Assoli,Assoli 1,Bafilo,TCHONWORO,Plantation Tchafaram,2012,Prive - individuel,POINT (1.2802783333333334 9.362518333333332)
_mview_plantation_etablissements_plantation.fid-2fb68024_1a0f82ae2b1_4ec8,Kara,Assoli,Assoli 1,Bafilo,TCHONWORO,Plantation Tchafaram,1993,Prive - individuel,POINT (1.279135 9.361156666666666)
_mview_plantation_etablissements_plantation.fid-2fb68024_1a0f82ae2b1_4ec9,Kara,Assoli,Assoli 1,Bafilo,TCHOUKOUMA,Plantation Essodonissi,2000,Prive - Collectivite coutumiere,POINT (1.155355 9.337921666666666)
_mview_plantation_etablissements_plantation.fid-2fb68024_1a0f82ae2b1_4eca,Kara,Assoli,Assoli 1,Bafilo,TCHOUKOUMA,Plantation Bouraïma,1996,Prive - individuel,POINT (1.1524383333333332 9.331169999999998)
_mview_plantation_etablissements_plantation.fid-2fb68024_1a0f82ae2b1_4ecb,Kara,Assoli,Assoli 1,Bafilo,TCHOUKOUMA,Plantation Lao Aboubakar,2005,Prive - individuel,POINT (1.1697389618140097 9.360053174972762)
_mview_plantation_etablissements_plantation.fid-2fb68024_1a0f82ae2b1_4ecc,Kara,Assoli,Assoli 1,Bafilo,TCHOUKOUMA,Plantation Assama,1995,Prive - individuel,POINT (1.168711901571411 9.358248994788788)
_mview_plantation_etablissements_plantation.fid-2fb68024_1a0f82ae2b1_4ecd,Kara,Assoli,Assoli 1,Bafilo,FOULDON,Plantation Banavei,1993,Prive - individuel,POINT (1.2142966666666666 9.3649)
_mview_plantation_etablissements_plantation.fid-2fb68024_1a0f82ae2b1_4ece,Kara,Assoli,Assoli 2,Alédjo,MODA,Plantation Aboulaye,2005,Prive - individuel,POINT (1.1960283333333335 9.263678333333333)
_mview_plantation_etablissements_plantation.fid-2fb68024_1a0f82ae2b1_4ecf,Kara,Assoli,Assoli 2,Alédjo,EFOLO,Plantation Issa,2015,Nsp,POINT (1.0830824249252187 9.273309930354738)
_mview_plantation_etablissements_plantation.fid-2fb68024_1a0f82ae2b1_4ed0,Kara,Assoli,Assoli 2,Alédjo,EFOLO,Plantation Tabe,2017,Prive - individuel,POINT (1.0936180684252286 9.277416025047321)
_mview_plantation_etablissements_plantation.fid-2fb68024_1a0f82ae2b1_4ed1,Kara,Assoli,Assoli 2,Alédjo,ALEDJO-KADARA,Plantation Foyer de Charite,1963,Prive - individuel,POINT (1.2105833333333333 9.258551666666667)
_mview_plantation_etablissements_plantation.fid-2fb68024_1a0f82ae2b1_4ed2,Kara,Assoli,Assoli 2,Alédjo,DIKORODE,Plantation Ouro-koura,2014,Prive - individuel,POINT (1.193521889612481 9.29116848855135)
_mview_plantation_etablissements_plantation.fid-2fb68024_1a0f82ae2b1_4ed3,Kara,Assoli,Assoli 2,Alédjo,TAGBADE,Plantation Bangana,1997,Prive - individuel,POINT (1.2169533333333333 9.278435)
_mview_plantation_etablissements_plantation.fid-2fb68024_1a0f82ae2b1_4ed4,Kara,Assoli,Assoli 2,Alédjo,TAGBADE,Plantation Ali,1993,Prive - individuel,POINT (1.1807100000000001 9.289973333333334)
_mview_plantation_etablissements_plantation.fid-2fb68024_1a0f82ae2b1_4ed5,Kara,Assoli,Assoli 2,Alédjo,DIKORODE,Plantation Esso,2009,Prive - individuel,POINT (1.1986156296843682 9.292085613584334)
_mview_plantation_etablissements_plantation.fid-2fb68024_1a0f82ae2b1_4ed6,Kara,Assoli,Assoli 2,Alédjo,DIKOREDE,Plantation Ouro Koura,2019,Prive - individuel,POINT (1.1938323770088854 9.288670111870726)
_mview_plantation_etablissements_plantation.fid-2fb68024_1a0f82ae2b1_4ed7,Kara,Assoli,Assoli 2,Alédjo,DIKOREDE,Plantation Ouro Gao,2020,Prive - individuel,POINT (1.1950903568468163 9.289248550653506)
_mview_plantation_etablissements_plantation.fid-2fb68024_1a0f82ae2b1_4ed8,Kara,Assoli,Assoli 2,Alédjo,AGARDE,Plantation Amirou,2017,Prive - individuel,POINT (1.2140233333333332 9.280413333333334)
_mview_plantation_etablissements_plantation.fid-2fb68024_1a0f82ae2b1_4ed9,Kara,Assoli,Assoli 2,Alédjo,AGARDE,Plantation Amirou,2011,Prive - individuel,POINT (1.2132980086881826 9.28756547898361)
_mview_plantation_etablissements_plantation.fid-2fb68024_1a0f82ae2b1_4eda,Kara,Assoli,Assoli 2,Alédjo,AGARADE,Plantation Tchaniley,2000,Nsp,POINT (1.2130083333333335 9.289520000000001)
_mview_plantation_etablissements_plantation.fid-2fb68024_1a0f82ae2b1_4edb,Kara,Assoli,Assoli 2,Alédjo,AGARADE,Plantation Agouna,2000,Nsp,POINT (1.21718 9.288133333333333)
_mview_plantation_etablissements_plantation.fid-2fb68024_1a0f82ae2b1_4edc,Kara,Assoli,Assoli 2,Alédjo,AGARADE,Plantation Bouraïma,2015,Nsp,POINT (1.2159033333333333 9.287468333333333)
_mview_plantation_etablissements_plantation.fid-2fb68024_1a0f82ae2b1_4edd,Kara,Assoli,Assoli 2,Alédjo,AGAREDE,Plantation Moussa,2018,Prive - individuel,POINT (1.2162983333333335 9.281436666666668)
_mview_plantation_etablissements_plantation.fid-2fb68024_1a0f82ae2b1_4ede,Kara,Assoli,Assoli 2,Alédjo,DINDJANE,Plantation Ouro,2012,Prive - individuel,POINT (1.2141633333333335 9.282758333333334)
_mview_plantation_etablissements_plantation.fid-2fb68024_1a0f82ae2b1_4edf,Kara,Assoli,Assoli 2,Alédjo,AGARADE,Plantation Lawiya,2007,Prive - individuel,POINT (1.21987 9.28476)
_mview_plantation_etablissements_plantation.fid-2fb68024_1a0f82ae2b1_4ee0,Kara,Assoli,Assoli 2,Alédjo,DIKORODE,Plantation Ouro-gneni,2017,Prive - Collectivite coutumiere,POINT (1.1866349999999999 9.28539)
_mview_plantation_etablissements_plantation.fid-2fb68024_1a0f82ae2b1_4ee1,Kara,Assoli,Assoli 2,Alédjo,DIKORODE,Plantation Ouro-kora,1980,Prive - individuel,POINT (1.1895 9.288728333333333)
_mview_plantation_etablissements_plantation.fid-2fb68024_1a0f82ae2b1_4ee2,Kara,Assoli,Assoli 2,Alédjo,DIKORODE,Plantation Ouro-kora,2007,Prive - individuel,POINT (1.1930533333333333 9.289610000000001)
_mview_plantation_etablissements_plantation.fid-2fb68024_1a0f82ae2b1_4ee3,Kara,Assoli,Assoli 2,Alédjo,TAGBADE,Plantation Communautaire de Tagbade,Nsp,Prive - Collectivite coutumiere,POINT (1.1796483333333332 9.288576666666668)
_mview_plantation_etablissements_plantation.fid-2fb68024_1a0f82ae2b1_4ee4,Kara,Assoli,Assoli 2,Alédjo,TAGBADE,Plantation Tchedre,2002,Prive - individuel,POINT (1.18168 9.289240000000001)
_mview_plantation_etablissements_plantation.fid-2fb68024_1a0f82ae2b1_4ee5,Kara,Assoli,Assoli 2,Alédjo,AGARADE,Plantation Lawuiya,2012,Prive - individuel,POINT (1.214883676434751 9.289874358292918)
_mview_plantation_etablissements_plantation.fid-2fb68024_1a0f82ae2b1_4ee6,Kara,Assoli,Assoli 2,Alédjo,AGARADE,Plantation Amidou,2013,Prive - individuel,POINT (1.2032778129829245 9.283123397787952)
_mview_plantation_etablissements_plantation.fid-2fb68024_1a0f82ae2b1_4ee7,Kara,Assoli,Assoli 2,Alédjo,AGARADE,Plantation Amidou,2017,Prive - individuel,POINT (1.206389790600881 9.285797200065455)
_mview_plantation_etablissements_plantation.fid-2fb68024_1a0f82ae2b1_4ee8,Kara,Assoli,Assoli 2,Alédjo,KPITCHITCHAO,Plantation Kpegouni,2015,Prive - individuel,POINT (1.2322933870405117 9.294387613358769)
_mview_plantation_etablissements_plantation.fid-2fb68024_1a0f82ae2b1_4ee9,Kara,Assoli,Assoli 2,Alédjo,BOUZIRE,Plantation Tagba,2005,Prive - individuel,POINT (1.2354166666666666 9.295138333333334)
_mview_plantation_etablissements_plantation.fid-2fb68024_1a0f82ae2b1_4eea,Kara,Assoli,Assoli 2,Alédjo,KADJALOUA,Plantation Yakoubou,2005,Prive - individuel,POINT (1.2438934215523143 9.289799813309049)
_mview_plantation_etablissements_plantation.fid-2fb68024_1a0f82ae2b1_4eeb,Kara,Assoli,Assoli 2,Alédjo,KATCHALADE,Plantation Tchagandi,1998,Prive - Collectivite coutumiere,POINT (1.2331736436669787 9.293835985259097)
_mview_plantation_etablissements_plantation.fid-2fb68024_1a0f82ae2b1_4eec,Kara,Assoli,Assoli 2,Alédjo,TOWODA,Plantation Akpo,2004,Prive - individuel,POINT (1.1028716666666667 9.289953333333333)
_mview_plantation_etablissements_plantation.fid-2fb68024_1a0f82ae2b1_4eed,Kara,Assoli,Assoli 2,Alédjo,TOWODA,Plantation Tchakekpei,2016,Prive - individuel,POINT (1.0995816666666667 9.289531666666667)
_mview_plantation_etablissements_plantation.fid-2fb68024_1a0f82ae2b1_4eee,Kara,Assoli,Assoli 2,Alédjo,EFOLO,Plantation Idrissou,2016,Nsp,POINT (1.1000583333333334 9.280921666666668)
_mview_plantation_etablissements_plantation.fid-2fb68024_1a0f82ae2b1_4eef,Kara,Assoli,Assoli 2,Alédjo,EFOLO,Plantation Zangaba,2015,Nsp,POINT (1.1124800000000001 9.267255)
_mview_plantation_etablissements_plantation.fid-2fb68024_1a0f82ae2b1_4ef0,Kara,Assoli,Assoli 2,Alédjo,EFOLO,Plantation Essofa,2017,Prive - Collectivite coutumiere,POINT (1.1000963459497042 9.276947400319582)
_mview_plantation_etablissements_plantation.fid-2fb68024_1a0f82ae2b1_4ef1,Kara,Assoli,Assoli 2,Alédjo,EFOLO,Plantation Tchazawa,2010,Prive - individuel,POINT (1.101843743629111 9.278401801904788)
_mview_plantation_etablissements_plantation.fid-2fb68024_1a0f82ae2b1_4ef2,Kara,Assoli,Assoli 2,Koumondè,BOLA,Plantation Baganna,1990,Prive - individuel,POINT (1.2419560060030197 9.316636677055905)
_mview_plantation_etablissements_plantation.fid-2fb68024_1a0f82ae2b1_4ef3,Kara,Assoli,Assoli 2,Koumondè,KATCHALDE,Plantation Kezire,1990,Prive - Collectivite coutumiere,POINT (1.2285970752448923 9.300000930603558)
_mview_plantation_etablissements_plantation.fid-2fb68024_1a0f82ae2b1_4ef4,Kara,Assoli,Assoli 2,Koumondè,MARCHANDE,Plantation Koura,1998,Prive - individuel,POINT (1.2291803009648978 9.299568886212391)
_mview_plantation_etablissements_plantation.fid-2fb68024_1a0f82ae2b1_4ef5,Kara,Assoli,Assoli 2,Koumondè,BOLA,Plantation Bangna,2003,Prive - individuel,POINT (1.2456166666666666 9.3258)
_mview_plantation_etablissements_plantation.fid-2fb68024_1a0f82ae2b1_4ef6,Kara,Assoli,Assoli 2,Koumondè,KATCHALADE,Plantation Esoula Aboje Jerry,2011,Prive - individuel,POINT (1.2333383333333332 9.298303333333333)
_mview_plantation_etablissements_plantation.fid-2fb68024_1a0f82ae2b1_4ef7,Kara,Assoli,Assoli 2,Koumondè,BANBOUA,Plantation Batcha,2009,Prive - individuel,POINT (1.2302049999999998 9.298691666666667)
_mview_plantation_etablissements_plantation.fid-2fb68024_1a0f82ae2b1_4ef8,Kara,Assoli,Assoli 3,Soudou,KAYALI,Plantation Adam,2018,Prive - individuel,POINT (1.2604849999999999 9.419581666666666)
_mview_plantation_etablissements_plantation.fid-2fb68024_1a0f82ae2b1_4ef9,Kara,Assoli,Assoli 3,Soudou,AGBANDAOUDE ASSONI,Plantation Adam,2002,Prive - individuel,POINT (1.3516480532253303 9.278324048545274)
_mview_plantation_etablissements_plantation.fid-2fb68024_1a0f82ae2b1_4efa,Kara,Assoli,Assoli 3,Soudou,AGBANDAOUDE ASSONI,Plantation Ouro-akondo,2015,Prive - individuel,POINT (1.3502538440500962 9.277020987376982)
_mview_plantation_etablissements_plantation.fid-2fb68024_1a0f82ae2b1_4efb,Kara,Assoli,Assoli 3,Soudou,KAYALE,Plantation Abdou,2015,Prive - individuel,POINT (1.277994903362774 9.433081106832066)
_mview_plantation_etablissements_plantation.fid-2fb68024_1a0f82ae2b1_4efc,Kara,Assoli,Assoli 3,Soudou,KAYALE,Plantation Atti,2020,Prive - individuel,POINT (1.2800921602640927 9.432322870201286)
_mview_plantation_etablissements_plantation.fid-2fb68024_1a0f82ae2b1_4efd,Kara,Assoli,Assoli 3,Soudou,KAYALE,Plantation Tchatchedre,2021,Prive - individuel,POINT (1.2642689468974029 9.423432790085638)
_mview_plantation_etablissements_plantation.fid-2fb68024_1a0f82ae2b1_4efe,Kara,Assoli,Assoli 3,Soudou,SARA,Plantation Alassani,2007,Prive - individuel,POINT (1.2931266666666665 9.366953333333333)
_mview_plantation_etablissements_plantation.fid-2fb68024_1a0f82ae2b1_4eff,Kara,Assoli,Assoli 3,Soudou,TCHONWORO,Plantation Gouni,2015,Prive - individuel,POINT (1.271695 9.381235)
_mview_plantation_etablissements_plantation.fid-2fb68024_1a0f82ae2b1_4f00,Kara,Assoli,Assoli 3,Soudou,TCHONWORO,Plantation Karim,2010,Prive - individuel,POINT (1.2744499999999999 9.38408)
_mview_plantation_etablissements_plantation.fid-2fb68024_1a0f82ae2b1_4f01,Kara,Assoli,Assoli 3,Soudou,ABAKOUDE,Plantation Tchabalo,2007,Prive - individuel,POINT (1.257235 9.407546666666667)
_mview_plantation_etablissements_plantation.fid-2fb68024_1a0f82ae2b1_4f02,Kara,Assoli,Assoli 3,Soudou,KAYALI,Plantation Sani,2019,Prive - individuel,POINT (1.273145 9.411755)
_mview_plantation_etablissements_plantation.fid-2fb68024_1a0f82ae2b1_4f03,Kara,Assoli,Assoli 3,Soudou,KAYALI,Plantation Ati,2018,Prive - individuel,POINT (1.2612199999999998 9.416288333333334)
_mview_plantation_etablissements_plantation.fid-2fb68024_1a0f82ae2b1_4f04,Kara,Assoli,Assoli 3,Soudou,TCHONWORO,Plantation Aliou,2013,Prive - individuel,POINT (1.2876133333333333 9.377291666666668)
_mview_plantation_etablissements_plantation.fid-2fb68024_1a0f82ae2b1_4f05,Kara,Assoli,Assoli 3,Soudou,TCHONWORO,Plantation Tchafaram,2012,Prive - individuel,POINT (1.2873933333333334 9.375195)
_mview_plantation_etablissements_plantation.fid-2fb68024_1a0f82ae2b1_4f06,Kara,Assoli,Assoli 3,Soudou,TCHONWORO,Plantation Tchafaram,2013,Prive - individuel,POINT (1.282775 9.370966666666668)
_mview_plantation_etablissements_plantation.fid-2fb68024_1a0f82ae2b1_4f07,Kara,Assoli,Assoli 3,Soudou,Kolo,Plantation Zato,2000,Prive - individuel,POINT (1.3063071048544743 9.36652760769627)
_mview_plantation_etablissements_plantation.fid-2fb68024_1a0f82ae2b1_4f08,Kara,Assoli,Assoli 3,Soudou,GANDE KEDEGNADA,Plantation Tchaniley,1993,Prive - individuel,POINT (1.3347152203239603 9.369254555169364)
_mview_plantation_etablissements_plantation.fid-2fb68024_1a0f82ae2b1_4f09,Kara,Assoli,Assoli 3,Soudou,GANDE BOURANDA,Plantation Tchaniley,1993,Nsp,POINT (1.3315916666666667 9.355398333333333)
_mview_plantation_etablissements_plantation.fid-2fb68024_1a0f82ae2b1_4f0a,Kara,Assoli,Assoli 3,Soudou,KOLO,Plantation Communautaire de Kolo,1965,Prive - Collectivite coutumiere,POINT (1.3189833333333332 9.358833333333333)
_mview_plantation_etablissements_plantation.fid-2fb68024_1a0f82ae2b1_4f0b,Kara,Assoli,Assoli 3,Soudou,ALAWADE,Plantation Ouro Djobo,2012,Prive - individuel,POINT (1.3635966666666666 9.368886666666667)
_mview_plantation_etablissements_plantation.fid-2fb68024_1a0f82ae2b1_4f0c,Kara,Assoli,Assoli 3,Soudou,TOMBOYISSOU,Plantation Ouro Gaffo,2012,Prive - individuel,POINT (1.3830416666666667 9.369628333333333)
_mview_plantation_etablissements_plantation.fid-2fb68024_1a0f82ae2b1_4f0d,Kara,Assoli,Assoli 3,Soudou,TOMBOYISSOU,Plantation Tayirou,2012,Prive - individuel,POINT (1.38325047835087 9.370769286398444)
_mview_plantation_etablissements_plantation.fid-2fb68024_1a0f82ae2b1_4f0e,Kara,Assoli,Assoli 3,Soudou,TOMBOYISSOU,Plantation Meme,2010,Prive - individuel,POINT (1.3826009684582699 9.367377558604032)
_mview_plantation_etablissements_plantation.fid-2fb68024_1a0f82ae2b1_4f0f,Kara,Assoli,Assoli 3,Soudou,TOMBOYISSOU,Plantation Kpalo,2015,Prive - individuel,POINT (1.3831534972061554 9.366663494490282)
_mview_plantation_etablissements_plantation.fid-2fb68024_1a0f82ae2b1_4f10,Kara,Assoli,Assoli 3,Soudou,DOUMBO,Plantation Tchani,1986,Prive - individuel,POINT (1.33565 9.372918333333333)
_mview_plantation_etablissements_plantation.fid-2fb68024_1a0f82ae2b1_4f11,Kara,Assoli,Assoli 3,Soudou,DOUMBO,Plantation Katai,Nsp,Prive - individuel,POINT (1.3356161943617353 9.372547571613316)
_mview_plantation_etablissements_plantation.fid-2fb68024_1a0f82ae2b1_4f12,Kara,Assoli,Assoli 3,Soudou,GANDE,Plantation Tchani,1993,Prive - individuel,POINT (1.3248546032432926 9.36814938448437)
_mview_plantation_etablissements_plantation.fid-2fb68024_1a0f82ae2b1_4f13,Kara,Assoli,Assoli 3,Soudou,GANDE,Plantation Alafare,1998,Prive - individuel,POINT (1.3257382026686182 9.36755473493871)
_mview_plantation_etablissements_plantation.fid-2fb68024_1a0f82ae2b1_4f14,Kara,Assoli,Assoli 3,Soudou,GANDE,Plantation Bedou,2009,Prive - individuel,POINT (1.3278982244797828 9.405181273828381)
_mview_plantation_etablissements_plantation.fid-2fb68024_1a0f82ae2b1_4f15,Kara,Assoli,Assoli 3,Soudou,Kolo,Plantation Djeri,2000,Prive - individuel,POINT (1.3145778866739715 9.352902429852781)
_mview_plantation_etablissements_plantation.fid-2fb68024_1a0f82ae2b1_4f16,Kara,Assoli,Assoli 3,Soudou,TOUBONOHOUN,Plantation Esso,1995,Prive - individuel,POINT (1.3398138295155084 9.418547733540418)
_mview_plantation_etablissements_plantation.fid-2fb68024_1a0f82ae2b1_4f17,Kara,Assoli,Assoli 3,Soudou,TOUBONOHOUN,Plantation Yorou,1999,Prive - individuel,POINT (1.343870465551915 9.416727775931633)
_mview_plantation_etablissements_plantation.fid-2fb68024_1a0f82ae2b1_4f18,Kara,Assoli,Assoli 3,Soudou,TOMBOISSI,Plantation Gaumboda,2007,Prive - individuel,POINT (1.373355 9.362065)
_mview_plantation_etablissements_plantation.fid-2fb68024_1a0f82ae2b1_4f19,Kara,Assoli,Assoli 3,Soudou,TOMBOISSI,Plantation Yorou,1994,Prive - individuel,POINT (1.3749283333333333 9.364483333333334)
_mview_plantation_etablissements_plantation.fid-2fb68024_1a0f82ae2b1_4f1a,Kara,Assoli,Assoli 3,Soudou,TOMBOISSI,Plantation Kerim,2014,Prive - individuel,POINT (1.3751566666666666 9.366038333333334)
_mview_plantation_etablissements_plantation.fid-2fb68024_1a0f82ae2b1_4f1b,Kara,Assoli,Assoli 3,Soudou,TOMBOISSI,Plantation Kerim,2000,Prive - individuel,POINT (1.372155 9.363118333333334)
_mview_plantation_etablissements_plantation.fid-2fb68024_1a0f82ae2b1_4f1c,Kara,Assoli,Assoli 3,Soudou,TOMBOISSI,Plantation Kerim,2002,Prive - individuel,POINT (1.3681583333333334 9.357283333333333)
_mview_plantation_etablissements_plantation.fid-2fb68024_1a0f82ae2b1_4f1d,Kara,Assoli,Assoli 3,Soudou,GANDE WOLIA,Plantation Biao,2002,Prive - individuel,POINT (1.3396928774788857 9.405076848491658)
_mview_plantation_etablissements_plantation.fid-2fb68024_1a0f82ae2b1_4f1e,Kara,Assoli,Assoli 3,Soudou,GANDE SOUMBOLA,Plantation Alafari,1990,Prive - individuel,POINT (1.3365768035454757 9.409399991222829)
_mview_plantation_etablissements_plantation.fid-2fb68024_1a0f82ae2b1_4f1f,Kara,Assoli,Assoli 3,Soudou,GANDE TIKPE,Plantation Tchani,2002,Prive - individuel,POINT (1.3443714564093334 9.435433883833735)
_mview_plantation_etablissements_plantation.fid-2fb68024_1a0f82ae2b1_4f20,Kara,Assoli,Assoli 3,Soudou,GANDE TIKPE,Plantation Tchani,2016,Prive - individuel,POINT (1.343699686529135 9.433768271844876)
_mview_plantation_etablissements_plantation.fid-2fb68024_1a0f82ae2b1_4f21,Kara,Assoli,Assoli 3,Soudou,SOUDOU,Plantation Kerim,2012,Prive - individuel,POINT (1.3620716666666666 9.373011666666667)
_mview_plantation_etablissements_plantation.fid-2fb68024_1a0f82ae2b1_4f22,Savanes,Tône,Tône 4,Sanfatoute,GNIBONGUE,Plantation d'Acacia de Tchilyem,2005,Prive - individuel,POINT (0.2925783562670651 11.0234751675326)
_mview_plantation_etablissements_plantation.fid-2fb68024_1a0f82ae2b1_4f23,Kara,Assoli,Assoli 3,Soudou,SOUDOU,Plantation Ouro-djobo,1999,Prive - individuel,POINT (1.362145 9.371606666666667)
_mview_plantation_etablissements_plantation.fid-2fb68024_1a0f82ae2b1_4f24,Kara,Assoli,Assoli 3,Soudou,Essowazina,Plantation Lossou,1997,Prive - individuel,POINT (1.38356 9.363438333333333)
_mview_plantation_etablissements_plantation.fid-2fb68024_1a0f82ae2b1_4f25,Kara,Assoli,Assoli 3,Soudou,SOUDOU,Plantation Ouro-adjeï,2010,Prive - Collectivite coutumiere,POINT (1.3839166666666667 9.361911666666666)
_mview_plantation_etablissements_plantation.fid-2fb68024_1a0f82ae2b1_4f26,Kara,Assoli,Assoli 3,Soudou,GANDE,Plantation Tchakourdou,2006,Prive - individuel,POINT (1.3276216666666667 9.362926666666668)
_mview_plantation_etablissements_plantation.fid-2fb68024_1a0f82ae2b1_4f27,Kara,Assoli,Assoli 3,Soudou,GANDE,Plantation Tchani,1963,Prive - individuel,POINT (1.3248533333333334 9.36587)
_mview_plantation_etablissements_plantation.fid-2fb68024_1a0f82ae2b1_4f28,Kara,Assoli,Assoli 3,Soudou,GANDE,Plantation Tchani,1993,Prive - individuel,POINT (1.3225149393744438 9.36664994380522)
_mview_plantation_etablissements_plantation.fid-2fb68024_1a0f82ae2b1_4f29,Kara,Assoli,Assoli 3,Soudou,TOUBONOHOU,Plantation Tchaniley,2019,Nsp,POINT (1.3310333333333333 9.437368333333334)
_mview_plantation_etablissements_plantation.fid-2fb68024_1a0f82ae2b1_4f2a,Kara,Assoli,Assoli 3,Soudou,TOUBONOHOU,Plantation Tchaniley,2019,Nsp,POINT (1.3317883333333334 9.440868333333333)
_mview_plantation_etablissements_plantation.fid-2fb68024_1a0f82ae2b1_4f2b,Kara,Assoli,Assoli 3,Soudou,TOUBONOHOU,Plantation Tchakordou,1998,Nsp,POINT (1.3352866666666667 9.433806666666667)
_mview_plantation_etablissements_plantation.fid-2fb68024_1a0f82ae2b1_4f2c,Kara,Assoli,Assoli 3,Soudou,GANDE,Plantation Alimandjay,2001,Prive - individuel,POINT (1.3277887768452727 9.383495750949294)
_mview_plantation_etablissements_plantation.fid-2fb68024_1a0f82ae2b1_4f2d,Kara,Assoli,Assoli 3,Soudou,GANDE,Plantation Alimandjay,1990,Prive - individuel,POINT (1.3271780127480337 9.390741752961192)
_mview_plantation_etablissements_plantation.fid-2fb68024_1a0f82ae2b1_4f2e,Kara,Assoli,Assoli 3,Soudou,GANDE,Plantation Alimandjay,2015,Prive - individuel,POINT (1.3263183161426406 9.392730773495549)
_mview_plantation_etablissements_plantation.fid-2fb68024_1a0f82ae2b1_4f2f,Kara,Assoli,Assoli 3,Soudou,GANDE,Plantation Alimandjay,1990,Prive - individuel,POINT (1.3269605090662755 9.388647244805181)
_mview_plantation_etablissements_plantation.fid-2fb68024_1a0f82ae2b1_4f30,Kara,Assoli,Assoli 3,Soudou,GANDE,Plantation Boukari,2000,Prive - individuel,POINT (1.3323099999999999 9.399796666666667)
_mview_plantation_etablissements_plantation.fid-2fb68024_1a0f82ae2b1_4f31,Kara,Assoli,Assoli 3,Soudou,GANDE,Plantation Tchabebou,2018,Prive - individuel,POINT (1.3304942452379571 9.373990263697179)
_mview_plantation_etablissements_plantation.fid-2fb68024_1a0f82ae2b1_4f32,Kara,Assoli,Assoli 3,Soudou,GANDE,Plantation Tchabebou,2018,Prive - individuel,POINT (1.3320244351979382 9.377963859305511)
_mview_plantation_etablissements_plantation.fid-2fb68024_1a0f82ae2b1_4f33,Kara,Assoli,Assoli 3,Soudou,GANDE,Plantation Tchero,2005,Prive - individuel,POINT (1.3307716666666667 9.373413333333334)
_mview_plantation_etablissements_plantation.fid-2fb68024_1a0f82ae2b1_4f34,Kara,Assoli,Assoli 3,Soudou,GANDE,Plantation Adam,2017,Prive - individuel,POINT (1.336646863621122 9.369163898977435)
_mview_plantation_etablissements_plantation.fid-2fb68024_1a0f82ae2b1_4f35,Kara,Assoli,Assoli 3,Soudou,GANDE,Plantation Tchabebou,2005,Prive - individuel,POINT (1.3311051995984682 9.376300783789024)
_mview_plantation_etablissements_plantation.fid-2fb68024_1a0f82ae2b1_4f36,Kara,Assoli,Assoli 3,Soudou,GANDE,Plantation Tchabebou,2005,Prive - individuel,POINT (1.330993769283066 9.372334420541666)
_mview_plantation_etablissements_plantation.fid-2fb68024_1a0f82ae2b1_4f37,Kara,Assoli,Assoli 3,Soudou,GANDE,Plantation Moussa,1990,Prive - individuel,POINT (1.3346572748908527 9.365032505920436)
_mview_plantation_etablissements_plantation.fid-2fb68024_1a0f82ae2b1_4f38,Kara,Assoli,Assoli 3,Soudou,GANDE,Plantation Tchakorodou,2017,Prive - individuel,POINT (1.3298999999999999 9.366921666666666)
_mview_plantation_etablissements_plantation.fid-2fb68024_1a0f82ae2b1_4f39,Kara,Assoli,Assoli 3,Soudou,GANDE,Plantation Pantation Adom,1993,Prive - individuel,POINT (1.3296133333333333 9.367283333333335)
_mview_plantation_etablissements_plantation.fid-2fb68024_1a0f82ae2b1_4f3a,Kara,Assoli,Assoli 3,Soudou,GANDE,Plantation Alafari,2018,Prive - individuel,POINT (1.3310333333333333 9.368125)
_mview_plantation_etablissements_plantation.fid-2fb68024_1a0f82ae2b1_4f3b,Kara,Assoli,Assoli 3,Soudou,TOUBONOHOU,Plantation Tchero,2014,Nsp,POINT (1.33628 9.437786666666666)
_mview_plantation_etablissements_plantation.fid-2fb68024_1a0f82ae2b1_4f3c,Kara,Assoli,Assoli 3,Soudou,TOUBONOHOU,Plantation Tchero,2014,Nsp,POINT (1.3343116666666668 9.437774999999998)
_mview_plantation_etablissements_plantation.fid-2fb68024_1a0f82ae2b1_4f3d,Kara,Assoli,Assoli 3,Soudou,TOUBONOHOU,Plantation Tchero,2014,Nsp,POINT (1.3319916666666667 9.435585)
_mview_plantation_etablissements_plantation.fid-2fb68024_1a0f82ae2b1_4f3e,Kara,Assoli,Assoli 3,Soudou,KOLIZO,Plantation Abodji,2019,Prive - individuel,POINT (1.324885083241542 9.413508931592041)
_mview_plantation_etablissements_plantation.fid-2fb68024_1a0f82ae2b1_4f3f,Kara,Assoli,Assoli 3,Soudou,Kolo,Plantation Alimandjaye,2000,Prive - individuel,POINT (1.3127189193201159 9.358803491064165)
_mview_plantation_etablissements_plantation.fid-2fb68024_1a0f82ae2b1_4f40,Kara,Assoli,Assoli 3,Soudou,Kolo,Plantation Alimandjaye,1995,Prive - individuel,POINT (1.3113973444954354 9.358958838643808)
_mview_plantation_etablissements_plantation.fid-2fb68024_1a0f82ae2b1_4f41,Kara,Assoli,Assoli 3,Soudou,GANDE,Plantation Alimandjaye,2012,Prive - individuel,POINT (1.3299183306578048 9.354102411070524)
_mview_plantation_etablissements_plantation.fid-2fb68024_1a0f82ae2b1_4f42,Kara,Assoli,Assoli 3,Soudou,GANDE,Plantation Biao,2011,Prive - individuel,POINT (1.3386334638083908 9.354858399434962)
_mview_plantation_etablissements_plantation.fid-2fb68024_1a0f82ae2b1_4f43,Kara,Assoli,Assoli 3,Soudou,GANDE,Plantation Biao,2010,Prive - individuel,POINT (1.3406016666666667 9.35502)
_mview_plantation_etablissements_plantation.fid-2fb68024_1a0f82ae2b1_4f44,Kara,Assoli,Assoli 3,Soudou,GANDE,Plantation Biao Ouro Takpara,2005,Prive - individuel,POINT (1.3425466113670985 9.358323992077029)
_mview_plantation_etablissements_plantation.fid-2fb68024_1a0f82ae2b1_4f45,Kara,Assoli,Assoli 3,Soudou,GANDE,Plantation Idrissou,2001,Prive - individuel,POINT (1.3418684784833068 9.362729775321359)
_mview_plantation_etablissements_plantation.fid-2fb68024_1a0f82ae2b1_4f46,Kara,Assoli,Assoli 3,Soudou,KOLIZO,Plantation Abodji,2015,Prive - individuel,POINT (1.3231535615143912 9.411900888593454)
_mview_plantation_etablissements_plantation.fid-2fb68024_1a0f82ae2b1_4f47,Kara,Assoli,Assoli 3,Soudou,KOLO,Plantation Alimandjaye,2012,Prive - individuel,POINT (1.3056046176496339 9.356272113548641)
_mview_plantation_etablissements_plantation.fid-2fb68024_1a0f82ae2b1_4f48,Kara,Assoli,Assoli 3,Soudou,KOLO,Plantation Alimandjaye,2008,Prive - individuel,POINT (1.3055566452189136 9.354798885474516)
_mview_plantation_etablissements_plantation.fid-2fb68024_1a0f82ae2b1_4f49,Kara,Assoli,Assoli 3,Soudou,GANDE,Plantation Alimandjaye,2019,Prive - individuel,POINT (1.3289295061124113 9.35276536332088)
_mview_plantation_etablissements_plantation.fid-2fb68024_1a0f82ae2b1_4f4a,Kara,Assoli,Assoli 3,Soudou,GANDE AZAKPAYA,Plantation Alimadjaye,2005,Prive - individuel,POINT (1.329248832998474 9.402240305573134)
_mview_plantation_etablissements_plantation.fid-2fb68024_1a0f82ae2b1_4f4b,Kara,Assoli,Assoli 3,Soudou,GANDE AZAKPAYA,Plantation Alimadjaye,2005,Prive - individuel,POINT (1.3262237409678048 9.40091615432843)
_mview_plantation_etablissements_plantation.fid-2fb68024_1a0f82ae2b1_4f4c,Kara,Assoli,Assoli 3,Soudou,GANDE,Plantation Alimadjaye,2002,Prive - individuel,POINT (1.3290183801800135 9.35582205193134)
_mview_plantation_etablissements_plantation.fid-2fb68024_1a0f82ae2b1_4f4d,Kara,Assoli,Assoli 3,Soudou,GANDE,Plantation Alimadjaye,2002,Prive - individuel,POINT (1.3312612820235463 9.35273122376371)
_mview_plantation_etablissements_plantation.fid-2fb68024_1a0f82ae2b1_4f4e,Kara,Assoli,Assoli 3,Soudou,GANDE,Plantation Alimadjaye,2016,Prive - individuel,POINT (1.3319716177636591 9.352627249534809)
_mview_plantation_etablissements_plantation.fid-2fb68024_1a0f82ae2b1_4f4f,Kara,Assoli,Assoli 3,Soudou,GANDE,Plantation Adam,2017,Prive - individuel,POINT (1.3326201006513503 9.352901127854638)
_mview_plantation_etablissements_plantation.fid-2fb68024_1a0f82ae2b1_4f50,Kara,Assoli,Assoli 3,Soudou,GANDE,Plantation Adam,2017,Prive - individuel,POINT (1.3289544114628327 9.354357769545402)
_mview_plantation_etablissements_plantation.fid-2fb68024_1a0f82ae2b1_4f51,Kara,Assoli,Assoli 3,Soudou,GANDE,Plantation Adam,2017,Prive - individuel,POINT (1.327011663763202 9.355678813953087)
_mview_plantation_etablissements_plantation.fid-2fb68024_1a0f82ae2b1_4f52,Kara,Assoli,Assoli 3,Soudou,GANDE,Plantation Abokou,2012,Prive - individuel,POINT (1.3336726968468695 9.355444978391457)
_mview_plantation_etablissements_plantation.fid-2fb68024_1a0f82ae2b1_4f53,Kara,Assoli,Assoli 3,Soudou,SOUDOU GANDE,Plantation Abokou,2007,Prive - individuel,POINT (1.341901481614771 9.363632045761657)
_mview_plantation_etablissements_plantation.fid-2fb68024_1a0f82ae2b1_4f54,Kara,Assoli,Assoli 3,Soudou,GANDE,Plantation Aboukou,2011,Prive - individuel,POINT (1.3427855437155807 9.36383701075362)
_mview_plantation_etablissements_plantation.fid-2fb68024_1a0f82ae2b1_4f55,Kara,Assoli,Assoli 3,Soudou,GANDE,Plantation Tchassanti,2005,Prive - individuel,POINT (1.3128621225679693 9.354075411482407)
_mview_plantation_etablissements_plantation.fid-2fb68024_1a0f82ae2b1_4f56,Kara,Assoli,Assoli 3,Soudou,GANDE,Plantation Ouro-egbeleou,2012,Prive - individuel,POINT (1.3132001985660058 9.353904090471058)
_mview_plantation_etablissements_plantation.fid-2fb68024_1a0f82ae2b1_4f57,Kara,Assoli,Assoli 3,Soudou,BOUZRI,Plantation Tchaïza,2009,Prive - individuel,POINT (1.259954917239912 9.289182309146701)
_mview_plantation_etablissements_plantation.fid-2fb68024_1a0f82ae2b1_4f58,Kara,Kozah,Kozah 2,Bohou,BOHOU-TCHAMDE,Plantation Bohou Tchamde,1998,Prive - individuel,POINT (1.1681 9.62401)
_mview_plantation_etablissements_plantation.fid-2fb68024_1a0f82ae2b1_4f59,Kara,Bassar,Bassar 1,Bassar,KPINKESSI,Plantation Gbarre,1994,Prive - individuel,POINT (0.7677426749138039 9.260538148381222)
_mview_plantation_etablissements_plantation.fid-2fb68024_1a0f82ae2b1_4f5a,Kara,Bassar,Bassar 1,Bassar,Kalanga,Plantation Agnoni,2017,Prive - Collectivite coutumiere,POINT (0.6833081394683609 9.207405166156088)
_mview_plantation_etablissements_plantation.fid-2fb68024_1a0f82ae2b1_4f5b,Kara,Bassar,Bassar 1,Bassar,Kadjouli,Plantation Kpante,2017,Prive - Collectivite coutumiere,POINT (0.6579283333333333 9.188664999999999)
_mview_plantation_etablissements_plantation.fid-2fb68024_1a0f82ae2b1_4f5c,Kara,Bassar,Bassar 1,Bassar,Takodo,Plantation Dakagni,2017,Prive - individuel,POINT (0.65252166035718 9.205774693914638)
_mview_plantation_etablissements_plantation.fid-2fb68024_1a0f82ae2b1_4f5d,Kara,Bassar,Bassar 1,Bassar,BOUNGBA,Plantation Tchagba,2017,Prive - individuel,POINT (0.6687183333333333 9.18641)
_mview_plantation_etablissements_plantation.fid-2fb68024_1a0f82ae2b1_4f5e,Kara,Bassar,Bassar 1,Bassar,TAKOLDO,Plantation Aniki,2017,Prive - individuel,POINT (0.6498292973684163 9.208525342455227)
_mview_plantation_etablissements_plantation.fid-2fb68024_1a0f82ae2b1_4f5f,Kara,Bassar,Bassar 1,Bassar,WAMANE,Plantation Nadjombe,2015,Prive - individuel,POINT (0.7398212026833522 9.316828882294795)
_mview_plantation_etablissements_plantation.fid-2fb68024_1a0f82ae2b1_4f60,Kara,Bassar,Bassar 1,Bassar,WAMANE,Plantation Nadja,2017,Prive - individuel,POINT (0.7389246629995105 9.318641865762471)
_mview_plantation_etablissements_plantation.fid-2fb68024_1a0f82ae2b1_4f61,Kara,Bassar,Bassar 1,Bassar,WAMANE,Plantation Benoi,2017,Prive - individuel,POINT (0.7410069731642525 9.318547192601008)
_mview_plantation_etablissements_plantation.fid-2fb68024_1a0f82ae2b1_4f62,Kara,Bassar,Bassar 1,Bassar,WAMANE,Plantation Nibombe,2005,Prive - individuel,POINT (0.7408689334848826 9.320308555428083)
_mview_plantation_etablissements_plantation.fid-2fb68024_1a0f82ae2b1_4f63,Kara,Bassar,Bassar 1,Bassar,WAMANE,Plantation Nissao,2010,Prive - individuel,POINT (0.7390122247720091 9.321282813984345)
_mview_plantation_etablissements_plantation.fid-2fb68024_1a0f82ae2b1_4f64,Kara,Bassar,Bassar 1,Bassar,WAMANE,Plantation Nakpane,1980,Prive - individuel,POINT (0.7415998581081094 9.315796739473807)
_mview_plantation_etablissements_plantation.fid-2fb68024_1a0f82ae2b1_4f65,Kara,Bassar,Bassar 1,Bassar,WAMANE,Plantation Nakpane,2016,Prive - individuel,POINT (0.738851649799974 9.3152937861325)
_mview_plantation_etablissements_plantation.fid-2fb68024_1a0f82ae2b1_4f66,Kara,Bassar,Bassar 1,Bassar,WAMANE,Plantation Kagberi,2015,Prive - individuel,POINT (0.7439705553318934 9.317974347926354)
_mview_plantation_etablissements_plantation.fid-2fb68024_1a0f82ae2b1_4f67,Kara,Bassar,Bassar 1,Bassar,WAMANE,Plantation Kagberi,2013,Prive - individuel,POINT (0.7402083333333334 9.324986666666666)
_mview_plantation_etablissements_plantation.fid-2fb68024_1a0f82ae2b1_4f68,Kara,Bassar,Bassar 1,Bassar,WAMANE,Plantation Nakpane,2010,Prive - individuel,POINT (0.7421019140371494 9.322278094418913)
_mview_plantation_etablissements_plantation.fid-2fb68024_1a0f82ae2b1_4f69,Kara,Bassar,Bassar 1,Bassar,Binanwaliba,Plantation Kpimbiki,1950,Prive - Collectivite coutumiere,POINT (0.7614888099178838 9.256886657687247)
_mview_plantation_etablissements_plantation.fid-2fb68024_1a0f82ae2b1_4f6a,Kara,Bassar,Bassar 1,Bassar,GMATCHA,Plantation Oubokoula,1970,Prive - Collectivite coutumiere,POINT (0.7722059161513424 9.273290184177364)
_mview_plantation_etablissements_plantation.fid-2fb68024_1a0f82ae2b1_4f6b,Kara,Bassar,Bassar 1,Bassar,AKEITA,Plantation Goungou,2014,Prive - individuel,POINT (0.9065266666666666 9.274271666666667)
_mview_plantation_etablissements_plantation.fid-2fb68024_1a0f82ae2b1_4f6c,Kara,Bassar,Bassar 1,Bassar,TCHATCHAMINADE,Plantation Tata,2016,Prive - individuel,POINT (0.9068372162663138 9.293102680491225)
_mview_plantation_etablissements_plantation.fid-2fb68024_1a0f82ae2b1_4f6d,Kara,Bassar,Bassar 1,Bassar,TCHATCHAMINADE,Plantation Zakari,2013,Prive - individuel,POINT (0.9071386670727554 9.290080881034939)
_mview_plantation_etablissements_plantation.fid-2fb68024_1a0f82ae2b1_4f6e,Kara,Bassar,Bassar 1,Bassar,TCHATCHAMINADE,Plantation Momoga,2015,Prive - individuel,POINT (0.9068426414362201 9.283129059781826)
_mview_plantation_etablissements_plantation.fid-2fb68024_1a0f82ae2b1_4f6f,Kara,Bassar,Bassar 1,Bassar,TCHATCHAMINADE,Plantation Ouro-sama,2016,Prive - individuel,POINT (0.9075503275108323 9.281840312054424)
_mview_plantation_etablissements_plantation.fid-2fb68024_1a0f82ae2b1_4f70,Kara,Bassar,Bassar 1,Bassar,TCHATCHAMINADE,Plantation Body,2016,Prive - individuel,POINT (0.9098390778239553 9.282809628902584)
_mview_plantation_etablissements_plantation.fid-2fb68024_1a0f82ae2b1_4f71,Kara,Bassar,Bassar 1,Bassar,TCHATCHAMINADE,Plantation Tchagole,2017,Prive - individuel,POINT (0.9097327305458243 9.280070862366738)
_mview_plantation_etablissements_plantation.fid-2fb68024_1a0f82ae2b1_4f72,Kara,Bassar,Bassar 1,Bassar,TCHATCHAMINADE,Plantation Tchatchibara,2017,Prive - individuel,POINT (0.9117495819537839 9.285570378510293)
_mview_plantation_etablissements_plantation.fid-2fb68024_1a0f82ae2b1_4f73,Kara,Bassar,Bassar 1,Bassar,BIKPASSIBA,Plantation,2000,Prive - individuel,POINT (0.7580508728679219 9.245397210362082)
_mview_plantation_etablissements_plantation.fid-2fb68024_1a0f82ae2b1_4f74,Kara,Bassar,Bassar 1,Bassar,BIKOTIBA,Plantation Kodjo,2007,Prive - individuel,POINT (0.7486870064896018 9.244357678149457)
_mview_plantation_etablissements_plantation.fid-2fb68024_1a0f82ae2b1_4f75,Kara,Bassar,Bassar 1,Bassar,KAKPALE,Plantation Kodjo,2005,Prive - individuel,POINT (0.7191983710675284 9.250177011778936)
_mview_plantation_etablissements_plantation.fid-2fb68024_1a0f82ae2b1_4f76,Kara,Bassar,Bassar 1,Bassar,Bikpassiba,Plantation Tagbe,1998,Prive - Collectivite coutumiere,POINT (0.7623291111546711 9.24695314359641)
_mview_plantation_etablissements_plantation.fid-2fb68024_1a0f82ae2b1_4f77,Kara,Bassar,Bassar 1,Bassar,Bikotiba,Plantation Kodjo,2007,Prive - Collectivite coutumiere,POINT (0.7477755427097446 9.245472869988143)
_mview_plantation_etablissements_plantation.fid-2fb68024_1a0f82ae2b1_4f78,Kara,Bassar,Bassar 1,Bassar,Kakpale,Plantation Kodjo,2005,Prive - Collectivite coutumiere,POINT (0.7206854269577629 9.248740347597991)
_mview_plantation_etablissements_plantation.fid-2fb68024_1a0f82ae2b1_4f79,Kara,Bassar,Bassar 1,Bassar,Kapale,Plantation Kodjo,2017,Prive - Collectivite coutumiere,POINT (0.7217869960313626 9.245075569451789)
_mview_plantation_etablissements_plantation.fid-2fb68024_1a0f82ae2b1_4f7a,Kara,Bassar,Bassar 1,Bassar,NANGBANI,Plantation Boubouli,1996,Prive - individuel,POINT (0.8031970052573417 9.292863451855986)
_mview_plantation_etablissements_plantation.fid-2fb68024_1a0f82ae2b1_4f7b,Kara,Bassar,Bassar 1,Bassar,NANGBANI,Plantation Boubouli,1996,Prive - individuel,POINT (0.804954006770994 9.29497293226609)
_mview_plantation_etablissements_plantation.fid-2fb68024_1a0f82ae2b1_4f7c,Kara,Bassar,Bassar 1,Bassar,KIBEDIPOU,Plantation Yawanke,2016,Prive - individuel,POINT (0.794020492741129 9.246955927194211)
_mview_plantation_etablissements_plantation.fid-2fb68024_1a0f82ae2b1_4f7d,Kara,Bassar,Bassar 1,Bassar,AKEÏTA,Plantation Agbo,2018,Prive - individuel,POINT (0.9023111058658698 9.302682339265825)
_mview_plantation_etablissements_plantation.fid-2fb68024_1a0f82ae2b1_4f7e,Kara,Bassar,Bassar 1,Bassar,AKEÏTA,Plantation Toroukpabo,2018,Prive - individuel,POINT (0.9049644834659697 9.313955384391111)
_mview_plantation_etablissements_plantation.fid-2fb68024_1a0f82ae2b1_4f7f,Kara,Bassar,Bassar 1,Bassar,AKEÏTA,Plantation Tchasanti,2018,Prive - individuel,POINT (0.9195260179963807 9.301313291148844)
_mview_plantation_etablissements_plantation.fid-2fb68024_1a0f82ae2b1_4f80,Kara,Bassar,Bassar 1,Bassar,AKEÏTA,Plantation Adjana,2018,Prive - individuel,POINT (0.9225701991424735 9.297391163763756)
_mview_plantation_etablissements_plantation.fid-2fb68024_1a0f82ae2b1_4f81,Kara,Bassar,Bassar 1,Bassar,AKEÏTA,Plantation Ourosalem,2018,Prive - individuel,POINT (0.9238788161338551 9.299632898549747)
_mview_plantation_etablissements_plantation.fid-2fb68024_1a0f82ae2b1_4f82,Kara,Bassar,Bassar 1,Bassar,AKEÏTA,Plantation Badawara,2018,Prive - individuel,POINT (0.9202162775497348 9.300034353914253)
_mview_plantation_etablissements_plantation.fid-2fb68024_1a0f82ae2b1_4f83,Kara,Bassar,Bassar 1,Kalanga,INABA,Plantation CPAD,2015,autre,POINT (0.661823262870698 9.296993320931646)
_mview_plantation_etablissements_plantation.fid-2fb68024_1a0f82ae2b1_4f84,Kara,Bassar,Bassar 1,Kalanga,Kalanga,Plantation Gnandi,2012,Prive - Collectivite coutumiere,POINT (0.6887654862071876 9.279181251729925)
_mview_plantation_etablissements_plantation.fid-2fb68024_1a0f82ae2b1_4f85,Kara,Bassar,Bassar 1,Kalanga,Kalanga,Plantation Potikpen,2019,Prive - individuel,POINT (0.6928317369704192 9.276316599382094)
_mview_plantation_etablissements_plantation.fid-2fb68024_1a0f82ae2b1_4f86,Kara,Bassar,Bassar 1,Kalanga,KALANGA,Plantation Gnandi,2018,Prive - individuel,POINT (0.6874533081810584 9.283218766574741)
_mview_plantation_etablissements_plantation.fid-2fb68024_1a0f82ae2b1_4f87,Kara,Bassar,Bassar 1,Kalanga,WAMANE,Plantation Nadjombe,2016,Prive - individuel,POINT (0.7371160568258793 9.318817870802725)
_mview_plantation_etablissements_plantation.fid-2fb68024_1a0f82ae2b1_4f88,Kara,Bassar,Bassar 1,Kalanga,WAMANE,Plantation Nadjombe,2005,Prive - individuel,POINT (0.7378921664853322 9.317542412041186)
_mview_plantation_etablissements_plantation.fid-2fb68024_1a0f82ae2b1_4f89,Kara,Bassar,Bassar 1,Kalanga,WAMANE,Plantation Koufame,2015,Prive - individuel,POINT (0.7369208834514955 9.314346458884751)
_mview_plantation_etablissements_plantation.fid-2fb68024_1a0f82ae2b1_4f8a,Kara,Bassar,Bassar 1,Kalanga,KAKPAL E,Plantation Gbandi,2001,Prive - individuel,POINT (0.7201265395846776 9.256229919443212)
_mview_plantation_etablissements_plantation.fid-2fb68024_1a0f82ae2b1_4f8b,Kara,Bassar,Bassar 1,Kalanga,KITANGBAWOU,Plantation Balikou,1997,Prive - individuel,POINT (0.7276684936109323 9.272771780114493)
_mview_plantation_etablissements_plantation.fid-2fb68024_1a0f82ae2b1_4f8c,Kara,Bassar,Bassar 1,Kalanga,KITANGBAWOU,Plantation Lantame,1997,Prive - individuel,POINT (0.7240614020569555 9.272265717913736)
_mview_plantation_etablissements_plantation.fid-2fb68024_1a0f82ae2b1_4f8d,Kara,Bassar,Bassar 1,Kalanga,Koutangbawou,Plantation N'djoname,2012,Prive - individuel,POINT (0.7239013155343762 9.274955340166548)
_mview_plantation_etablissements_plantation.fid-2fb68024_1a0f82ae2b1_4f8e,Kara,Bassar,Bassar 1,Kalanga,BAGATE,Plantation de Gbare,2006,Prive - individuel,POINT (0.7296613522234273 9.315607340178161)
_mview_plantation_etablissements_plantation.fid-2fb68024_1a0f82ae2b1_4f8f,Kara,Bassar,Bassar 1,Kalanga,Okpassandja,Plantation Djeri,2005,Prive - individuel,POINT (0.7300390038501638 9.311220087317537)
_mview_plantation_etablissements_plantation.fid-2fb68024_1a0f82ae2b1_4f90,Kara,Bassar,Bassar 1,Kalanga,Okpassandja,Plantation Nibombe,2005,Prive - individuel,POINT (0.7275966666666667 9.317651666666666)
_mview_plantation_etablissements_plantation.fid-2fb68024_1a0f82ae2b1_4f91,Kara,Bassar,Bassar 1,Kalanga,OKPASSANDJA,Plantation Gbandi,1996,Prive - individuel,POINT (0.720577478070122 9.32592422918934)
_mview_plantation_etablissements_plantation.fid-2fb68024_1a0f82ae2b1_4f92,Kara,Bassar,Bassar 1,Kalanga,TCHOTCHO,Plantation Boukari,2008,Prive - individuel,POINT (0.7342302646444416 9.277529303072464)
_mview_plantation_etablissements_plantation.fid-2fb68024_1a0f82ae2b1_4f93,Kara,Bassar,Bassar 1,Kalanga,KGBANTONG,Plantation Nlamba,1996,Prive - individuel,POINT (0.7282025009363731 9.311785877676586)
_mview_plantation_etablissements_plantation.fid-2fb68024_1a0f82ae2b1_4f94,Kara,Bassar,Bassar 1,Kalanga,OKPASSANDJAN,Plantation Piou,2013,Prive - individuel,POINT (0.7269645786921808 9.319254614092559)
_mview_plantation_etablissements_plantation.fid-2fb68024_1a0f82ae2b1_4f95,Kara,Bassar,Bassar 1,Kalanga,OUKPASSANDJA,Plantation Gbandi,2017,Prive - individuel,POINT (0.7221036394364522 9.323787327161455)
_mview_plantation_etablissements_plantation.fid-2fb68024_1a0f82ae2b1_4f96,Kara,Bassar,Bassar 2,Dimori,TAMAONG,Plantation Kpal,2013,Prive - individuel,POINT (0.5893366666666666 9.210455)
_mview_plantation_etablissements_plantation.fid-2fb68024_1a0f82ae2b1_4f97,Kara,Bassar,Bassar 2,Dimori,TAMAONG,Plantation Kpal,2015,Prive - individuel,POINT (0.5906699999999999 9.214055)
_mview_plantation_etablissements_plantation.fid-2fb68024_1a0f82ae2b1_4f98,Kara,Bassar,Bassar 2,Dimori,BIKPADJANTAPO,Plantation Yapena,2010,Prive - individuel,POINT (0.5273665536287016 9.23447748725547)
_mview_plantation_etablissements_plantation.fid-2fb68024_1a0f82ae2b1_4f99,Kara,Bassar,Bassar 2,Dimori,DIMORI,Plantation Koufame Waka,2010,Prive - individuel,POINT (0.5893379028160962 9.18790143898862)
_mview_plantation_etablissements_plantation.fid-2fb68024_1a0f82ae2b1_4f9a,Kara,Bassar,Bassar 2,Dimori,BIKPADJANTAPO,Plantation Yapena Makaoudome,2007,Prive - individuel,POINT (0.5244427709359482 9.235557803019697)
_mview_plantation_etablissements_plantation.fid-2fb68024_1a0f82ae2b1_4f9b,Kara,Bassar,Bassar 2,Dimori,BIKPADJANTAPO,Plantation Yapena Gnassouke,2017,Prive - individuel,POINT (0.528851375220015 9.232866044711926)
_mview_plantation_etablissements_plantation.fid-2fb68024_1a0f82ae2b1_4f9c,Kara,Bassar,Bassar 2,Dimori,DIMORI,Plantation Sangbo,2016,Prive - individuel,POINT (0.6016479060469873 9.201302038823673)
_mview_plantation_etablissements_plantation.fid-2fb68024_1a0f82ae2b1_4f9d,Kara,Bassar,Bassar 2,Dimori,NATAGBAN 2,Plantation Djato,2008,Prive - individuel,POINT (0.5991649711367186 9.238798121326958)
_mview_plantation_etablissements_plantation.fid-2fb68024_1a0f82ae2b1_4f9e,Kara,Bassar,Bassar 3,Kabou,TIGBRIGATI,Plantation Nandja,2017,Prive - individuel,POINT (0.8147712713849108 9.472452077886675)
_mview_plantation_etablissements_plantation.fid-2fb68024_1a0f82ae2b1_4f9f,Kara,Bassar,Bassar 3,Kabou,NADJABRE,Plantation Naboudja,Nsp,Prive - individuel,POINT (0.7602166543927822 9.446259695458643)
_mview_plantation_etablissements_plantation.fid-2fb68024_1a0f82ae2b1_4fa0,Kara,Bassar,Bassar 4,Sanda-Kagbanda,BATOO,Plantation Lidaou,2000,Prive - individuel,POINT (0.8746414089218375 9.484952301695959)
_mview_plantation_etablissements_plantation.fid-2fb68024_1a0f82ae2b1_4fa1,Kara,Bassar,Bassar 2,Bitchabe,TCHAKPANDJALE,Plantation Mayire,2008,Prive - individuel,POINT (0.601656796978288 9.306442864030648)
_mview_plantation_etablissements_plantation.fid-2fb68024_1a0f82ae2b1_4fa2,Kara,Bassar,Bassar 2,Bitchabe,TCHAKPANDJALE,Plantation Bekame,2016,Prive - individuel,POINT (0.5999902046911499 9.30848386518609)
_mview_plantation_etablissements_plantation.fid-2fb68024_1a0f82ae2b1_4fa3,Kara,Bassar,Bassar 2,Bitchabe,TCHAKPANDJALE,Plantation Nakpane,2016,Prive - individuel,POINT (0.5978455296081062 9.309510292665108)
_mview_plantation_etablissements_plantation.fid-2fb68024_1a0f82ae2b1_4fa4,Kara,Bassar,Bassar 2,Bitchabe,KAMANDJI,Plantation Napo,2018,Prive - individuel,POINT (0.589640677530883 9.30443081012034)
_mview_plantation_etablissements_plantation.fid-2fb68024_1a0f82ae2b1_4fa5,Kara,Bassar,Bassar 2,Bitchabe,BITCHABE,Plantation Napo,2017,Prive - individuel,POINT (0.5859439530717077 9.32209595647579)
_mview_plantation_etablissements_plantation.fid-2fb68024_1a0f82ae2b1_4fa6,Kara,Bassar,Bassar 2,Bitchabe,BITCHANLAMBE,Plantation Bitchanlambe,2001,Prive - individuel,POINT (0.5877835288634016 9.356426449766007)
_mview_plantation_etablissements_plantation.fid-2fb68024_1a0f82ae2b1_4fa7,Kara,Bassar,Bassar 2,Bitchabe,KPATCHALE,Plantation Dana,2007,Prive - individuel,POINT (0.5820390026098617 9.3382837144405)
_mview_plantation_etablissements_plantation.fid-2fb68024_1a0f82ae2b1_4fa8,Kara,Bassar,Bassar 2,Bangeli,BISSIBE,Plantation Seritchi,1980,Prive - individuel,POINT (0.6186061229412084 9.430256128739101)
_mview_plantation_etablissements_plantation.fid-2fb68024_1a0f82ae2b1_4fa9,Kara,Bassar,Bassar 2,Bangeli,BANGELI-CENTRE,Plantation Seritchi,2011,Prive - individuel,POINT (0.6153570503683613 9.43024323063505)
_mview_plantation_etablissements_plantation.fid-2fb68024_1a0f82ae2b1_4faa,Kara,Bassar,Bassar 2,Bangeli,BISSIBE,Plantation Sertchi,2005,Prive - individuel,POINT (0.6158400750134688 9.4330018047277)
_mview_plantation_etablissements_plantation.fid-2fb68024_1a0f82ae2b1_4fab,Kara,Bassar,Bassar 2,Bangeli,BISSIBE,Plantation Manaoba,1999,Prive - individuel,POINT (0.6199066666666667 9.425805)
_mview_plantation_etablissements_plantation.fid-2fb68024_1a0f82ae2b1_4fac,Kara,Bassar,Bassar 2,Bangeli,NATCHAMBA,Plantation Natchamba,2005,Prive - individuel,POINT (0.5749432272716873 9.390789160506063)
_mview_plantation_etablissements_plantation.fid-2fb68024_1a0f82ae2b1_4fad,Kara,Bassar,Bassar 2,Bangeli,BISSIBE,Plantation Suzane,1997,Prive - individuel,POINT (0.61852 9.425588333333334)
_mview_plantation_etablissements_plantation.fid-2fb68024_1a0f82ae2b1_4fae,Kara,Bassar,Bassar 2,Bangeli,TABALE,Plantation Dale Oudoh,2015,Prive - individuel,POINT (0.589329204549031 9.429543713657544)
_mview_plantation_etablissements_plantation.fid-2fb68024_1a0f82ae2b1_4faf,Kara,Bassar,Bassar 2,Bangeli,BIAKPABE,Plantation Gbeou,2017,Prive - individuel,POINT (0.6088618512598073 9.41025341050111)
_mview_plantation_etablissements_plantation.fid-2fb68024_1a0f82ae2b1_4fb0,Kara,Bassar,Bassar 2,Bangeli,BIAKPABE,Plantation Tchassouni,2018,Prive - individuel,POINT (0.6033315543057843 9.40831410189785)
_mview_plantation_etablissements_plantation.fid-2fb68024_1a0f82ae2b1_4fb1,Kara,Bassar,Bassar 2,Bangeli,ZONGO,Plantation Mamam,1998,Prive - individuel,POINT (0.6415050388451964 9.424985565780064)
_mview_plantation_etablissements_plantation.fid-2fb68024_1a0f82ae2b1_4fb2,Kara,Bassar,Bassar 2,Bangeli,BIAKPABE,Plantation Gbeou,1986,Prive - individuel,POINT (0.5984238836088208 9.415837519317455)
_mview_plantation_etablissements_plantation.fid-2fb68024_1a0f82ae2b1_4fb3,Kara,Bassar,Bassar 2,Bangeli,BOULARE,Plantation Yaou,2012,Prive - individuel,POINT (0.7545934968611598 9.367676484920427)
_mview_plantation_etablissements_plantation.fid-2fb68024_1a0f82ae2b1_4fb4,Kara,Bassar,Bassar 2,Bangeli,Kelawaï,Plantation Leo,1994,Prive - Collectivite coutumiere,POINT (0.7557370808620094 9.349795445307729)
_mview_plantation_etablissements_plantation.fid-2fb68024_1a0f82ae2b1_4fb5,Kara,Bassar,Bassar 2,Bangeli,BIKOULKPMBE,Plantation Taliba,2016,Prive - individuel,POINT (0.6347550720970556 9.415601231823677)
_mview_plantation_etablissements_plantation.fid-2fb68024_1a0f82ae2b1_4fb6,Kara,Bassar,Bassar 2,Bangeli,BIKOULKPABE,Plantation Djangbedja,1994,Prive - individuel,POINT (0.6294333333333333 9.42253)
_mview_plantation_etablissements_plantation.fid-2fb68024_1a0f82ae2b1_4fb7,Kara,Bassar,Bassar 2,Bangeli,Kelawaï,Plantation Zimaro,2000,Prive - Collectivite coutumiere,POINT (0.7539912052711544 9.350563306204366)
_mview_plantation_etablissements_plantation.fid-2fb68024_1a0f82ae2b1_4fb8,Kara,Bassar,Bassar 2,Bangeli,Kelawaï,Plantation Kpante,2002,Prive - Collectivite coutumiere,POINT (0.7503915562595569 9.350750515130773)
_mview_plantation_etablissements_plantation.fid-2fb68024_1a0f82ae2b1_4fb9,Kara,Bassar,Bassar 2,Bangeli,Kelawaï,Plantation Dare,2003,Prive - Collectivite coutumiere,POINT (0.746631371420747 9.350002553966558)
_mview_plantation_etablissements_plantation.fid-2fb68024_1a0f82ae2b1_4fba,Kara,Bassar,Bassar 2,Bangeli,BIKOULKPAMBE,Plantation N'wouitcha,2016,Prive - individuel,POINT (0.6352534878663544 9.414506249144962)
_mview_plantation_etablissements_plantation.fid-2fb68024_1a0f82ae2b1_4fbb,Kara,Bassar,Bassar 2,Bangeli,BIKOULKPAMBE,Plantation N'broni,1998,Prive - individuel,POINT (0.6421916666666667 9.42675)
_mview_plantation_etablissements_plantation.fid-2fb68024_1a0f82ae2b1_4fbc,Kara,Bassar,Bassar 2,Bangeli,BIKOULKPAMBE,Plantation Kpabou,2010,Prive - individuel,POINT (0.6483173359527491 9.42532741758972)
_mview_plantation_etablissements_plantation.fid-2fb68024_1a0f82ae2b1_4fbd,Kara,Bassar,Bassar 2,Bangeli,KATCHA,Plantation Djato,1999,Prive - individuel,POINT (0.6566288848818221 9.434480170688568)
_mview_plantation_etablissements_plantation.fid-2fb68024_1a0f82ae2b1_4fbe,Kara,Bassar,Bassar 2,Bangeli,TIGADOME,Plantation Djabone,2016,Prive - individuel,POINT (0.6526724279931865 9.443532573264513)
_mview_plantation_etablissements_plantation.fid-2fb68024_1a0f82ae2b1_4fbf,Kara,Bassar,Bassar 3,Manga,BIDJOBIR,Plantation Konam,1998,Prive - individuel,POINT (0.720632553698786 9.526119278260623)
_mview_plantation_etablissements_plantation.fid-2fb68024_1a0f82ae2b1_4fc0,Kara,Bassar,Bassar 3,Manga,KIDOUFOÏ,Plantation Konam,1998,Prive - individuel,POINT (0.7228488534758417 9.531668035304028)
_mview_plantation_etablissements_plantation.fid-2fb68024_1a0f82ae2b1_4fc1,Kara,Bassar,Bassar 3,Manga,BIDJOBIR,Plantation Babelèm,1998,Prive - individuel,POINT (0.722020459112361 9.521692606267132)
_mview_plantation_etablissements_plantation.fid-2fb68024_1a0f82ae2b1_4fc2,Kara,Bassar,Bassar 3,Manga,KIDOUFOÏ,Plantation Idrissou,1985,Prive - individuel,POINT (0.7552295145401917 9.51143199398563)
_mview_plantation_etablissements_plantation.fid-2fb68024_1a0f82ae2b1_4fc3,Kara,Binah,Binah 1,Solla,YOMDE,Plantation Konde,2004,Prive - individuel,POINT (1.3443641659769936 10.004359385647927)
_mview_plantation_etablissements_plantation.fid-2fb68024_1a0f82ae2b1_4fc4,Kara,Binah,Binah 1,Solla,KOUYOLO,Plantation Alitagba,2000,Prive - individuel,POINT (1.3528531354883475 9.89875654762706)
_mview_plantation_etablissements_plantation.fid-2fb68024_1a0f82ae2b1_4fc5,Kara,Binah,Binah 1,Solla,KOUYOLO,Plantation Ougnerisse,2018,Prive - individuel,POINT (1.353118276715119 9.899575853223885)
_mview_plantation_etablissements_plantation.fid-2fb68024_1a0f82ae2b1_4fc6,Kara,Binah,Binah 1,Solla,KOUYOLO,Plantation Kedekpe,2007,Prive - individuel,POINT (1.3537400954810346 9.89980147056396)
_mview_plantation_etablissements_plantation.fid-2fb68024_1a0f82ae2b1_4fc7,Kara,Binah,Binah 1,Solla,KOUYOLO,Plantation Koumade,1996,Prive - individuel,POINT (1.3475440161356549 9.90231222450511)
_mview_plantation_etablissements_plantation.fid-2fb68024_1a0f82ae2b1_4fc8,Kara,Binah,Binah 1,Solla,KOUYOLO,Plantation Sassa,2010,Prive - individuel,POINT (1.3484234314095462 9.90401037125102)
_mview_plantation_etablissements_plantation.fid-2fb68024_1a0f82ae2b1_4fc9,Kara,Binah,Binah 1,Pessaré,CONFESS KWAN,Plantation Communautaire,2017,Domaine public de l Etat ou des collectivites territoriales,POINT (1.2480309711774626 9.807587013246089)
_mview_plantation_etablissements_plantation.fid-2fb68024_1a0f82ae2b1_4fca,Kara,Binah,Binah 1,Boufalé,AGBARADA,Plantation Fader,2018,Prive - individuel,POINT (1.2607034692576478 9.843459521670873)
_mview_plantation_etablissements_plantation.fid-2fb68024_1a0f82ae2b1_4fcb,Kara,Binah,Binah 1,Boufalé,MADJATOM,Plantation Tsakao,2020,Prive - Collectivite coutumiere,POINT (1.3391289042018253 9.839349557352952)
_mview_plantation_etablissements_plantation.fid-2fb68024_1a0f82ae2b1_4fcc,Kara,Binah,Binah 1,Boufalé,KIYAKOU,Plantation Gnangou,2003,Prive - individuel,POINT (1.3379607476900013 9.861330237415125)
_mview_plantation_etablissements_plantation.fid-2fb68024_1a0f82ae2b1_4fcd,Kara,Binah,Binah 1,Boufalé,KEYKOU,Plantation de Gnang,2019,Prive - individuel,POINT (1.3331463866997086 9.859451295082597)
_mview_plantation_etablissements_plantation.fid-2fb68024_1a0f82ae2b1_4fce,Kara,Binah,Binah 1,Boufalé,TCHIMANDE,Plantation Adjana,2012,Prive - individuel,POINT (1.3521642821063697 9.831178920646629)
_mview_plantation_etablissements_plantation.fid-2fb68024_1a0f82ae2b1_4fcf,Kara,Binah,Binah 1,Boufalé,TCHIMANDE,Plantation de Prena,2019,Prive - individuel,POINT (1.352244645515258 9.829314313789538)
_mview_plantation_etablissements_plantation.fid-2fb68024_1a0f82ae2b1_4fd0,Kara,Binah,Binah 1,Boufalé,MADJATOM,Plantation de Tchouka,2012,Prive - individuel,POINT (1.3544683333333334 9.826246666666666)
_mview_plantation_etablissements_plantation.fid-2fb68024_1a0f82ae2b1_4fd1,Kara,Binah,Binah 1,Boufalé,Kiyakou,Plantation Adjom,2004,Prive - individuel,POINT (1.3417990664985628 9.85739093102146)
_mview_plantation_etablissements_plantation.fid-2fb68024_1a0f82ae2b1_4fd2,Kara,Binah,Binah 1,Boufalé,Yawobra,Plantation Agarki,1998,Prive - individuel,POINT (1.3513927201622806 9.842681276266458)
_mview_plantation_etablissements_plantation.fid-2fb68024_1a0f82ae2b1_4fd3,Kara,Binah,Binah 1,Boufalé,Yawobra,Plantation Gnagado,2018,Prive - individuel,POINT (1.3560837794269047 9.837931710437834)
_mview_plantation_etablissements_plantation.fid-2fb68024_1a0f82ae2b1_4fd4,Kara,Binah,Binah 1,Boufalé,Yawobra,Plantation Agarki,1998,Prive - individuel,POINT (1.354195332788662 9.84725617321862)
_mview_plantation_etablissements_plantation.fid-2fb68024_1a0f82ae2b1_4fd5,Kara,Binah,Binah 1,Lama-Dessi,LAOUDA,Plantation Laouda,2011,Prive - individuel,POINT (1.2319783333333334 9.717279999999999)
_mview_plantation_etablissements_plantation.fid-2fb68024_1a0f82ae2b1_4fd6,Kara,Binah,Binah 1,Lama-Dessi,Kawa,Plantation Missa,2007,Prive - individuel,POINT (1.2895432391364838 9.732016471713619)
_mview_plantation_etablissements_plantation.fid-2fb68024_1a0f82ae2b1_4fd7,Kara,Binah,Binah 1,Lama-Dessi,TCHIKAWA,Plantation deandema,2019,Domaine prive de l Etat ou des collectivites territoriales,POINT (1.2684104092088888 9.696470895847371)
_mview_plantation_etablissements_plantation.fid-2fb68024_1a0f82ae2b1_4fd8,Kara,Binah,Binah 1,Lama-Dessi,TCHIKAWA,Plantation deandema,2013,Prive - individuel,POINT (1.283364589898902 9.711532832149198)
_mview_plantation_etablissements_plantation.fid-2fb68024_1a0f82ae2b1_4fd9,Kara,Binah,Binah 1,Lama-Dessi,TCHIKAWA,Plantation Pitikiabalo,2021,Prive - individuel,POINT (1.294949519129859 9.706355152308845)
_mview_plantation_etablissements_plantation.fid-2fb68024_1a0f82ae2b1_4fda,Kara,Binah,Binah 1,Lama-Dessi,TCHIKAWA,Plantation de Sema,2010,Prive - individuel,POINT (1.278100592915332 9.701296050852426)
_mview_plantation_etablissements_plantation.fid-2fb68024_1a0f82ae2b1_4fdb,Kara,Binah,Binah 1,Lama-Dessi,TCHIKAWA,Plantation de Yerikoum,2019,Prive - individuel,POINT (1.2786854479397045 9.725274236136295)
_mview_plantation_etablissements_plantation.fid-2fb68024_1a0f82ae2b1_4fdc,Kara,Binah,Binah 1,Lama-Dessi,TCHIKAWA,Plantation de Badanassirou,2021,Prive - individuel,POINT (1.287521427475086 9.70962841068707)
_mview_plantation_etablissements_plantation.fid-2fb68024_1a0f82ae2b1_4fdd,Kara,Binah,Binah 1,Lama-Dessi,TCHIKAWA,Plantation Patchodoum,2021,Prive - Collectivite coutumiere,POINT (1.2798870807526597 9.719765000918175)
_mview_plantation_etablissements_plantation.fid-2fb68024_1a0f82ae2b1_4fde,Kara,Binah,Binah 1,Lama-Dessi,TCHIKAWA,Plantation Karde,2019,Prive - Collectivite coutumiere,POINT (1.2784435945572257 9.718676596010702)
_mview_plantation_etablissements_plantation.fid-2fb68024_1a0f82ae2b1_4fdf,Kara,Binah,Binah 1,Lama-Dessi,TCHIKAWA,Plantation Loma,2019,Prive - Collectivite coutumiere,POINT (1.2805457013004409 9.708682289699981)
_mview_plantation_etablissements_plantation.fid-2fb68024_1a0f82ae2b1_4fe0,Kara,Binah,Binah 1,Lama-Dessi,TCHIKAWA,Plantation Patchirimsiba,2019,Prive - Collectivite coutumiere,POINT (1.2791462848437472 9.708723316047827)
_mview_plantation_etablissements_plantation.fid-2fb68024_1a0f82ae2b1_4fe1,Kara,Binah,Binah 1,Pagouda,TERODA,Plantalion Wele,1984,Prive - individuel,POINT (1.3386816728383633 9.69770758575851)
_mview_plantation_etablissements_plantation.fid-2fb68024_1a0f82ae2b1_4fe2,Kara,Binah,Binah 1,Pagouda,TERODA,Plantation Beyenam,1996,Prive - individuel,POINT (1.339317721946968 9.698346452400608)
_mview_plantation_etablissements_plantation.fid-2fb68024_1a0f82ae2b1_4fe3,Kara,Binah,Binah 1,Pagouda,KERODA,Plantation Piyassawe,2015,Prive - Collectivite coutumiere,POINT (1.3427750024598368 9.700171497779017)
_mview_plantation_etablissements_plantation.fid-2fb68024_1a0f82ae2b1_4fe4,Kara,Binah,Binah 1,Pagouda,TERODA,Plantation Pinitou,2005,Prive - individuel,POINT (1.3427965969254803 9.700855774362056)
_mview_plantation_etablissements_plantation.fid-2fb68024_1a0f82ae2b1_4fe5,Kara,Binah,Binah 1,Pagouda,Falade,Plantation Amissa,2019,Prive - individuel,POINT (1.3128785709903223 9.685062680295792)
_mview_plantation_etablissements_plantation.fid-2fb68024_1a0f82ae2b1_4fe6,Kara,Binah,Binah 1,Pagouda,Teroda,Plantation Hezou,2003,Prive - Collectivite coutumiere,POINT (1.3456518110567257 9.704055564118908)
_mview_plantation_etablissements_plantation.fid-2fb68024_1a0f82ae2b1_4fe7,Kara,Binah,Binah 1,Pagouda,Tereoda,Plantation Dadza,2010,Prive - Collectivite coutumiere,POINT (1.3467042760575045 9.705627613859459)
_mview_plantation_etablissements_plantation.fid-2fb68024_1a0f82ae2b1_4fe8,Kara,Binah,Binah 1,Pagouda,Teroda,Plantation Kotoda,2009,Prive - individuel,POINT (1.34282 9.693875)
_mview_plantation_etablissements_plantation.fid-2fb68024_1a0f82ae2b1_4fe9,Kara,Binah,Binah 1,Pagouda,TEREODA,Plantation Hezou,2003,Prive - Collectivite coutumiere,POINT (1.3421903066657979 9.70450857857457)
_mview_plantation_etablissements_plantation.fid-2fb68024_1a0f82ae2b1_4fea,Kara,Binah,Binah 1,Pagouda,Teroda,Plantation Awetoki,2005,Prive - individuel,POINT (1.3434801996328007 9.69418366392753)
_mview_plantation_etablissements_plantation.fid-2fb68024_1a0f82ae2b1_4feb,Kara,Binah,Binah 1,Pagouda,FALADE,Plantation Amissa,2021,Prive - individuel,POINT (1.3229822052562836 9.695115233285115)
_mview_plantation_etablissements_plantation.fid-2fb68024_1a0f82ae2b1_4fec,Kara,Binah,Binah 1,Pagouda,TERODA,Plantation de Patataki,2000,Prive - individuel,POINT (1.346951441993153 9.708160962988638)
_mview_plantation_etablissements_plantation.fid-2fb68024_1a0f82ae2b1_4fed,Kara,Binah,Binah 1,Pagouda,TERODA,Plantation de Soulaou,Nsp,Prive - Collectivite coutumiere,POINT (1.3471256770956777 9.704753146932719)
_mview_plantation_etablissements_plantation.fid-2fb68024_1a0f82ae2b1_4fee,Kara,Binah,Binah 1,Pagouda,TERODA,Plantation de Tchada,2019,Prive - individuel,POINT (1.3489865613737473 9.700411767359855)
_mview_plantation_etablissements_plantation.fid-2fb68024_1a0f82ae2b1_4fef,Kara,Binah,Binah 1,Pagouda,KADJANGA,Plantation de Patchanam,2003,Prive - individuel,POINT (1.3396444425705718 9.721070448358065)
_mview_plantation_etablissements_plantation.fid-2fb68024_1a0f82ae2b1_4ff0,Kara,Binah,Binah 1,Pagouda,KADJANGA,Plantation de Patchanam,2010,Prive - individuel,POINT (1.3396624559693844 9.722866077679198)
_mview_plantation_etablissements_plantation.fid-2fb68024_1a0f82ae2b1_4ff1,Kara,Binah,Binah 1,Pagouda,KADJANGA,Plantation Edonoki,2015,Prive - individuel,POINT (1.338901207649065 9.72253372022412)
_mview_plantation_etablissements_plantation.fid-2fb68024_1a0f82ae2b1_4ff2,Kara,Binah,Binah 1,Pagouda,KADJANGA,Plantation de Sakain,2019,Prive - individuel,POINT (1.3420147330474634 9.722264573871941)
_mview_plantation_etablissements_plantation.fid-2fb68024_1a0f82ae2b1_4ff3,Kara,Binah,Binah 1,Pagouda,KADJANGA,Plantation de Wella,2009,Prive - individuel,POINT (1.341389736694238 9.722365186978864)
_mview_plantation_etablissements_plantation.fid-2fb68024_1a0f82ae2b1_4ff4,Kara,Binah,Binah 1,Pagouda,KADJANGA,Plantation deabalo,2019,Prive - individuel,POINT (1.342885166054272 9.715348060130708)
_mview_plantation_etablissements_plantation.fid-2fb68024_1a0f82ae2b1_4ff5,Savanes,Oti,Oti 1,Sadori,Nagbakou,Plantation de Teck,1900,Prive - individuel,POINT (0.4469575718833119 10.291137744069239)
_mview_plantation_etablissements_plantation.fid-2fb68024_1a0f82ae2b1_4ff6,Kara,Binah,Binah 1,Pagouda,Kadjanga,Plantation Akao 1,2016,Prive - individuel,POINT (1.3429016534175 9.719028063379776)
_mview_plantation_etablissements_plantation.fid-2fb68024_1a0f82ae2b1_4ff7,Kara,Binah,Binah 1,Pagouda,Kadjanga,Plantation Akao 2,2016,Prive - individuel,POINT (1.344320561781754 9.719727002302479)
_mview_plantation_etablissements_plantation.fid-2fb68024_1a0f82ae2b1_4ff8,Kara,Binah,Binah 1,Pagouda,Kadjanga,Plantation Keleou,2016,Prive - individuel,POINT (1.3435211316108921 9.719198402338929)
_mview_plantation_etablissements_plantation.fid-2fb68024_1a0f82ae2b1_4ff9,Kara,Binah,Binah 1,Pagouda,Kadjanga,Plantation Ague,2017,Prive - individuel,POINT (1.3429255915355593 9.721690699282332)
_mview_plantation_etablissements_plantation.fid-2fb68024_1a0f82ae2b1_4ffa,Kara,Binah,Binah 1,Pagouda,Kadjanga,Plantation Keleoue,2015,Prive - individuel,POINT (1.3432464977428478 9.720393989602018)
_mview_plantation_etablissements_plantation.fid-2fb68024_1a0f82ae2b1_4ffb,Kara,Binah,Binah 1,Pagouda,Kadjanga,Plantation Sake,1993,Prive - individuel,POINT (1.3400228329927513 9.721451433233835)
_mview_plantation_etablissements_plantation.fid-2fb68024_1a0f82ae2b1_4ffc,Kara,Binah,Binah 1,Pagouda,Kadjanga,Plantation Powali,2016,Prive - individuel,POINT (1.3430447720435117 9.722613672186151)
_mview_plantation_etablissements_plantation.fid-2fb68024_1a0f82ae2b1_4ffd,Kara,Binah,Binah 1,Pagouda,TERODA,Plantation Awedeou,2007,Prive - individuel,POINT (1.3471274881784145 9.707705848822261)
_mview_plantation_etablissements_plantation.fid-2fb68024_1a0f82ae2b1_4ffe,Kara,Binah,Binah 1,Pagouda,TERODA,Plantation Dadja,2017,Prive - individuel,POINT (1.3517648365564956 9.70400767607402)
_mview_plantation_etablissements_plantation.fid-2fb68024_1a0f82ae2b1_4fff,Kara,Binah,Binah 1,Pagouda,TERODA,Plantation Bayeki,2001,autre,POINT (1.350619404194085 9.703015658538636)
_mview_plantation_etablissements_plantation.fid-2fb68024_1a0f82ae2b1_5000,Kara,Binah,Binah 1,Pagouda,TERODA,Plantation Atatou,1988,autre,POINT (1.3466647960614389 9.705284558730789)
_mview_plantation_etablissements_plantation.fid-2fb68024_1a0f82ae2b1_5001,Kara,Binah,Binah 1,Pagouda,KADJANGA,Plantation Keleou,2015,Prive - Collectivite coutumiere,POINT (1.3441812465712757 9.717964014853488)
_mview_plantation_etablissements_plantation.fid-2fb68024_1a0f82ae2b1_5002,Kara,Binah,Binah 1,Pagouda,KADJANGA,Plantation Towo,2009,Prive - Collectivite coutumiere,POINT (1.3422536584964888 9.716787278430154)
_mview_plantation_etablissements_plantation.fid-2fb68024_1a0f82ae2b1_5003,Kara,Binah,Binah 1,Pagouda,KADJANGA,Plantation Bassabi,2012,Prive - Collectivite coutumiere,POINT (1.3405095414100603 9.717308149711354)
_mview_plantation_etablissements_plantation.fid-2fb68024_1a0f82ae2b1_5004,Kara,Binah,Binah 1,Pagouda,KADJANGA,Plantation Kahang Mahawe,2008,Prive - Collectivite coutumiere,POINT (1.3304540860145464 9.719786444080501)
_mview_plantation_etablissements_plantation.fid-2fb68024_1a0f82ae2b1_5005,Kara,Binah,Binah 1,Pagouda,KADJANGA,Plantation Kodjona,2010,Prive - Collectivite coutumiere,POINT (1.3304740569490534 9.720334387904481)
_mview_plantation_etablissements_plantation.fid-2fb68024_1a0f82ae2b1_5006,Kara,Binah,Binah 1,Pagouda,KADJANGA,Plantation Peteguissi,2012,Prive - Collectivite coutumiere,POINT (1.3348417996324664 9.717181819239261)
_mview_plantation_etablissements_plantation.fid-2fb68024_1a0f82ae2b1_5007,Kara,Binah,Binah 1,Pagouda,KADJANGA,Plantation Adorou,2010,Prive - Collectivite coutumiere,POINT (1.3352637364392934 9.716847274392324)
_mview_plantation_etablissements_plantation.fid-2fb68024_1a0f82ae2b1_5008,Kara,Binah,Binah 1,Pagouda,KADJANGA,Plantation Abeya,2000,Prive - Collectivite coutumiere,POINT (1.3340449484506223 9.715420362338833)
_mview_plantation_etablissements_plantation.fid-2fb68024_1a0f82ae2b1_5009,Kara,Binah,Binah 1,Pagouda,KADJANGA,Plantation Pepate,2012,autre,POINT (1.3351478049292893 9.716448238124181)
_mview_plantation_etablissements_plantation.fid-2fb68024_1a0f82ae2b1_500a,Kara,Binah,Binah 1,Pagouda,ASSIMA,Plantation Bedjetina,2016,Domaine prive de l Etat ou des collectivites territoriales,POINT (1.3370789684618323 9.70893450706686)
_mview_plantation_etablissements_plantation.fid-2fb68024_1a0f82ae2b1_500b,Kara,Binah,Binah 1,Pagouda,ASSIMA,Plantation Meyebinawe,2015,Prive - individuel,POINT (1.3363329774441108 9.70788783733459)
_mview_plantation_etablissements_plantation.fid-2fb68024_1a0f82ae2b1_500c,Kara,Binah,Binah 1,Pagouda,ASSIMA,Plantation Sotou,2010,Prive - individuel,POINT (1.3334226352099365 9.711230295526308)
_mview_plantation_etablissements_plantation.fid-2fb68024_1a0f82ae2b1_500d,Kara,Binah,Binah 1,Pagouda,ASSIMA,Plantation Tchao,2016,Prive - individuel,POINT (1.3290270430483202 9.704895472156482)
_mview_plantation_etablissements_plantation.fid-2fb68024_1a0f82ae2b1_500e,Kara,Binah,Binah 1,Pagouda,ASSIMA,Plantation Parai,2010,Prive - individuel,POINT (1.32834835674743 9.70360252867684)
_mview_plantation_etablissements_plantation.fid-2fb68024_1a0f82ae2b1_500f,Kara,Binah,Binah 1,Pagouda,ASSIMA,Plantation Communautaire,2013,Prive - individuel,POINT (1.3287091668798616 9.70592490329974)
_mview_plantation_etablissements_plantation.fid-2fb68024_1a0f82ae2b1_5010,Kara,Binah,Binah 1,Pagouda,ASSIMA,Plantation Sotou,Nsp,Prive - individuel,POINT (1.3315265948779014 9.710660579682589)
_mview_plantation_etablissements_plantation.fid-2fb68024_1a0f82ae2b1_5011,Kara,Binah,Binah 1,Pagouda,ASSIMA,Plantation Sindjalim,2012,Prive - individuel,POINT (1.332402785132863 9.712342520863114)
_mview_plantation_etablissements_plantation.fid-2fb68024_1a0f82ae2b1_5012,Kara,Binah,Binah 1,Pagouda,ASSIMA,Plantation Sotou,2015,Prive - individuel,POINT (1.3335190012235842 9.706665873139041)
_mview_plantation_etablissements_plantation.fid-2fb68024_1a0f82ae2b1_5013,Kara,Binah,Binah 1,Pagouda,ASSIMA,Plantation Madima,2012,Prive - individuel,POINT (1.3314614148836614 9.70960896618434)
_mview_plantation_etablissements_plantation.fid-2fb68024_1a0f82ae2b1_5014,Kara,Binah,Binah 1,Pagouda,ASSIMA,Plantation Medeyele,2013,Prive - individuel,POINT (1.3343050611975065 9.703455013029535)
_mview_plantation_etablissements_plantation.fid-2fb68024_1a0f82ae2b1_5015,Kara,Binah,Binah 1,Pagouda,ASSIMA,Plantation Assih,2011,Prive - individuel,POINT (1.3382955886046783 9.702388524070503)
_mview_plantation_etablissements_plantation.fid-2fb68024_1a0f82ae2b1_5016,Kara,Binah,Binah 1,Pagouda,ASSIMA,Plantation Yosso,2011,Prive - individuel,POINT (1.3380599079776496 9.705282229682354)
_mview_plantation_etablissements_plantation.fid-2fb68024_1a0f82ae2b1_5017,Kara,Binah,Binah 1,Pagouda,ASSIMA,Plantation Parai,2016,Prive - individuel,POINT (1.329935971613166 9.70320467642543)
_mview_plantation_etablissements_plantation.fid-2fb68024_1a0f82ae2b1_5018,Kara,Binah,Binah 1,Pagouda,ASSIMA,Plantation Matataliwe,2016,Prive - individuel,POINT (1.3266017667113168 9.702853560899046)
_mview_plantation_etablissements_plantation.fid-2fb68024_1a0f82ae2b1_5019,Kara,Binah,Binah 1,Pagouda,ASSIMA,Plantation Atako,2015,Prive - individuel,POINT (1.3372156437088523 9.710211985383266)
_mview_plantation_etablissements_plantation.fid-2fb68024_1a0f82ae2b1_501a,Kara,Binah,Binah 1,Pagouda,ASSIMA,Plantation Matataliwe,2013,Prive - individuel,POINT (1.3383974677000752 9.709630682090642)
_mview_plantation_etablissements_plantation.fid-2fb68024_1a0f82ae2b1_501b,Kara,Binah,Binah 1,Pagouda,Kagnissi,Plantation Kudula,2005,Prive - individuel,POINT (1.3133773680396426 9.766326009942059)
_mview_plantation_etablissements_plantation.fid-2fb68024_1a0f82ae2b1_501c,Kara,Binah,Binah 1,Pagouda,Kagnissi,Plantation Assaï,2000,Prive - individuel,POINT (1.3158956574143787 9.767448746615864)
_mview_plantation_etablissements_plantation.fid-2fb68024_1a0f82ae2b1_501d,Kara,Binah,Binah 1,Pagouda,Kagnissi,Plantation Farouda,2010,Prive - individuel,POINT (1.303866734999981 9.760817193965751)
_mview_plantation_etablissements_plantation.fid-2fb68024_1a0f82ae2b1_501e,Kara,Binah,Binah 1,Pagouda,KAGNISSI,Plantation Boyodi,2005,Prive - Collectivite coutumiere,POINT (1.3214299106780802 9.781089111018971)
_mview_plantation_etablissements_plantation.fid-2fb68024_1a0f82ae2b1_501f,Kara,Binah,Binah 1,Pagouda,KAGNISSI,Plantation Kagnissi,1966,Domaine prive de l Etat ou des collectivites territoriales,POINT (1.316974204564341 9.774842598761115)
_mview_plantation_etablissements_plantation.fid-2fb68024_1a0f82ae2b1_5020,Kara,Binah,Binah 1,Pagouda,Alambourgou,Plantation Sangabalo,2021,Prive - individuel,POINT (1.3358790416089485 9.735803206471498)
_mview_plantation_etablissements_plantation.fid-2fb68024_1a0f82ae2b1_5021,Kara,Binah,Binah 1,Pagouda,Alambourgou,Plantation Sangabalo,2021,Prive - individuel,POINT (1.3340426054303283 9.737481256969696)
_mview_plantation_etablissements_plantation.fid-2fb68024_1a0f82ae2b1_5022,Kara,Binah,Binah 1,Pagouda,KAGNISSI,Plantation Koumakoum,2019,Prive - individuel,POINT (1.3259567132125187 9.782400098474742)
_mview_plantation_etablissements_plantation.fid-2fb68024_1a0f82ae2b1_5023,Kara,Binah,Binah 1,Pagouda,KAGNISSI,Plantation Assem,1990,Prive - individuel,POINT (1.3197615601321246 9.776827986622438)
_mview_plantation_etablissements_plantation.fid-2fb68024_1a0f82ae2b1_5024,Kara,Binah,Binah 1,Pagouda,KAGNISSI,Plantation Kaoro,2018,Prive - individuel,POINT (1.3204752014714443 9.77596474221856)
_mview_plantation_etablissements_plantation.fid-2fb68024_1a0f82ae2b1_5025,Kara,Binah,Binah 1,Pagouda,KAGNISSI,Plantation Ndja,2008,Prive - individuel,POINT (1.311139648782624 9.763016253957295)
_mview_plantation_etablissements_plantation.fid-2fb68024_1a0f82ae2b1_5026,Kara,Binah,Binah 1,Pagouda,KAGNISSI,Plantation Tchafalo,2010,Prive - individuel,POINT (1.3091260251262613 9.76764050070757)
_mview_plantation_etablissements_plantation.fid-2fb68024_1a0f82ae2b1_5027,Kara,Binah,Binah 1,Pagouda,ASSERE,Plantation Tghangani,2010,Prive - Collectivite coutumiere,POINT (1.3069746852547917 9.782183553976646)
_mview_plantation_etablissements_plantation.fid-2fb68024_1a0f82ae2b1_5028,Kara,Binah,Binah 1,Pagouda,KPANAHORE,Plantation Wede,1999,Prive - individuel,POINT (1.3547768761908574 9.76934767858765)
_mview_plantation_etablissements_plantation.fid-2fb68024_1a0f82ae2b1_5029,Kara,Binah,Binah 1,Pagouda,KPANAHORE,Plantation Kougnodou,1999,Prive - individuel,POINT (1.3552203934453275 9.77005742223607)
_mview_plantation_etablissements_plantation.fid-2fb68024_1a0f82ae2b1_502a,Kara,Binah,Binah 1,Pagouda,FALADE,Plantation Mangouri,2014,Prive - individuel,POINT (1.312868085134096 9.698019890059207)
_mview_plantation_etablissements_plantation.fid-2fb68024_1a0f82ae2b1_502b,Kara,Binah,Binah 1,Pagouda,KPANAHORE,Plantation Dadja,2017,autre,POINT (1.3570667379365995 9.769667510578502)
_mview_plantation_etablissements_plantation.fid-2fb68024_1a0f82ae2b1_502c,Kara,Binah,Binah 1,Pagouda,KPANAHORE,Plantation Maliwe,2018,Prive - individuel,POINT (1.3577574021192569 9.76998320220224)
_mview_plantation_etablissements_plantation.fid-2fb68024_1a0f82ae2b1_502d,Kara,Binah,Binah 1,Pagouda,KPANAHORE,Plantation Dadja,2000,autre,POINT (1.3587904756806757 9.770065788358332)
_mview_plantation_etablissements_plantation.fid-2fb68024_1a0f82ae2b1_502e,Kara,Binah,Binah 1,Pagouda,KPANAHORE,Plantation Fadji,1999,Prive - individuel,POINT (1.3589283401441727 9.76910058465524)
_mview_plantation_etablissements_plantation.fid-2fb68024_1a0f82ae2b1_502f,Kara,Binah,Binah 1,Pagouda,KAWA,Plantation Communautaire Kawa,2015,Domaine prive de l Etat ou des collectivites territoriales,POINT (1.30914 9.733793333333333)
_mview_plantation_etablissements_plantation.fid-2fb68024_1a0f82ae2b1_5030,Kara,Binah,Binah 1,Pagouda,KPANAHORE,Plantation de Mabafeï,Nsp,autre,POINT (1.3429587307056012 9.776202939396667)
_mview_plantation_etablissements_plantation.fid-2fb68024_1a0f82ae2b1_5031,Kara,Binah,Binah 1,Pagouda,KPANAHORE,Plantation de N'dja,Nsp,autre,POINT (1.347508155582902 9.778664464711454)
_mview_plantation_etablissements_plantation.fid-2fb68024_1a0f82ae2b1_5032,Kara,Binah,Binah 1,Pagouda,KPANAHORE,Plantation de Katingbai,2017,autre,POINT (1.343650043958753 9.794820806304076)
_mview_plantation_etablissements_plantation.fid-2fb68024_1a0f82ae2b1_5033,Kara,Binah,Binah 1,Pagouda,LAMA-DESSI 1,Plantation Lembayira,2018,Prive - individuel,POINT (1.2983998001840718 9.826496583540798)
_mview_plantation_etablissements_plantation.fid-2fb68024_1a0f82ae2b1_5034,Kara,Binah,Binah 1,Pagouda,MADJATOM,Plantation Abalonorou,2017,Prive - individuel,POINT (1.3615509261237986 9.813683060143772)
_mview_plantation_etablissements_plantation.fid-2fb68024_1a0f82ae2b1_5035,Kara,Binah,Binah 2,Sirka,LOROU,Plantation Akenam,2000,Prive - individuel,POINT (1.3125066666666667 9.554851666666668)
_mview_plantation_etablissements_plantation.fid-2fb68024_1a0f82ae2b1_5036,Kara,Binah,Binah 2,Sirka,LOROU,Plantation Dignabana,2019,Prive - Collectivite coutumiere,POINT (1.316854278032093 9.545763108233135)
_mview_plantation_etablissements_plantation.fid-2fb68024_1a0f82ae2b1_5037,Kara,Binah,Binah 2,Kétao,BOMAWÏ,Plantation de Lakassi,2000,Prive - individuel,POINT (1.3149975165378973 9.631177025879545)
_mview_plantation_etablissements_plantation.fid-2fb68024_1a0f82ae2b1_5038,Kara,Binah,Binah 2,Kétao,BOMWAÏ,Plantation Lakassi,2016,Prive - individuel,POINT (1.3168642348091868 9.630195036622657)
_mview_plantation_etablissements_plantation.fid-2fb68024_1a0f82ae2b1_5039,Kara,Binah,Binah 2,Kémérida,LEMBO,Plantation Lembo,19960,Prive - Collectivite coutumiere,POINT (1.351679316663286 9.661267241780813)
_mview_plantation_etablissements_plantation.fid-2fb68024_1a0f82ae2b1_503a,Kara,Binah,Binah 2,Kémérida,TERODA,Plantation Makatoou,1997,Prive - individuel,POINT (1.3443999787371987 9.684797958279816)
_mview_plantation_etablissements_plantation.fid-2fb68024_1a0f82ae2b1_503b,Kara,Binah,Binah 2,Kémérida,N'DJADA,Plantation Akedjelem,2016,Prive - individuel,POINT (1.3498263179318641 9.682387452117212)
_mview_plantation_etablissements_plantation.fid-2fb68024_1a0f82ae2b1_503c,Kara,Binah,Binah 2,Kémérida,TERODA,Plantation Kaprissa,2010,Prive - Collectivite coutumiere,POINT (1.3500016666666668 9.684678333333332)
_mview_plantation_etablissements_plantation.fid-2fb68024_1a0f82ae2b1_503d,Kara,Binah,Binah 2,Kémérida,ALAMADA,Plantation Alamada,1960,Prive - Collectivite coutumiere,POINT (1.3543566509278047 9.661540079444098)
_mview_plantation_etablissements_plantation.fid-2fb68024_1a0f82ae2b1_503e,Kara,Binah,Binah 2,Kémérida,SEOUDE,Plantation Techeraie D' Atelaba,1965,Prive - individuel,POINT (1.3432405091412094 9.667884809993122)
_mview_plantation_etablissements_plantation.fid-2fb68024_1a0f82ae2b1_503f,Kara,Binah,Binah 2,Kémérida,TERODA,Plantation de Gnibi,2012,Prive - Collectivite coutumiere,POINT (1.3483299996176707 9.682705420953098)
_mview_plantation_etablissements_plantation.fid-2fb68024_1a0f82ae2b1_5040,Kara,Binah,Binah 2,Kémérida,TERODA,Plantation Yolou,2019,Prive - Collectivite coutumiere,POINT (1.3485545508614267 9.681554286583479)
_mview_plantation_etablissements_plantation.fid-2fb68024_1a0f82ae2b1_5041,Kara,Binah,Binah 2,Kémérida,TERODA,Plantation Polowa,2006,autre,POINT (1.3403746361893767 9.683804114689611)
_mview_plantation_etablissements_plantation.fid-2fb68024_1a0f82ae2b1_5042,Kara,Kéran,Kéran 3,Nadoba,TITCHENSIDIA,Plantation N'kore,1993,Prive - individuel,POINT (1.0834254510283463 10.098634250319847)
_mview_plantation_etablissements_plantation.fid-2fb68024_1a0f82ae2b1_5043,Kara,Dankpen,Dankpen 1,Naompoch,KPAMBOUA,Plantation Anarcade,2010,Prive - individuel,POINT (0.6332166666666666 9.752265)
_mview_plantation_etablissements_plantation.fid-2fb68024_1a0f82ae2b1_5044,Kara,Doufelgou,Doufelgou 1,Siou,KPALOA,Plantation Banassim,2019,Prive - individuel,POINT (1.1797561897416908 9.849700261678128)
_mview_plantation_etablissements_plantation.fid-2fb68024_1a0f82ae2b1_5045,Kara,Doufelgou,Doufelgou 1,Siou,DJEREGOU,Plantation Ebidi,2005,Nsp,POINT (1.1682206540549445 9.8258253431288)
_mview_plantation_etablissements_plantation.fid-2fb68024_1a0f82ae2b1_5046,Kara,Doufelgou,Doufelgou 1,Baga,KOLINTE,Plantation Tehome,2011,Prive - individuel,POINT (1.072012646952268 9.782361657337725)
_mview_plantation_etablissements_plantation.fid-2fb68024_1a0f82ae2b1_5047,Kara,Kéran,Kéran 2,Ossacré,WOLATE,Plantation Mopesso,2017,Prive - individuel,POINT (0.7177230553600925 10.032117223166399)
_mview_plantation_etablissements_plantation.fid-2fb68024_1a0f82ae2b1_5048,Kara,Kéran,Kéran 2,Ossacré,OSSACRE,Plantation Anarcade,2017,Prive - individuel,POINT (0.7274324942358616 10.074672577296973)
_mview_plantation_etablissements_plantation.fid-2fb68024_1a0f82ae2b1_5049,Kara,Kéran,Kéran 2,Ossacré,OSSACRE,Plantation Otle Adam,2018,Prive - individuel,POINT (0.7347367966303586 10.077924034611339)
_mview_plantation_etablissements_plantation.fid-2fb68024_1a0f82ae2b1_504a,Kara,Doufelgou,Doufelgou 3,Alloum,AKAR,Plantation Fed,Nsp,Domaine public de l Etat ou des collectivites territoriales,POINT (0.8974186976288341 9.74046568562726)
_mview_plantation_etablissements_plantation.fid-2fb68024_1a0f82ae2b1_504b,Kara,Doufelgou,Doufelgou 3,Alloum,AKAR,Plantation Fed,Nsp,Domaine public de l Etat ou des collectivites territoriales,POINT (0.8953991603529831 9.75008068122374)
_mview_plantation_etablissements_plantation.fid-2fb68024_1a0f82ae2b1_504c,Kara,Doufelgou,Doufelgou 3,Alloum,AKAR,Plantation Fed,Nsp,Nsp,POINT (0.8944623118366438 9.744046710960967)
_mview_plantation_etablissements_plantation.fid-2fb68024_1a0f82ae2b1_504d,Kara,Doufelgou,Doufelgou 3,Kadjalla,KADJALLA CENTRE,Plantation Koulaba,2019,Prive - individuel,POINT (0.9765916666666666 9.799401666666666)
_mview_plantation_etablissements_plantation.fid-2fb68024_1a0f82ae2b1_504e,Kara,Doufelgou,Doufelgou 3,Kadjalla,KADJALLA CENTRE,Plantation Yata,2019,Prive - individuel,POINT (0.9847896562054725 9.81378997540943)
_mview_plantation_etablissements_plantation.fid-2fb68024_1a0f82ae2b1_504f,Kara,Doufelgou,Doufelgou 3,Kadjalla,KADJALLA CENTRE,Plantation Tchambago,2019,Prive - individuel,POINT (0.9682743117225704 9.805931050848598)
_mview_plantation_etablissements_plantation.fid-2fb68024_1a0f82ae2b1_5050,Kara,Kéran,Kéran 2,Ataloté,WARTE,Plantation d'Anacades de Warte,2017,Prive - individuel,POINT (0.9481761886055158 9.909545842417167)
_mview_plantation_etablissements_plantation.fid-2fb68024_1a0f82ae2b1_5051,Kara,Kéran,Kéran 2,Ataloté,WARTE,Plantation d'Anacades de Warte,2019,Prive - individuel,POINT (0.9547699229393298 9.9047891418425)
_mview_plantation_etablissements_plantation.fid-2fb68024_1a0f82ae2b1_5052,Kara,Kéran,Kéran 2,Ataloté,WARTE MAISON,Plantation Takoum Makpaï,2015,Prive - individuel,POINT (0.9558318145700848 9.899506187263873)
_mview_plantation_etablissements_plantation.fid-2fb68024_1a0f82ae2b1_5053,Kara,Kéran,Kéran 2,Ataloté,ATALOTE,Plantation Allengueyere,2017,Prive - individuel,POINT (0.9427237206035793 9.93518068765205)
_mview_plantation_etablissements_plantation.fid-2fb68024_1a0f82ae2b1_5054,Kara,Kéran,Kéran 2,Ataloté,WARTE MAISON,Plantation Anarcade,2007,Prive - individuel,POINT (0.9404183333333334 9.902238333333335)
_mview_plantation_etablissements_plantation.fid-2fb68024_1a0f82ae2b1_5055,Kara,Kéran,Kéran 2,Ataloté,AKPAOUTE,Plantation d' Ananas,2018,Prive - individuel,POINT (0.9309897487736186 9.93569555742117)
_mview_plantation_etablissements_plantation.fid-2fb68024_1a0f82ae2b1_5056,Kara,Kéran,Kéran 2,Ataloté,AKPAOUTE,Plantation Arnacarde,2021,Prive - individuel,POINT (0.9340435939788118 9.935126314324124)
_mview_plantation_etablissements_plantation.fid-2fb68024_1a0f82ae2b1_5057,Kara,Kéran,Kéran 1,Pessidè,Pimini,Plantation Anarcade,2017,autre,POINT (0.9620160301149626 10.098803051992947)
_mview_plantation_etablissements_plantation.fid-2fb68024_1a0f82ae2b1_5058,Kara,Kéran,Kéran 1,Pessidè,NAMBO,Plantation Anacarde Nambo,2011,Prive - individuel,POINT (0.946302696404748 10.040669705837225)
_mview_plantation_etablissements_plantation.fid-2fb68024_1a0f82ae2b1_5059,Kara,Kéran,Kéran 1,Pessidè,SOUTE,Plantation Anacarde Soute,2018,Prive - individuel,POINT (0.9769059370124173 9.96425424878834)
_mview_plantation_etablissements_plantation.fid-2fb68024_1a0f82ae2b1_505a,Kara,Kéran,Kéran 1,Pessidè,NAMOUTE,Plantation Yakssi Essorom,2007,Prive - individuel,POINT (0.9234959825727924 10.013319040177755)
_mview_plantation_etablissements_plantation.fid-2fb68024_1a0f82ae2b1_505b,Kara,Kéran,Kéran 1,Pessidè,NAMOUTE,Plantation Karika Anani,2012,Prive - individuel,POINT (0.9155117247865644 10.012421464923639)
_mview_plantation_etablissements_plantation.fid-2fb68024_1a0f82ae2b1_505c,Kara,Kéran,Kéran 1,Pessidè,SOUTE,Plantation Anacarde Soute,2021,Prive - individuel,POINT (0.9240927805974168 10.009523557432537)
_mview_plantation_etablissements_plantation.fid-2fb68024_1a0f82ae2b1_505d,Kara,Kozah,Kozah 3,Awandjélo,AGBALOSSI,Plantation Ndanagada,1983,Nsp,POINT (1.1702280039237944 9.449686363803341)
_mview_plantation_etablissements_plantation.fid-2fb68024_1a0f82ae2b1_505e,Kara,Kozah,Kozah 3,Awandjélo,AGBALOSSI-KPEDA,Plantation Patam,1997,Prive - individuel,POINT (1.1722220462792718 9.461745136961552)
_mview_plantation_etablissements_plantation.fid-2fb68024_1a0f82ae2b1_505f,Kara,Kozah,Kozah 3,Awandjélo,AGBALOSSI,Plantation Lemou,1992,Prive - individuel,POINT (1.1652816666666665 9.44477)
_mview_plantation_etablissements_plantation.fid-2fb68024_1a0f82ae2b1_5060,Kara,Kozah,Kozah 3,Awandjélo,AGBALOUSSI,Plantation Lemou,1976,Prive - individuel,POINT (1.1668215505358959 9.445717611455073)
_mview_plantation_etablissements_plantation.fid-2fb68024_1a0f82ae2b1_5061,Kara,Kozah,Kozah 3,Awandjélo,AGBALOSSI,Plantation N'danagada,2010,Prive - individuel,POINT (1.1724166666666667 9.454898333333334)
_mview_plantation_etablissements_plantation.fid-2fb68024_1a0f82ae2b1_5062,Kara,Kozah,Kozah 3,Awandjélo,AGBALOSSI,Plantation N'danagada,1988,Prive - individuel,POINT (1.1712383333333332 9.45538)
_mview_plantation_etablissements_plantation.fid-2fb68024_1a0f82ae2b1_5063,Kara,Kozah,Kozah 3,Awandjélo,AGBALOSSI,Plantation Lemou,1975,Prive - individuel,POINT (1.1676950000000001 9.445468333333334)
_mview_plantation_etablissements_plantation.fid-2fb68024_1a0f82ae2b1_5064,Kara,Kozah,Kozah 3,Awandjélo,AGBALOSSI KPEDA,Plantation Dagou,2007,autre,POINT (1.1761958689090874 9.46368641013651)
_mview_plantation_etablissements_plantation.fid-2fb68024_1a0f82ae2b1_5065,Kara,Kozah,Kozah 3,Awandjélo,AGBALOSSSI,Plantation Anarcade,2005,Prive - individuel,POINT (1.1784043160575146 9.450519621551644)
_mview_plantation_etablissements_plantation.fid-2fb68024_1a0f82ae2b1_5066,Kara,Kozah,Kozah 3,Awandjélo,AGBALOSSI,Plantation d' Ananas,1982,Prive - individuel,POINT (1.1740133333333334 9.456071666666666)
_mview_plantation_etablissements_plantation.fid-2fb68024_1a0f82ae2b1_5067,Kara,Kozah,Kozah 3,Awandjélo,AGBALOSSI,Plantation d'Anacades Alai,2014,Prive - individuel,POINT (1.1700299832080645 9.4567076145678)
_mview_plantation_etablissements_plantation.fid-2fb68024_1a0f82ae2b1_5068,Kara,Kozah,Kozah 3,Awandjélo,AGBALOSSI-KPEDA,Plantation Toukouna,2007,Prive - individuel,POINT (1.175993734624662 9.46458202863627)
_mview_plantation_etablissements_plantation.fid-2fb68024_1a0f82ae2b1_5069,Kara,Kozah,Kozah 3,Awandjélo,AGBALOSSI-KPEDA,Plantation Hemou,1994,Prive - individuel,POINT (1.1734155029368731 9.461783433614448)
_mview_plantation_etablissements_plantation.fid-2fb68024_1a0f82ae2b1_506a,Kara,Kozah,Kozah 3,Awandjélo,AGBALOSSI,Plantation Holou,1995,Prive - individuel,POINT (1.1516183333333334 9.450371666666666)
_mview_plantation_etablissements_plantation.fid-2fb68024_1a0f82ae2b1_506b,Kara,Kozah,Kozah 3,Awandjélo,AGBALOSSI,Plantation Holou,1995,Prive - individuel,POINT (1.1516043431804568 9.456776610121745)
_mview_plantation_etablissements_plantation.fid-2fb68024_1a0f82ae2b1_506c,Kara,Kozah,Kozah 3,Awandjélo,AGBALOSSI,Plantation Bawina,1997,Prive - individuel,POINT (1.14965 9.455718333333333)
_mview_plantation_etablissements_plantation.fid-2fb68024_1a0f82ae2b1_506d,Kara,Kozah,Kozah 3,Awandjélo,AGBALOSSI,Plantation Kassinga,1995,Prive - Collectivite coutumiere,POINT (1.1632066666666667 9.461500000000001)
_mview_plantation_etablissements_plantation.fid-2fb68024_1a0f82ae2b1_506e,Kara,Kozah,Kozah 3,Awandjélo,Agbalessi kpeda,Plantation Sato,1982,Prive - individuel,POINT (1.1741431332537995 9.46843624125777)
_mview_plantation_etablissements_plantation.fid-2fb68024_1a0f82ae2b1_506f,Kara,Kozah,Kozah 3,Kpinzindè,KPEKRI,Plantation Ferme de Kambia,1990,Prive - individuel,POINT (1.2733039246845042 9.46383746060773)
_mview_plantation_etablissements_plantation.fid-2fb68024_1a0f82ae2b1_5070,Kara,Kozah,Kozah 3,Kpinzindè,AGBANG,Plantation des Palmiers,2012,autre,POINT (1.3228555066170038 9.466759712667463)
_mview_plantation_etablissements_plantation.fid-2fb68024_1a0f82ae2b1_5071,Kara,Kozah,Kozah 3,Kpinzindè,ADOMDE,Plantation Anarcadier,2019,Prive - individuel,POINT (1.253347725903287 9.457429448605925)
_mview_plantation_etablissements_plantation.fid-2fb68024_1a0f82ae2b1_5072,Kara,Kozah,Kozah 3,Kpinzindè,KPINZINDE,Plantation Pidjanda,2017,Prive - individuel,POINT (1.2984102171266034 9.482501732270125)
_mview_plantation_etablissements_plantation.fid-2fb68024_1a0f82ae2b1_5073,Kara,Kozah,Kozah 4,Atchangbadè,WAYA,Plantation Ferme Ali,Nsp,Prive - individuel,POINT (1.0739817692410876 9.472658764171399)
_mview_plantation_etablissements_plantation.fid-2fb68024_1a0f82ae2b1_5074,Kara,Kozah,Kozah 4,Atchangbadè,AGBALOUSSI,Plantation Fraka Tchima Bawa,1978,Prive - individuel,POINT (1.1474316233794892 9.423604154387045)
_mview_plantation_etablissements_plantation.fid-2fb68024_1a0f82ae2b1_5075,Savanes,Cinkassé,Cinkassé 1,Gouloungoussi,NATINGA,Plantation de Zoure,1895,Prive - Collectivite coutumiere,POINT (-0.1209633333333333 11.109641666666668)
_mview_plantation_etablissements_plantation.fid-2fb68024_1a0f82ae2b1_5076,Savanes,Cinkassé,Cinkassé 1,Gouloungoussi,KOUPELGOU,Plantation de Kouka,1895,Prive - individuel,POINT (-0.1113916666666667 11.097544999999998)
_mview_plantation_etablissements_plantation.fid-2fb68024_1a0f82ae2b1_5077,Savanes,Cinkassé,Cinkassé 1,Cinkassé,PIZOSGO,Plantation de Baguiam,2003,Prive - individuel,POINT (0.0038783333333333 11.096489999999998)
_mview_plantation_etablissements_plantation.fid-2fb68024_1a0f82ae2b1_5078,Savanes,Cinkassé,Cinkassé 1,Cinkassé,KPALBIAGA,Plantation de Dobogo,2009,Prive - individuel,POINT (0.0322143167745652 11.080016362529621)
_mview_plantation_etablissements_plantation.fid-2fb68024_1a0f82ae2b1_5079,Savanes,Cinkassé,Cinkassé 1,Boadé,BOADE,Plantation de Teck de Boade Centre,Nsp,Domaine public de l Etat ou des collectivites territoriales,POINT (-0.058190546961618 11.116396918496289)
_mview_plantation_etablissements_plantation.fid-2fb68024_1a0f82ae2b1_507a,Savanes,Cinkassé,Cinkassé 2,Biankouri,TONGA,Plantation d'Eucalyptus Yentagui,2011,Prive - individuel,POINT (0.0490700081555532 11.018522818496344)
_mview_plantation_etablissements_plantation.fid-2fb68024_1a0f82ae2b1_507b,Savanes,Cinkassé,Cinkassé 2,Biankouri,TONGA,Plantation d'Eucalyptus Wongou,2012,Prive - individuel,POINT (0.0485923476378116 11.015670566203115)
_mview_plantation_etablissements_plantation.fid-2fb68024_1a0f82ae2b1_507c,Savanes,Cinkassé,Cinkassé 2,Biankouri,TONGA,Plantation Mixte de Maldja,2008,Prive - individuel,POINT (0.0523023506866697 11.006136323367338)
_mview_plantation_etablissements_plantation.fid-2fb68024_1a0f82ae2b1_507d,Savanes,Cinkassé,Cinkassé 2,Biankouri,TONGA,Plantation de Teck de Maldja,1956,Prive - individuel,POINT (0.0493557548523488 11.010515745402065)
_mview_plantation_etablissements_plantation.fid-2fb68024_1a0f82ae2b1_507e,Savanes,Cinkassé,Cinkassé 2,Biankouri,TONGA,Plantation d'Eucalyptus Kpandani,2009,autre,POINT (0.052447022798118 11.021053850965858)
_mview_plantation_etablissements_plantation.fid-2fb68024_1a0f82ae2b1_507f,Savanes,Cinkassé,Cinkassé 2,Nadjoundi,NADJOUNDI ZONGO,Plantation Lycée Nadjoundi,1950,Domaine public de l Etat ou des collectivites territoriales,POINT (0.183522831053085 11.015090657741323)
_mview_plantation_etablissements_plantation.fid-2fb68024_1a0f82ae2b1_5080,Savanes,Cinkassé,Cinkassé 2,Nadjoundi,Quartier Mossi,Plantation de Dahogo,1972,Prive - individuel,POINT (0.18373 11.020455)
_mview_plantation_etablissements_plantation.fid-2fb68024_1a0f82ae2b1_5081,Savanes,Cinkassé,Cinkassé 2,Timbou,Lonlongue,Plantation d'Anacades Migbare,1995,Prive - individuel,POINT (0.1220495210641149 11.013135358590848)
_mview_plantation_etablissements_plantation.fid-2fb68024_1a0f82ae2b1_5082,Savanes,Cinkassé,Cinkassé 2,Timbou,SANKARGOU,Plantation d'Eucalyptus Sankargou,2018,Prive - individuel,POINT (0.1290004988206067 11.0199975936073)
_mview_plantation_etablissements_plantation.fid-2fb68024_1a0f82ae2b1_5083,Savanes,Cinkassé,Cinkassé 2,Timbou,SOKOUROUME,Plantation d'Eucalyptus Nasable,2014,Prive - individuel,POINT (0.1258762533830829 11.021838780845776)
_mview_plantation_etablissements_plantation.fid-2fb68024_1a0f82ae2b1_5084,Savanes,Cinkassé,Cinkassé 2,Timbou,SOUKOUROUME 1,Plantation d'Eucalyptus Sibidi,1990,Prive - individuel,POINT (0.1322430801226333 11.028461497277739)
_mview_plantation_etablissements_plantation.fid-2fb68024_1a0f82ae2b1_5085,Savanes,Cinkassé,Cinkassé 2,Timbou,NASABLÉ,Plantation de Teck de Nasablé,Nsp,Domaine public de l Etat ou des collectivites territoriales,POINT (0.1229748506396724 11.031061019191352)
_mview_plantation_etablissements_plantation.fid-2fb68024_1a0f82ae2b1_5086,Savanes,Cinkassé,Cinkassé 2,Timbou,Nasablé,Plantation d'Eucalyptus Boukari,2017,Prive - individuel,POINT (0.1257558060606261 11.033338632649597)
_mview_plantation_etablissements_plantation.fid-2fb68024_1a0f82ae2b1_5087,Savanes,Cinkassé,Cinkassé 2,Timbou,KPALMONTONGUE,"Plantation d'Acasia,nîmes, Anarcade, Eucalyptus de Lare Dametote Yendoukoua",1991,Prive - individuel,POINT (0.0913042080118824 11.029948174161463)
_mview_plantation_etablissements_plantation.fid-2fb68024_1a0f82ae2b1_5088,Savanes,Cinkassé,Cinkassé 2,Timbou,SANKARBOU,Plantation d'Anacades Yateme Tchetiyene,Nsp,Prive - individuel,POINT (0.1413352685238462 11.010704813826361)
_mview_plantation_etablissements_plantation.fid-2fb68024_1a0f82ae2b1_5089,Savanes,Cinkassé,Cinkassé 2,Timbou,TIMBOU CENTRE,Plantation Awoumi Winiwogo,2004,autre,POINT (0.1118942380877544 11.031812244394992)
_mview_plantation_etablissements_plantation.fid-2fb68024_1a0f82ae2b1_508a,Savanes,Cinkassé,Cinkassé 2,Timbou,TIMBOU CENTRE,Plantation de Nîmes À Timbou Centre,Nsp,Domaine public de l Etat ou des collectivites territoriales,POINT (0.1118221683933319 11.030242345762773)
_mview_plantation_etablissements_plantation.fid-2fb68024_1a0f82ae2b1_508b,Savanes,Cinkassé,Cinkassé 2,Timbou,YOROGOU,"Plantation d'Eucalyptus, Acacia, Nîmes À Yorogou",Nsp,Domaine public de l Etat ou des collectivites territoriales,POINT (0.1199937629903383 11.0347683313292)
_mview_plantation_etablissements_plantation.fid-2fb68024_1a0f82ae2b1_508c,Savanes,Cinkassé,Cinkassé 2,Timbou,KPALMONTONGUE,"Plantation de D'Eucalyptus, Nîmes, Acacia À Kpalmontongue",2021,Domaine public de l Etat ou des collectivites territoriales,POINT (0.1019588539696644 11.040347862830236)
_mview_plantation_etablissements_plantation.fid-2fb68024_1a0f82ae2b1_508d,Savanes,Cinkassé,Cinkassé 2,Timbou,KPALMONTONGUE,Plantation d'Eucalyptus Komi Dametote Libatibe,1991,Prive - individuel,POINT (0.0962812714985426 11.02780459840489)
_mview_plantation_etablissements_plantation.fid-2fb68024_1a0f82ae2b1_508e,Savanes,Cinkassé,Cinkassé 2,Sam-Naba,Safobé1,Plantation d'Anacades Safobe,2012,Prive - individuel,POINT (0.1338204329198262 11.042132933775944)
_mview_plantation_etablissements_plantation.fid-2fb68024_1a0f82ae2b1_508f,Savanes,Cinkassé,Cinkassé 2,Sam-Naba,Safobé1,Plantation d'Eucalyptus Yamba,2014,Prive - individuel,POINT (0.1275614412516114 11.043570649554283)
_mview_plantation_etablissements_plantation.fid-2fb68024_1a0f82ae2b1_5090,Savanes,Cinkassé,Cinkassé 2,Sam-Naba,SAFOBE 1,Plantation d'Eucalyptus Soumani,2010,Prive - individuel,POINT (0.1270090699855462 11.044764534732158)
_mview_plantation_etablissements_plantation.fid-2fb68024_1a0f82ae2b1_5091,Savanes,Cinkassé,Cinkassé 2,Sam-Naba,SAFOBE 2,Plantation de Issifou,2009,Prive - individuel,POINT (0.1371903851969088 11.057529805256602)
_mview_plantation_etablissements_plantation.fid-2fb68024_1a0f82ae2b1_5092,Savanes,Cinkassé,Cinkassé 2,Sam-Naba,SAFOBE,Plantation de Tambate,1990,Prive - individuel,POINT (0.1230678747858217 11.054942279827493)
_mview_plantation_etablissements_plantation.fid-2fb68024_1a0f82ae2b1_5093,Savanes,Cinkassé,Cinkassé 2,Sam-Naba,GOPIAK,Plantation de Guibibe,2017,Prive - individuel,POINT (0.1215313396371031 11.048832993033324)
_mview_plantation_etablissements_plantation.fid-2fb68024_1a0f82ae2b1_5094,Savanes,Cinkassé,Cinkassé 2,Sam-Naba,SAFOBE 2,Plantation de Goudiga,2005,Prive - individuel,POINT (0.1235352336602342 11.05091296541458)
_mview_plantation_etablissements_plantation.fid-2fb68024_1a0f82ae2b1_5095,Savanes,Cinkassé,Cinkassé 2,Sam-Naba,SAFOBE 2,Plantation de Ladago,1993,Prive - individuel,POINT (0.1284781216929518 11.058202656178427)
_mview_plantation_etablissements_plantation.fid-2fb68024_1a0f82ae2b1_5096,Savanes,Cinkassé,Cinkassé 2,Sam-Naba,SAFOBE 2,Plantation d'Anacades Areouna,2010,Prive - individuel,POINT (0.1256719342156102 11.048341778718388)
_mview_plantation_etablissements_plantation.fid-2fb68024_1a0f82ae2b1_5097,Savanes,Cinkassé,Cinkassé 2,Sam-Naba,NASSERGOU,Plantation de Lale,2021,Prive - individuel,POINT (0.1182004907173533 11.080573776945199)
_mview_plantation_etablissements_plantation.fid-2fb68024_1a0f82ae2b1_5098,Savanes,Cinkassé,Cinkassé 2,Sam-Naba,NASSERGOU,Plantation de Neonama,2021,Prive - individuel,POINT (0.1168265375693688 11.069592349874567)
_mview_plantation_etablissements_plantation.fid-2fb68024_1a0f82ae2b1_5099,Savanes,Kpendjal,Kpendjal 1,Koundjoaré,Djabdjoaré 2,Plantation de Seidou,1982,Prive - individuel,POINT (0.616 10.944323333333333)
_mview_plantation_etablissements_plantation.fid-2fb68024_1a0f82ae2b1_509a,Savanes,Kpendjal,Kpendjal 1,Koundjoaré,TCHANLOAGA,Plantation de Mamadou,1995,Prive - individuel,POINT (0.7636816746801812 10.994262157559344)
_mview_plantation_etablissements_plantation.fid-2fb68024_1a0f82ae2b1_509b,Savanes,Kpendjal,Kpendjal 1,Mandouri,MANDOFORET,Plantation de Issari,2005,Prive - individuel,POINT (0.7940467758563766 10.855867061381424)
_mview_plantation_etablissements_plantation.fid-2fb68024_1a0f82ae2b1_509c,Savanes,Kpendjal,Kpendjal 1,Mandouri,EDOUAGA,Plantation Abdoulaye,2002,Prive - individuel,POINT (0.8068966369127969 10.845493643688046)
_mview_plantation_etablissements_plantation.fid-2fb68024_1a0f82ae2b1_509d,Savanes,Kpendjal,Kpendjal 1,Mandouri,EDOUAGA,Plantation Abdoulaye,2000,Prive - individuel,POINT (0.8135129873577307 10.838281778409009)
_mview_plantation_etablissements_plantation.fid-2fb68024_1a0f82ae2b1_509e,Savanes,Kpendjal,Kpendjal 1,Mandouri,EDOUAGA,Plantation Omorou,2021,Prive - individuel,POINT (0.7936587853205318 10.84444669734995)
_mview_plantation_etablissements_plantation.fid-2fb68024_1a0f82ae2b1_509f,Savanes,Kpendjal,Kpendjal 1,Mandouri,KPANDIMAGOU,Plantation de Kassa,2010,Prive - individuel,POINT (0.8096986703805287 10.850919835015711)
_mview_plantation_etablissements_plantation.fid-2fb68024_1a0f82ae2b1_50a0,Savanes,Kpendjal,Kpendjal 1,Mandouri,BAGRE,Plantation de L'epp Bagre Kouampante,2010,Domaine public de l Etat ou des collectivites territoriales,POINT (0.7297314774991144 10.892872878566513)
_mview_plantation_etablissements_plantation.fid-2fb68024_1a0f82ae2b1_50a1,Savanes,Kpendjal,Kpendjal 1,Mandouri,BAGRE,Plantation de Joël,2015,Prive - individuel,POINT (0.7462218831716979 10.866406993109738)
_mview_plantation_etablissements_plantation.fid-2fb68024_1a0f82ae2b1_50a2,Savanes,Kpendjal,Kpendjal 2,Borgou,YEGBONGBON,Plantation de Sandani,2014,Prive - individuel,POINT (0.5829766666666667 10.780045)
_mview_plantation_etablissements_plantation.fid-2fb68024_1a0f82ae2b1_50a3,Savanes,Kpendjal-Ouest,Kpendjal-Ouest 1,Naki-Est,BATBOGOU,Plantation D'écaluptus de Sinadale,2012,Prive - Collectivite coutumiere,POINT (0.3623690210612468 10.71627861927096)
_mview_plantation_etablissements_plantation.fid-2fb68024_1a0f82ae2b1_50a4,Savanes,Kpendjal-Ouest,Kpendjal-Ouest 1,Naki-Est,TANTCHIAGOU,"Plantation de Teck, Neem, Anacarde, Écaluptus de Tadame",2000,Prive - Collectivite coutumiere,POINT (0.3559983515420029 10.72658749860781)
_mview_plantation_etablissements_plantation.fid-2fb68024_1a0f82ae2b1_50a5,Savanes,Kpendjal-Ouest,Kpendjal-Ouest 1,Naki-Est,BOULBATE,Plantation de Teck de Dioka,1998,Prive - Collectivite coutumiere,POINT (0.3508372237155745 10.715093925623641)
_mview_plantation_etablissements_plantation.fid-2fb68024_1a0f82ae2b1_50a6,Savanes,Kpendjal-Ouest,Kpendjal-Ouest 1,Naki-Est,DJAMBENGOU,Plantation de Teck Et Écaluptus de Sinadale,1997,Prive - Collectivite coutumiere,POINT (0.3640907134034239 10.719156681287433)
_mview_plantation_etablissements_plantation.fid-2fb68024_1a0f82ae2b1_50a7,Savanes,Kpendjal-Ouest,Kpendjal-Ouest 1,Naki-Est,Tantchigou,Plantation D'ecalyptus de Tantchigou,2012,Prive - Collectivite coutumiere,POINT (0.4066918312899237 10.746870067474378)
_mview_plantation_etablissements_plantation.fid-2fb68024_1a0f82ae2b1_50a8,Savanes,Kpendjal-Ouest,Kpendjal-Ouest 1,Nayéga,Obingou,Plantation D'ecalyptus D'école Primaire Publique de Nayega,2012,Domaine prive de l Etat ou des collectivites territoriales,POINT (0.4241080082136585 10.74323137933738)
_mview_plantation_etablissements_plantation.fid-2fb68024_1a0f82ae2b1_50a9,Savanes,Kpendjal-Ouest,Kpendjal-Ouest 1,Nayéga,Kordjore,Plantation d'Anacades Bambo,1996,Prive - individuel,POINT (0.426723260195293 10.744074313890659)
_mview_plantation_etablissements_plantation.fid-2fb68024_1a0f82ae2b1_50aa,Savanes,Kpendjal-Ouest,Kpendjal-Ouest 1,Ogaro,Kodjoare,Plantation de Tecks de Kanyoguiti,2002,Prive - individuel,POINT (0.4299638906200612 10.737404897396628)
_mview_plantation_etablissements_plantation.fid-2fb68024_1a0f82ae2b1_50ab,Savanes,Kpendjal-Ouest,Kpendjal-Ouest 1,Ogaro,Kodjoare,Plantation d'Anacades Kanyoguiti,2015,Prive - individuel,POINT (0.4314367245869196 10.735837485916566)
_mview_plantation_etablissements_plantation.fid-2fb68024_1a0f82ae2b1_50ac,Savanes,Kpendjal-Ouest,Kpendjal-Ouest 1,Ogaro,Gabounou,Plantation d'Anacades Natele,1990,Prive - individuel,POINT (0.4342175820127814 10.73509941616057)
_mview_plantation_etablissements_plantation.fid-2fb68024_1a0f82ae2b1_50ad,Savanes,Kpendjal-Ouest,Kpendjal-Ouest 1,Ogaro,OGARO CENTRE,Plantation d'Anacades Ogaro Centre,2005,Prive - Collectivite coutumiere,POINT (0.4640652939966565 10.742607600512713)
_mview_plantation_etablissements_plantation.fid-2fb68024_1a0f82ae2b1_50ae,Savanes,Kpendjal-Ouest,Kpendjal-Ouest 1,Ogaro,OGARO CENTRE,Plantation de Teck de Ogaro Centre,Nsp,autre,POINT (0.4572688325539706 10.743463945317565)
_mview_plantation_etablissements_plantation.fid-2fb68024_1a0f82ae2b1_50af,Savanes,Kpendjal-Ouest,Kpendjal-Ouest 1,Ogaro,OGARO CENTRE,Plantation d'Anacades Toate,2005,Prive - individuel,POINT (0.4625687371246067 10.744030035703217)
_mview_plantation_etablissements_plantation.fid-2fb68024_1a0f82ae2b1_50b0,Savanes,Kpendjal-Ouest,Kpendjal-Ouest 1,Ogaro,BONLOUARE,Plantation d'Anacades Yento,1997,Prive - individuel,POINT (0.4647671935923075 10.71217781249608)
_mview_plantation_etablissements_plantation.fid-2fb68024_1a0f82ae2b1_50b1,Savanes,Kpendjal-Ouest,Kpendjal-Ouest 2,Papri,PAPRI,Plantation de Teck de Yempapou,1959,Prive - individuel,POINT (0.4213536937853109 11.000491957631928)
_mview_plantation_etablissements_plantation.fid-2fb68024_1a0f82ae2b1_50b2,Savanes,Kpendjal-Ouest,Kpendjal-Ouest 2,Papri,PAPRI,Plantation de Manguier de Blimpo,1915,Prive - individuel,POINT (0.4162779620107549 10.992310943929592)
_mview_plantation_etablissements_plantation.fid-2fb68024_1a0f82ae2b1_50b3,Savanes,Kpendjal-Ouest,Kpendjal-Ouest 2,Papri,PAPRI,Plantation de Teck de Blimpo,2008,Prive - individuel,POINT (0.4134579585751236 10.991973049461144)
_mview_plantation_etablissements_plantation.fid-2fb68024_1a0f82ae2b1_50b4,Savanes,Kpendjal-Ouest,Kpendjal-Ouest 2,Papri,PAPRI,Plantation de Neems de Djagoudi,1970,Prive - individuel,POINT (0.4290002870955844 10.977839154136953)
_mview_plantation_etablissements_plantation.fid-2fb68024_1a0f82ae2b1_50b5,Savanes,Kpendjal-Ouest,Kpendjal-Ouest 2,Papri,PAPRI,Plantation de Teck Neems Et Ronier de Sana Amidou,1978,Prive - individuel,POINT (0.4377241918008308 10.978783062973)
_mview_plantation_etablissements_plantation.fid-2fb68024_1a0f82ae2b1_50b6,Savanes,Kpendjal-Ouest,Kpendjal-Ouest 2,Tambonga,YAMADJOAGA,"Plantation de Teck, Nîmes, Eucalyptus Et Anarcade à Yamadjoaga",2021,autre,POINT (0.4567542743694679 10.932586026582843)
_mview_plantation_etablissements_plantation.fid-2fb68024_1a0f82ae2b1_50b7,Savanes,Kpendjal-Ouest,Kpendjal-Ouest 2,Tambonga,YAMADJOAGA,Plantation de Nîmes à Yamadjoaga,Nsp,Domaine public de l Etat ou des collectivites territoriales,POINT (0.4569365307731885 10.930472305081524)
_mview_plantation_etablissements_plantation.fid-2fb68024_1a0f82ae2b1_50b8,Savanes,Kpendjal-Ouest,Kpendjal-Ouest 2,Tambonga,NAKPATOL,Plantation d'Eucalyptus Damedjega,2014,Prive - individuel,POINT (0.4462443190192567 10.929043929396864)
_mview_plantation_etablissements_plantation.fid-2fb68024_1a0f82ae2b1_50b9,Savanes,Kpendjal-Ouest,Kpendjal-Ouest 2,Namoundjoga,NAMOUNDJOGA CENTRE,Plantation Lycée Namoundjoga Centre,2006,Domaine public de l Etat ou des collectivites territoriales,POINT (0.3944856229244986 10.897786186925664)
_mview_plantation_etablissements_plantation.fid-2fb68024_1a0f82ae2b1_50ba,Savanes,Kpendjal-Ouest,Kpendjal-Ouest 2,Namoundjoga,Ponpondjoaga,Plantation d'Anacades Moni,1970,Prive - individuel,POINT (0.4071729061377678 10.87582858128618)
_mview_plantation_etablissements_plantation.fid-2fb68024_1a0f82ae2b1_50bb,Savanes,Kpendjal-Ouest,Kpendjal-Ouest 2,Namoundjoga,NAMBONGA,Plantation d'Anacades Doule,2012,Prive - individuel,POINT (0.4304871522032275 10.837853210112184)
_mview_plantation_etablissements_plantation.fid-2fb68024_1a0f82ae2b1_50bc,Savanes,Kpendjal-Ouest,Kpendjal-Ouest 2,Namoundjoga,NASORGOU,"Plantation d'Eucalyptus, Tecks de Kombate",Nsp,Prive - individuel,POINT (0.401535772904377 10.87985785914847)
_mview_plantation_etablissements_plantation.fid-2fb68024_1a0f82ae2b1_50bd,Savanes,Kpendjal-Ouest,Kpendjal-Ouest 2,Namoundjoga,Bondjoaré,Plantation d'Eucalyptus Tome,1999,Prive - individuel,POINT (0.4010350174894138 10.890732264282946)
_mview_plantation_etablissements_plantation.fid-2fb68024_1a0f82ae2b1_50be,Savanes,Kpendjal-Ouest,Kpendjal-Ouest 2,Namoundjoga,BOUDJOARE,Plantation Teckes de Boudjoaré,Nsp,Domaine public de l Etat ou des collectivites territoriales,POINT (0.3965288254397233 10.890989227799087)
_mview_plantation_etablissements_plantation.fid-2fb68024_1a0f82ae2b1_50bf,Savanes,Oti,Oti 2,Loko,KOUPIELGOU,Plantation de Bauny,1972,autre,POINT (0.2760463365260727 10.56736516612269)
_mview_plantation_etablissements_plantation.fid-2fb68024_1a0f82ae2b1_50c0,Savanes,Oti,Oti 2,Barkoissi,BARKOISSI,Plantation Kombate,1990,Prive - Collectivite coutumiere,POINT (0.2977710448158433 10.563370489201429)
_mview_plantation_etablissements_plantation.fid-2fb68024_1a0f82ae2b1_50c1,Savanes,Oti,Oti 1,Mango,KOUMBELOTI,Plantation Moussa,1999,Prive - individuel,POINT (0.4739846553411707 10.39755245116805)
_mview_plantation_etablissements_plantation.fid-2fb68024_1a0f82ae2b1_50c2,Savanes,Tandjoaré,Tandjoaré 2,Sissiak,BATING,Plantation de Bating,Nsp,Domaine public de l Etat ou des collectivites territoriales,POINT (0.1460766666666667 10.788058333333334)
_mview_plantation_etablissements_plantation.fid-2fb68024_1a0f82ae2b1_50c3,Savanes,Tandjoaré,Tandjoaré 2,Sissiak,DORE,Plantation d'Anacades de Dore,1990,autre,POINT (0.0981706334650576 10.717817986550443)
_mview_plantation_etablissements_plantation.fid-2fb68024_1a0f82ae2b1_50c4,Savanes,Tandjoaré,Tandjoaré 2,Sissiak,KPAKARI,Plantation d'Anacades de Kpakari,2000,Prive - individuel,POINT (0.1036264263171868 10.729371023496533)
_mview_plantation_etablissements_plantation.fid-2fb68024_1a0f82ae2b1_50c5,Savanes,Tandjoaré,Tandjoaré 2,Sissiak,NADAGOU,Plantation d'Anacades Nadagou,Nsp,Domaine public de l Etat ou des collectivites territoriales,POINT (0.1302097866933814 10.74287324091034)
_mview_plantation_etablissements_plantation.fid-2fb68024_1a0f82ae2b1_50c6,Savanes,Tandjoaré,Tandjoaré 2,Sissiak,NADAGOU,Plantation d'Anacades Kolani,2016,Prive - individuel,POINT (0.1348149694372386 10.764570927400978)
_mview_plantation_etablissements_plantation.fid-2fb68024_1a0f82ae2b1_50c7,Savanes,Tandjoaré,Tandjoaré 2,Sissiak,NADADORE,Plantation d'Anacades Nibesubre,2018,Prive - individuel,POINT (0.1426877676206617 10.753022211151567)
_mview_plantation_etablissements_plantation.fid-2fb68024_1a0f82ae2b1_50c8,Savanes,Tandjoaré,Tandjoaré 2,Sissiak,NADAGOU,Plantation d'Anacades Kane,2007,Prive - individuel,POINT (0.1180163889997407 10.754536346048527)
_mview_plantation_etablissements_plantation.fid-2fb68024_1a0f82ae2b1_50c9,Savanes,Kpendjal-Ouest,Kpendjal-Ouest 2,Pogno,DIELO,Plantation d'Anacades de Kpanwake,1995,Prive - individuel,POINT (0.5343574230795395 10.899274176061088)
_mview_plantation_etablissements_plantation.fid-2fb68024_1a0f82ae2b1_50ca,Savanes,Kpendjal-Ouest,Kpendjal-Ouest 2,Pogno,DIELO,Plantation d'Anacades Otiyeyem,1998,autre,POINT (0.5358068273323289 10.899856929692103)
_mview_plantation_etablissements_plantation.fid-2fb68024_1a0f82ae2b1_50cb,Savanes,Oti,Oti 1,Mango,Magna,Plantation Babarou,2015,Prive - individuel,POINT (0.438269758508604 10.366209561039534)
_mview_plantation_etablissements_plantation.fid-2fb68024_1a0f82ae2b1_50cc,Savanes,Oti,Oti 1,Mango,DJAMDJA,Plantation d'Anacades Aoufo,2006,Prive - Collectivite coutumiere,POINT (0.45003 10.392751666666667)
_mview_plantation_etablissements_plantation.fid-2fb68024_1a0f82ae2b1_50cd,Savanes,Oti,Oti 1,Mango,DJAMDJA,Plantation d'Anacades Aoufoh Amadou,2008,Prive - Collectivite coutumiere,POINT (0.4483829530469867 10.393596011036456)
_mview_plantation_etablissements_plantation.fid-2fb68024_1a0f82ae2b1_50ce,Savanes,Oti,Oti 1,Mango,KOUBELOTI,Plantation de Kandjati,2000,Prive - individuel,POINT (0.4891978332227904 10.403641229341835)
_mview_plantation_etablissements_plantation.fid-2fb68024_1a0f82ae2b1_50cf,Savanes,Oti,Oti 1,Mango,MAGNA,Plantation Saparapa,1997,Prive - individuel,POINT (0.4386516666666667 10.367009999999999)
_mview_plantation_etablissements_plantation.fid-2fb68024_1a0f82ae2b1_50d0,Savanes,Oti,Oti 1,Mango,BAOULE,Plantation de Teck,2001,Prive - individuel,POINT (0.5577230468091328 10.268947807964285)
_mview_plantation_etablissements_plantation.fid-2fb68024_1a0f82ae2b1_50d1,Savanes,Oti,Oti 1,Mango,AKPOSSOU,Plantation de Natimboti,2007,Prive - individuel,POINT (0.4376645060506767 10.392885761580688)
_mview_plantation_etablissements_plantation.fid-2fb68024_1a0f82ae2b1_50d2,Savanes,Oti,Oti 1,Sadori,SADORI NAGBAGOU,Plantation d'Eucalyptus Tiba,1985,Prive - individuel,POINT (0.4455605761445825 10.290946522367744)
_mview_plantation_etablissements_plantation.fid-2fb68024_1a0f82ae2b1_50d3,Savanes,Oti,Oti 1,Sadori,NAGBAGOU,Plantation de Teck,1969,Domaine prive de l Etat ou des collectivites territoriales,POINT (0.4458539437672413 10.289730779666032)
_mview_plantation_etablissements_plantation.fid-2fb68024_1a0f82ae2b1_50d4,Savanes,Oti,Oti 1,Sadori,NAGBAGOU,Plantation d'Eucalyptus Djeabadjo,2003,Prive - individuel,POINT (0.4334598000198744 10.28400412086404)
_mview_plantation_etablissements_plantation.fid-2fb68024_1a0f82ae2b1_50d5,Savanes,Oti,Oti 1,Sadori,NAGBAKOU,"Plantation d'Eucalyptus, Anacarde et Manguier",1960,Prive - individuel,POINT (0.433502541989515 10.284758284644086)
_mview_plantation_etablissements_plantation.fid-2fb68024_1a0f82ae2b1_50d6,Savanes,Oti,Oti 1,Sadori,Nagbakou,Plantation Monastère D'emmanuel de Sadori,1994,Prive - individuel,POINT (0.4403804247501883 10.287185082229641)
_mview_plantation_etablissements_plantation.fid-2fb68024_1a0f82ae2b1_50d7,Savanes,Oti,Oti 1,Sadori,Nagbakou,Plantation d'Eucalyptus Ndjarama,2012,Domaine public de l Etat ou des collectivites territoriales,POINT (0.4418425678756301 10.282928655874711)
_mview_plantation_etablissements_plantation.fid-2fb68024_1a0f82ae2b1_50d8,Savanes,Oti,Oti 1,Faré,YABAGBANGBAN,Plantation de Yabagbangban,Nsp,Domaine public de l Etat ou des collectivites territoriales,POINT (0.3945918814665075 10.177176592984244)
_mview_plantation_etablissements_plantation.fid-2fb68024_1a0f82ae2b1_50d9,Savanes,Oti,Oti 1,Faré,KPOMBODJUIDJUI,Plantation de Timbae,Nsp,Prive - individuel,POINT (0.4081638124532813 10.169598298891952)
_mview_plantation_etablissements_plantation.fid-2fb68024_1a0f82ae2b1_50da,Savanes,Oti,Oti 1,Faré,DAONI,Plantation de Yendo,Nsp,Prive - individuel,POINT (0.3904876401260098 10.159027627634808)
_mview_plantation_etablissements_plantation.fid-2fb68024_1a0f82ae2b1_50db,Savanes,Oti,Oti 1,Faré,KDOG,Plantation de Kdog,Nsp,Domaine public de l Etat ou des collectivites territoriales,POINT (0.3938202448075163 10.205996411113565)
_mview_plantation_etablissements_plantation.fid-2fb68024_1a0f82ae2b1_50dc,Savanes,Oti,Oti 2,Nagbéni,BATBOGOU,Plantation d'Anacades Douti,2015,Prive - individuel,POINT (0.3595742889160173 10.699466748974706)
_mview_plantation_etablissements_plantation.fid-2fb68024_1a0f82ae2b1_50dd,Savanes,Oti,Oti 2,Nagbéni,SOUMBOUNI,Plantation d'Anacades Bonle,2014,Prive - individuel,POINT (0.4154351226637846 10.621890088616846)
_mview_plantation_etablissements_plantation.fid-2fb68024_1a0f82ae2b1_50de,Savanes,Oti,Oti 2,Nagbéni,SOUMBOUNI,Plantation d'Anacades Kombate,2014,Prive - individuel,POINT (0.4147355233410132 10.621429010279709)
_mview_plantation_etablissements_plantation.fid-2fb68024_1a0f82ae2b1_50df,Savanes,Oti,Oti 2,Nagbéni,SOUMBOUNI,Plantation d'Anacades Kolani,2016,Prive - individuel,POINT (0.4196905637122151 10.615466540725885)
_mview_plantation_etablissements_plantation.fid-2fb68024_1a0f82ae2b1_50e0,Savanes,Oti,Oti 2,Nagbéni,Soumbouni,Plantation d'Anacades Bananeraie,2016,Prive - individuel,POINT (0.4141778127305982 10.61876319115119)
_mview_plantation_etablissements_plantation.fid-2fb68024_1a0f82ae2b1_50e1,Savanes,Oti,Oti 2,Nagbéni,Soumbouni,Plantation Lamboni,2016,Prive - individuel,POINT (0.4149138558010542 10.620645175294671)
_mview_plantation_etablissements_plantation.fid-2fb68024_1a0f82ae2b1_50e2,Savanes,Oti,Oti 2,Nagbéni,SOUMBOUNI,Plantation de Tchindi,2017,Prive - individuel,POINT (0.4198969795783493 10.622801664879407)
_mview_plantation_etablissements_plantation.fid-2fb68024_1a0f82ae2b1_50e3,Savanes,Oti,Oti 2,Nagbéni,SOUMBOUNI,Plantation de Dadoub,2017,Prive - individuel,POINT (0.4217134698433806 10.62119423907613)
_mview_plantation_etablissements_plantation.fid-2fb68024_1a0f82ae2b1_50e4,Savanes,Oti,Oti 2,Nagbéni,SOUMBOUNI,Plantation de Kombate,2017,Prive - individuel,POINT (0.4198196323413851 10.624164836259867)
_mview_plantation_etablissements_plantation.fid-2fb68024_1a0f82ae2b1_50e5,Savanes,Oti,Oti 2,Nagbéni,SOUMBOUNI,Plantation de Namleba,2017,Prive - individuel,POINT (0.4211214689408968 10.62160064656886)
_mview_plantation_etablissements_plantation.fid-2fb68024_1a0f82ae2b1_50e6,Savanes,Oti,Oti 2,Nagbéni,BIAGA,Plantation Nakara,2016,Prive - individuel,POINT (0.4470561387595 10.613824790462639)
_mview_plantation_etablissements_plantation.fid-2fb68024_1a0f82ae2b1_50e7,Savanes,Oti,Oti 2,Nagbéni,BIAGA,Plantation Nama,2006,Prive - individuel,POINT (0.4354633333333334 10.634431666666668)
_mview_plantation_etablissements_plantation.fid-2fb68024_1a0f82ae2b1_50e8,Savanes,Oti,Oti 2,Nagbéni,BIAGA,Plantation Lamboni,2007,Prive - individuel,POINT (0.4242125912503211 10.643557483084615)
_mview_plantation_etablissements_plantation.fid-2fb68024_1a0f82ae2b1_50e9,Savanes,Oti,Oti 2,Nagbéni,BIAGA,Plantation d'Anacades Lamboni,2015,Prive - individuel,POINT (0.4395584097225782 10.624034465915592)
_mview_plantation_etablissements_plantation.fid-2fb68024_1a0f82ae2b1_50ea,Savanes,Oti,Oti 2,Nagbéni,BIAGA,Plantation Basse,2016,Prive - individuel,POINT (0.4412863526196066 10.615829072497865)
_mview_plantation_etablissements_plantation.fid-2fb68024_1a0f82ae2b1_50eb,Savanes,Oti,Oti 2,Nagbéni,BIAGA,Plantation Lamboni,2016,Prive - individuel,POINT (0.4398396390191893 10.613321200691194)
_mview_plantation_etablissements_plantation.fid-2fb68024_1a0f82ae2b1_50ec,Savanes,Oti,Oti 2,Nagbéni,BIAGA,Plantation Lamboni,2016,Prive - individuel,POINT (0.4409480587007157 10.614122455143479)
_mview_plantation_etablissements_plantation.fid-2fb68024_1a0f82ae2b1_50ed,Savanes,Oti,Oti 2,Galangashie,KOUAKOU,Plantation Kolani,2018,Prive - individuel,POINT (0.3205764083973867 10.521605244345432)
_mview_plantation_etablissements_plantation.fid-2fb68024_1a0f82ae2b1_50ee,Savanes,Oti,Oti 2,Galangashie,KOUAKOU,Plantation Nassampere,2018,Prive - individuel,POINT (0.319610367777396 10.523216291581782)
_mview_plantation_etablissements_plantation.fid-2fb68024_1a0f82ae2b1_50ef,Savanes,Oti,Oti 2,Galangashie,LANPOUKENE,Plantation Lare,1991,Prive - individuel,POINT (0.2805694732943709 10.505759907671123)
_mview_plantation_etablissements_plantation.fid-2fb68024_1a0f82ae2b1_50f0,Savanes,Oti,Oti 2,Galangashie,KPATEMBI,Plantation Gongou Konlani,2018,Prive - individuel,POINT (0.3012825868559124 10.501905778238106)
_mview_plantation_etablissements_plantation.fid-2fb68024_1a0f82ae2b1_50f1,Savanes,Oti,Oti 2,Galangashie,KPATEMBI,Plantation Lare,2012,Prive - individuel,POINT (0.2993094802185989 10.52361717131367)
_mview_plantation_etablissements_plantation.fid-2fb68024_1a0f82ae2b1_50f2,Savanes,Oti,Oti 2,Galangashie,KPATEMBI,Plantation Lare 1,2012,Prive - individuel,POINT (0.3015819649032179 10.524877549668773)
_mview_plantation_etablissements_plantation.fid-2fb68024_1a0f82ae2b1_50f3,Savanes,Oti,Oti 2,Galangashie,POLOTI,Plantation Lamboni,Nsp,Prive - individuel,POINT (0.3142538496103111 10.52049027567631)
_mview_plantation_etablissements_plantation.fid-2fb68024_1a0f82ae2b1_50f4,Savanes,Oti,Oti 2,Galangashie,POLOTI,Plantation Lare,2010,Prive - individuel,POINT (0.3231295255543503 10.508258326688985)
_mview_plantation_etablissements_plantation.fid-2fb68024_1a0f82ae2b1_50f5,Savanes,Oti,Oti 2,Galangashie,POLOTI,Plantation Lamboni,2010,Prive - individuel,POINT (0.3152898262525483 10.525051972997307)
_mview_plantation_etablissements_plantation.fid-2fb68024_1a0f82ae2b1_50f6,Savanes,Oti,Oti 2,Galangashie,FOMBORO,Plantation Kolani,2020,Prive - individuel,POINT (0.3629468173359575 10.531910711260807)
_mview_plantation_etablissements_plantation.fid-2fb68024_1a0f82ae2b1_50f7,Savanes,Oti,Oti 2,Galangashie,FOMBORO,Plantation Kolani,2018,Prive - individuel,POINT (0.3665826970058523 10.533941592686775)
_mview_plantation_etablissements_plantation.fid-2fb68024_1a0f82ae2b1_50f8,Savanes,Oti-Sud,Oti-Sud 1,Sagbiebou,Baoulé,Plantation d'Eucalyptus Komi,2018,Prive - entreprise,POINT (0.5826311898523587 10.268765272287673)
_mview_plantation_etablissements_plantation.fid-2fb68024_1a0f82ae2b1_50f9,Savanes,Oti-Sud,Oti-Sud 1,Sagbiebou,Baoulé,Plantation de Teck,1950,Prive - Collectivite coutumiere,POINT (0.5776103820730063 10.260204945525523)
_mview_plantation_etablissements_plantation.fid-2fb68024_1a0f82ae2b1_50fa,Savanes,Oti-Sud,Oti-Sud 1,Sagbiebou,Baoulé,Plantation de Teck,1950,Prive - Collectivite coutumiere,POINT (0.5915348942512207 10.25598099337904)
_mview_plantation_etablissements_plantation.fid-2fb68024_1a0f82ae2b1_50fb,Savanes,Oti-Sud,Oti-Sud 1,Sagbiebou,BAOULE,Plantation de Teck,2000,Prive - individuel,POINT (0.5852154974063521 10.27320502569746)
_mview_plantation_etablissements_plantation.fid-2fb68024_1a0f82ae2b1_50fc,Savanes,Oti-Sud,Oti-Sud 1,Sagbiebou,BAOULE,Plantation de Ndaka,2001,Prive - individuel,POINT (0.5880223208986454 10.275819209227986)
_mview_plantation_etablissements_plantation.fid-2fb68024_1a0f82ae2b1_50fd,Savanes,Tône,Tône 1,Natigou,NATIGOU 2,Plantation de Teck de Lamboni,1800,Prive - individuel,POINT (0.2714963581443848 11.004877275314875)
_mview_plantation_etablissements_plantation.fid-2fb68024_1a0f82ae2b1_50fe,Savanes,Tône,Tône 1,Natigou,BOUGOU,Plantation de Teck de Namtchougli,1800,Prive - individuel,POINT (0.2530384405280676 10.983961997809041)
_mview_plantation_etablissements_plantation.fid-2fb68024_1a0f82ae2b1_50ff,Savanes,Tône,Tône 1,Natigou,MARGBA CENTRE,Plantation de Teck de Margba Centre,1954,Prive - Collectivite coutumiere,POINT (0.2571975564833093 11.003454440616268)
_mview_plantation_etablissements_plantation.fid-2fb68024_1a0f82ae2b1_5100,Savanes,Tône,Tône 1,Natigou,NATIGOU CENTRE,Plantation d'Eucalyptus Lare,2002,Prive - individuel,POINT (0.265394709725631 10.986981150849815)
_mview_plantation_etablissements_plantation.fid-2fb68024_1a0f82ae2b1_5101,Savanes,Tône,Tône 1,Natigou,NATIGOU CENTRE,Plantation de Teck de Yentougle,Nsp,Prive - individuel,POINT (0.2686381458353045 10.979873330863443)
_mview_plantation_etablissements_plantation.fid-2fb68024_1a0f82ae2b1_5102,Savanes,Tône,Tône 1,Natigou,TIDJOATE,Plantation d'Anacades Douti,1980,Prive - individuel,POINT (0.2832216729876062 10.969120866101749)
_mview_plantation_etablissements_plantation.fid-2fb68024_1a0f82ae2b1_5103,Savanes,Tône,Tône 1,Natigou,TIDJOATE,Plantation de Manguier de Dagneti,1998,Prive - individuel,POINT (0.2812983791949799 10.960856091461125)
_mview_plantation_etablissements_plantation.fid-2fb68024_1a0f82ae2b1_5104,Savanes,Tône,Tône 1,Natigou,TIDJOATE,Plantation de Manguier de Bomboam,1955,Prive - individuel,POINT (0.2839613619297299 10.959760075805614)
_mview_plantation_etablissements_plantation.fid-2fb68024_1a0f82ae2b1_5105,Savanes,Tône,Tône 1,Natigou,TIDJOATE,Plantation de Neem de Epp Tidjoate,2002,Domaine public de l Etat ou des collectivites territoriales,POINT (0.2779182275499026 10.961993630652234)
_mview_plantation_etablissements_plantation.fid-2fb68024_1a0f82ae2b1_5106,Savanes,Oti-Sud,Oti-Sud 1,Mogou,DANWOGA,Plantation Ajeape,2012,Prive - Collectivite coutumiere,POINT (0.726310267431287 10.418620290081703)
_mview_plantation_etablissements_plantation.fid-2fb68024_1a0f82ae2b1_5107,Savanes,Oti-Sud,Oti-Sud 1,Mogou,NASSIKA,Plantation Bankati,2005,Prive - individuel,POINT (0.7381783333333334 10.382753333333334)
_mview_plantation_etablissements_plantation.fid-2fb68024_1a0f82ae2b1_5108,Savanes,Oti-Sud,Oti-Sud 1,Gando,YACLE,Plantation Natchaba,1998,Prive - individuel,POINT (0.8193744375717856 10.283656441247858)
_mview_plantation_etablissements_plantation.fid-2fb68024_1a0f82ae2b1_5109,Savanes,Oti-Sud,Oti-Sud 1,Gando,YACLÉ,Plantation Natchaba,2020,Prive - individuel,POINT (0.8154633333333333 10.284218333333333)
_mview_plantation_etablissements_plantation.fid-2fb68024_1a0f82ae2b1_510a,Savanes,Oti-Sud,Oti-Sud 1,Gando,N'GAMBI,Plantation Touhon,2012,Prive - individuel,POINT (0.764003758843429 10.20780170650633)
_mview_plantation_etablissements_plantation.fid-2fb68024_1a0f82ae2b1_510b,Savanes,Tône,Tône 4,Sanfatoute,KPASSONGUE,"Plantation d'Acacia, Neem, Karite de Epp Kpassongue",2015,Domaine public de l Etat ou des collectivites territoriales,POINT (0.2840467567520246 11.027016518012713)
_mview_plantation_etablissements_plantation.fid-2fb68024_1a0f82ae2b1_510c,Savanes,Oti-Sud,Oti-Sud 1,Gando,YACLE,Plantation M'boma,1998,Prive - Collectivite coutumiere,POINT (0.8008216666666667 10.298513333333334)
_mview_plantation_etablissements_plantation.fid-2fb68024_1a0f82ae2b1_510d,Savanes,Oti-Sud,Oti-Sud 1,Gando,NAMONI,Plantation Atie,2017,Prive - individuel,POINT (0.7369891445262472 10.332140750068778)
_mview_plantation_etablissements_plantation.fid-2fb68024_1a0f82ae2b1_510e,Savanes,Oti-Sud,Oti-Sud 1,Gando,WOUOGOU,Plantation Moumouni,2012,Prive - individuel,POINT (0.6855158226776099 10.375554645664305)
_mview_plantation_etablissements_plantation.fid-2fb68024_1a0f82ae2b1_510f,Savanes,Oti-Sud,Oti-Sud 1,Gando,WOUOGOU,Plantation Nanfanga,2019,Prive - individuel,POINT (0.6994253700879273 10.375451751953777)
_mview_plantation_etablissements_plantation.fid-2fb68024_1a0f82ae2b1_5110,Savanes,Tône,Tône 1,Pana,Panapagou,Plantation de Fledjoa,2007,Prive - individuel,POINT (0.2577657216914964 10.780751271692017)
_mview_plantation_etablissements_plantation.fid-2fb68024_1a0f82ae2b1_5111,Savanes,Oti-Sud,Oti-Sud 1,Gando,NAMONI,Plantation Toure Abdou Moumouni,2007,Prive - individuel,POINT (0.7456233333333333 10.319656666666667)
_mview_plantation_etablissements_plantation.fid-2fb68024_1a0f82ae2b1_5112,Savanes,Oti-Sud,Oti-Sud 1,Gando,GBATENI,Plantation Kassim,2017,Prive - individuel,POINT (0.7441150000000001 10.292805)
_mview_plantation_etablissements_plantation.fid-2fb68024_1a0f82ae2b1_5113,Savanes,Oti-Sud,Oti-Sud 1,Gando,GBATENI,Plantation Mboma,2018,Prive - individuel,POINT (0.74348 10.299328333333333)
_mview_plantation_etablissements_plantation.fid-2fb68024_1a0f82ae2b1_5114,Savanes,Oti-Sud,Oti-Sud 1,Gando,GBATENI,Plantation Kouami,2019,Prive - individuel,POINT (0.7439416666666666 10.302141666666667)
_mview_plantation_etablissements_plantation.fid-2fb68024_1a0f82ae2b1_5115,Savanes,Oti-Sud,Oti-Sud 1,Gando,GANDO,Plantation Mboma,2020,Prive - individuel,POINT (0.7390519712046343 10.318667887067019)
_mview_plantation_etablissements_plantation.fid-2fb68024_1a0f82ae2b1_5116,Savanes,Oti-Sud,Oti-Sud 1,Gando,NAMONI,Plantation Sore,2017,Prive - individuel,POINT (0.7459833333333333 10.316951666666666)
_mview_plantation_etablissements_plantation.fid-2fb68024_1a0f82ae2b1_5117,Savanes,Oti-Sud,Oti-Sud 1,Gando,NAMONI,Plantation Biegou Gado,2019,Prive - individuel,POINT (0.7662683333333333 10.313991666666668)
_mview_plantation_etablissements_plantation.fid-2fb68024_1a0f82ae2b1_5118,Savanes,Oti-Sud,Oti-Sud 2,Koumongou,KORKPALE,Plantation Korkpale,1968,Prive - Collectivite coutumiere,POINT (0.4480014208353382 10.167469194204982)
_mview_plantation_etablissements_plantation.fid-2fb68024_1a0f82ae2b1_5119,Savanes,Oti-Sud,Oti-Sud 2,Koumongou,KOUMONGOU,Plantation Koumongou,Temps coloniale,Domaine public de l Etat ou des collectivites territoriales,POINT (0.4458028108583391 10.179639009798212)
_mview_plantation_etablissements_plantation.fid-2fb68024_1a0f82ae2b1_511a,Savanes,Oti-Sud,Oti-Sud 2,Koumongou,KOTGBALE,Plantation Kotgbale,1977,Domaine public de l Etat ou des collectivites territoriales,POINT (0.445287989344956 10.18434806599062)
_mview_plantation_etablissements_plantation.fid-2fb68024_1a0f82ae2b1_511b,Savanes,Oti-Sud,Oti-Sud 2,Koumongou,KAGBALE,Plantation de Kagbale,1980,Prive - Collectivite coutumiere,POINT (0.4482317753495649 10.198214400705746)
_mview_plantation_etablissements_plantation.fid-2fb68024_1a0f82ae2b1_511c,Savanes,Oti-Sud,Oti-Sud 2,Koumongou,NANIKI,Plantation de Naniki,1970,Prive - Collectivite coutumiere,POINT (0.4764902744069278 10.174668668736501)
_mview_plantation_etablissements_plantation.fid-2fb68024_1a0f82ae2b1_511d,Savanes,Oti-Sud,Oti-Sud 2,Kountoire,PANGA ZONGO,Plantation Panga Zongo,1962,Prive - Collectivite coutumiere,POINT (0.6643749999999999 10.055851666666666)
_mview_plantation_etablissements_plantation.fid-2fb68024_1a0f82ae2b1_511e,Savanes,Tandjoaré,Tandjoaré 1,Tamongue,YEMBOUR,Plantation d'Eucalyptus Kombate,1999,Prive - individuel,POINT (0.146947113156257 10.534131101312843)
_mview_plantation_etablissements_plantation.fid-2fb68024_1a0f82ae2b1_511f,Savanes,Tandjoaré,Tandjoaré 1,Tamongue,YEMBOUR,Plantation d'Eucalyptus Douti,Nsp,Prive - individuel,POINT (0.1406354484009166 10.533845460833152)
_mview_plantation_etablissements_plantation.fid-2fb68024_1a0f82ae2b1_5120,Savanes,Tandjoaré,Tandjoaré 1,Tamongue,BOUNPOURE,Plantation d'Anacades Moabe,2007,Prive - individuel,POINT (0.1295824898533163 10.53357760654576)
_mview_plantation_etablissements_plantation.fid-2fb68024_1a0f82ae2b1_5121,Savanes,Tandjoaré,Tandjoaré 1,Tamongue,YEMBOUR,Plantation d'Anacades Kombate,1990,Prive - individuel,POINT (0.1544273874002821 10.539178521331202)
_mview_plantation_etablissements_plantation.fid-2fb68024_1a0f82ae2b1_5122,Savanes,Tandjoaré,Tandjoaré 1,Tamongue,YEMBOUR,Plantation d'Anacades Kombate,2015,Prive - individuel,POINT (0.1587766666666667 10.535644999999999)
_mview_plantation_etablissements_plantation.fid-2fb68024_1a0f82ae2b1_5123,Savanes,Tandjoaré,Tandjoaré 2,Bagou,KPONKPORGOU,Plantation d'Anacades et d'Acacia Douti,2000,Prive - individuel,POINT (0.0557169832108355 10.669324631270205)
_mview_plantation_etablissements_plantation.fid-2fb68024_1a0f82ae2b1_5124,Savanes,Tandjoaré,Tandjoaré 2,Nano,TALKIPAGUE,Plantation d'Anacades de Talkipague,2019,Prive - individuel,POINT (0.0566987176944236 10.752825951417528)
_mview_plantation_etablissements_plantation.fid-2fb68024_1a0f82ae2b1_5125,Savanes,Oti-Sud,Oti-Sud 2,Nali,NALI CENTRE,Plantation Guereke,2021,Prive - individuel,POINT (0.4514916826798789 10.062981411938935)
_mview_plantation_etablissements_plantation.fid-2fb68024_1a0f82ae2b1_5126,Savanes,Oti-Sud,Oti-Sud 2,Takpamba,TAKPAMBA,Plantation Bakpiri,2020,Prive - individuel,POINT (0.5708033333333333 9.960338333333334)
_mview_plantation_etablissements_plantation.fid-2fb68024_1a0f82ae2b1_5127,Savanes,Oti-Sud,Oti-Sud 2,Takpamba,BITCHODO,Plantation Bambadja,2012,Prive - individuel,POINT (0.6120533333333333 9.972710000000001)
_mview_plantation_etablissements_plantation.fid-2fb68024_1a0f82ae2b1_5128,Savanes,Oti-Sud,Oti-Sud 2,Takpamba,BAKPERI,Plantation Eyor,2018,Prive - individuel,POINT (0.5929800000000001 9.970374999999999)
_mview_plantation_etablissements_plantation.fid-2fb68024_1a0f82ae2b1_5129,Savanes,Oti,Oti 2,Loko,KONKOGOU,Plantation Bentigre,2017,Prive - individuel,POINT (0.2392260505026378 10.583695677658838)
_mview_plantation_etablissements_plantation.fid-2fb68024_1a0f82ae2b1_512a,Savanes,Tandjoaré,Tandjoaré 1,Loko,KOUNKOGOU,Plantation Lare,2019,Prive - individuel,POINT (0.2516264567038244 10.590145493146734)
_mview_plantation_etablissements_plantation.fid-2fb68024_1a0f82ae2b1_512b,Savanes,Oti,Oti 2,Loko,KOUNKOGOU,Plantation Bantigre Djadame,2019,Prive - individuel,POINT (0.2402323898111552 10.58071659964123)
_mview_plantation_etablissements_plantation.fid-2fb68024_1a0f82ae2b1_512c,Savanes,Tandjoaré,Tandjoaré 1,Loko,Fiogue,Plantation de Ronier de Lamboni,2000,Prive - individuel,POINT (0.2457133537106462 10.598794644540813)
_mview_plantation_etablissements_plantation.fid-2fb68024_1a0f82ae2b1_512d,Savanes,Tandjoaré,Tandjoaré 1,Loko,Noukperme,Plantation d'Anacades Kaloupo,2008,Prive - individuel,POINT (0.2528380698235443 10.591567727163124)
_mview_plantation_etablissements_plantation.fid-2fb68024_1a0f82ae2b1_512e,Savanes,Tandjoaré,Tandjoaré 1,Loko,Noukperme,Plantation Lare Lardagou,1996,Prive - individuel,POINT (0.2478471207786651 10.593478140588784)
_mview_plantation_etablissements_plantation.fid-2fb68024_1a0f82ae2b1_512f,Savanes,Tône,Tône 1,Pana,PANAPAGOU,Plantation Idem Kodjo,2007,Prive - individuel,POINT (0.2576312114306467 10.779307049576392)
_mview_plantation_etablissements_plantation.fid-2fb68024_1a0f82ae2b1_5130,Savanes,Tandjoaré,Tandjoaré 1,Pligou,TOANGOU,Plantation de Teck À Toangou,Nsp,Domaine public de l Etat ou des collectivites territoriales,POINT (0.2837978256813008 10.694635314417578)
_mview_plantation_etablissements_plantation.fid-2fb68024_1a0f82ae2b1_5131,Savanes,Tandjoaré,Tandjoaré 1,Pligou,BEBEGOU,Plantation de Teck de Djatote Kombate,2011,Prive - individuel,POINT (0.267531009240624 10.650280895187242)
_mview_plantation_etablissements_plantation.fid-2fb68024_1a0f82ae2b1_5132,Savanes,Tandjoaré,Tandjoaré 1,Pligou,BEBEGOU,Plantation d'Anacades Kombate Dametete,1997,Prive - individuel,POINT (0.2689596997553679 10.652829918049482)
_mview_plantation_etablissements_plantation.fid-2fb68024_1a0f82ae2b1_5133,Savanes,Tandjoaré,Tandjoaré 1,Bombouaka,BOULOGOU,Plantation de Teck de Gnoumbli,1973,Prive - individuel,POINT (0.2350031671358808 10.692521327456129)
_mview_plantation_etablissements_plantation.fid-2fb68024_1a0f82ae2b1_5134,Savanes,Tandjoaré,Tandjoaré 1,Bombouaka,Boumbouaka,Plantation de Tickets a Boumbouaka,Nsp,Domaine public de l Etat ou des collectivites territoriales,POINT (0.2035094541943521 10.709124896374314)
_mview_plantation_etablissements_plantation.fid-2fb68024_1a0f82ae2b1_5135,Savanes,Tandjoaré,Tandjoaré 1,Bogou,DIMONG,Plantation d'Anacades Lamboni,2018,Prive - individuel,POINT (0.1718396353508724 10.624064573376076)
_mview_plantation_etablissements_plantation.fid-2fb68024_1a0f82ae2b1_5136,Savanes,Tandjoaré,Tandjoaré 1,Bogou,TONGOULI,Plantation d'Anacades Lamboni,2008,Prive - individuel,POINT (0.1847419824212504 10.663358136536667)
_mview_plantation_etablissements_plantation.fid-2fb68024_1a0f82ae2b1_5137,Savanes,Tandjoaré,Tandjoaré 1,Nandoga,Moumoune,Plantation de Tecks de Lamboni,2015,Prive - individuel,POINT (0.2436104817029084 10.647939896871977)
_mview_plantation_etablissements_plantation.fid-2fb68024_1a0f82ae2b1_5138,Savanes,Tandjoaré,Tandjoaré 1,Nandoga,Moumouane,Plantation d'Anacades et d'Eucalyptus Lamboni,2000,Prive - individuel,POINT (0.2409069877356897 10.647174910549582)
_mview_plantation_etablissements_plantation.fid-2fb68024_1a0f82ae2b1_5139,Savanes,Tandjoaré,Tandjoaré 2,Tampialime,DADJOARE,Plantation de Kolani,1990,Prive - individuel,POINT (0.0195968845658067 10.732582322058088)
_mview_plantation_etablissements_plantation.fid-2fb68024_1a0f82ae2b1_513a,Savanes,Tandjoaré,Tandjoaré 2,Mamproug,LAMBOMONG,Plantation de Laré,1998,Prive - individuel,POINT (-0.043605 10.646891666666667)
_mview_plantation_etablissements_plantation.fid-2fb68024_1a0f82ae2b1_513b,Savanes,Tandjoaré,Tandjoaré 2,Mamproug,NOKDONG,Plantation de Bobnane,2000,Prive - individuel,POINT (-0.0492835810415683 10.679899558114483)
_mview_plantation_etablissements_plantation.fid-2fb68024_1a0f82ae2b1_513c,Savanes,Tandjoaré,Tandjoaré 2,Doukpergou,KONSIDAGOU,Plantation de Wonibangue,1995,Prive - individuel,POINT (0.0820544819680068 10.657573758397852)
_mview_plantation_etablissements_plantation.fid-2fb68024_1a0f82ae2b1_513d,Savanes,Tandjoaré,Tandjoaré 2,Doukpergou,KONSIDAGOU,Plantation de Wonibangue,1995,Prive - individuel,POINT (0.0783362662936452 10.659013060213315)
_mview_plantation_etablissements_plantation.fid-2fb68024_1a0f82ae2b1_513e,Savanes,Tandjoaré,Tandjoaré 2,Doukpergou,MAGNA,Plantation de Kolani,2008,Prive - individuel,POINT (0.0951184477358786 10.646766383742433)
_mview_plantation_etablissements_plantation.fid-2fb68024_1a0f82ae2b1_513f,Savanes,Tandjoaré,Tandjoaré 2,Doukpergou,DOUKPELOU,Plantation de Yare,1990,Prive - individuel,POINT (0.089181242429342 10.671092233172857)
_mview_plantation_etablissements_plantation.fid-2fb68024_1a0f82ae2b1_5140,Savanes,Tandjoaré,Tandjoaré 2,Doukpergou,KONSIDAGOU,Plantation de Kone,2015,Prive - individuel,POINT (0.0743404666725034 10.652372792153598)
_mview_plantation_etablissements_plantation.fid-2fb68024_1a0f82ae2b1_5141,Savanes,Tandjoaré,Tandjoaré 2,Doukpergou,KONSIDAGOU,Plantation de Lare,2006,Prive - individuel,POINT (0.0885392565929126 10.643828119914591)
_mview_plantation_etablissements_plantation.fid-2fb68024_1a0f82ae2b1_5142,Savanes,Tandjoaré,Tandjoaré 2,Doukpergou,SANGOU,Plantation d'Anacades Soikib,2000,Prive - individuel,POINT (0.0838088190155002 10.61585510580417)
_mview_plantation_etablissements_plantation.fid-2fb68024_1a0f82ae2b1_5143,Savanes,Tandjoaré,Tandjoaré 2,Sangou,SANGOU,Plantation d'Anacades Nimombe Doman,1976,Prive - individuel,POINT (0.0686633442971399 10.59150803605329)
_mview_plantation_etablissements_plantation.fid-2fb68024_1a0f82ae2b1_5144,Savanes,Tône,Tône 1,Pana,Panapagou,Plantation de Nakpal,2010,Prive - individuel,POINT (0.2670155577301608 10.781554837870898)
_mview_plantation_etablissements_plantation.fid-2fb68024_1a0f82ae2b1_5145,Savanes,Tône,Tône 1,Pana,Danlore,Plantation de Yark,1998,Prive - individuel,POINT (0.3203941609332527 10.740794955424782)
_mview_plantation_etablissements_plantation.fid-2fb68024_1a0f82ae2b1_5146,Savanes,Tône,Tône 1,Pana,PANA centre,Plantation de Bayakni,1990,Prive - individuel,POINT (0.264090199936127 10.7541839592445)
_mview_plantation_etablissements_plantation.fid-2fb68024_1a0f82ae2b1_5147,Savanes,Tône,Tône 1,Pana,PANA CENTRE,Plantation de Bayakni,2000,Prive - individuel,POINT (0.2641312711912254 10.752582429965479)
_mview_plantation_etablissements_plantation.fid-2fb68024_1a0f82ae2b1_5148,Savanes,Tône,Tône 1,Pana,PANAPAGOU,Plantation de L'école Panapagou,2005,Domaine public de l Etat ou des collectivites territoriales,POINT (0.2556747340981135 10.781777842316611)
_mview_plantation_etablissements_plantation.fid-2fb68024_1a0f82ae2b1_5149,Savanes,Tône,Tône 1,Pana,MOLBAGOU,Plantation de Gangak,2000,Prive - individuel,POINT (0.3120108661811128 10.737888203803472)
_mview_plantation_etablissements_plantation.fid-2fb68024_1a0f82ae2b1_514a,Savanes,Tône,Tône 1,Pana,MOLBAGOU,Plantation de Issaka,1997,Prive - individuel,POINT (0.3124924509998229 10.737313032223268)
_mview_plantation_etablissements_plantation.fid-2fb68024_1a0f82ae2b1_514b,Savanes,Tône,Tône 1,Pana,MOLBAGOU,Plantation de Gangak,2016,Prive - individuel,POINT (0.3106688033494663 10.740091714210028)
_mview_plantation_etablissements_plantation.fid-2fb68024_1a0f82ae2b1_514c,Savanes,Tône,Tône 1,Pana,PANA CENTRE,Plantation de Yendabre,1980,Prive - individuel,POINT (0.2679260493933972 10.750688820505399)
_mview_plantation_etablissements_plantation.fid-2fb68024_1a0f82ae2b1_514d,Savanes,Tône,Tône 1,Pana,PANA CENTRE,Plantation de Tiem,1990,Prive - individuel,POINT (0.2687958461979166 10.751305779009128)
_mview_plantation_etablissements_plantation.fid-2fb68024_1a0f82ae2b1_514e,Savanes,Tône,Tône 1,Pana,PANAPAGOU,Plantation de Kombate,2013,Prive - individuel,POINT (0.2579910897050158 10.767690803926156)
_mview_plantation_etablissements_plantation.fid-2fb68024_1a0f82ae2b1_514f,Savanes,Tône,Tône 1,Pana,PANA CENTRE,Plantation de Teck À Pana Centre,Nsp,Domaine public de l Etat ou des collectivites territoriales,POINT (0.2744840257035843 10.743922979988275)
_mview_plantation_etablissements_plantation.fid-2fb68024_1a0f82ae2b1_5150,Savanes,Tandjoaré,Tandjoaré 2,Lokpano,PAOK,Plantation d'Anacades Lare Bidani,2014,Prive - individuel,POINT (0.0878039122132088 10.578232240244965)
_mview_plantation_etablissements_plantation.fid-2fb68024_1a0f82ae2b1_5151,Savanes,Tandjoaré,Tandjoaré 2,Lokpano,TANYENE,Plantation d'Anacades Kolani Sadémè,2019,Prive - individuel,POINT (0.0738672878990092 10.571337826256617)
_mview_plantation_etablissements_plantation.fid-2fb68024_1a0f82ae2b1_5152,Savanes,Tône,Tône 1,Poissongui,BABIGOU,Plantation de Djangle,2011,Prive - individuel,POINT (0.1895057476984893 11.057926498959077)
_mview_plantation_etablissements_plantation.fid-2fb68024_1a0f82ae2b1_5153,Savanes,Tône,Tône 1,Kourientre,KOURIENTRE,Plantation Djidame,1968,Prive - individuel,POINT (0.235694227172381 11.00836845923119)
_mview_plantation_etablissements_plantation.fid-2fb68024_1a0f82ae2b1_5154,Savanes,Tône,Tône 1,Kourientre,KOURIENTRE,Plantation de Teck de Kourientre,1968,Prive - Collectivite coutumiere,POINT (0.2432560138380689 11.010015232765678)
_mview_plantation_etablissements_plantation.fid-2fb68024_1a0f82ae2b1_5155,Savanes,Tône,Tône 1,Dapaong,PANAPAGOU,Plantation de Kombate,2010,Prive - individuel,POINT (0.2454843238565849 10.790541339831176)
_mview_plantation_etablissements_plantation.fid-2fb68024_1a0f82ae2b1_5156,Savanes,Tône,Tône 1,Dapaong,NADEGRE,Plantation de Neems,1978,Prive - individuel,POINT (0.1856021559881623 10.843647961882576)
_mview_plantation_etablissements_plantation.fid-2fb68024_1a0f82ae2b1_5157,Savanes,Tône,Tône 1,Dapaong,NADEGRE,Plantation de Neems de Sambiani,1980,Prive - individuel,POINT (0.1860395135555337 10.849596658776656)
_mview_plantation_etablissements_plantation.fid-2fb68024_1a0f82ae2b1_5158,Savanes,Tône,Tône 1,Dapaong,DAPAONG,Plantation d'Acacia Du Lycée Dapaong Ville,2008,Domaine public de l Etat ou des collectivites territoriales,POINT (0.2134577739584505 10.847453613174775)
_mview_plantation_etablissements_plantation.fid-2fb68024_1a0f82ae2b1_5159,Savanes,Tône,Tône 1,Dapaong,BOULKOUG,Plantation de Manguier Acacias Et Neems de,2000,Prive - individuel,POINT (0.2327772564729086 10.823224431227029)
_mview_plantation_etablissements_plantation.fid-2fb68024_1a0f82ae2b1_515a,Savanes,Tône,Tône 1,Dapaong,DAPAONG,Plantation du CNT,1980,Prive - Collectivite coutumiere,POINT (0.2146574547050012 10.864328473124331)
_mview_plantation_etablissements_plantation.fid-2fb68024_1a0f82ae2b1_515b,Savanes,Tône,Tône 1,Dapaong,NADEGRE,Plantation de Manguier Et Ronier de Koki,1945,Prive - individuel,POINT (0.1884109090677802 10.838394390905371)
_mview_plantation_etablissements_plantation.fid-2fb68024_1a0f82ae2b1_515c,Savanes,Tône,Tône 1,Dapaong,DAPAONG,Plantation de Neem Du Ceg Dapaong Ville,1980,Domaine public de l Etat ou des collectivites territoriales,POINT (0.2042330698843667 10.85082658738556)
_mview_plantation_etablissements_plantation.fid-2fb68024_1a0f82ae2b1_515d,Savanes,Tône,Tône 1,Dapaong,BOULKOUG,Plantation D'ecaluptus de Nawone,2010,Prive - individuel,POINT (0.2333778893558854 10.823930672548364)
_mview_plantation_etablissements_plantation.fid-2fb68024_1a0f82ae2b1_515e,Savanes,Tône,Tône 1,Dapaong,NASSANBLE,Plantation de Neem Lycee Nassanble Dapaong,1972,Domaine public de l Etat ou des collectivites territoriales,POINT (0.1994639292355729 10.88061126803006)
_mview_plantation_etablissements_plantation.fid-2fb68024_1a0f82ae2b1_515f,Savanes,Tône,Tône 1,Dapaong,DAPAONG VILLE,Plantation de Teck de Dapaong Préfecture,1959,Domaine public de l Etat ou des collectivites territoriales,POINT (0.2020674666917516 10.862627218406477)
_mview_plantation_etablissements_plantation.fid-2fb68024_1a0f82ae2b1_5160,Savanes,Tône,Tône 1,Dapaong,KOUNTONGUE-BONGUE,Plantation de Kombate,2000,Prive - individuel,POINT (0.2150134364911428 10.88249122379692)
_mview_plantation_etablissements_plantation.fid-2fb68024_1a0f82ae2b1_5161,Savanes,Tône,Tône 1,Dapaong,DAPAONG,"Plantation de Manguier, Cocotiers Citronnier Orangier Bananier Papayes de Kporgou",1900,Prive - Collectivite coutumiere,POINT (0.2148918575252164 10.862109126626418)
_mview_plantation_etablissements_plantation.fid-2fb68024_1a0f82ae2b1_5162,Savanes,Tône,Tône 1,Dapaong,TANIKAGOU,Plantation de Teck de Goudo,1900,Prive - individuel,POINT (0.1863111719421146 10.954405302959486)
_mview_plantation_etablissements_plantation.fid-2fb68024_1a0f82ae2b1_5163,Savanes,Tône,Tône 1,Dapaong,TANIKAGOU,Plantation de L'anacarde de Yark,2012,Prive - individuel,POINT (0.1871398608692774 10.972160192670703)
_mview_plantation_etablissements_plantation.fid-2fb68024_1a0f82ae2b1_5164,Savanes,Tône,Tône 1,Dapaong,NANOUM,Plantation de Dago,2007,Prive - individuel,POINT (0.170100496013383 10.96312041457369)
_mview_plantation_etablissements_plantation.fid-2fb68024_1a0f82ae2b1_5165,Savanes,Tône,Tône 1,Dapaong,NANOUM,Plantation de Manguier de Nanoum,1950,Prive - individuel,POINT (0.1713937320227829 10.970116126794421)
_mview_plantation_etablissements_plantation.fid-2fb68024_1a0f82ae2b1_5166,Savanes,Tône,Tône 1,Toaga,TOAGA Centre,Plantation de Samoni,2021,Prive - individuel,POINT (0.2437699505210188 10.899838814983907)
_mview_plantation_etablissements_plantation.fid-2fb68024_1a0f82ae2b1_5167,Savanes,Tône,Tône 1,Toaga,Toaga Centre,Plantation de Lare,2017,Prive - individuel,POINT (0.252546671481772 10.886561259365896)
_mview_plantation_etablissements_plantation.fid-2fb68024_1a0f82ae2b1_5168,Savanes,Tône,Tône 1,Toaga,TOAGA-CENTRE,Plantation de Toaga Centre,2017,Prive - individuel,POINT (0.2526083050971718 10.887331384503335)
_mview_plantation_etablissements_plantation.fid-2fb68024_1a0f82ae2b1_5169,Savanes,Tône,Tône 1,Toaga,TOAGA-CENTRE,Plantation de Douti,2016,Prive - individuel,POINT (0.2473036281026264 10.90588750079371)
_mview_plantation_etablissements_plantation.fid-2fb68024_1a0f82ae2b1_516a,Savanes,Tône,Tône 1,Toaga,OSSAONGUE,Plantation de Watara,Nsp,Prive - individuel,POINT (0.2522606389673768 10.901155072416605)
_mview_plantation_etablissements_plantation.fid-2fb68024_1a0f82ae2b1_516b,Savanes,Tône,Tône 1,Toaga,NAPALE,Plantation Aspad Won-manou,2008,Prive - Collectivite coutumiere,POINT (0.257431185354417 10.873245748671726)
_mview_plantation_etablissements_plantation.fid-2fb68024_1a0f82ae2b1_516c,Savanes,Tône,Tône 1,Toaga,BOUNKONGUE,Plantation de L'epc Toaga,1895,Domaine prive de l Etat ou des collectivites territoriales,POINT (0.2369885381728494 10.88261865625551)
_mview_plantation_etablissements_plantation.fid-2fb68024_1a0f82ae2b1_516d,Savanes,Tône,Tône 1,Toaga,BOUNKONGUE,Plantation de Namilide,1895,Prive - individuel,POINT (0.2357791474495313 10.884062849797827)
_mview_plantation_etablissements_plantation.fid-2fb68024_1a0f82ae2b1_516e,Savanes,Tône,Tône 1,Toaga,NANBONGA BAS,Plantation de Tickets de Yandja,Nsp,Prive - individuel,POINT (0.2640843209758068 10.886892562616342)
_mview_plantation_etablissements_plantation.fid-2fb68024_1a0f82ae2b1_516f,Savanes,Tône,Tône 1,Toaga,Nambonga bas,Plantation de Teck de Laguitiedo,Nsp,Prive - individuel,POINT (0.2628684709335178 10.886771350408468)
_mview_plantation_etablissements_plantation.fid-2fb68024_1a0f82ae2b1_5170,Savanes,Tône,Tône 1,Bidjenga,NADJIEGOU,Plantation de Teck À Nadjiegou,Nsp,Domaine public de l Etat ou des collectivites territoriales,POINT (0.2763559333682513 10.73503693011202)
_mview_plantation_etablissements_plantation.fid-2fb68024_1a0f82ae2b1_5171,Savanes,Tône,Tône 1,Bidjenga,DJABARGOU,Plantation de Teck de Bouare,Nsp,Prive - individuel,POINT (0.2446590886168576 10.699249874236378)
_mview_plantation_etablissements_plantation.fid-2fb68024_1a0f82ae2b1_5172,Savanes,Tône,Tône 1,Bidjenga,BOULOGOU,Plantation de Teck de Boulogou,1960,Prive - Collectivite coutumiere,POINT (0.2407785838642408 10.695072818781236)
_mview_plantation_etablissements_plantation.fid-2fb68024_1a0f82ae2b1_5173,Savanes,Tône,Tône 1,Bidjenga,BOULOGOU,Plantation de Teck de Lamboni,1960,Prive - individuel,POINT (0.2385324020693786 10.698418281169618)
_mview_plantation_etablissements_plantation.fid-2fb68024_1a0f82ae2b1_5174,Savanes,Tône,Tône 2,Nanergou,Kounsogou,Plantation d'Anacades Tchengue,1974,Prive - individuel,POINT (0.1572510964094708 10.90936746101295)
_mview_plantation_etablissements_plantation.fid-2fb68024_1a0f82ae2b1_5175,Savanes,Tône,Tône 2,Nanergou,NANERGOU CENTRE,Plantatation D'eucalyptus Kondame,1980,autre,POINT (0.1528989470636408 10.907529312715386)
_mview_plantation_etablissements_plantation.fid-2fb68024_1a0f82ae2b1_5176,Savanes,Tône,Tône 2,Nanergou,NANERGOU CENTRE,Plantation de Ronier de Tchantague,Nsp,autre,POINT (0.1462465467308218 10.909360050006311)
_mview_plantation_etablissements_plantation.fid-2fb68024_1a0f82ae2b1_5177,Savanes,Tône,Tône 2,Nanergou,MORDJOAK,Plantation de Teck de Mordjoak,Nsp,Domaine public de l Etat ou des collectivites territoriales,POINT (0.1385391517968081 10.910971004265017)
_mview_plantation_etablissements_plantation.fid-2fb68024_1a0f82ae2b1_5178,Savanes,Tône,Tône 2,Nanergou,Behoungague,Plantation de Teck de Behoungague,Nsp,Prive - Collectivite coutumiere,POINT (0.1429233974827707 10.92041140901557)
_mview_plantation_etablissements_plantation.fid-2fb68024_1a0f82ae2b1_5179,Savanes,Tône,Tône 2,Nanergou,BABOGOU,Plantation de Kombate,1957,Prive - individuel,POINT (0.14271775211936 10.938744158033199)
_mview_plantation_etablissements_plantation.fid-2fb68024_1a0f82ae2b1_517a,Savanes,Tône,Tône 2,Nanergou,DJIEPIENI,Plantation de Dambiale,1987,Prive - individuel,POINT (0.1418731198480982 10.976945298864257)
_mview_plantation_etablissements_plantation.fid-2fb68024_1a0f82ae2b1_517b,Savanes,Tône,Tône 2,Namaré,KONGO MOBA,Plantation de Teck À Kongo Moba,Nsp,Domaine public de l Etat ou des collectivites territoriales,POINT (0.052508895512269 10.98380703422221)
_mview_plantation_etablissements_plantation.fid-2fb68024_1a0f82ae2b1_517c,Savanes,Tône,Tône 2,Namaré,NAMARE CENTRE,Plantation de Teck À Namare Centre,Nsp,Domaine public de l Etat ou des collectivites territoriales,POINT (0.0841112014529539 10.976461949951307)
_mview_plantation_etablissements_plantation.fid-2fb68024_1a0f82ae2b1_517d,Savanes,Tône,Tône 2,Namaré,NANDJAK,Plantation d'Eucalyptus Komi À Nandjak,2021,Domaine public de l Etat ou des collectivites territoriales,POINT (0.0931966041134345 10.987297472189587)
_mview_plantation_etablissements_plantation.fid-2fb68024_1a0f82ae2b1_517e,Savanes,Tône,Tône 4,Korbongou,PAPRI,Plantation d'Anacades Blimpo,2019,Prive - individuel,POINT (0.4090451854278598 10.985995730336871)
_mview_plantation_etablissements_plantation.fid-2fb68024_1a0f82ae2b1_517f,Savanes,Tône,Tône 4,Korbongou,PAPRI,Plantation d'Anacades Blimpo Madja,2019,Prive - individuel,POINT (0.4077093414315236 10.9857312153208)
_mview_plantation_etablissements_plantation.fid-2fb68024_1a0f82ae2b1_5180,Savanes,Tône,Tône 2,Naki-Ouest,KONKONMONI,Plantation de Tecks Konkonmoni,1997,Domaine public de l Etat ou des collectivites territoriales,POINT (0.0792060205211391 10.902453128573462)
_mview_plantation_etablissements_plantation.fid-2fb68024_1a0f82ae2b1_5181,Savanes,Tône,Tône 2,Naki-Ouest,PALATE,Plantation de Nime Et Acasia de Kombate Yendoukoua,2018,Prive - individuel,POINT (0.0061198991345582 10.921625703065628)
_mview_plantation_etablissements_plantation.fid-2fb68024_1a0f82ae2b1_5182,Savanes,Tône,Tône 2,Naki-Ouest,NAKI-CENTRE,Plantation de Teck de Naki-centre,Nsp,Domaine public de l Etat ou des collectivites territoriales,POINT (0.0943449592924905 10.90951255057122)
_mview_plantation_etablissements_plantation.fid-2fb68024_1a0f82ae2b1_5183,Savanes,Tône,Tône 2,Naki-Ouest,KARIATA,Plantation de Teck de Kariata,Nsp,Domaine public de l Etat ou des collectivites territoriales,POINT (0.0540659614803855 10.888477597183648)
_mview_plantation_etablissements_plantation.fid-2fb68024_1a0f82ae2b1_5184,Savanes,Tône,Tône 2,Naki-Ouest,KONKONMONI,Plantation de Teck de Konkonmoni,1997,Domaine public de l Etat ou des collectivites territoriales,POINT (0.0802473830185472 10.901877940809948)
_mview_plantation_etablissements_plantation.fid-2fb68024_1a0f82ae2b1_5185,Savanes,Tône,Tône 2,Naki-Ouest,BARSIGNONGUE,Plantation d'Eucalyptus Barsignongue,1989,autre,POINT (0.0806960438292432 10.915917150477176)
_mview_plantation_etablissements_plantation.fid-2fb68024_1a0f82ae2b1_5186,Savanes,Tône,Tône 4,Kantindi,Dankpante,Plantation de Tecks de Lare,1980,Prive - individuel,POINT (0.2603768818766007 10.920397026050404)
_mview_plantation_etablissements_plantation.fid-2fb68024_1a0f82ae2b1_5187,Savanes,Tône,Tône 2,Naki-Ouest,Sankpé-diguéte,Plantation de Manguier de Namgoli,1986,Prive - individuel,POINT (0.0803305272340884 10.91055785526416)
_mview_plantation_etablissements_plantation.fid-2fb68024_1a0f82ae2b1_5188,Savanes,Tône,Tône 2,Naki-Ouest,BONNABE,Plantation d'Eucalyptus Bonnabe,2021,Domaine public de l Etat ou des collectivites territoriales,POINT (0.1191398008890016 10.9063552750139)
_mview_plantation_etablissements_plantation.fid-2fb68024_1a0f82ae2b1_5189,Savanes,Tône,Tône 2,Naki-Ouest,Dontougou,Plantation de Tecks à Dontougou,Nsp,Domaine public de l Etat ou des collectivites territoriales,POINT (0.1058017830894422 10.95573774932846)
_mview_plantation_etablissements_plantation.fid-2fb68024_1a0f82ae2b1_518a,Savanes,Tône,Tône 2,Naki-Ouest,YOBRE,Plantation de Teck À Yobre,Nsp,Domaine public de l Etat ou des collectivites territoriales,POINT (0.1012114711831541 10.96322798288406)
_mview_plantation_etablissements_plantation.fid-2fb68024_1a0f82ae2b1_518b,Savanes,Tône,Tône 3,Nioukpourma,NOUKPROUMA,Plantation de Noukprouma,Nsp,Nsp,POINT (0.1358239336786523 10.819921382018032)
_mview_plantation_etablissements_plantation.fid-2fb68024_1a0f82ae2b1_518c,Savanes,Tône,Tône 3,Nioukpourma,WAGANTE,Plantation de Sangbante,2007,Prive - individuel,POINT (0.1053266666666667 10.875158333333331)
_mview_plantation_etablissements_plantation.fid-2fb68024_1a0f82ae2b1_518d,Savanes,Tône,Tône 3,Tami,Namongue,Plantation  Kombate,2001,Prive - individuel,POINT (-0.015933912850355 10.850491453683336)
_mview_plantation_etablissements_plantation.fid-2fb68024_1a0f82ae2b1_518e,Savanes,Tône,Tône 3,Tami,Namongue,Plantation de Daouda,2000,Prive - individuel,POINT (-0.0226050177678076 10.855481566957712)
_mview_plantation_etablissements_plantation.fid-2fb68024_1a0f82ae2b1_518f,Savanes,Tône,Tône 3,Tami,Namongue,Plantation de Kolani,2002,Prive - individuel,POINT (-0.0225078856516537 10.860982156763619)
_mview_plantation_etablissements_plantation.fid-2fb68024_1a0f82ae2b1_5190,Savanes,Tône,Tône 3,Tami,Namongue,Plantation de Kolani,2002,Prive - individuel,POINT (-0.0290831617802152 10.85392021488007)
_mview_plantation_etablissements_plantation.fid-2fb68024_1a0f82ae2b1_5191,Savanes,Tône,Tône 3,Tami,TAMI ZONGO,Plantation de Biguetame,Nsp,Prive - Collectivite coutumiere,POINT (0.0188996468135151 10.846014207090997)
_mview_plantation_etablissements_plantation.fid-2fb68024_1a0f82ae2b1_5192,Savanes,Tône,Tône 3,Tami,NATCHARE,Plantation Pamane,1970,Prive - Collectivite coutumiere,POINT (0.0324179330354454 10.860899700290597)
_mview_plantation_etablissements_plantation.fid-2fb68024_1a0f82ae2b1_5193,Savanes,Tône,Tône 3,Tami,TAMI ZONGO,Plantation de Tami Zongo,Nsp,Domaine public de l Etat ou des collectivites territoriales,POINT (0.0178407927337964 10.845698829657879)
_mview_plantation_etablissements_plantation.fid-2fb68024_1a0f82ae2b1_5194,Savanes,Tône,Tône 3,Lotogou,KANDO,Plantation de Wenedonte,2004,Prive - individuel,POINT (0.01706 10.799616666666669)
_mview_plantation_etablissements_plantation.fid-2fb68024_1a0f82ae2b1_5195,Savanes,Tône,Tône 3,Lotogou,LOTOGOU CENTRE,Plantation de Lare,1981,Prive - individuel,POINT (0.0246760785568925 10.801482432863558)
_mview_plantation_etablissements_plantation.fid-2fb68024_1a0f82ae2b1_5196,Savanes,Tône,Tône 3,Lotogou,LOTOGOU CENTRE,Plantation de Niyouh,1999,Prive - individuel,POINT (0.0250674566913977 10.791981072969362)
_mview_plantation_etablissements_plantation.fid-2fb68024_1a0f82ae2b1_5197,Savanes,Tône,Tône 3,Lotogou,DASSOUTE,Plantation de Bodjo,2016,Prive - individuel,POINT (0.0416147787288874 10.77067143612027)
_mview_plantation_etablissements_plantation.fid-2fb68024_1a0f82ae2b1_5198,Savanes,Tône,Tône 3,Lotogou,DASSOUTE,Plantation de Kondouk,2010,Prive - Collectivite coutumiere,POINT (0.0440654776886415 10.772496926420322)
_mview_plantation_etablissements_plantation.fid-2fb68024_1a0f82ae2b1_5199,Savanes,Tône,Tône 3,Lotogou,DASSOUTE,Plantation de Dassoute,Nsp,Prive - individuel,POINT (0.0432048330964094 10.765783672969608)
_mview_plantation_etablissements_plantation.fid-2fb68024_1a0f82ae2b1_519a,Savanes,Tône,Tône 3,Lotogou,DASSOUTE,Plantation de Niatibou,2010,Prive - individuel,POINT (0.0396051022185903 10.764182697098722)
_mview_plantation_etablissements_plantation.fid-2fb68024_1a0f82ae2b1_519b,Savanes,Tône,Tône 3,Lotogou,POUKPERA,Plantation de Kamou,2016,Prive - Collectivite coutumiere,POINT (0.0614783333333333 10.802858333333331)
_mview_plantation_etablissements_plantation.fid-2fb68024_1a0f82ae2b1_519c,Savanes,Tône,Tône 3,Lotogou,MAGOU,Plantation de Gbandjaba,2015,Prive - individuel,POINT (0.0564491539091809 10.810161622773743)
_mview_plantation_etablissements_plantation.fid-2fb68024_1a0f82ae2b1_519d,Savanes,Tône,Tône 3,Warkambou,LOTOGOU CENTRE,Plantation Kombate Yao,2005,Prive - individuel,POINT (0.0154423950794123 10.791224945242666)
_mview_plantation_etablissements_plantation.fid-2fb68024_1a0f82ae2b1_519e,Savanes,Tône,Tône 3,Warkambou,WARKABOU HAUT,Plantation de Kombongou,Nsp,Prive - Collectivite coutumiere,POINT (-0.0139436967025188 10.807000168704127)
_mview_plantation_etablissements_plantation.fid-2fb68024_1a0f82ae2b1_519f,Savanes,Tône,Tône 3,Warkambou,WARKAMBOU HAUT,Plantation de Epp Warkanbou,Nsp,Domaine public de l Etat ou des collectivites territoriales,POINT (-0.0125692925421623 10.803928891927756)
_mview_plantation_etablissements_plantation.fid-2fb68024_1a0f82ae2b1_51a0,Savanes,Tône,Tône 4,Louanga,LOUANGA CENTRE,Plantation de Teck de Nouandi,2002,Prive - individuel,POINT (0.3258120265787373 10.893609758707672)
_mview_plantation_etablissements_plantation.fid-2fb68024_1a0f82ae2b1_51a1,Savanes,Tône,Tône 4,Louanga,LOUANGA 2,Plantation d'Anacades Louanbole,2020,Prive - Collectivite coutumiere,POINT (0.3153789575804337 10.895924706155398)
_mview_plantation_etablissements_plantation.fid-2fb68024_1a0f82ae2b1_51a2,Savanes,Tône,Tône 4,Kantindi,Kantindi centre,Plantation Kantindi Entre,Nsp,Domaine public de l Etat ou des collectivites territoriales,POINT (0.2762226890525632 10.893266835952739)
_mview_plantation_etablissements_plantation.fid-2fb68024_1a0f82ae2b1_51a3,Savanes,Tône,Tône 4,Kantindi,Kontingue,Plantation d'Anacades Labitié,2000,Prive - individuel,POINT (0.2722902402508259 10.872099786398442)
_mview_plantation_etablissements_plantation.fid-2fb68024_1a0f82ae2b1_51a4,Savanes,Tône,Tône 4,Kantindi,Kontingue,Plantation d'Anacades Labite Lankondjoa,2016,Prive - individuel,POINT (0.27446 10.872648333333332)
