FID,region_nom_bdd,prefecture_nom_bdd,commune_nom_bdd,canton_nom_bdd,nom_localite,marche_nom,jour,organisme,geometry
_mview_marche_marches.fid-2fb68024_1a0f82ccff9_68a6,Maritime,Agoè-Nyivé,Agoè-Nyivé 3,Vakpossito,Vakpossito,Marché de Vakpossito,"{lundi,mardi,mercredi,jeudi,vendredi,samedi,dimanche}",Non,"MULTIPOLYGON (((1.163437915407828 6.2172876530162045, 1.1637067235937115 6.217401180876223, 1.1638402492285291 6.217144433219377, 1.1636786129337497 6.2170081997179105, 1.1635117058902276 6.217147926385619, 1.163437915407828 6.2172876530162045)))"
_mview_marche_marches.fid-2fb68024_1a0f82ccff9_68a7,Maritime,Agoè-Nyivé,Agoè-Nyivé 4,Togblekope,Zongo,Marché de Haoussa Zongo,"{lundi,mardi,mercredi,jeudi,vendredi,samedi}",Oui,"MULTIPOLYGON (((1.206981257825946 6.25500408784298, 1.207454654935421 6.254127099168133, 1.208605870633464 6.253849029281122, 1.2082723408517884 6.2567794506561105, 1.2075622451875752 6.256961264579677, 1.206981257825946 6.25500408784298)))"
_mview_marche_marches.fid-2fb68024_1a0f82ccff9_68a8,Maritime,Agoè-Nyivé,Agoè-Nyivé 4,Togblekope,Togble Kope,Marché d'ademessime,"{lundi,mardi,mercredi,jeudi,vendredi}",Oui,"MULTIPOLYGON (((1.2109974337157352 6.278723735930782, 1.2113751233989445 6.278540075156824, 1.2112881732560474 6.278056614868656, 1.2111876371533228 6.278099829214354, 1.2111930715372536 6.278170052518469, 1.2110001509077006 6.27832400357512, 1.2108941804210447 6.278494159953213, 1.2109974337157352 6.278723735930782)))"
_mview_marche_marches.fid-2fb68024_1a0f82ccff9_68a9,Maritime,Agoè-Nyivé,Agoè-Nyivé 4,Togblekope,Djikame,Marché de Djikame,"{lundi,mardi,mercredi,jeudi,vendredi,samedi,dimanche}",Non,"MULTIPOLYGON (((1.2244494371509467 6.24175843464053, 1.224441259519431 6.242085430103794, 1.2247446937514028 6.242074846409589, 1.2247500171589816 6.241767919184622, 1.2244494371509467 6.24175843464053)))"
_mview_marche_marches.fid-2fb68024_1a0f82ccff9_68aa,Maritime,Agoè-Nyivé,Agoè-Nyivé 5,Sanguera,Sanguera,Marché de Sanguera,"{vendredi,lundi,mardi,mercredi,jeudi,samedi,dimanche}",Oui,"MULTIPOLYGON (((1.1130506294637423 6.229748979166772, 1.1133173994718644 6.230101687953791, 1.1132453715696715 6.230335059050996, 1.1126851545526155 6.230677159676387, 1.112437058445062 6.230255500734063, 1.1130506294637423 6.229748979166772)))"
_mview_marche_marches.fid-2fb68024_1a0f82ccff9_68ab,Maritime,Avé,Avé 1,Tovégan,Atti Setekpe,Marché de Atti Setekpe,{mardi},Non,"MULTIPOLYGON (((0.8509383333333334 6.548768333333333, 0.8509383333333334 6.548586666666667, 0.8508600000000001 6.548576666666666, 0.8508266666666666 6.5486, 0.850795 6.5487, 0.8509383333333334 6.548768333333333)))"
_mview_marche_marches.fid-2fb68024_1a0f82ccff9_68ac,Maritime,Agoè-Nyivé,Agoè-Nyivé 5,Sanguera,Attigankope,Marché de Sangnrame,"{dimanche,samedi,vendredi,jeudi,mercredi,mardi,lundi}",Oui,"MULTIPOLYGON (((1.1300608406771129 6.240270461348419, 1.1301773071825618 6.24033992719544, 1.130335701629973 6.2404418104210775, 1.130517389378474 6.240594635222388, 1.1306105625828335 6.240608528383934, 1.1307642983700266 6.240423286199707, 1.1308947408561298 6.240261199234785, 1.1307689570302444 6.240085219044675, 1.1306059039226155 6.24004817057607, 1.1304428508149866 6.240025015281859, 1.1302332111051776 6.240113005394414, 1.1300608406771129 6.240270461348419)))"
_mview_marche_marches.fid-2fb68024_1a0f82ccff9_68ad,Maritime,Agoè-Nyivé,Agoè-Nyivé 5,Sanguera,Zossimè,Marché Zossimè,"{dimanche,samedi,vendredi,jeudi,mercredi,mardi,lundi}",Non,"MULTIPOLYGON (((1.1505011301404016 6.2334067191987215, 1.1505931453931193 6.233170232518574, 1.1507726873496422 6.233315247948286, 1.1506716949990983 6.233404488192802, 1.1505011301404016 6.2334067191987215)))"
_mview_marche_marches.fid-2fb68024_1a0f82ccff9_68ae,Maritime,Agoè-Nyivé,Agoè-Nyivé 5,Sanguera,Konyito,Marché de Konyito,"{lundi,samedi}",Oui,"MULTIPOLYGON (((1.1158335782382223 6.275931917032322, 1.1157943065632108 6.275730229348049, 1.1155946755485666 6.27534799844189, 1.1159366663851287 6.275201612063144, 1.1161852189751924 6.27513557871115, 1.1163815278457616 6.275617497083184, 1.1163882201936217 6.2758163252386865, 1.1157833085647206 6.276129525970567, 1.1157695323733803 6.276103061885762, 1.1158370356988496 6.2760023675089585, 1.1158335782382223 6.275931917032322)))"
_mview_marche_marches.fid-2fb68024_1a0f82ccff9_68af,Maritime,Agoè-Nyivé,Agoè-Nyivé 6,Adétikopé,Adeticope,Marché Adeticope,"{lundi,jeudi}",Non,"MULTIPOLYGON (((1.2185333833002854 6.3234899488413125, 1.2182449909468342 6.322008985059993, 1.2195828110308977 6.321467556382308, 1.2202397047248694 6.322430980548058, 1.2185333833002856 6.323481986681785, 1.2185333833002856 6.323481986681785, 1.2185333833002854 6.3234899488413125)))"
_mview_marche_marches.fid-2fb68024_1a0f82ccff9_68b0,Maritime,Agoè-Nyivé,Agoè-Nyivé 6,Adétikopé,Adoglové,Marché Adoglové,"{mercredi,samedi}",Non,"MULTIPOLYGON (((1.2185006232616833 6.346773046809958, 1.218318993656878 6.346666162085481, 1.2186655238239401 6.346281376893738, 1.2187300501309104 6.346350258214613, 1.2187204906780258 6.346414389091289, 1.2188041358907649 6.346464268656518, 1.2184958435352402 6.3467849228890865, 1.2184958435352402 6.3467849228890865, 1.2184958435352402 6.3467849228890865, 1.2185006232616833 6.346773046809958)))"
_mview_marche_marches.fid-2fb68024_1a0f82ccff9_68b1,Maritime,Avé,Avé 1,Kévé,Ablaganme,Marché de Keve,{mercredi},Oui,"MULTIPOLYGON (((0.9311133333333333 6.4311050000000005, 0.9310550000000001 6.4311050000000005, 0.9307333333333333 6.430821666666666, 0.9310633333333332 6.430518333333334, 0.9313 6.430925, 0.9311133333333333 6.4311050000000005)))"
_mview_marche_marches.fid-2fb68024_1a0f82ccff9_68b2,Maritime,Avé,Avé 1,Assahoun,Yovokome,Ancien Marché d'assahoun,"{dimanche,vendredi,jeudi,mercredi,mardi,lundi}",Non,"MULTIPOLYGON (((0.9141766666666666 6.453216666666666, 0.9155483333333333 6.452326793035535, 0.9155483333333333 6.452326793035535, 0.9155483333333333 6.452326793035535, 0.9155483333333333 6.452326793035535, 0.9155483333333333 6.452326793035535, 0.9155483333333333 6.452326793035535, 0.9155483333333333 6.452326793035535, 0.9155483333333333 6.452326793035535, 0.9155483333333333 6.452326793035535, 0.9155483333333333 6.452326793035535, 0.9155483333333333 6.452326793035535, 0.9155483333333333 6.452326793035535, 0.9155483333333333 6.452326793035535, 0.9155483333333333 6.452326793035535, 0.9155483333333333 6.452326793035535, 0.9155483333333333 6.452326793035535, 0.9155483333333333 6.452326793035535, 0.9155483333333333 6.452326793035535, 0.9160699999999999 6.4525500000000005, 0.9144933333333333 6.453991666666667, 0.9141763426727517 6.453219293152526, 0.9141763426727517 6.453219293152526, 0.9141763426727517 6.453219293152526, 0.9141763426727517 6.453219293152526, 0.9141763426727517 6.453219293152526, 0.9141763426727517 6.453219293152526, 0.9141763426727517 6.453219293152526, 0.9141763426727517 6.453219293152526, 0.9141763426727517 6.453219293152526, 0.9141763426727517 6.453219293152526, 0.9141763426727517 6.453219293152526, 0.9141763426727517 6.453219293152526, 0.9141766666666666 6.453216666666666)))"
_mview_marche_marches.fid-2fb68024_1a0f82ccff9_68b3,Maritime,Golfe,Golfe 1,Bè-Est,Akodessewa,Marché de Fetiches,"{lundi,mardi,mercredi,jeudi,vendredi,samedi,dimanche}",Oui,"MULTIPOLYGON (((1.266926873804009 6.15785150161255, 1.266911484540236 6.157297624312816, 1.267400863128209 6.157416968089205, 1.2675916899989912 6.1577933598236925, 1.2675455222076728 6.1579402443306375, 1.266926873804009 6.15785150161255)))"
_mview_marche_marches.fid-2fb68024_1a0f82ccff9_68b4,Maritime,Avé,Avé 1,Assahoun,Kpetchoume,Marché de Assahoun,{samedi},Non,"MULTIPOLYGON (((0.9099966666666667 6.448638333333334, 0.9115045320025474 6.44691376981175, 0.9114611509102486 6.446928138732863, 0.9114611509102486 6.446928138732863, 0.9114611509102486 6.446928138732863, 0.9084120009794237 6.445731293483174, 0.9076677132845767 6.447586601953227, 0.9077139864496954 6.447580854392296, 0.9099966666666667 6.448638333333334)))"
_mview_marche_marches.fid-2fb68024_1a0f82ccff9_68b5,Maritime,Avé,Avé 1,Tovégan,Tovegan,Marché Tovegan,{mardi},Oui,"MULTIPOLYGON (((0.893984151922127 6.565822080911013, 0.8934594622153391 6.565282379944977, 0.893972755653618 6.565057341521219, 0.8940691487875672 6.565299138121398, 0.8942788038539065 6.565260833717318, 0.8943053119657426 6.565576844962846, 0.893984151922127 6.565822080911013)))"
_mview_marche_marches.fid-2fb68024_1a0f82ccff9_68b6,Maritime,Avé,Avé 1,Ando,Batoume,Marché de Batoume,{samedi},Non,"MULTIPOLYGON (((0.753195 6.477923333333333, 0.753765 6.47811, 0.753765 6.47811, 0.753765 6.47811, 0.753765 6.47811, 0.753765 6.47811, 0.753765 6.47811, 0.753765 6.47811, 0.7535833333333334 6.47852, 0.7530059032799299 6.478020653648478, 0.7531952903795283 6.477922266207638, 0.753195 6.477923333333333)))"
_mview_marche_marches.fid-2fb68024_1a0f82ccff9_68b7,Maritime,Avé,Avé 1,Zolo,Edana,Marché de Dzolo,{vendredi},Non,"MULTIPOLYGON (((0.8853668803224949 6.376366242401923, 0.8852878119677502 6.375990014467949, 0.8856016893759784 6.375937628278033, 0.8856879457629726 6.376332905760693, 0.885369276333245 6.376363861213335, 0.885369276333245 6.376363861213335, 0.885369276333245 6.376363861213335, 0.8853668803224949 6.376366242401923)))"
_mview_marche_marches.fid-2fb68024_1a0f82ccff9_68b8,Maritime,Bas-Mono,Bas-Mono 1,Afagnan-Gbléta,Ametogan Kope,Marché de Afagnan Gbleta,"{mercredi,samedi}",Non,"MULTIPOLYGON (((1.6063447848879795 6.487253588818542, 1.6059511401294349 6.486885595431535, 1.606054842243245 6.485918297246974, 1.6069648812011708 6.486727883897692, 1.6063490176273185 6.487253588818539, 1.6063447848879795 6.487253588818542)))"
_mview_marche_marches.fid-2fb68024_1a0f82ccff9_68b9,Maritime,Bas-Mono,Bas-Mono 1,Afagnan-Gbléta,Zooti,Nouveau Marché de Zooti,Nsp,Oui,"MULTIPOLYGON (((1.6056616666666665 6.40696, 1.6062816666666668 6.406815, 1.6062333333333334 6.406668333333332, 1.6060116666666668 6.406406666666667, 1.6055916666666668 6.406498333333333, 1.6056616666666665 6.40696)))"
_mview_marche_marches.fid-2fb68024_1a0f82ccff9_68ba,Maritime,Bas-Mono,Bas-Mono 1,Afagnan-Gbléta,Zooti,Ancien Marché de Zooti,{mercredi},Non,"MULTIPOLYGON (((1.6080682371229893 6.418368376896671, 1.6075958334504872 6.418466392397877, 1.6075958334504872 6.418466392397877, 1.607764549047809 6.418021453457983, 1.6079488383925764 6.418076909636912, 1.6080682371229893 6.418368376896671)))"
_mview_marche_marches.fid-2fb68024_1a0f82ccff9_68bb,Plateaux,Kloto,Kloto 1,Agome-Kpalime,Château,Marché Chateau de Kpalime,"{mardi,samedi}",Oui,"MULTIPOLYGON (((0.6418283333333333 6.917401666666666, 0.64183 6.9174483333333345, 0.6405949999999999 6.918591666666667, 0.63873 6.918751666666666, 0.6386433333333333 6.918684999999999, 0.6382016666666667 6.91601, 0.6381916666666666 6.915978333333333, 0.6391749999999999 6.915535, 0.6418283333333333 6.917401666666666)))"
_mview_marche_marches.fid-2fb68024_1a0f82ccff9_68bc,Plateaux,Kloto,Kloto 1,Agome-Kpalime,Dome,Grand Marché de Kpalime,"{mardi,jeudi,samedi}",Oui,"MULTIPOLYGON (((0.6330016666666667 6.90597, 0.6339766666666667 6.905588333333332, 0.6341 6.904021666666667, 0.6353033333333333 6.904128333333333, 0.6353449999999999 6.905261666666666, 0.6349783333333333 6.908881666666668, 0.6338633333333333 6.910255000000001, 0.632075 6.908605, 0.6325083333333333 6.906658333333333, 0.6332966666666666 6.906725, 0.6332446441392536 6.90659525779885, 0.6332446441392536 6.90659525779885, 0.6330016666666667 6.90597)))"
_mview_marche_marches.fid-2fb68024_1a0f82ccff9_68bd,Maritime,Avé,Avé 2,Noépé,Nsp,Marché de Noepe,{jeudi},Non,"MULTIPOLYGON (((1.03724601402779 6.260516569433802, 1.0364376495853898 6.261333987219415, 1.03574241280901 6.263208456240333, 1.035303974098138 6.262646074349868, 1.0358033379991325 6.261729672610747, 1.0362882971722138 6.261166466577297, 1.0354096087695022 6.260755994000764, 1.0351935378508024 6.260221424580227, 1.0354336166493576 6.25960094153102, 1.0362402814125027 6.259142738190803, 1.03724601402779 6.260516569433802)))"
_mview_marche_marches.fid-2fb68024_1a0f82ccff9_68be,Maritime,Avé,Avé 2,Aképé,Adidome,Marché d'adidome,"{mardi,vendredi}",Non,"MULTIPOLYGON (((1.08449 6.2909049999999995, 1.08392 6.289606666666667, 1.0833799999999998 6.289885, 1.083775 6.291363333333334, 1.0844898972846784 6.290904447964746, 1.0844898972846784 6.290904447964746, 1.084489284033363 6.290904541742982, 1.08449 6.2909049999999995)))"
_mview_marche_marches.fid-2fb68024_1a0f82ccff9_68bf,Maritime,Avé,Avé 2,Badja,Badja,Marché de Badja,{mardi},Oui,"MULTIPOLYGON (((0.9862763722921087 6.3748047165126565, 0.9870471469106372 6.375455917680173, 0.9877800456265353 6.374723786830022, 0.9871475180526078 6.374083877261812, 0.9862763722921087 6.3748047165126565)))"
_mview_marche_marches.fid-2fb68024_1a0f82ccff9_68c0,Maritime,Bas-Mono,Bas-Mono 1,Kpétsou,Kpoteme,Marché Elavagnon,{mardi},Non,"MULTIPOLYGON (((1.5833574017701455 6.533452289206674, 1.5835651502119665 6.533242809338415, 1.583289185863876 6.532979419085467, 1.5831372504362757 6.533036409970667, 1.5831031424831408 6.533101102318974, 1.5830442287459079 6.533141149958972, 1.583141901520794 6.533332146351784, 1.5833574017701455 6.533452289206674)))"
_mview_marche_marches.fid-2fb68024_1a0f82ccff9_68c1,Maritime,Bas-Mono,Bas-Mono 1,Kpétsou,Kpetsou,Marché de Kpetsou,{dimanche},Non,"MULTIPOLYGON (((1.5798179428283488 6.529274998875572, 1.5804676773827284 6.529285461116979, 1.5805336249389368 6.529882362185656, 1.5804407277308303 6.529925289883437, 1.5798639008804976 6.5300970006377375, 1.57983149487767 6.529991827807719, 1.5798179428283488 6.529274998875572)))"
_mview_marche_marches.fid-2fb68024_1a0f82ccff9_68c2,Centrale,Blitta,Blitta 1,Waragni,Waragni,Marché de Waragni,{lundi},Non,"MULTIPOLYGON (((1.034555721265781 8.269792849728589, 1.035319936429861 8.269728142243492, 1.0352382021877136 8.269075000471119, 1.0344821604478485 8.269168017631717, 1.034555721265781 8.269792849728589)))"
_mview_marche_marches.fid-2fb68024_1a0f82ccff9_68c3,Centrale,Blitta,Blitta 1,Blitta,You,Marché de You,{vendredi},Oui,"MULTIPOLYGON (((0.9975283333333334 8.2721, 0.9944082398478591 8.272759086660164, 0.9938882242669469 8.267870313968757, 0.9970949870159062 8.267069807400997, 0.9975283333333334 8.2721)))"
_mview_marche_marches.fid-2fb68024_1a0f82ccff9_68c4,Centrale,Blitta,Blitta 1,Waragni,Adjigbe,Marché d'adjigbe,{dimanche},Oui,"MULTIPOLYGON (((0.9791952310400991 8.243717266627101, 0.979545 8.243295, 0.9797787241180647 8.243583010288786, 0.9795646132127046 8.243937252817865, 0.9791952310400991 8.243717266627101)))"
_mview_marche_marches.fid-2fb68024_1a0f82ccff9_68c5,Maritime,Bas-Mono,Bas-Mono 1,Afagnangan,Awassi,Marché Afagnagan,{lundi},Oui,"MULTIPOLYGON (((1.6395929399538332 6.49448133920349, 1.6395583333333335 6.493224999999999, 1.6392600000000002 6.49289, 1.6382733333333335 6.493891666666667, 1.6395929399538332 6.49448133920349)))"
_mview_marche_marches.fid-2fb68024_1a0f82ccff9_68c6,Maritime,Bas-Mono,Bas-Mono 2,Attitogon,Masseda,Marché de Masseda,{mercredi},Non,"MULTIPOLYGON (((1.6710834765352822 6.447797552709876, 1.6710214492142168 6.447733547157563, 1.6710262205466062 6.446690492573741, 1.6721784973187097 6.446477140235447, 1.6718373470528483 6.447415889852452, 1.671770548399393 6.447396925230926, 1.6716965927473535 6.44742300158534, 1.6716369510924827 6.447479895444865, 1.6715582241080533 6.4476861356321225, 1.6715582241080533 6.4476861356321225, 1.6710834765352822 6.447797552709876)))"
_mview_marche_marches.fid-2fb68024_1a0f82ccff9_68c7,Maritime,Bas-Mono,Bas-Mono 2,Attitogon,Attitogon,Marché Attitogon,"{jeudi,dimanche}",Oui,"MULTIPOLYGON (((1.6635694315153984 6.417136068647923, 1.662839614260324 6.417561632281037, 1.662754844784522 6.417451821647198, 1.6630273180995998 6.4168591446668675, 1.6630984639096476 6.416895246837675, 1.6631711234603348 6.416764376456326, 1.6630802990219757 6.416636514557022, 1.6631393349069095 6.416532720756343, 1.6635694315153984 6.417136068647923)))"
_mview_marche_marches.fid-2fb68024_1a0f82ccff9_68c8,Maritime,Vo,Vo 1,Vo-Koutimé,Mamissi,Marché de Lomnava,{jeudi},Oui,"MULTIPOLYGON (((1.6051470716215637 6.380742937051573, 1.605136982344784 6.380353897955674, 1.6060591422424255 6.380163389012313, 1.6060611600977812 6.380664728184882, 1.6051470716215637 6.380742937051573)))"
_mview_marche_marches.fid-2fb68024_1a0f82ccff9_68c9,Maritime,Bas-Mono,Bas-Mono 2,Agome-Glozou,Azanou,Marché d'Agome-Glozou,{mardi},Oui,"MULTIPOLYGON (((1.6654953815598905 6.554837130806786, 1.6654585934856967 6.555206667439286, 1.6650907127437562 6.555231032482354, 1.66488224698999 6.555649298869366, 1.664579767268839 6.555511230392062, 1.6646615185448257 6.555239154163113, 1.6644162647168654 6.555190424076581, 1.6645961175240362 6.554601601821194, 1.6651806391473416 6.554678757880451, 1.6654953815598905 6.554837130806786)))"
_mview_marche_marches.fid-2fb68024_1a0f82ccff9_68ca,Maritime,Bas-Mono,Bas-Mono 2,Agome-Glozou,Aveve,Marché d'aveve,{mercredi},Oui,"MULTIPOLYGON (((1.759263601987689 6.404571147173988, 1.7600454207608074 6.403940587222784, 1.7631840265601377 6.404267127294756, 1.7632633415081354 6.404345947280834, 1.7624815227350163 6.4061137637706205, 1.7631953572669934 6.406474082303906, 1.7631953572669934 6.406474082303906, 1.7620396251676005 6.409356621409671, 1.7606572789310726 6.409919615427406, 1.759263601987689 6.404571147173988)))"
_mview_marche_marches.fid-2fb68024_1a0f82ccff9_68cb,Maritime,Bas-Mono,Bas-Mono 2,Agbétiko,Agome_seva,Marché Agome-seva,"{lundi,mardi,mercredi,jeudi,vendredi,samedi,dimanche}",Non,"MULTIPOLYGON (((1.7405772625855378 6.472123439908259, 1.740697659866599 6.472069728491648, 1.740549006080799 6.47181459918474, 1.7401964140434054 6.4719464363546395, 1.740593233653434 6.472125881336153, 1.7405772625855378 6.472123439908259)))"
_mview_marche_marches.fid-2fb68024_1a0f82ccff9_68cc,Maritime,Bas-Mono,Bas-Mono 2,Agbétiko,Agbetiko,Marché Agbetiko,{samedi},Non,"MULTIPOLYGON (((1.7121843564026447 6.496593733632309, 1.7122065867593725 6.49647827567674, 1.7123531050196228 6.496341734060308, 1.7124600688144167 6.4964263965696025, 1.712457095819121 6.496500244200143, 1.712679079467877 6.496631200638319, 1.7125670966450668 6.49682812754885, 1.7121843564026447 6.496593733632309)))"
_mview_marche_marches.fid-2fb68024_1a0f82ccff9_68cd,Maritime,Golfe,Golfe 3,Bè-Ouest,Tokoin-tamé,Marché de Tamé,"{lundi,mercredi,mardi,jeudi,vendredi,samedi,dimanche}",Non,"MULTIPOLYGON (((1.2217285816699008 6.162047597082354, 1.2218955663115592 6.162088563018236, 1.2219129153652377 6.161999084785769, 1.22173725619674 6.161959196894148, 1.22173725619674 6.161959196894148, 1.2217285816699008 6.162047597082354)))"
_mview_marche_marches.fid-2fb68024_1a0f82ccff9_68ce,Maritime,Golfe,Golfe 3,Bè-Ouest,Tokoin Gbonvie,Marché de Gbonvie,"{lundi,mardi,mercredi,jeudi,vendredi,samedi,dimanche}",Non,"MULTIPOLYGON (((1.2191312325186774 6.1523978291017505, 1.2192190718714562 6.152412133714879, 1.2192795630301572 6.152061672675193, 1.2194536778054366 6.152088792054809, 1.2194814088793058 6.152007433911809, 1.2192922920476705 6.151975342640869, 1.2193459357643357 6.151710928574168, 1.2192836545000714 6.151699176834818, 1.2192268285290278 6.151963590907369, 1.2192268285290278 6.151963590907369, 1.2190249100941761 6.151935433886387, 1.2189949809472544 6.152048084584543, 1.2192016345807613 6.152072881904831, 1.2191312325186774 6.1523978291017505)))"
_mview_marche_marches.fid-2fb68024_1a0f82ccff9_68cf,Savanes,Tandjoaré,Tandjoaré 1,Bogou,Nagou,Marché Dakpini,"{mercredi,samedi}",Non,"MULTIPOLYGON (((0.1401257961221276 10.664449237209213, 0.1403812804204133 10.664478844698907, 0.1404752793603487 10.664246721902483, 0.1403439218673622 10.664178032469586, 0.1401257961221276 10.664449237209213)))"
_mview_marche_marches.fid-2fb68024_1a0f82ccff9_68d0,Maritime,Golfe,Golfe 3,Bè-Ouest,Be,Marché de Doumassesse,"{lundi,mardi,mercredi,jeudi,vendredi,samedi}",Oui,"MULTIPOLYGON (((1.2132583333333333 6.159933333333333, 1.2130566666666667 6.160971666666668, 1.2122726400137243 6.160753165195937, 1.212403989118435 6.160279613809886, 1.211852823735005 6.160086180627543, 1.2120125761398222 6.1595410071464745, 1.2132583333333333 6.159933333333333)))"
_mview_marche_marches.fid-2fb68024_1a0f82ccff9_68d1,Maritime,Golfe,Golfe 3,Bè-Ouest,Above,Marché Gbonsime,"{lundi,mardi,mercredi,jeudi,vendredi,samedi,dimanche}",Oui,"MULTIPOLYGON (((1.2086807759613134 6.158206401875778, 1.2078076362345547 6.160463460341062, 1.2063971797528674 6.159515229846923, 1.2059807592677978 6.159528585217754, 1.2061376438750306 6.157390240826694, 1.2062434923481422 6.15736077423238, 1.207708435216007 6.158160581212239, 1.2078650909562123 6.1578280300353345, 1.2086807759613134 6.158206401875778)))"
_mview_marche_marches.fid-2fb68024_1a0f82ccff9_68d2,Maritime,Vo,Vo 3,Dzrékpo,Dzrekpo Centre,Marché de Agbossime,Nsp,Oui,"MULTIPOLYGON (((1.5690457944994431 6.472039752800721, 1.5678334530256175 6.472180718389301, 1.5677775649434906 6.4712195885959085, 1.5687061669234426 6.4711683282888925, 1.5687405595893664 6.471625399176198, 1.569062990832405 6.471621127487578, 1.5690457944994431 6.472039752800721)))"
_mview_marche_marches.fid-2fb68024_1a0f82ccff9_68d3,Maritime,Vo,Vo 3,Dzrékpo,Klologo-centre,Marché de Gassime,{mardi},Oui,"MULTIPOLYGON (((1.5870900000000001 6.416094999999999, 1.5877583333333334 6.4165399999999995, 1.5876766666666668 6.41663, 1.5875649999999997 6.416596666666667, 1.58751 6.416661666666666, 1.5869716666666667 6.416333333333333, 1.5870900000000001 6.416094999999999)))"
_mview_marche_marches.fid-2fb68024_1a0f82ccff9_68d4,Maritime,Golfe,Golfe 1,Bè-Est,Kelegougan,Marché de Netime Demgle,"{lundi,mardi,mercredi,jeudi,vendredi,samedi,dimanche}",Oui,"MULTIPOLYGON (((1.239448244344582 6.217378351507295, 1.240315275199932 6.21810433084501, 1.2407474230710531 6.2176964774078565, 1.2398503059715118 6.216891645697292, 1.239448244344582 6.217378351507295)))"
_mview_marche_marches.fid-2fb68024_1a0f82ccff9_68d5,Maritime,Golfe,Golfe 1,Bè-Est,Anfame,Marché d'anfame,"{lundi,mardi,mercredi,jeudi,vendredi,samedi,dimanche}",Non,"MULTIPOLYGON (((1.2759153651270219 6.164340495508961, 1.2759368380530283 6.164084310215717, 1.275902481371418 6.16405869167959, 1.274936199701124 6.163990375577199, 1.274837424241494 6.164045882411061, 1.2748331296562925 6.16438319304581, 1.2750392697459552 6.16437892329228, 1.275047858916358 6.164293528214464, 1.2751423397907868 6.164344765262802, 1.2759153651270219 6.164340495508961)))"
_mview_marche_marches.fid-2fb68024_1a0f82ccff9_68d6,Maritime,Golfe,Golfe 1,Bè-Est,Adakpame,Marché Adakpame Dangbuipe,"{lundi,mercredi,jeudi,vendredi,samedi,dimanche}",Oui,"MULTIPOLYGON (((1.2852253287548518 6.170106068138752, 1.2851687783611057 6.170358029548736, 1.2854263968215054 6.170420499301274, 1.285405452231229 6.170499627643919, 1.284722658588218 6.170353864898302, 1.2847519810146049 6.170287230486955, 1.2850975667541658 6.170341370946814, 1.2851520226888844 6.17008940952891, 1.2852253287548518 6.170106068138752)))"
_mview_marche_marches.fid-2fb68024_1a0f82ccff9_68d7,Maritime,Golfe,Golfe 1,Bè-Est,Kangnikope,Marché de Abukope,"{lundi,mardi,mercredi,jeudi,vendredi,samedi,dimanche}",Oui,"MULTIPOLYGON (((1.2972649523446547 6.172729391007303, 1.2974193595040229 6.172174867973294, 1.298371011792375 6.172425499924955, 1.2982544186312197 6.172980022696625, 1.2972649523446547 6.172729391007303)))"
_mview_marche_marches.fid-2fb68024_1a0f82ccff9_68d8,Savanes,Tône,Tône 1,Dapaong,Gougdidao,Marché de Bétail de Dapaong,"{mercredi,samedi}",Non,"MULTIPOLYGON (((0.2040525100645604 10.862413134445502, 0.2042454379272838 10.862757097144751, 0.2055246980631875 10.86183306086021, 0.2051774279102855 10.861422053265937, 0.2040525100645604 10.862413134445502)))"
_mview_marche_marches.fid-2fb68024_1a0f82ccff9_68d9,Maritime,Golfe,Golfe 2,Bè-Centre,Attiegou,Marché de Bè,"{lundi,mardi,mercredi,jeudi,vendredi,samedi,dimanche}",Oui,"MULTIPOLYGON (((1.2642946428071795 6.191238337000797, 1.2641410269293591 6.190437788488056, 1.2643714507460888 6.190398376837632, 1.2648549304172927 6.190308837934151, 1.264869432994954 6.190391139069374, 1.2652929182445154 6.190304936986954, 1.2654286345856218 6.191032032371471, 1.2650378217885487 6.191114486424051, 1.2642946428071795 6.191238337000797)))"
_mview_marche_marches.fid-2fb68024_1a0f82ccff9_68da,Maritime,Golfe,Golfe 1,Bè-Est,Adakpame,Marché Adakpame Station,"{lundi,mardi,mercredi,jeudi,vendredi,samedi,dimanche}",Non,"MULTIPOLYGON (((1.291029345170054 6.170505515344685, 1.2910602438768926 6.170597674415513, 1.2898688900682467 6.1710855421225, 1.2898420672311268 6.170978872480219, 1.2897025884781024 6.170445523946747, 1.2897991506917346 6.170397522552406, 1.289884983770519 6.17074953267661, 1.289895712905367 6.170850868881143, 1.2899279003099111 6.170936204617298, 1.2899439940121828 6.170829534944958, 1.2909847200924418 6.17045619092268, 1.2908774287439617 6.170472191386169, 1.2909900846598656 6.170424189994245, 1.2907379499909368 6.170093513620619, 1.2897776924220379 6.170424189994245, 1.2898474317985498 6.170541526722389, 1.2906843043166962 6.17026951881291, 1.291029345170054 6.170505515344685)))"
_mview_marche_marches.fid-2fb68024_1a0f82ccff9_68db,Maritime,Golfe,Golfe 1,Bè-Est,Djifa-kpota,Marché de Djifa-kpota,"{lundi,mardi,mercredi,jeudi,vendredi,samedi,dimanche}",Non,"MULTIPOLYGON (((1.2698988883770657 6.1655897955054835, 1.2698141248570347 6.164820247405512, 1.2704944636362288 6.165175082403003, 1.2704989248741256 6.1655676183424335, 1.2698988883770657 6.1655897955054835)))"
_mview_marche_marches.fid-2fb68024_1a0f82ccff9_68dc,Maritime,Golfe,Golfe 1,Bè-Est,Rond Point Port,Marché Rond Point Port,"{lundi,mardi,mercredi,jeudi,vendredi,samedi,dimanche}",Oui,"MULTIPOLYGON (((1.2760832523235404 6.143276053512503, 1.2760428959551326 6.143335313794491, 1.2765513344779655 6.143672969312037, 1.2768152567646271 6.143030458914672, 1.2764892351163986 6.142746827951993, 1.2760832523235404 6.143276053512503)))"
_mview_marche_marches.fid-2fb68024_1a0f82ccff9_68dd,Maritime,Golfe,Golfe 1,Bè-Est,Akodessewa,Grand Marché d'akodessewa,"{lundi,mardi,mercredi,jeudi,vendredi,samedi,dimanche}",Non,"MULTIPOLYGON (((1.2684708512172242 6.153919326767965, 1.2672356658750812 6.1535746059294185, 1.267344015466497 6.152755893041698, 1.2689998659959458 6.153340598441969, 1.2689998659959458 6.153340598441969, 1.2684708512172242 6.153919326767965)))"
_mview_marche_marches.fid-2fb68024_1a0f82ccff9_68de,Maritime,Golfe,Golfe 1,Bè-Est,Be,Marché de Bessime,"{lundi,mercredi,mardi,jeudi,vendredi,samedi,dimanche}",Oui,"MULTIPOLYGON (((1.2444024632732216 6.142688230317828, 1.2439015280709158 6.143293234256349, 1.243468203754811 6.142935732012146, 1.2440889946190177 6.142162670782883, 1.244562270822423 6.142498784498753, 1.2444024632732216 6.142688230317828)))"
_mview_marche_marches.fid-2fb68024_1a0f82ccff9_68df,Maritime,Golfe,Golfe 1,Bè-Est,Akodessewa,Marché de Gakpoto,"{mercredi,samedi}",Non,"MULTIPOLYGON (((1.2685595978023783 6.154019956442908, 1.2688271382774556 6.1542394053442635, 1.2697568414283489 6.154571903506964, 1.2699641852965333 6.154059856249894, 1.270412315592288 6.153820457363029, 1.270572839877334 6.153527858577068, 1.271114609339365 6.153255209563331, 1.2712283140412728 6.152916060594938, 1.2708136263049032 6.152729861069283, 1.2702986108903798 6.152537011491804, 1.2699641852965333 6.152264361969769, 1.2685595978023783 6.154019956442908)))"
_mview_marche_marches.fid-2fb68024_1a0f82ccff9_68e0,Maritime,Golfe,Golfe 2,Bè-Centre,Nukafu,Marché de Nukafu,"{lundi,mardi,mercredi,jeudi,vendredi,samedi,dimanche}",Oui,"MULTIPOLYGON (((1.2359460443282284 6.159975562198156, 1.2358515663767184 6.159386819892672, 1.2364329823664235 6.1592752241375335, 1.2365456262205345 6.159887109428965, 1.2359460443282284 6.159975562198156)))"
_mview_marche_marches.fid-2fb68024_1a0f82ccff9_68e1,Maritime,Golfe,Golfe 2,Bè-Centre,Hedzranawe,Grand Marché de Hedzranawe,"{jeudi,lundi}",Oui,"MULTIPOLYGON (((1.2409673276366173 6.182856951868546, 1.2438365631375385 6.181920821449827, 1.2438720954657234 6.181779518601203, 1.242628463979256 6.179624645483332, 1.2423442053537777 6.1792537238154335, 1.2409051460622937 6.179094757306749, 1.2408962629802471 6.1791035887807055, 1.2408340814059242 6.179598151087105, 1.2403988103856605 6.179553993757111, 1.2402922134011058 6.181284958333781, 1.2409673276366173 6.182856951868546)))"
_mview_marche_marches.fid-2fb68024_1a0f82ccff9_68e2,Maritime,Golfe,Golfe 2,Bè-Centre,Kegue,Marché de Kegue,"{lundi,mardi,mercredi,jeudi,vendredi,samedi,dimanche}",Oui,"MULTIPOLYGON (((1.24160853678983 6.199676921329732, 1.2406121082886103 6.19999040360702, 1.240731031699381 6.200375028806134, 1.2417381323576935 6.200050780477306, 1.24160853678983 6.199676921329732)))"
_mview_marche_marches.fid-2fb68024_1a0f82ccff9_68e3,Maritime,Golfe,Golfe 4,Amoutivé,Nyekonakpoe,Marché Nyekonakpoe,"{lundi,mardi,mercredi,jeudi,vendredi,samedi,dimanche}",Non,"MULTIPOLYGON (((1.201010201726619 6.128841428156087, 1.201069155875296 6.1285614804872, 1.201259232182236 6.128584725245082, 1.2012450018704866 6.128670629776291, 1.201323268585109 6.128684778756576, 1.2012876928057352 6.1288363749503665, 1.2011768996642573 6.128880843159044, 1.201010201726619 6.128841428156087)))"
_mview_marche_marches.fid-2fb68024_1a0f82ccff9_68e4,Maritime,Golfe,Golfe 5,Aflao-Gakli,Gbotossime,Marché de Gbotossimé,{jeudi},Oui,"MULTIPOLYGON (((1.1806396302542712 6.186757148848895, 1.1812586705748198 6.1870324749468475, 1.1813808495854543 6.187077012978628, 1.181494883328713 6.186712610790161, 1.1806518481553345 6.186651877067661, 1.1806396302542712 6.186757148848895)))"
_mview_marche_marches.fid-2fb68024_1a0f82ccff9_68e5,Maritime,Golfe,Golfe 4,Amoutivé,Adawlato,Marché d'abattoir,"{lundi,mardi,mercredi,jeudi,vendredi,samedi}",Oui,"MULTIPOLYGON (((1.2346163678446518 6.126836643774141, 1.2343808942785937 6.127661039460402, 1.2343808942785937 6.127661039460402, 1.2340906979823931 6.1276214684965575, 1.2337839190406976 6.127552219302763, 1.2329365458557953 6.1272125683650085, 1.231653245979019 6.126656013985049, 1.2307828061395154 6.126269644097798, 1.2293434716906217 6.125632905913432, 1.22951445094481 6.125023985677219, 1.2346163678446518 6.126836643774141)))"
_mview_marche_marches.fid-2fb68024_1a0f82ccff9_68e6,Maritime,Golfe,Golfe 4,Amoutivé,Agbadahonou,Marché d'agbadahonou,"{lundi,mardi,mercredi,jeudi,vendredi,samedi}",Non,"MULTIPOLYGON (((1.2215493346074402 6.126879207681271, 1.220710419499427 6.126628687737925, 1.2214738172331745 6.124427032540385, 1.222320148270565 6.124706079313581, 1.2215493346074402 6.126879207681271)))"
_mview_marche_marches.fid-2fb68024_1a0f82ccff9_68e7,Maritime,Golfe,Golfe 4,Amoutivé,Adawlato,Marché d'adawlato,"{lundi,mardi,mercredi,jeudi,vendredi,samedi}",Oui,"MULTIPOLYGON (((1.2227107170873743 6.1272612868550045, 1.224955735238014 6.123876389765015, 1.2250373179091107 6.123754714062567, 1.2253763558542745 6.1230479083341205, 1.2272287918984883 6.1238310611857365, 1.2294895028144455 6.12497398502129, 1.2279412482223728 6.130562471042987, 1.2280393770345464 6.1311424560555405, 1.227761582396259 6.1312170286214105, 1.2251847202315465 6.130320189854773, 1.2256603277582934 6.128034772546244, 1.2227107170873743 6.1272612868550045)))"
_mview_marche_marches.fid-2fb68024_1a0f82ccff9_68e8,Maritime,Golfe,Golfe 4,Amoutivé,Bémiglato,Marché d'attikpodji,"{mardi,mercredi,jeudi,samedi,dimanche,vendredi,lundi}",Oui,"MULTIPOLYGON (((1.2343033333333333 6.127716666666667, 1.2343033333333333 6.127716666666667, 1.234165 6.12833, 1.2317683333333331 6.127741666666666, 1.2311883333333333 6.1298, 1.2306033333333335 6.130444999999999, 1.2298266666666666 6.130246666666666, 1.2286233333333332 6.12993, 1.2283283333333335 6.130876666666667, 1.2280016666666667 6.130696666666667, 1.2285633333333335 6.128218333333333, 1.2292883333333333 6.125674999999999, 1.2343033333333333 6.127716666666667)))"
_mview_marche_marches.fid-2fb68024_1a0f82ccff9_68e9,Maritime,Golfe,Golfe 4,Amoutivé,Hanoukope,Marché de Fruits Le Togo,"{lundi,mercredi,vendredi}",Oui,"MULTIPOLYGON (((1.2183256974264796 6.138649966546335, 1.2181050161453095 6.138566664720748, 1.2182786041505969 6.138065764579846, 1.218474643601363 6.138145799742668, 1.2183256974264796 6.138649966546335)))"
_mview_marche_marches.fid-2fb68024_1a0f82ccff9_68ea,Maritime,Golfe,Golfe 4,Amoutivé,Amoutive,Marché d' Amoutive,"{lundi,mardi,mercredi,jeudi,vendredi,samedi}",Oui,"MULTIPOLYGON (((1.2298254194853033 6.141526756969599, 1.2300322457285482 6.141580100996548, 1.230019717162378 6.141088724850679, 1.2298136366403998 6.141106826916835, 1.2298254194853033 6.141526756969599)))"
_mview_marche_marches.fid-2fb68024_1a0f82ccff9_68eb,Maritime,Golfe,Golfe 4,Amoutivé,Hanoukope,Marché Le Togo,"{lundi,mardi,mercredi,jeudi,vendredi,samedi,dimanche}",Oui,"MULTIPOLYGON (((1.2189222712682737 6.140436483312445, 1.2181064943304318 6.140173205522565, 1.217452934190536 6.142197378348815, 1.2182890178754835 6.142407534770069, 1.2189222712682737 6.140436483312445)))"
_mview_marche_marches.fid-2fb68024_1a0f82ccff9_68ec,Maritime,Golfe,Golfe 4,Amoutivé,Kodome,Marché Kodome,"{lundi,mercredi,vendredi}",Oui,"MULTIPOLYGON (((1.2053066666666665 6.139701666666667, 1.2050622695619333 6.140593593534695, 1.2051235151478221 6.1406557055984115, 1.2057416666666665 6.140725, 1.2058401642497738 6.1406732914566104, 1.205853814986719 6.140570451384512, 1.2058493842915154 6.140567698088334, 1.2058620400447804 6.14050241900221, 1.206005 6.139638333333333, 1.205535 6.139638333333333, 1.2054344305510563 6.139759841369419, 1.2053066666666665 6.139701666666667)))"
_mview_marche_marches.fid-2fb68024_1a0f82ccff9_68ed,Maritime,Golfe,Golfe 5,Aflao-Gakli,Totsi,Marché de Totsi,"{lundi,mardi,mercredi,jeudi,vendredi,samedi,dimanche}",Oui,"MULTIPOLYGON (((1.1877972356456468 6.195159298330451, 1.1882764128413974 6.194810268172692, 1.1882574355267141 6.194565003599446, 1.1883760437434836 6.193895242068963, 1.1873797347226165 6.194003724628049, 1.1872706151631882 6.194565003599448, 1.1877972356456468 6.195159298330451)))"
_mview_marche_marches.fid-2fb68024_1a0f82ccff9_68ee,Maritime,Golfe,Golfe 5,Aflao-Gakli,Djidjole,Marché de Djidjole,"{lundi,mercredi,jeudi,vendredi,samedi,dimanche}",Oui,"MULTIPOLYGON (((1.2005882047156078 6.176113681595334, 1.2005882047156078 6.176113681595334, 1.2005882047156078 6.176113681595334, 1.2006828381812165 6.176755805896177, 1.200872105112434 6.176821664754794, 1.201032982003969 6.176889875706866, 1.2012553706481495 6.176986311865489, 1.2012813948511918 6.176972199258008, 1.2011157862863764 6.176064287386092, 1.2005882047156078 6.176113681595334)))"
_mview_marche_marches.fid-2fb68024_1a0f82ccff9_68ef,Maritime,Golfe,Golfe 5,Aflao-Gakli,Agbalepedo,Marché La Paix d'agbalepedogan,"{lundi,mardi,jeudi,mercredi,vendredi,samedi,dimanche}",Oui,"MULTIPOLYGON (((1.2021350291241664 6.194009945334651, 1.2022549958394049 6.194511857776372, 1.2029647989045658 6.194337927776339, 1.202864826641867 6.193850923471388, 1.2021350291241664 6.194009945334651)))"
_mview_marche_marches.fid-2fb68024_1a0f82ccff9_68f0,Maritime,Golfe,Golfe 5,Aflao-Gakli,Avedji Wessome,Marché de Avedji Wessome,"{lundi,jeudi}",Oui,"MULTIPOLYGON (((1.1718706713225786 6.200881993317235, 1.172365170483516 6.200460616581435, 1.172140398137635 6.1994710183781265, 1.17133763975949 6.200269081590223, 1.1718514051215028 6.2008756088237496, 1.1718706713225786 6.200881993317235)))"
_mview_marche_marches.fid-2fb68024_1a0f82ccff9_68f1,Maritime,Golfe,Golfe 5,Aflao-Gakli,Adidogome Teshi,Marché de Bokovisime,"{lundi,mardi,mercredi,jeudi,vendredi,samedi,dimanche}",Oui,"MULTIPOLYGON (((1.1692328668777103 6.183665086231316, 1.1692923525015488 6.183716340479037, 1.1695065007473673 6.1835073808225625, 1.1694549465400408 6.18343641337328, 1.1692328668777103 6.183665086231316)))"
_mview_marche_marches.fid-2fb68024_1a0f82ccff9_68f2,Maritime,Golfe,Golfe 6,Baguida,Agodeke,Marché d'agodeke,{mercredi},Non,"MULTIPOLYGON (((1.3661516666666667 6.176846666666667, 1.3662299999999998 6.176740000000001, 1.3662966666666667 6.1765516666666676, 1.3650566666666668 6.176203333333333, 1.3646766666666668 6.1760833333333345, 1.36442 6.176905, 1.3661516666666667 6.176846666666667)))"
_mview_marche_marches.fid-2fb68024_1a0f82ccff9_68f3,Maritime,Golfe,Golfe 6,Baguida,Kpogan,Marché de Kpogan,"{vendredi,mardi}",Non,"MULTIPOLYGON (((1.36964 6.18571, 1.3696249999999999 6.186386666666667, 1.369045 6.186306666666667, 1.3690433333333334 6.185644999999999, 1.36964 6.18571)))"
_mview_marche_marches.fid-2fb68024_1a0f82ccff9_68f4,Maritime,Golfe,Golfe 6,Baguida,Ablodesito,Marché D Ablodesito,"{lundi,mardi,mercredi,jeudi,vendredi,samedi}",Oui,"MULTIPOLYGON (((1.314695 6.174566666666667, 1.3152407817122895 6.174148157812338, 1.3156667576828576 6.175065751479133, 1.315125413220261 6.175392202688693, 1.314695 6.174566666666667)))"
_mview_marche_marches.fid-2fb68024_1a0f82ccff9_68f5,Maritime,Golfe,Golfe 6,Baguida,Adamavo,Marché D Adamavo,"{lundi,mardi,mercredi,jeudi,vendredi,samedi}",Oui,"MULTIPOLYGON (((1.3063970601455286 6.1701969762923605, 1.3055772250748225 6.170215844018216, 1.3050686236883664 6.17002339318297, 1.3051786941376737 6.169853583564422, 1.3055848161402916 6.1697328300248016, 1.3064198333419368 6.169732830024801, 1.3063970601455286 6.1701969762923605)))"
_mview_marche_marches.fid-2fb68024_1a0f82ccff9_68f6,Maritime,Golfe,Golfe 6,Baguida,Avepozo,Marché d'avepozo,{dimanche},Oui,"MULTIPOLYGON (((1.3436618738477264 6.171391199220053, 1.3440618097311199 6.171502532293542, 1.3439818225544413 6.171785636289331, 1.3435658892357127 6.1716297700631735, 1.3436618738477264 6.171391199220053)))"
_mview_marche_marches.fid-2fb68024_1a0f82ccff9_68f7,Maritime,Golfe,Golfe 6,Baguida,Gbetsogbé Kopé,Marché du Port de Pêche,"{samedi,vendredi,jeudi,mercredi,mardi,lundi}",Oui,"MULTIPOLYGON (((1.3111856708465204 6.154440926617141, 1.3103473583960858 6.154178602042376, 1.3099704744251301 6.1560036667422136, 1.3107331102251825 6.156083017239113, 1.3111856708465204 6.154440926617141)))"
_mview_marche_marches.fid-2fb68024_1a0f82ccff9_68f8,Maritime,Vo,Vo 2,Togoville,Keta-badougbe,Nouveau Marché de Keta-badougbe,{lundi},Non,"MULTIPOLYGON (((1.5138349531138602 6.241533101975993, 1.514756651570102 6.241686986984112, 1.5149007781626809 6.240618634960879, 1.5141125302551226 6.240512507157499, 1.5138349531138602 6.241533101975993)))"
_mview_marche_marches.fid-2fb68024_1a0f82ccff9_68f9,Maritime,Golfe,Golfe 6,Baguida,Baguida,Marché de Baguida,"{samedi,dimanche,vendredi,jeudi,mercredi,mardi,lundi}",Oui,"MULTIPOLYGON (((1.3324332300570496 6.1699864743522825, 1.3333157319078963 6.170048045567785, 1.3334628155497041 6.16899363751478, 1.3326732086305255 6.168870494831661, 1.3326732086305255 6.168870494831661, 1.3324332300570496 6.1699864743522825)))"
_mview_marche_marches.fid-2fb68024_1a0f82ccff9_68fa,Maritime,Golfe,Golfe 7,Aflao-Sagbado,Apedogoe Agokpanu,Marché Adidogome Assiyeye,"{lundi,samedi}",Oui,"MULTIPOLYGON (((1.1476855225397156 6.198918810831742, 1.14778 6.196538333333333, 1.1474833333333334 6.196571666666667, 1.1471566666666668 6.196771666666666, 1.14687 6.197036666666666, 1.1467850000000002 6.1971099999999995, 1.1466433333333332 6.197243333333334, 1.1464016666666665 6.197468333333334, 1.146385 6.197491666666667, 1.146421666666667 6.198156666666667, 1.1464299999999998 6.198510000000001, 1.146299433209999 6.198689516138981, 1.146555 6.199074999999999, 1.1476855225397156 6.198918810831742)))"
_mview_marche_marches.fid-2fb68024_1a0f82ccff9_68fb,Maritime,Golfe,Golfe 7,Aflao-Sagbado,Awatame,Marché d'awatame,"{lundi,mardi,mercredi,jeudi,vendredi,samedi,dimanche}",Oui,"MULTIPOLYGON (((1.1694583333333335 6.178636666666667, 1.1692733333333334 6.178666666666667, 1.169131666666667 6.178656666666666, 1.1687816666666668 6.178626666666665, 1.1684866666666667 6.178575, 1.1684750000000002 6.178516666666667, 1.16855 6.177908333333333, 1.1688733333333334 6.177888333333334, 1.1690283333333333 6.177963333333334, 1.1690416666666668 6.178315, 1.169425 6.1783399999999995, 1.1694602356231252 6.178340580279109, 1.1694583333333335 6.178636666666667)))"
_mview_marche_marches.fid-2fb68024_1a0f82ccff9_68fc,Maritime,Golfe,Golfe 7,Aflao-Sagbado,Sagbado Sakani,Marché de Sakani,"{mercredi,dimanche,mardi,lundi,vendredi,jeudi,samedi}",Non,"MULTIPOLYGON (((1.1286370448239658 6.189471301104611, 1.1283521139291866 6.188590866669089, 1.1289296765537389 6.1879094859685, 1.1298845800929989 6.1888358572680335, 1.1292685132934763 6.189310526230227, 1.1292685132934763 6.189310526230227, 1.1286370448239658 6.189471301104611)))"
_mview_marche_marches.fid-2fb68024_1a0f82ccff9_68fd,Maritime,Vo,Vo 1,Vogan,Adjregogbonou,Marché Adjregogbonou,"{lundi,mardi,mercredi,jeudi,vendredi,samedi,dimanche}",Non,"MULTIPOLYGON (((1.526893158034331 6.332857536599822, 1.5264559086086735 6.332849934595053, 1.5266407516603366 6.332217700806539, 1.5268702120003317 6.332241773850739, 1.526893158034331 6.332857536599822)))"
_mview_marche_marches.fid-2fb68024_1a0f82ccff9_68fe,Maritime,Vo,Vo 1,Vogan,Gbeke,Marché Gbeke Vogan,{vendredi},Oui,"MULTIPOLYGON (((1.5245483333333336 6.339001666666666, 1.5248 6.338996666666666, 1.5248033333333333 6.338641666666666, 1.5248133333333334 6.338475, 1.5251366666666666 6.337188333333334, 1.5251783333333335 6.33698, 1.5244149999999999 6.336821666666666, 1.5243 6.3373133333333325, 1.5242283333333333 6.3373133333333325, 1.524153333333333 6.337678333333334, 1.5234916666666667 6.337528333333334, 1.523755 6.336619999999999, 1.5226283333333333 6.336320000000001, 1.5224316666666666 6.3384366666666665, 1.5222350000000002 6.339168333333333, 1.5216250000000002 6.339038333333334, 1.5214116666666664 6.339758333333333, 1.5237216666666669 6.340446666666666, 1.5239200000000002 6.340306666666667, 1.5243133333333332 6.339853333333334, 1.5247683333333333 6.339905000000001, 1.5244616666666668 6.339004999999999, 1.5245483333333336 6.339001666666666)))"
_mview_marche_marches.fid-2fb68024_1a0f82ccff9_68ff,Maritime,Vo,Vo 1,Vo-Koutimé,Soko Atetedome,Marché Novissi,{mercredi},Non,"MULTIPOLYGON (((1.583865 6.356894999999999, 1.5834849999999998 6.355878333333334, 1.5842200000000002 6.35547, 1.5845762984166105 6.3564746620672965, 1.583865 6.356894999999999)))"
_mview_marche_marches.fid-2fb68024_1a0f82ccff9_6900,Maritime,Vo,Vo 1,Vo-Koutimé,Koutime,Marché Vo-koutime,{mardi},Non,"MULTIPOLYGON (((1.5677155793159487 6.362055125754614, 1.567680689822626 6.3613917846326204, 1.5680705419871441 6.361373693499117, 1.5680963298735127 6.362020451126265, 1.5677155793159487 6.362055125754614)))"
_mview_marche_marches.fid-2fb68024_1a0f82ccff9_6901,Maritime,Vo,Vo 2,Togoville,Togoville,Nouveau Marché de Togoville,{mercredi},Oui,"MULTIPOLYGON (((1.4827101201526514 6.245017121314428, 1.4824215924233382 6.244355471393589, 1.4808313233064474 6.2450503877409265, 1.4811379304626608 6.24571685635379, 1.4827101201526514 6.245017121314428)))"
_mview_marche_marches.fid-2fb68024_1a0f82ccff9_6902,Maritime,Vo,Vo 2,Togoville,Keta-badougbe,Ancien Marché de Badougbe,{vendredi},Non,"MULTIPOLYGON (((1.51568 6.237836666666667, 1.51573 6.237525, 1.5160133333333334 6.237758333333333, 1.5159883333333335 6.237945, 1.51568 6.237836666666667)))"
_mview_marche_marches.fid-2fb68024_1a0f82ccff9_6903,Maritime,Vo,Vo 2,Togoville,Togoville,Ancien Marché de Togoville,"{lundi,mardi,mercredi,jeudi,vendredi,samedi,dimanche}",Non,"MULTIPOLYGON (((1.4782227456887558 6.233853012856096, 1.4780695961977308 6.2334408051131405, 1.478085489069441 6.23311477297553, 1.4781635086214728 6.233113336710157, 1.4782559762386949 6.2332770709372, 1.4784799212491557 6.233269889612526, 1.478513151799095 6.2334522952288305, 1.4786388499662568 6.233574377692501, 1.4786547428379673 6.23370938650159, 1.4782227456887558 6.233853012856096)))"
_mview_marche_marches.fid-2fb68024_1a0f82ccff9_6904,Maritime,Vo,Vo 2,Anyron-Kopé,Djankasse,Marché de Djankasse,{jeudi},Non,"MULTIPOLYGON (((1.5595205335883773 6.2469409581460615, 1.5594636637630312 6.2465121409998705, 1.5597646577166926 6.246508004498358, 1.5598145921974849 6.2469395793133575, 1.5595205335883773 6.2469409581460615)))"
_mview_marche_marches.fid-2fb68024_1a0f82ccff9_6905,Maritime,Vo,Vo 2,Anyron-Kopé,Keta-akoda,Marché de Keta-akoda,{samedi},Non,"MULTIPOLYGON (((1.5555516666666667 6.246998333333333, 1.55452 6.24696, 1.55452 6.24696, 1.55452 6.24696, 1.55452 6.24696, 1.55452 6.24696, 1.5544792962564675 6.247777612539115, 1.5551811500997523 6.247889242163151, 1.5555516666666667 6.246998333333333)))"
_mview_marche_marches.fid-2fb68024_1a0f82ccff9_6906,Maritime,Lacs,Lacs 1,Aného,Aneho,Marché de Elavagnon,{mardi},Non,"MULTIPOLYGON (((1.5950273187730106 6.22836498969836, 1.59427527928831 6.227723582078119, 1.592980574948172 6.227655618310857, 1.5931814036742002 6.229320728076043, 1.5945273834337497 6.229741252410956, 1.5950273187730106 6.22836498969836)))"
_mview_marche_marches.fid-2fb68024_1a0f82ccff9_6907,Maritime,Lacs,Lacs 1,Glidji,Glidji_centre,Marché de Agbanakin 2,{jeudi},Non,"MULTIPOLYGON (((1.600252999236384 6.247655166609673, 1.6003332745585104 6.247619626077635, 1.6006368367010042 6.2476008499465285, 1.6007265561786745 6.247718871330866, 1.6006375112835431 6.247747706096857, 1.6003204574902719 6.247794646410189, 1.600252999236384 6.247655166609673)))"
_mview_marche_marches.fid-2fb68024_1a0f82ccff9_6908,Maritime,Lacs,Lacs 1,Glidji,Glidji_centre,Marché de Agbanakin 1,{jeudi},Non,"MULTIPOLYGON (((1.6013092073851505 6.249178079701057, 1.601291259014699 6.2491608161923065, 1.6008728822410807 6.249183739304046, 1.6008975895308613 6.249319640588724, 1.6013604394260847 6.249344201058092, 1.6013092073851505 6.249178079701057)))"
_mview_marche_marches.fid-2fb68024_1a0f82ccff9_6909,Maritime,Lacs,Lacs 1,Glidji,Glidji-centre,Marché Glidji-centre Abandonné,Nsp,Non,"MULTIPOLYGON (((1.6041387028155678 6.255834869960247, 1.6037648409454826 6.255167442307657, 1.6039708464657336 6.255015754085947, 1.6041768519859847 6.25504609173381, 1.6044744155152364 6.255053676145501, 1.6046193823628205 6.255152273487469, 1.6048024983808213 6.255228117584018, 1.6050619127396561 6.25534188370821, 1.604634642030987 6.255743857148715, 1.6041387028155678 6.255834869960247)))"
_mview_marche_marches.fid-2fb68024_1a0f82ccff9_690a,Maritime,Lacs,Lacs 1,Canton D’Aneho,Hilla Condji,Marché de Sanvi Condji,"{lundi,mardi,mercredi,jeudi,vendredi,samedi,dimanche}",Non,"MULTIPOLYGON (((1.6262890471288072 6.241631819945871, 1.6271320140318757 6.241449973054883, 1.626971331191115 6.2397101374477035, 1.6267117666021933 6.239855123968952, 1.6266771579903374 6.240329401631093, 1.6264793944940161 6.240476845376411, 1.626029482539886 6.240489132353316, 1.626229718079911 6.241521237384551, 1.6262448787047947 6.241694940104004, 1.6262448787047947 6.241694940104004, 1.6262890471288072 6.241631819945871)))"
_mview_marche_marches.fid-2fb68024_1a0f82ccff9_690b,Centrale,Blitta,Blitta 3,Welly,Aromde,Marché Aromde,{samedi},Non,"MULTIPOLYGON (((0.9276507503914461 8.12324733150119, 0.9277714015185134 8.123318827606306, 0.9278007146444558 8.12321999475175, 0.9276860111081593 8.12317331199071, 0.9276507503914461 8.12324733150119)))"
_mview_marche_marches.fid-2fb68024_1a0f82ccff9_690c,Maritime,Lacs,Lacs 1,Canton D’Aneho,Adjido,Marché de Ablodessi,"{lundi,mardi,mercredi,jeudi,vendredi,samedi,dimanche}",Oui,"MULTIPOLYGON (((1.607806600997037 6.236140050799974, 1.6080517844445337 6.236321883032905, 1.6080517844445337 6.236321883032905, 1.6083222645969308 6.2359001869068855, 1.6079291927207855 6.23571835452772, 1.607806600997037 6.236140050799974)))"
_mview_marche_marches.fid-2fb68024_1a0f82ccff9_690d,Maritime,Lacs,Lacs 2,Aklakou,Missegbokome,Marché Agbossi,{jeudi},Oui,"MULTIPOLYGON (((1.711078633527491 6.344095378613608, 1.7112649242797842 6.342849822922447, 1.7089108865917089 6.342429026400624, 1.7088571691577317 6.343743730906332, 1.711078633527491 6.344095378613608)))"
_mview_marche_marches.fid-2fb68024_1a0f82ccff9_690e,Maritime,Vo,Vo 3,Dagbati,Dagbati Centre,Marché de Dagbati,{lundi},Oui,"MULTIPOLYGON (((1.4979813973667413 6.483229895650213, 1.4982991754232045 6.483226930900449, 1.498545341523282 6.4832358251496895, 1.4987064684251508 6.483054975384308, 1.4988675953270196 6.482808901009201, 1.4988288055173105 6.4826236039607315, 1.4987184037512151 6.482341952316647, 1.4985259466184275 6.482143313694116, 1.4983707873795913 6.482208538325068, 1.498166394920739 6.482119595644407, 1.4981365566055784 6.482276727702954, 1.4979634943776452 6.482295998612423, 1.4977784968236478 6.482488707666619, 1.4978128108860824 6.482635462973877, 1.4980082518503866 6.482666592882046, 1.4979813973667413 6.483229895650213)))"
_mview_marche_marches.fid-2fb68024_1a0f82ccff9_690f,Maritime,Vo,Vo 3,Dagbati,Kossidame,Marché de Yodame,{jeudi},Oui,"MULTIPOLYGON (((1.4959233535440073 6.42997210295784, 1.4962102554433043 6.430182009596321, 1.4962449358926695 6.43064255072334, 1.4958886730946412 6.4307600356379275, 1.495568667130041 6.430796064339629, 1.4953164456801098 6.430847757689783, 1.4952581194698136 6.430525065781596, 1.4954583202456968 6.430207073069751, 1.4959233535440073 6.42997210295784)))"
_mview_marche_marches.fid-2fb68024_1a0f82ccff9_6910,Maritime,Yoto,Yoto 2,Ahépé,Seva,Marché de Ahepe,{mardi},Non,"MULTIPOLYGON (((1.3967500000000002 6.606991666666666, 1.3976683333333333 6.606375000000001, 1.3973183333333334 6.605551666666666, 1.3960299999999999 6.605731666666666, 1.3958766666666667 6.606111666666667, 1.3967500000000002 6.606991666666666)))"
_mview_marche_marches.fid-2fb68024_1a0f82ccff9_6911,Maritime,Lacs,Lacs 2,Agouégan,Agoegan,Marché de Djoramé,{lundi},Non,"MULTIPOLYGON (((1.6805689185195187 6.257061745252994, 1.6806207334810908 6.257448060751103, 1.6808316666666665 6.257756666666667, 1.6812514804535768 6.257836818941501, 1.6811777950595947 6.257499885691799, 1.682200548328064 6.257757712893698, 1.6825424485561407 6.257643448581277, 1.6826102391186042 6.2570604072135065, 1.6805647325816657 6.256785000512064, 1.6805689185195187 6.257061745252994)))"
_mview_marche_marches.fid-2fb68024_1a0f82ccff9_6912,Maritime,Lacs,Lacs 3,Agbodrafo,Agbodrafo,Grand Marché D Agbodrafo,Nsp,Non,"MULTIPOLYGON (((1.4678417002575106 6.20282972567974, 1.4683435251426151 6.202809466308143, 1.4683791878248047 6.2018040940147054, 1.467849342260836 6.201839547982097, 1.4678417002575106 6.20282972567974)))"
_mview_marche_marches.fid-2fb68024_1a0f82ccff9_6913,Maritime,Lacs,Lacs 3,Agbodrafo,Kpeme,Marché de Kpeme,"{lundi,mardi,mercredi,jeudi,vendredi,samedi,dimanche}",Oui,"MULTIPOLYGON (((1.5045334169581537 6.212456116638976, 1.5048760458729633 6.212514747398651, 1.5048283024995888 6.212919578656273, 1.504451972380044 6.21310384657386, 1.5045334169581537 6.212456116638976)))"
_mview_marche_marches.fid-2fb68024_1a0f82ccff9_6914,Maritime,Lacs,Lacs 3,Agbodrafo,Agbodrafo,Marché D Agbodrafo,"{lundi,mardi,mercredi,jeudi,vendredi,samedi,dimanche}",Non,"MULTIPOLYGON (((1.4779383408771258 6.207940784178552, 1.4779582906371986 6.20771721467412, 1.4781958741435193 6.207755077258159, 1.478165042696134 6.207969631849634, 1.4779383408771258 6.207940784178552)))"
_mview_marche_marches.fid-2fb68024_1a0f82ccff9_6915,Maritime,Lacs,Lacs 3,Gbodjomé,Agbodrafo,Marché de Togbui Attchi,"{dimanche,samedi,vendredi,jeudi,mercredi,mardi,lundi}",Non,"MULTIPOLYGON (((1.416825114355542 6.194917457305052, 1.416866505113195 6.19484161393781, 1.4164753218742 6.194542274584121, 1.4164388006174473 6.194641516491081, 1.416825114355542 6.194917457305052)))"
_mview_marche_marches.fid-2fb68024_1a0f82ccff9_6916,Maritime,Lacs,Lacs 4,Anfoin,Anfoin,Marché Anfoin,{samedi},Non,"MULTIPOLYGON (((1.6070413839663287 6.331100463977885, 1.6070413839663287 6.331100463977885, 1.6070413839663287 6.331100463977885, 1.607714701994317 6.3308763558498296, 1.6077100044266797 6.330533968244182, 1.607482955324219 6.330524630397211, 1.6070664376603934 6.329702899202712, 1.6068268617108996 6.329864755450478, 1.606717251799367 6.330031280575532, 1.606717251799367 6.330031280575532, 1.606825295855021 6.330260057996233, 1.606850349549086 6.330462378079765, 1.6068801008107876 6.330666254391456, 1.6070413839663287 6.331100463977885)))"
_mview_marche_marches.fid-2fb68024_1a0f82ccff9_6917,Maritime,Lacs,Lacs 4,Fiata,Fiata Gendarmerie,Marché de Fiata,"{lundi,mardi,mercredi,jeudi,vendredi,samedi,dimanche}",Non,"MULTIPOLYGON (((1.6386870824892812 6.324709123471337, 1.638618560452597 6.324531293770713, 1.6385271977370182 6.324444270703434, 1.6383958638333742 6.32448589043309, 1.6383368587462295 6.324559670854701, 1.6383025977278876 6.324569129882351, 1.6382017180627695 6.324599398769669, 1.6382036214526776 6.324692097226053, 1.6382340756912035 6.32474695956996, 1.6386071401131497 6.324748851374816, 1.6386870824892812 6.324709123471337)))"
_mview_marche_marches.fid-2fb68024_1a0f82ccff9_6918,Maritime,Lacs,Lacs 4,Fiata,Ganave,Marché de Ganave-gbonou,"{lundi,mardi,mercredi,jeudi,vendredi,samedi,dimanche}",Non,"MULTIPOLYGON (((1.6353121242595214 6.309296048382758, 1.635119338055261 6.309520382217003, 1.6359751207180757 6.310389674907353, 1.636003333333333 6.31058596660333, 1.6363371826138817 6.310422390195181, 1.6353121242595214 6.309296048382758)))"
_mview_marche_marches.fid-2fb68024_1a0f82ccff9_6919,Maritime,Lacs,Lacs 4,Ganavé,Anfoin,Marché de Mellidomé,{mercredi},Non,"MULTIPOLYGON (((1.631874263809403 6.333158547045601, 1.6320242589458327 6.3333391436342685, 1.6321928776394694 6.333377163960675, 1.6321818041730218 6.333252097086954, 1.6320151988369207 6.332968945572899, 1.631874263809403 6.333158547045601)))"
_mview_marche_marches.fid-2fb68024_1a0f82ccff9_691a,Maritime,Vo,Vo 3,Mome-Hounkpati,Hounkpati,Marché de Atikessime,{lundi},Oui,"MULTIPOLYGON (((1.5570933333333334 6.472269999999999, 1.5572616666666668 6.472343333333333, 1.5574083333333335 6.472404999999999, 1.5574116666666666 6.472413227523031, 1.5574116666666666 6.472413227523031, 1.5573100000000002 6.472738333333333, 1.5572466666666664 6.472853333333334, 1.557245639030638 6.47299947129306, 1.5571971135748333 6.473139751982406, 1.5570636294353117 6.473105658192559, 1.5566766666666667 6.473051666666667, 1.556575098241459 6.473068092435447, 1.5565738429047238 6.472992005061219, 1.556641666666667 6.472846666666667, 1.5566016666666664 6.472588333333334, 1.5565716666666665 6.472553333333334, 1.5567266666666668 6.47251, 1.5567483333333332 6.472366666666667, 1.5567833333333336 6.472155, 1.55641 6.472133333333333, 1.5562771975849983 6.472129094602087, 1.5562771975849983 6.472129094602087, 1.5562333333333331 6.472056666666666, 1.5561633333333333 6.472065, 1.5561349999999998 6.471796666666667, 1.5561766666666665 6.471734999999999, 1.5562783333333332 6.4718583333333335, 1.5566616666666666 6.4716700000000005, 1.5567183333333332 6.471755, 1.556735 6.471751666666667, 1.5567950000000002 6.471738333333334, 1.5568133333333336 6.471861666666666, 1.5569149999999998 6.471869999999999, 1.5569966666666668 6.471826666666668, 1.5570933333333334 6.472269999999999)))"
_mview_marche_marches.fid-2fb68024_1a0f82ccff9_691b,Maritime,Vo,Vo 4,Sévagan,Sevagan,Marché de Sevagan,"{lundi,jeudi}",Non,"MULTIPOLYGON (((1.428186757760971 6.2962154117168545, 1.4296033012707705 6.296538459053007, 1.42906366564799 6.297432425476482, 1.4278229125304602 6.297194711827736, 1.428186757760971 6.2962154117168545)))"
_mview_marche_marches.fid-2fb68024_1a0f82ccff9_691c,Maritime,Zio,Zio 1,Abobo,Assiyeye,Marché de Djagble Assiyeye,Nsp,Non,"MULTIPOLYGON (((1.2937049999999999 6.25718, 1.2934216666666667 6.256821666666667, 1.2922333333333333 6.256965, 1.2923983333333333 6.257593333333333, 1.2914583333333334 6.2581, 1.2920516666666666 6.258610000000001, 1.2937049999999999 6.25718)))"
_mview_marche_marches.fid-2fb68024_1a0f82ccff9_691d,Maritime,Vo,Vo 4,Hahotoé,Hohotoe,Marché de Hahotoe,{lundi},Oui,"MULTIPOLYGON (((1.4175743414358586 6.366743855017234, 1.4175980317816177 6.366432547823521, 1.418506161702384 6.366377611240335, 1.4188509878462117 6.366615669725036, 1.4188536201068516 6.367057778046672, 1.4184271938831874 6.367162419013835, 1.4179507547073642 6.367256595866049, 1.417684896382734 6.367159802989916, 1.4175295930049796 6.3669949934561405, 1.4175743414358586 6.366743855017234)))"
_mview_marche_marches.fid-2fb68024_1a0f82ccff9_691e,Maritime,Vo,Vo 4,Akoumapé,Apegan,Marché Koumape,{mercredi},Oui,"MULTIPOLYGON (((1.4461830311216184 6.385404183569778, 1.4458835477244822 6.385166544559959, 1.445774433618549 6.384488234546566, 1.4455770995971802 6.384391333042729, 1.4459717676399177 6.3833807876957165, 1.446647346466016 6.38281322025649, 1.447304352678338 6.38290320050222, 1.4461830311216184 6.385404183569778)))"
_mview_marche_marches.fid-2fb68024_1a0f82ccff9_691f,Maritime,Vo,Vo 4,Akoumapé,Gnita,Marché de Gnita,{mardi},Oui,"MULTIPOLYGON (((1.4526183333333333 6.453598333333334, 1.453315 6.4541249999999994, 1.4526323995423216 6.454528332246008, 1.452377190539288 6.454295489242896, 1.4526183333333333 6.453598333333334)))"
_mview_marche_marches.fid-2fb68024_1a0f82ccff9_6920,Maritime,Yoto,Yoto 1,Tabligbo,Tabligbo Zongo,Ancien Marché de Tabligbo,"{lundi,mardi,jeudi,vendredi,samedi,dimanche}",Oui,"MULTIPOLYGON (((1.4985603329666832 6.588227434503881, 1.499603150671695 6.588043465391703, 1.500053320602423 6.588400602025139, 1.5004909858128535 6.589664553088615, 1.4996656742731846 6.589785668623382, 1.4988716245342613 6.589869517822434, 1.4985603329666832 6.588227434503881)))"
_mview_marche_marches.fid-2fb68024_1a0f82ccff9_6921,Maritime,Yoto,Yoto 2,Tchékpo,Tchekpo Deve,Marché de Tchekpo Deve,{jeudi},Oui,"MULTIPOLYGON (((1.3684126680107676 6.480711029777505, 1.3687599335787146 6.480118021739269, 1.3683796579757914 6.48000256876579, 1.3680744803700515 6.480607112062383, 1.3684126680107676 6.480711029777505)))"
_mview_marche_marches.fid-2fb68024_1a0f82ccff9_6922,Maritime,Yoto,Yoto 1,Tabligbo,Gah Kondji,Nouveau Marché Tabligbo,{mercredi},Oui,"MULTIPOLYGON (((1.5025259358480867 6.586718459123328, 1.5039244817607933 6.585841384381013, 1.504840770462223 6.587282292067607, 1.5054009307614769 6.588660547678304, 1.5041433523412984 6.588866917172764, 1.5037427078888514 6.588350993275634, 1.5030860961473418 6.58846154844162, 1.5025259358480867 6.586718459123328)))"
_mview_marche_marches.fid-2fb68024_1a0f82ccff9_6923,Maritime,Yoto,Yoto 1,Tabligbo,Zebe,Marché de Zébé,"{lundi,mardi,mercredi,jeudi,vendredi,samedi,dimanche}",Oui,"MULTIPOLYGON (((1.5054932094669733 6.6030149335609805, 1.5057684167606615 6.602904417515742, 1.5062817466772573 6.604341124179001, 1.5060943714985762 6.604457456519811, 1.5054932094669733 6.6030149335609805)))"
_mview_marche_marches.fid-2fb68024_1a0f82ccff9_6924,Maritime,Yoto,Yoto 1,Kouvé,Kouve Dafo,Petit Marché de Kouve,"{lundi,mardi,mercredi,jeudi,vendredi,samedi,dimanche}",Non,"MULTIPOLYGON (((1.4137433333333334 6.662418333333333, 1.4139666666666666 6.662081666666667, 1.4144066666666668 6.662325, 1.4142266666666667 6.662661666666666, 1.4137447194014365 6.662417627810337, 1.4137447194014365 6.662417627810337, 1.4137447194014365 6.662417627810337, 1.4137433333333334 6.662418333333333)))"
_mview_marche_marches.fid-2fb68024_1a0f82ccff9_6925,Maritime,Yoto,Yoto 1,Kouvé,Kouve Gboli Adjotope,Grand Marché de Kouve,{jeudi},Non,"MULTIPOLYGON (((1.4075727494332204 6.659337569373332, 1.4074883333333335 6.659308083695715, 1.4070733333333334 6.660656666666667, 1.4070716666666667 6.660661666666666, 1.4068933333333333 6.660476666666667, 1.4068258132808917 6.660578709436072, 1.4068258132808917 6.660578709436072, 1.406585 6.660446666666667, 1.4065833333333333 6.660448333333333, 1.4065233333333333 6.660536666666667, 1.4060766666666666 6.660281666666666, 1.4060683333333333 6.660278333333334, 1.4059233333333334 6.660229999999999, 1.4060016666666666 6.659865, 1.4056566666666666 6.659649999999999, 1.4056566666666666 6.659649999999999, 1.4057750000000002 6.659175000000001, 1.4075706415717897 6.659336921917767, 1.4075706415717897 6.659336921917767, 1.4075706415717897 6.659336921917767, 1.4075706415717897 6.659336921917767, 1.4075706415717897 6.659336921917767, 1.4075727494332204 6.659337569373332)))"
_mview_marche_marches.fid-2fb68024_1a0f82ccff9_6926,Maritime,Yoto,Yoto 1,Kouvé,Kouve Atran,Marché de Kouve Atran Gakpoto,"{lundi,mardi,jeudi,mercredi,vendredi,samedi,dimanche}",Non,"MULTIPOLYGON (((1.4181069681984113 6.668019674785401, 1.418046767177248 6.668073862912149, 1.4179175858193356 6.668005349187672, 1.4178492325765568 6.667878910198263, 1.4179157045374244 6.667815379265164, 1.4181069681984113 6.668019674785401)))"
_mview_marche_marches.fid-2fb68024_1a0f82ccff9_6927,Maritime,Yoto,Yoto 1,Kouvé,Kouve Aynran,Marché Kakpoto,{vendredi},Non,"MULTIPOLYGON (((1.4194491372329963 6.668539629699362, 1.4197751169284136 6.6685904101237155, 1.4197311910655195 6.668839394427798, 1.4194562757511973 6.668659614233014, 1.4194380995320686 6.668530232629427, 1.4194411289019233 6.668535498160472, 1.4194491372329963 6.668539629699362)))"
_mview_marche_marches.fid-2fb68024_1a0f82ccff9_6928,Maritime,Yoto,Yoto 1,Kouvé,Mayikou,Marché de Mayikou,{lundi},Non,"MULTIPOLYGON (((1.2905586874052506 6.771426636833678, 1.2907147099993854 6.771576946155357, 1.2905845147546184 6.7716465298954125, 1.2903753555646515 6.771549406968458, 1.2903992776177546 6.771427687947983, 1.2905586874052506 6.771426636833678)))"
_mview_marche_marches.fid-2fb68024_1a0f82ccff9_6929,Maritime,Yoto,Yoto 1,Kouvé,Adjove,Marché Adjove,{mercredi},Non,"MULTIPOLYGON (((1.3684339863014423 6.8220608189795096, 1.3686147536920004 6.821898937828899, 1.3683970447366147 6.821709179794174, 1.3683300573657267 6.821775692928305, 1.3684349714098376 6.822061308046347, 1.3684349714098376 6.822061308046347, 1.3684339863014423 6.8220608189795096)))"
_mview_marche_marches.fid-2fb68024_1a0f82ccff9_692a,Maritime,Yoto,Yoto 1,Kini-Kondji,Sikpe Adegou,Marché de Sikpe Adegou,"{samedi,mercredi}",Non,"MULTIPOLYGON (((1.5464752726240252 6.611212254480532, 1.5465236495780306 6.611276328155807, 1.5466257787031534 6.611208249875551, 1.546585464574815 6.611153520270899, 1.5464752726240252 6.611212254480532)))"
_mview_marche_marches.fid-2fb68024_1a0f82ccff9_692b,Maritime,Yoto,Yoto 2,Tchékpo,Esse Zogbedji,Marché de Esse Zogbedji,{vendredi},Non,"MULTIPOLYGON (((1.3313568570294891 6.582907246319496, 1.331228896064324 6.5827038585661555, 1.3314766750241436 6.58259291975649, 1.331601146144804 6.582803241228766, 1.3313568570294891 6.582907246319496)))"
_mview_marche_marches.fid-2fb68024_1a0f82ccff9_692c,Maritime,Yoto,Yoto 2,Tchékpo,Dedekpoe,Marché de Tchekpo Dedekpoe,{lundi},Oui,"MULTIPOLYGON (((1.3591455976209375 6.534207956125899, 1.3590045904661108 6.534389337311832, 1.3590045904661108 6.534389337311832, 1.3587515055310355 6.533976442694428, 1.3590148439171486 6.533892684119863, 1.3590082130944767 6.533783515619606, 1.3593737890415272 6.533788248844257, 1.3591455976209375 6.534207956125899)))"
_mview_marche_marches.fid-2fb68024_1a0f82ccff9_692d,Maritime,Yoto,Yoto 2,Zafi,Tchrami,Petit Marché de Zafi,"{lundi,mardi,mercredi,jeudi,vendredi,samedi,dimanche}",Non,"MULTIPOLYGON (((1.3750560709831703 6.623110350818806, 1.3745204143519525 6.623469776318729, 1.3744439899704852 6.623354344980465, 1.3750506739302177 6.623108923306669, 1.3750560709831703 6.623110350818806)))"
_mview_marche_marches.fid-2fb68024_1a0f82ccff9_692e,Maritime,Yoto,Yoto 2,Zafi,Zafi,Grand Marché de Zafi,{samedi},Non,"MULTIPOLYGON (((1.3773782125566345 6.621630121900639, 1.3785173155563084 6.620968183814987, 1.3777838369179636 6.62044257101859, 1.3775520515686324 6.620644030744447, 1.377492580327685 6.620703105385317, 1.3767972242796913 6.620219904910143, 1.376236059749731 6.620524366706673, 1.377369063134949 6.621621033511882, 1.377369063134949 6.621621033511882, 1.3773782125566345 6.621630121900639)))"
_mview_marche_marches.fid-2fb68024_1a0f82ccff9_692f,Maritime,Yoto,Yoto 2,Zafi,Yoto Kope,Marché de Amitokondi,"{lundi,mardi,mercredi,jeudi,vendredi,samedi,dimanche}",Non,"MULTIPOLYGON (((1.3146283333333333 6.739000000000001, 1.3145850000000001 6.738471666666667, 1.315634228952845 6.738009113978251, 1.3158824802095628 6.738333504124493, 1.3146283333333333 6.739000000000001)))"
_mview_marche_marches.fid-2fb68024_1a0f82ccff9_6930,Maritime,Yoto,Yoto 2,Zafi,Adikpé,Marché Adikpe,{samedi},Non,"MULTIPOLYGON (((1.3431831956489764 6.681293910932977, 1.3431196695801464 6.681367176050782, 1.3431714385854918 6.681399759248746, 1.3432137260880257 6.681345705040533, 1.3431831956489761 6.681293534248541, 1.3431831956489764 6.681293910932977)))"
_mview_marche_marches.fid-2fb68024_1a0f82ccff9_6931,Maritime,Yoto,Yoto 2,Zafi,Yoto Kope,Marché Yoto Kope,{vendredi},Non,"MULTIPOLYGON (((1.3095247519204278 6.7429478168321655, 1.3099591229192886 6.743430813739408, 1.3107020818092319 6.742827900284043, 1.3111532238891297 6.742278282392152, 1.310252616837438 6.741367247725801, 1.309305050758842 6.742691328623649, 1.3099557687030816 6.743414158681652, 1.3095247519204278 6.7429478168321655)))"
_mview_marche_marches.fid-2fb68024_1a0f82ccff9_6932,Maritime,Yoto,Yoto 2,Zafi,Affougadji,Marché Affougadji,{vendredi},Non,"MULTIPOLYGON (((1.2610966666666668 6.741091666666667, 1.2609883333333334 6.741253333333333, 1.2609883333333334 6.741254999999999, 1.26069 6.741034999999999, 1.260825 6.740989999999999, 1.2610956963095894 6.741089836330389, 1.2610956963095894 6.741089836330389, 1.2610966666666668 6.741091666666667)))"
_mview_marche_marches.fid-2fb68024_1a0f82ccff9_6933,Maritime,Yoto,Yoto 2,Zafi,Tove,Marché de Tove,{vendredi},Non,"MULTIPOLYGON (((1.2910233333333334 6.718833333333333, 1.2909866666666665 6.71884, 1.2909583333333332 6.718788333333333, 1.2911016666666666 6.718723333333332, 1.2911483333333333 6.718741666666666, 1.2911766666666669 6.718763333333333, 1.2911366666666666 6.718788333333333, 1.2911233333333332 6.718823333333334, 1.2911916666666667 6.718819999999999, 1.2913016666666666 6.718778333333334, 1.2913883333333334 6.718946666666667, 1.291023071040502 6.71883280039791, 1.2910233333333334 6.718833333333333)))"
_mview_marche_marches.fid-2fb68024_1a0f82ccff9_6934,Maritime,Yoto,Yoto 3,Gboto,Assigame,Marché de Gboto Assigame,{mardi},Non,"MULTIPOLYGON (((1.5008147672092045 6.668487993983137, 1.500876956358787 6.667950010681318, 1.4995869776824176 6.667718933964937, 1.49952944217468 6.6681389594613885, 1.5008147672092045 6.668487993983137)))"
_mview_marche_marches.fid-2fb68024_1a0f82ccff9_6935,Maritime,Yoto,Yoto 3,Gboto,Zeve,Marché de Zeve,{lundi},Oui,"MULTIPOLYGON (((1.4777833333333334 6.71034, 1.4769029482707268 6.710487450989458, 1.477031503029025 6.709529894558199, 1.477626068786153 6.709466057395839, 1.4777833333333334 6.71034)))"
_mview_marche_marches.fid-2fb68024_1a0f82ccff9_6936,Maritime,Yoto,Yoto 3,Gboto,Gboto Vodoupe,Marché de Vodoupe,{vendredi},Oui,"MULTIPOLYGON (((1.5279613222531498 6.673716660223616, 1.5267504729777461 6.673236787004046, 1.5268160855000583 6.67248439224402, 1.5275079993717176 6.67051157214867, 1.5283728917112915 6.6706300600663475, 1.528909721439303 6.671548340456651, 1.5289991930606386 6.672934644365291, 1.5279613222531498 6.673716660223616)))"
_mview_marche_marches.fid-2fb68024_1a0f82ccff9_6937,Maritime,Yoto,Yoto 3,Tométy-Kondji,Apedome 2,Marché Apedome 2,{vendredi},Non,"MULTIPOLYGON (((1.5357057809424435 6.777423639179072, 1.5362203536954695 6.777160636258807, 1.536093602318805 6.776935205070105, 1.5359876608696525 6.77701410599814, 1.5359384737682604 6.77685818272314, 1.5357114563772194 6.77697841272277, 1.5357474007974674 6.7770347705247795, 1.5356811873917473 6.777079856761639, 1.5357379417395076 6.777286501959978, 1.5356811873917473 6.777325952396866, 1.5357057809424435 6.777423639179072)))"
_mview_marche_marches.fid-2fb68024_1a0f82ccff9_6938,Maritime,Yoto,Yoto 3,Tométy-Kondji,Apedome 2,Marché Tomety,"{lundi,mardi,mercredi,jeudi,samedi,dimanche}",Non,"MULTIPOLYGON (((1.5346610363147062 6.7784185810506985, 1.534906897397045 6.7783054108057, 1.5347583563264653 6.777903592642529, 1.5346687194735291 6.777936653643283, 1.5346354257852954 6.777912493681417, 1.5344395052353064 6.7780218492886215, 1.5346610363147062 6.7784185810506985)))"
_mview_marche_marches.fid-2fb68024_1a0f82ccff9_6939,Maritime,Yoto,Yoto 3,Tométy-Kondji,Kodohoe,Marché Kodohoe,{mardi},Non,"MULTIPOLYGON (((1.5432059725131053 6.761846416653698, 1.5432898542803097 6.761787882711822, 1.5429974016324903 6.761479453747136, 1.5429633955106508 6.7612970978433, 1.5430178053055943 6.761218302061092, 1.5430518114274336 6.761029192131379, 1.5429679296602292 6.760936888448336, 1.542639203815781 6.761116993179377, 1.5423580865419082 6.760650972049962, 1.5421291119881888 6.7607635375813215, 1.5426324025914135 6.761587516472493, 1.542945258912337 6.761560500793417, 1.5432059725131053 6.761846416653698)))"
_mview_marche_marches.fid-2fb68024_1a0f82ccff9_693a,Maritime,Yoto,Yoto 3,Tométy-Kondji,Agodome,Marché Agodome,{samedi},Non,"MULTIPOLYGON (((1.5007033333333335 6.759953333333334, 1.5003539373582697 6.760151339162676, 1.500685 6.760558333333334, 1.5009999167240202 6.76038630711927, 1.5007033333333335 6.759953333333334)))"
_mview_marche_marches.fid-2fb68024_1a0f82ccff9_693b,Maritime,Zio,Zio 1,Abobo,Ablota,Marché de Abobo,{samedi},Oui,"MULTIPOLYGON (((1.3759078269290617 6.240036527401288, 1.3759989492241376 6.240265286340905, 1.3759531306689863 6.240497115768424, 1.3758161898187595 6.240520145176153, 1.375668437848778 6.240596909861274, 1.3749590224667763 6.240574903986022, 1.3748442186712855 6.240379921655631, 1.3759078269290617 6.240036527401288)))"
_mview_marche_marches.fid-2fb68024_1a0f82ccff9_693c,Maritime,Zio,Zio 1,Abobo,Lebe,Marché de Lebe,{mercredi},Non,"MULTIPOLYGON (((1.3490400280282253 6.220151097727332, 1.3494940943174232 6.220211475153455, 1.3494940943174232 6.220211475153455, 1.34947302299736 6.219663560025594, 1.3491069604566601 6.219739956022209, 1.3486363676419229 6.220148222611628, 1.3490400280282253 6.220151097727332)))"
_mview_marche_marches.fid-2fb68024_1a0f82ccff9_693d,Maritime,Zio,Zio 1,Abobo,Aveta,Marché D Aveta,"{vendredi,mercredi}",Non,"MULTIPOLYGON (((1.2884573821203558 6.272743650442027, 1.2880928767665534 6.272293972566618, 1.2877073998718476 6.27244684323445, 1.2873089405946774 6.272939205600143, 1.287262004288845 6.273423626183461, 1.2880129851821585 6.2740470192224205, 1.2887499850482027 6.274014261326516, 1.289153437549397 6.27262155251422, 1.2884573821203558 6.272743650442027)))"
_mview_marche_marches.fid-2fb68024_1a0f82ccff9_693e,Maritime,Yoto,Yoto 3,Sendome,Sedome,Marché de Sedome,"{lundi,mardi,mercredi,jeudi,vendredi,samedi,dimanche}",Non,"MULTIPOLYGON (((1.5759750023588952 6.7620604719563895, 1.5758719480885044 6.762764428664487, 1.5751849196192331 6.762631080115702, 1.5753016154088615 6.76202571381542, 1.5759750023588952 6.7620604719563895)))"
_mview_marche_marches.fid-2fb68024_1a0f82ccff9_693f,Maritime,Zio,Zio 1,Kpomé,Apeyeme,Marché de Kpome Apeyeme,{mardi},Oui,"MULTIPOLYGON (((1.3642930969809985 6.288592914279564, 1.3645021356404698 6.288701751844992, 1.3646275588361523 6.288674047739589, 1.3648764143831416 6.288511780806878, 1.3649241946481634 6.288420752993183, 1.3649003045156527 6.28815954265671, 1.364842570028751 6.288086324584305, 1.364635522213656 6.28795571934847, 1.3644722729748309 6.287951761613539, 1.3642711976928634 6.288100176652849, 1.364207490672834 6.288216929787337, 1.3642930969809985 6.288592914279564)))"
_mview_marche_marches.fid-2fb68024_1a0f82ccff9_6940,Maritime,Zio,Zio 1,Kpomé,Agome,Marché de Kpome-agome,{samedi},Non,"MULTIPOLYGON (((1.3420650583609144 6.332661702044673, 1.3424348289895587 6.332422224879081, 1.3423346330772812 6.332199345041013, 1.3426447632819505 6.332035741694391, 1.3421795679749464 6.331274629791618, 1.341478196589002 6.331860282975186, 1.3420650583609144 6.332661702044673)))"
_mview_marche_marches.fid-2fb68024_1a0f82ccff9_6941,Maritime,Zio,Zio 1,Gbatopé,Aboume,Marché de Gbatope Koudassime,"{mercredi,vendredi}",Non,"MULTIPOLYGON (((1.26133 6.448265, 1.2609283333333332 6.448054999999999, 1.2606816666666667 6.448501666666668, 1.2611383333333333 6.448751666666667, 1.26133 6.448265)))"
_mview_marche_marches.fid-2fb68024_1a0f82ccff9_6942,Maritime,Zio,Zio 1,Gbatopé,Loome,Marché de Have,{jeudi},Non,"MULTIPOLYGON (((1.2551883333333334 6.497658333333334, 1.2543683333333333 6.496846666666666, 1.2543683333333333 6.496846666666666, 1.253455 6.498058333333334, 1.2544149999999998 6.498608333333334, 1.2551883333333334 6.497658333333334)))"
_mview_marche_marches.fid-2fb68024_1a0f82ccff9_6943,Maritime,Zio,Zio 1,Gbatopé,Gati Agodou,Marché Agba,{mardi},Non,"MULTIPOLYGON (((1.3205200000000001 6.4986016666666675, 1.320665 6.498281666666666, 1.320665 6.498281666666666, 1.320665 6.498281666666666, 1.3214183333333334 6.498379999999999, 1.321135 6.499081666666666, 1.3205200000000001 6.4986016666666675)))"
_mview_marche_marches.fid-2fb68024_1a0f82ccff9_6944,Maritime,Zio,Zio 1,Gbatopé,Doukouma,Marché Adangbe,{vendredi},Non,"MULTIPOLYGON (((1.2991666666666668 6.525963333333334, 1.298515 6.525468333333333, 1.298515 6.525468333333333, 1.29908 6.524866666666666, 1.2997033333333334 6.525456666666666, 1.2997102425376648 6.525459758597217, 1.2997102425376648 6.525459758597217, 1.2991666666666668 6.525963333333334)))"
_mview_marche_marches.fid-2fb68024_1a0f82ccff9_6945,Maritime,Zio,Zio 1,Gbatopé,Fongbe Dzogbedzi,Marché Yawoda,{jeudi},Non,"MULTIPOLYGON (((1.3423349999999998 6.455486666666667, 1.3425533333333335 6.455403333333334, 1.342555 6.455403333333334, 1.3426933333333333 6.455806666666666, 1.3424266666666664 6.455843333333333, 1.342422569857866 6.4558124174069045, 1.3423349999999998 6.455486666666667)))"
_mview_marche_marches.fid-2fb68024_1a0f82ccff9_6946,Maritime,Zio,Zio 1,Gbatopé,Yobome,Marché Nonoussi,{vendredi},Non,"MULTIPOLYGON (((1.3302258350571396 6.415572282686803, 1.3305933333333333 6.415206666666667, 1.3305933333333333 6.415206666666667, 1.3305933333333333 6.415206666666667, 1.3307516666666668 6.416328333333333, 1.3300866666666666 6.416103333333333, 1.3300866666666666 6.416103333333333, 1.3302258350571396 6.415572282686803)))"
_mview_marche_marches.fid-2fb68024_1a0f82ccff9_6947,Maritime,Zio,Zio 2,Mission-Tové,Mission Tove,Marché de Mission Tove,"{mercredi,samedi}",Oui,"MULTIPOLYGON (((1.1203062378417823 6.324513596547656, 1.1204830736444524 6.324858483126233, 1.1207844730313932 6.325134834385314, 1.1209190461894 6.324911542579436, 1.1210747506697383 6.324740204742195, 1.120988001030693 6.324602029025637, 1.1210013471290077 6.324509174923358, 1.1208676699034268 6.324504406864298, 1.120876655944898 6.32440020774921, 1.1206729723382145 6.324377879364672, 1.1204632980372164 6.324421047573905, 1.1203062378417823 6.324513596547656)))"
_mview_marche_marches.fid-2fb68024_1a0f82ccff9_6948,Maritime,Yoto,Yoto 3,Tokpli,Monenou,Marché de Monenou,"{mardi,jeudi,dimanche}",Oui,"MULTIPOLYGON (((1.5514418621646688 6.623090892111317, 1.551656168325628 6.623843348922633, 1.552605663677655 6.623538818406376, 1.5523871231523496 6.62281607822307, 1.5514418621646688 6.623090892111317)))"
_mview_marche_marches.fid-2fb68024_1a0f82ccff9_6949,Maritime,Yoto,Yoto 3,Tokpli,Tokpli Centre,Marché de Tokpli Centre,"{mercredi,vendredi}",Non,"MULTIPOLYGON (((1.59814 6.663918333333333, 1.59846 6.664316666666667, 1.5986249999999997 6.664235000000001, 1.5986010757539717 6.664154996971891, 1.598544783410379 6.6641494057717265, 1.5985687076564061 6.663850276469965, 1.5983730917624202 6.663893608296006, 1.5983688698366507 6.663783182022089, 1.59814 6.663918333333333)))"
_mview_marche_marches.fid-2fb68024_1a0f82ccff9_694a,Maritime,Yoto,Yoto 3,Tokpli,Sika Kondji,Marché Scan Togo,"{lundi,mardi,mercredi,jeudi,vendredi,samedi,dimanche}",Non,"MULTIPOLYGON (((1.5704833333333337 6.618883333333334, 1.5704433333333332 6.618925, 1.5704966666666669 6.61897, 1.5703633333333333 6.6192649999999995, 1.5698416666666666 6.618860000000001, 1.5700419901166565 6.618536789983771, 1.5700419901166565 6.618536789983771, 1.5704833333333337 6.618883333333334)))"
_mview_marche_marches.fid-2fb68024_1a0f82ccff9_694b,Maritime,Zio,Zio 1,Tsévié,Toncrome,Marché de Toncro,"{jeudi,vendredi}",Non,"MULTIPOLYGON (((1.1979166666666667 6.496051666666667, 1.19827 6.494600000000001, 1.1980183333333334 6.494531666666668, 1.1977115749023235 6.495917881755292, 1.1979166666666667 6.496051666666667)))"
_mview_marche_marches.fid-2fb68024_1a0f82ccff9_694c,Maritime,Zio,Zio 1,Tsévié,Dleke,Marché de Dleke,{jeudi},Non,"MULTIPOLYGON (((1.1943466666666667 6.50779, 1.1944 6.507998333333334, 1.1944 6.507998333333334, 1.1945566666666667 6.508041666666666, 1.194635 6.507813333333333, 1.1943466666666667 6.50779)))"
_mview_marche_marches.fid-2fb68024_1a0f82ccff9_694d,Maritime,Zio,Zio 1,Tsévié,Bolomondji,Nouveau Marché de Tsevie,"{lundi,vendredi}",Oui,"MULTIPOLYGON (((1.1958744295424848 6.432027476722126, 1.1965538029070197 6.4345296022945115, 1.198789715245996 6.433962181455338, 1.1987948750437014 6.433955345055822, 1.1980742232975237 6.431434416464148, 1.1958744295424848 6.432027476722126)))"
_mview_marche_marches.fid-2fb68024_1a0f82ccff9_694e,Maritime,Zio,Zio 3,Gamé-Sèva,Game,Grand Marché,{mercredi},Non,"MULTIPOLYGON (((1.1348361255423907 6.76954857378857, 1.1349991028066218 6.769366134769028, 1.1349472464043664 6.769130729480631, 1.1347487104643035 6.768954175438997, 1.134482020395562 6.769594183532679, 1.1347427840183315 6.769719242486359, 1.1348361255423907 6.76954857378857)))"
_mview_marche_marches.fid-2fb68024_1a0f82ccff9_694f,Maritime,Zio,Zio 1,Tsévié,Nyeria,Marché de Tsevie,"{lundi,vendredi}",Oui,"MULTIPOLYGON (((1.2093730092534742 6.423720136809484, 1.2092620038033404 6.4237306423830045, 1.209251431855709 6.424077326187548, 1.2091545223357507 6.424075575259836, 1.2091122345452237 6.424014292786107, 1.2087615982821023 6.424014292786107, 1.208629448936705 6.4241035901025105, 1.2084761556960435 6.424089582681367, 1.2084929107673283 6.424264152550659, 1.2084783196346638 6.424296776445894, 1.2079895166903947 6.424351149599973, 1.207934799942902 6.424354774476706, 1.2077451152182606 6.423412305656989, 1.2081536669328732 6.423285434721039, 1.2081025979685467 6.423212937029154, 1.2077451152182606 6.4233253084471755, 1.2077159329529312 6.42334343286711, 1.2076539206391057 6.423104190471963, 1.2074022236006392 6.423194812604571, 1.2076940462539338 6.42438377348963, 1.2077925363994209 6.424539643155796, 1.2081171891012115 6.425996840980736, 1.2084819674178295 6.4257902236326325, 1.208824859035451 6.427120547895813, 1.2089963048442616 6.427116923038787, 1.2089744181452644 6.427425035793718, 1.209105738339247 6.4276715258632695, 1.2095069944875276 6.427624402770972, 1.2096419624646761 6.427479408613447, 1.2096273713320116 6.425920718809617, 1.2097915215744897 6.42589171988429, 1.2098316471893176 6.425688727360721, 1.2097586915259944 6.425648853819788, 1.2092990708470546 6.425703226829376, 1.2093720265103785 6.424430896882107, 1.2095325289696908 6.4243366500927825, 1.2096602013805076 6.424322150585183, 1.2096930314290033 6.424235153530908, 1.209415799908373 6.424162655974322, 1.2093730092534742 6.423720136809484)))"
_mview_marche_marches.fid-2fb68024_1a0f82ccff9_6950,Maritime,Zio,Zio 1,Gblainvié,Gblainvié,Marché de Apéssimé,"{lundi,mardi,mercredi,jeudi,vendredi,samedi,dimanche}",Oui,"MULTIPOLYGON (((1.1901833333333334 6.444055, 1.189873119485669 6.444328102231077, 1.1898266666666668 6.444230000000001, 1.1899166666666665 6.4439183333333325, 1.1901833333333334 6.444055)))"
_mview_marche_marches.fid-2fb68024_1a0f82ccff9_6951,Centrale,Tchaoudjo,Tchaoudjo 4,Wassarabo,Wassarabo,Marché Alarba,{mercredi},Oui,"MULTIPOLYGON (((1.2601485491613718 9.002287703545152, 1.2603166666666668 9.002663333333334, 1.2597200000000002 9.002931666666665, 1.2595333333333334 9.002604999999999, 1.2601485491613718 9.002287703545152)))"
_mview_marche_marches.fid-2fb68024_1a0f82ccff9_6952,Plateaux,Agou,Agou 1,Agou-Tavié,Apegame,Marché de Akadi Sime,"{lundi,mardi,mercredi,jeudi,vendredi,samedi,dimanche}",Non,"MULTIPOLYGON (((0.7294577667959365 6.84580598526792, 0.7294530657472339 6.845719015866921, 0.7296387571709879 6.84570021167211, 0.7296293550735826 6.845791882121812, 0.7294577667959365 6.84580598526792)))"
_mview_marche_marches.fid-2fb68024_1a0f82ccff9_6953,Maritime,Zio,Zio 2,Kovié,Kovie,Marché de Kovie,{vendredi},Non,"MULTIPOLYGON (((1.107893025074303 6.341178654168112, 1.1081804188193594 6.341660956376299, 1.1084348329543277 6.341617252634924, 1.108643703818221 6.341331617376845, 1.1084206988357181 6.3410256909139955, 1.107893025074303 6.341178654168112)))"
_mview_marche_marches.fid-2fb68024_1a0f82ccff9_6954,Maritime,Zio,Zio 2,Kovié,Kovie,Nouveau Marché Kovie,{samedi},Oui,"MULTIPOLYGON (((1.0985919816448317 6.3416043702195815, 1.100312726700717 6.342143670954281, 1.1007624668857776 6.339626929366093, 1.09881196325709 6.339223666541255, 1.0985919816448317 6.3416043702195815)))"
_mview_marche_marches.fid-2fb68024_1a0f82ccff9_6955,Maritime,Zio,Zio 2,Bolou,Alpkogbe,Marché de Yodame,{jeudi},Non,"MULTIPOLYGON (((1.0925646536410867 6.439214284842067, 1.092876992907843 6.440024399477402, 1.0935353068735836 6.439599076501656, 1.0932588592893406 6.4389303902083315, 1.0925646536410867 6.439214284842067)))"
_mview_marche_marches.fid-2fb68024_1a0f82ccff9_6956,Maritime,Zio,Zio 3,Gamé-Sèva,Ayakope,Marché Ayakope,{mercredi},Non,"MULTIPOLYGON (((1.1027076840452545 6.794202694063323, 1.1029828381588411 6.794461893221188, 1.1025279737901261 6.794941933791453, 1.1026233985209941 6.795057218374828, 1.1017583333333334 6.795635000000001, 1.1017941256923802 6.795202251849816, 1.1027076840452545 6.794202694063323)))"
_mview_marche_marches.fid-2fb68024_1a0f82ccff9_6957,Maritime,Zio,Zio 3,Gamé-Sèva,Game,Nouveau Marché de Game,{lundi},Non,"MULTIPOLYGON (((1.170872854195854 6.726528216460637, 1.1722216112480563 6.726284286826944, 1.1724241402622844 6.727675112043855, 1.1711788022811775 6.727919040979119, 1.170872854195854 6.726528216460637)))"
_mview_marche_marches.fid-2fb68024_1a0f82ccff9_6958,Maritime,Zio,Zio 3,Gamé-Sèva,Togba,Marché de Togba,{mardi},Non,"MULTIPOLYGON (((1.1779666666666666 6.767525000000001, 1.1780116666666667 6.767926666666667, 1.177645 6.767989999999999, 1.1775683333333333 6.76749, 1.1779666666666666 6.767525000000001)))"
_mview_marche_marches.fid-2fb68024_1a0f82ccff9_6959,Maritime,Zio,Zio 3,Gamé-Sèva,Have Kome,Marché de Have Kome,{mercredi},Non,"MULTIPOLYGON (((1.0836983333333334 6.818101666666666, 1.0840633333333334 6.818231666666666, 1.0838416666666668 6.818608333333333, 1.0835663303774195 6.81851755835826, 1.0836983333333334 6.818101666666666)))"
_mview_marche_marches.fid-2fb68024_1a0f82ccff9_695a,Maritime,Zio,Zio 3,Agbélouvé,Kologan,Marché de Kologan,{jeudi},Oui,"MULTIPOLYGON (((0.9164983576014364 6.808519543856062, 0.916587241801599 6.808497222092634, 0.9163746424795849 6.808461475303976, 0.9164743572058389 6.808188670864226, 0.9164085078583125 6.807959138852847, 0.916664379608701 6.807891408095391, 0.9168449949619164 6.807955376032989, 0.9169221327690189 6.808038158069879, 0.9169917449364039 6.8082056035535885, 0.916824299452694 6.808357997757864, 0.9168845045704324 6.808493459272776, 0.9167678571548142 6.808544257340867, 0.9166098187207508 6.808602581048676, 0.9164983576014364 6.808519543856062)))"
_mview_marche_marches.fid-2fb68024_1a0f82ccff9_695b,Maritime,Zio,Zio 3,Agbélouvé,Kodje,Marché de Kodje,{mercredi},Non,"MULTIPOLYGON (((1.0208216666666667 6.726061603118154, 1.0207246641918313 6.72619364828686, 1.0203960264969147 6.726030875620917, 1.0206402051404657 6.725812461192667, 1.0208216666666667 6.726061603118154)))"
_mview_marche_marches.fid-2fb68024_1a0f82ccff9_695c,Maritime,Zio,Zio 3,Agbélouvé,Agokpala,Marché D Agokpala,{mercredi},Non,"MULTIPOLYGON (((0.93379 6.759518333333333, 0.9336116666666666 6.759541666666666, 0.9336164840411206 6.759389203093549, 0.9337393541785046 6.759397882062179, 0.93379 6.759518333333333)))"
_mview_marche_marches.fid-2fb68024_1a0f82ccff9_695d,Maritime,Zio,Zio 3,Agbélouvé,Atikoloe,Marché de Atikoloe,{mercredi},Non,"MULTIPOLYGON (((0.9868514035379915 6.765967009713032, 0.9869592120808353 6.766124735958102, 0.9866069826431473 6.766308613639909, 0.9864927146560704 6.766150036631868, 0.9868514035379915 6.765967009713032)))"
_mview_marche_marches.fid-2fb68024_1a0f82ccff9_695e,Maritime,Zio,Zio 3,Agbélouvé,Fokpe,Marché de Fokpe,{mercredi},Non,"MULTIPOLYGON (((0.9614299999999997 6.791306915033051, 0.9612864041337977 6.791149256376703, 0.9616810009043371 6.790733083645962, 0.9618409410154729 6.7908837869047955, 0.9614299999999997 6.791306915033051)))"
_mview_marche_marches.fid-2fb68024_1a0f82ccff9_695f,Maritime,Zio,Zio 3,Agbélouvé,Game Lomnava Kole Kope,Marché de Game Lomnava Kole Kope,{mercredi},Non,"MULTIPOLYGON (((0.9891637774637627 6.733159739221381, 0.9891795395550981 6.733282879125017, 0.9891795395550981 6.733282879125017, 0.9891795395550981 6.733282879125017, 0.9893047956409066 6.73329581924867, 0.989303324512382 6.733158904374467, 0.9891637774637627 6.733159739221381)))"
_mview_marche_marches.fid-2fb68024_1a0f82ccff9_6960,Maritime,Zio,Zio 3,Agbélouvé,Klikape,Marché Klikape,{mercredi},Non,"MULTIPOLYGON (((1.0576467376613181 6.73492855187016, 1.057684423183336 6.735004984156019, 1.0579411447441227 6.734892356346681, 1.0579025745854382 6.734804503123118, 1.0576467376613181 6.73492855187016)))"
_mview_marche_marches.fid-2fb68024_1a0f82ccff9_6961,Maritime,Zio,Zio 3,Agbélouvé,Datiho,Marché Datiho,{mercredi},Non,"MULTIPOLYGON (((1.0524804266368997 6.72741514547497, 1.0527273441414433 6.72712201193556, 1.0531104919933214 6.72762121574187, 1.0528116950979567 6.7278966108047005, 1.0524804266368997 6.72741514547497)))"
_mview_marche_marches.fid-2fb68024_1a0f82ccff9_6962,Maritime,Zio,Zio 3,Agbélouvé,Agbodjokpo,Marché Agbodjokpo,{mercredi},Non,"MULTIPOLYGON (((1.0219982952892346 6.829584508799499, 1.0222133552771289 6.829481423421902, 1.0220947014907045 6.829264207732107, 1.0218944732261133 6.829323113691627, 1.0218351463329014 6.829499831526674, 1.0219982952892346 6.829584508799499)))"
_mview_marche_marches.fid-2fb68024_1a0f82ccff9_6963,Maritime,Zio,Zio 3,Agbélouvé,Tokpevia,Marché Tokpevia,{mercredi},Non,"MULTIPOLYGON (((1.0577904943377554 6.777615454531845, 1.0574445819985172 6.777437345982044, 1.0577776827696357 6.777089610052322, 1.0581321361542875 6.7771829050824755, 1.0581321361542875 6.7771829050824755, 1.0577904943377554 6.777615454531845)))"
_mview_marche_marches.fid-2fb68024_1a0f82ccff9_6964,Maritime,Zio,Zio 3,Agbélouvé,Tsito,Marché Tsito,{mercredi},Non,"MULTIPOLYGON (((1.0964597794903388 6.726938503403901, 1.0966285302376408 6.727063754124559, 1.0973337307289972 6.726441028391723, 1.0971934011601883 6.726305192927516, 1.0964597794903388 6.726938503403901)))"
_mview_marche_marches.fid-2fb68024_1a0f82ccff9_6965,Maritime,Zio,Zio 3,Agbélouvé,Avati,Marché D Avati,{mercredi},Non,"MULTIPOLYGON (((1.1146409574126797 6.680025494742935, 1.114741529224944 6.68022877568934, 1.114741529224944 6.68022877568934, 1.1144561504886956 6.680272181210551, 1.1144561504886956 6.680272181210551, 1.1143741425556923 6.680056265864631, 1.1146409574126797 6.680025494742935)))"
_mview_marche_marches.fid-2fb68024_1a0f82ccff9_6966,Maritime,Zio,Zio 3,Agbélouvé,Atitor,Marché D Atitoe,{mercredi},Non,"MULTIPOLYGON (((1.08795 6.720326666666667, 1.0876383333333335 6.720105000000001, 1.0875839622498695 6.720212954130711, 1.0878840555524716 6.720418318860446, 1.08795 6.720326666666667)))"
_mview_marche_marches.fid-2fb68024_1a0f82ccff9_6967,Maritime,Zio,Zio 3,Agbélouvé,Game Lili,Marché de Game Lili,{mercredi},Non,"MULTIPOLYGON (((1.0868697021651483 6.6935033413747504, 1.0868697021651483 6.6935033413747504, 1.0869247639945145 6.6933352607154, 1.0870988565432458 6.693426136868551, 1.0870446044466646 6.693582958508983, 1.0868697021651483 6.6935033413747504)))"
_mview_marche_marches.fid-2fb68024_1a0f82ccff9_6968,Maritime,Zio,Zio 3,Agbélouvé,Begbe,Marché de Begbe,{mercredi},Non,"MULTIPOLYGON (((1.2030018359501629 6.614276191670327, 1.203043762678922 6.614539464361706, 1.2027717380697092 6.614608381295417, 1.2026822639036008 6.614515570167132, 1.2026822639036008 6.614515570167132, 1.2030018359501629 6.614276191670327)))"
_mview_marche_marches.fid-2fb68024_1a0f82ccff9_6969,Maritime,Zio,Zio 3,Agbélouvé,Wonougba,Marché de Wonougbo,{mercredi},Non,"MULTIPOLYGON (((0.9054797125390106 6.750057098656032, 0.9066629492836161 6.750812477677099, 0.9076517971344653 6.74973396393705, 0.9060544275292476 6.748840096642846, 0.9054797125390106 6.750057098656032)))"
_mview_marche_marches.fid-2fb68024_1a0f82ccff9_696a,Plateaux,Agou,Agou 1,Agou-Tavié,Have,Marché D Agou Gadzefe,{vendredi},Oui,"MULTIPOLYGON (((0.7152146180216858 6.848031342595926, 0.7143864667005935 6.847190643527543, 0.7133073604337152 6.848106629079661, 0.714148059502097 6.849060257873645, 0.7152146180216858 6.848031342595926)))"
_mview_marche_marches.fid-2fb68024_1a0f82ccff9_696b,Maritime,Zio,Zio 4,Gapé-Centre,Gape Centre,Marché de Gape Centre,{jeudi},Non,"MULTIPOLYGON (((1.109303469132249 6.601784147286036, 1.1098308552397689 6.602111245453755, 1.10985227193449 6.601507576308932, 1.11024312661316 6.601113994267446, 1.1103662726078094 6.60090656576833, 1.1110435755783803 6.600834763575311, 1.1102538349605204 6.599356167952448, 1.1096273966399133 6.599981114482794, 1.1085619160775126 6.600435862313381, 1.1087171871142443 6.600925181150005, 1.1084387700828633 6.601076763517593, 1.1085458535564714 6.6012256865002055, 1.1088403331088936 6.601129950302241, 1.1090705625771509 6.601597993760756, 1.109303469132249 6.601784147286036)))"
_mview_marche_marches.fid-2fb68024_1a0f82ccff9_696c,Maritime,Zio,Zio 4,Gapé-Centre,Atchanve,Marché de Atchanve,{mercredi},Non,"MULTIPOLYGON (((0.9965753918572623 6.577435148473203, 0.996854202078039 6.577565214456202, 0.9969229627068118 6.577414562487164, 0.9968438408874014 6.577373390512523, 0.9970378777302393 6.576925177204244, 0.9968391312552936 6.576839090259506, 0.9965753918572623 6.577435148473203)))"
_mview_marche_marches.fid-2fb68024_1a0f82ccff9_696d,Maritime,Zio,Zio 4,Gapé-Centre,Agodokpe,Marché de Agodokpe,{vendredi},Non,"MULTIPOLYGON (((1.0313310071942698 6.559950999059964, 1.0314792038128209 6.559554889900016, 1.031826760168232 6.559558395292192, 1.0321672595418072 6.559723148696697, 1.0325395153336434 6.559945740975834, 1.032404966348503 6.560296954827415, 1.0313310071942698 6.559950999059964)))"
_mview_marche_marches.fid-2fb68024_1a0f82ccff9_696e,Plateaux,Agou,Agou 1,Kati,Kati,Nouveau Marché de Kati,{mardi},Oui,"MULTIPOLYGON (((0.8502583333333333 6.887768333333334, 0.84981 6.887616666666666, 0.8496333333333334 6.887573333333334, 0.8490800000000001 6.8872833333333325, 0.8492116666666667 6.886660000000001, 0.8492166666666667 6.8866233333333335, 0.8492883333333333 6.886251666666667, 0.8493516666666667 6.886101666666667, 0.849385 6.8853133333333325, 0.850265 6.885298333333333, 0.8503016666666666 6.885359999999999, 0.8508116666666666 6.885341666666666, 0.8502583333333333 6.887768333333334)))"
_mview_marche_marches.fid-2fb68024_1a0f82ccff9_696f,Centrale,Blitta,Blitta 1,Pagala-Gare,Tchanié,Marché de Tchanié,{dimanche},Oui,"MULTIPOLYGON (((1.0088102036406534 8.176185544396551, 1.00881 8.176023333333335, 1.0090540728130666 8.175999995871003, 1.0090716666666668 8.176146666666666, 1.0088102036406534 8.176185544396551)))"
_mview_marche_marches.fid-2fb68024_1a0f82ccff9_6970,Plateaux,Agou,Agou 1,Kati,Kati,Marché de Kati,{mardi},Oui,"MULTIPOLYGON (((0.8510166666666666 6.891326666666667, 0.8508433333333334 6.891488333333332, 0.8506683333333334 6.891408333333334, 0.8505416666666666 6.891373333333333, 0.8503816666666667 6.891468333333334, 0.8501366666666667 6.891419999999999, 0.849675 6.8914116666666665, 0.8494283333333333 6.891398333333332, 0.8492533333333333 6.891374999999999, 0.8488366666666667 6.891165000000001, 0.8490733333333333 6.8907066666666665, 0.8496533333333333 6.890829999999999, 0.8510166666666666 6.891326666666667)))"
_mview_marche_marches.fid-2fb68024_1a0f82ccff9_6971,Plateaux,Agou,Agou 1,Agou-Nyogbo-Agbétiko,Guebakui Barrage,Marché Guebakui Barrage,{vendredi},Non,"MULTIPOLYGON (((0.7765278537472493 6.969375952035243, 0.7766358478487939 6.969255958589082, 0.776393461087549 6.968939175891218, 0.7762590684278491 6.969085567895534, 0.7765278537472493 6.969375952035243)))"
_mview_marche_marches.fid-2fb68024_1a0f82ccff9_6972,Plateaux,Agou,Agou 1,Agou-Nyogbo-Agbétiko,Nyogbo,Marché de Agou Nyogbo,{vendredi},Non,"MULTIPOLYGON (((0.727343808070107 6.888832483232481, 0.7270326543851543 6.888296531290559, 0.7273712224916886 6.888160829903729, 0.72756449416384 6.8882225123522876, 0.727343808070107 6.888832483232481)))"
_mview_marche_marches.fid-2fb68024_1a0f82ccff9_6973,Plateaux,Agou,Agou 1,Agou-Akplolo,Carrefour Akplolo,Marché Akplolo,{jeudi},Oui,"MULTIPOLYGON (((0.770395 6.889123333333333, 0.7712333333333333 6.889643333333334, 0.7711749999999999 6.889735, 0.770885 6.889520000000001, 0.770765 6.889793333333333, 0.7706216666666666 6.889791666666667, 0.7705733333333333 6.889336666666666, 0.770395 6.889123333333333)))"
_mview_marche_marches.fid-2fb68024_1a0f82ccff9_6974,Plateaux,Agou,Agou 1,Agou-Akplolo,Akplolo Wogboe,Marché Rural Des Fruits de La Scoops Novinyo,"{lundi,mardi,mercredi,jeudi}",Non,"MULTIPOLYGON (((0.7712178773202327 6.8910403511733875, 0.7711258208235809 6.890935143748644, 0.7711806163573022 6.890888019589642, 0.7712693851219307 6.8909932270143885, 0.7712178773202327 6.8910403511733875)))"
_mview_marche_marches.fid-2fb68024_1a0f82ccff9_6975,Plateaux,Agou,Agou 1,Agou-Iboé,Avedze,Petit Marché d'avedze,"{mardi,vendredi}",Non,"MULTIPOLYGON (((0.7794383333333333 6.865021666666666, 0.7795713826038326 6.86491459945295, 0.7793610789182047 6.864665668559758, 0.779137899496722 6.864897431805144, 0.7794383333333333 6.865021666666666)))"
_mview_marche_marches.fid-2fb68024_1a0f82ccff9_6976,Plateaux,Agou,Agou 1,Agou-Nyogbo-Dzidjole,Aveme,Marché d'agou Nyogbo Sud,Nsp,Non,"MULTIPOLYGON (((0.7234443225698461 6.8805271360477755, 0.7232947782891683 6.880131911877411, 0.7238502284745438 6.879953882971844, 0.7239855304427764 6.88033486482976, 0.7234443225698461 6.8805271360477755)))"
_mview_marche_marches.fid-2fb68024_1a0f82ccff9_6977,Plateaux,Agou,Agou 1,Gadja,Avétonou,Marché d'avetonou,{mercredi},Non,"MULTIPOLYGON (((0.7970670086053253 6.7994255185977845, 0.7963389234815167 6.799894862727179, 0.7963389234815167 6.799894862727179, 0.7968597040008053 6.800753166828482, 0.7968597040008053 6.800753166828482, 0.7968597040008053 6.800753166828482, 0.7977118204700616 6.8001975148327665, 0.7970670086053253 6.7994255185977845)))"
_mview_marche_marches.fid-2fb68024_1a0f82ccff9_6978,Plateaux,Agou,Agou 1,Gadja,Zozokodzi,Marché de Zozokodzi,{lundi},Non,"MULTIPOLYGON (((0.8578002324546506 6.817137243578301, 0.8577830775923956 6.8169885681054225, 0.857886006765927 6.8169485400934935, 0.8579508140233357 6.816864671878022, 0.8580937712087958 6.816796052429002, 0.8581967003823272 6.816887545027695, 0.8581909820949088 6.81697331933897, 0.8582729442145726 6.8169447279018796, 0.8583186905139197 6.8170438448837976, 0.8579584384065598 6.817101027757981, 0.8578002324546505 6.817135337482492, 0.8578002324546506 6.817137243578301)))"
_mview_marche_marches.fid-2fb68024_1a0f82ccff9_6979,Plateaux,Agou,Agou 1,Agou-Tavié,Some,Marché de Klonou,"{vendredi,jeudi}",Non,"MULTIPOLYGON (((0.6785498757553555 6.834583421337784, 0.6788948668791672 6.834610373769332, 0.6789757241738107 6.834289639833913, 0.6785660472142842 6.8342788588612935, 0.6785498757553555 6.834583421337784)))"
_mview_marche_marches.fid-2fb68024_1a0f82ccff9_697a,Plateaux,Agou,Agou 2,Amoussou-Kopé,Glekope,Marché de Glekope,{lundi},Oui,"MULTIPOLYGON (((0.8233716666666666 6.7159949999999995, 0.823305 6.715748333333333, 0.8227833333333333 6.715628333333332, 0.8227233333333334 6.7160383333333336, 0.8227233333333334 6.7160383333333336, 0.8233716666666666 6.7159949999999995)))"
_mview_marche_marches.fid-2fb68024_1a0f82ccff9_697b,Plateaux,Agou,Agou 2,Amoussou-Kopé,Assito,Marché Assito,{jeudi},Oui,"MULTIPOLYGON (((0.846655 6.6631599999999995, 0.8465349999999999 6.663776666666666, 0.8472483333333333 6.663971666666667, 0.8472500000000001 6.663970000000001, 0.8474266666666667 6.663435, 0.8474266666666667 6.663435, 0.846655 6.6631599999999995)))"
_mview_marche_marches.fid-2fb68024_1a0f82ccff9_697c,Plateaux,Akébou,Akébou 1,Kougnohou,Kougnohou,Marché de Kougnohou,{vendredi},Non,"MULTIPOLYGON (((0.7871966666666667 7.654818333333333, 0.7858011155231122 7.655105003611785, 0.7862433333333333 7.656173333333333, 0.786635067480816 7.655992364188958, 0.7868194130263896 7.656503477074977, 0.78762 7.656221666666666, 0.7871966666666667 7.654818333333333)))"
_mview_marche_marches.fid-2fb68024_1a0f82ccff9_697d,Plateaux,Akébou,Akébou 1,Gbendè,Gbende,Marché de Gbende,{jeudi},Non,"MULTIPOLYGON (((0.7505716666666667 7.747061666666667, 0.75073 7.747788333333333, 0.7506944181008262 7.747795068820785, 0.7505356680891275 7.747082974659114, 0.7505716666666667 7.747061666666667)))"
_mview_marche_marches.fid-2fb68024_1a0f82ccff9_697e,Plateaux,Akébou,Akébou 1,Gbendè,Brounfou,Marché de Brounfou,{mardi},Non,"MULTIPOLYGON (((0.6758987532581278 7.736177304804335, 0.6755297176638971 7.73611746119446, 0.6754960556333424 7.736388004180771, 0.67568182017233 7.7365637947847805, 0.6758987532581278 7.736177304804335)))"
_mview_marche_marches.fid-2fb68024_1a0f82ccff9_697f,Plateaux,Agou,Agou 2,Agotimé-Nord,Tinkou,Marché de Tinkou,{jeudi},Oui,"MULTIPOLYGON (((0.6591066666666666 6.670276666666666, 0.659955 6.670071666666667, 0.6599733333333333 6.670658333333334, 0.6592583333333334 6.6708533333333335, 0.6591066666666666 6.670276666666666)))"
_mview_marche_marches.fid-2fb68024_1a0f82ccff9_6980,Plateaux,Agou,Agou 2,Agotimé-Nord,Nytoe,Marché de Nytoe,{jeudi},Non,"MULTIPOLYGON (((0.6568895355092971 6.662750413574411, 0.656932851608528 6.662740787774582, 0.6570993353396272 6.662982980287186, 0.6570464838853409 6.662987678194235, 0.656963096035245 6.662876102901853, 0.6568895355092971 6.662750413574411)))"
_mview_marche_marches.fid-2fb68024_1a0f82ccff9_6981,Savanes,Tône,Tône 4,Korbongou,Nsp,Nsp,Nsp,Non,"MULTIPOLYGON (((0.38546 10.927331666666666, 0.385505 10.927148333333331, 0.3856416666666667 10.927148333333331, 0.38571 10.927275000000002, 0.3857066666666666 10.927433333333333, 0.3857891937919243 10.92747403064617, 0.3857825861387484 10.927716243342246, 0.3859819170095559 10.92776490211895, 0.3859819170095559 10.92776490211895, 0.3859885246627318 10.92813038334228, 0.3842983333333334 10.927203333333333, 0.3844983333333333 10.927159999999999, 0.38546 10.927331666666666)))"
_mview_marche_marches.fid-2fb68024_1a0f82ccff9_6982,Plateaux,Akébou,Akébou 1,Djon,Djon,Marché de Djon,{lundi},Non,"MULTIPOLYGON (((0.7909733333333333 7.728511666666666, 0.7908566666666667 7.728511666666666, 0.7906433333333334 7.728855, 0.7911616666666668 7.729198333333333, 0.7909733333333333 7.728511666666666)))"
_mview_marche_marches.fid-2fb68024_1a0f82ccff9_6983,Plateaux,Akébou,Akébou 1,Veh,Veh-kougna,Marché de Veh-kougna,"{jeudi,mercredi}",Non,"MULTIPOLYGON (((0.731204142684608 7.67152537450638, 0.731169878896776 7.671531798966599, 0.731117412471658 7.6715210915329015, 0.7310852901705654 7.671461129904196, 0.7311709496401456 7.671478261798112, 0.7311955767376499 7.6714857570017, 0.731204142684608 7.67152537450638)))"
_mview_marche_marches.fid-2fb68024_1a0f82ccff9_6984,Plateaux,Akébou,Akébou 2,Sérégbénè,Seregbene,Marché de Seregbene,{mardi},Non,"MULTIPOLYGON (((0.7413303553890567 7.870883453388319, 0.7416489983992567 7.870838516553547, 0.7416016104644064 7.870115442030401, 0.741349147156325 7.870136684897748, 0.7413573174899197 7.8702355459342455, 0.7412788822874089 7.870292738269411, 0.7413303553890567 7.870883453388319)))"
_mview_marche_marches.fid-2fb68024_1a0f82ccff9_6985,Plateaux,Akébou,Akébou 2,Kpalavé,Wadagni,Marché Wadagni,{lundi},Non,"MULTIPOLYGON (((0.8523805044019687 7.85018764702653, 0.8524345775860861 7.849679797527048, 0.8521934404136698 7.849656414528512, 0.8521379057921439 7.850002775194348, 0.8523805044019687 7.85018764702653)))"
_mview_marche_marches.fid-2fb68024_1a0f82ccff9_6986,Plateaux,Akébou,Akébou 2,Kpalavé,Kabagni,Marché de Kabagni,{mardi},Non,"MULTIPOLYGON (((0.7752500134431073 7.886515026957709, 0.7754100636329827 7.886702870294329, 0.7757800000000002 7.886416313367546, 0.775607490813308 7.886228470030925, 0.7752500134431073 7.886515026957709)))"
_mview_marche_marches.fid-2fb68024_1a0f82ccff9_6987,Plateaux,Akébou,Akébou 2,Kamina-Akébou,Lakouda,Marché de Lakouda,{dimanche},Non,"MULTIPOLYGON (((0.9939977233714145 7.960796719990982, 0.9938935168077154 7.960328102299372, 0.9942501905225035 7.9601985429824325, 0.9944190803463709 7.960540564155425, 0.9939977233714145 7.960796719990982)))"
_mview_marche_marches.fid-2fb68024_1a0f82ccff9_6988,Plateaux,Amou,Amou 2,Sodo,Sodo Zion,Marché de Sodo Zion,{dimanche},Non,"MULTIPOLYGON (((0.8411278619842627 7.332883476484513, 0.8409734380463979 7.332641607666169, 0.8411166988080313 7.332515091668882, 0.8412748438046395 7.332734634134762, 0.8412729832752677 7.332809055309636, 0.8411278619842627 7.332883476484513)))"
_mview_marche_marches.fid-2fb68024_1a0f82ccff9_6989,Plateaux,Akébou,Akébou 2,Kamina-Akébou,Natchamba,Marché de Natchamba,{jeudi},Non,"MULTIPOLYGON (((0.9608475204607462 7.965558562645545, 0.9606802394721388 7.965909374039517, 0.9610873176479356 7.966240020643054, 0.9613495623778439 7.965963206761485, 0.9608475204607462 7.965558562645545)))"
_mview_marche_marches.fid-2fb68024_1a0f82ccff9_698a,Plateaux,Akébou,Akébou 2,Kamina-Akébou,Zongo,Grand Marché de Kamina,{mardi},Oui,"MULTIPOLYGON (((0.8560233333333334 7.924474999999999, 0.8560012423186212 7.923502332938279, 0.8560012423186212 7.923502332938279, 0.8542956287349376 7.92330540920981, 0.8541971668707026 7.924070870799507, 0.8541971668707026 7.924070870799507, 0.8560233333333334 7.924474999999999)))"
_mview_marche_marches.fid-2fb68024_1a0f82ccff9_698b,Plateaux,Haho,Haho 2,Djemegni,Tchave,Marchér Tchave,{mardi},Non,"MULTIPOLYGON (((1.3108578051764275 6.9363234157957345, 1.3111611409573745 6.935898248430635, 1.3114122632022573 6.936002675502763, 1.31099952763146 6.9366913969070465, 1.3108578051764275 6.9363234157957345)))"
_mview_marche_marches.fid-2fb68024_1a0f82ccff9_698c,Plateaux,Haho,Haho 2,Djemegni,Kponou,Marché de Kponou,"{jeudi,lundi}",Oui,"MULTIPOLYGON (((1.3321683333333332 6.99841, 1.3316666666666668 6.999081666666666, 1.3311066666666667 6.9992, 1.330775 6.998585000000001, 1.3321635439669501 6.998410331280971, 1.3321683333333332 6.99841)))"
_mview_marche_marches.fid-2fb68024_1a0f82ccff9_698d,Plateaux,Haho,Haho 2,Djemegni,Kpove,Marché de Kpové,{mardi},Oui,"MULTIPOLYGON (((1.2963216666666668 6.963955, 1.2961166666666666 6.9643049999999995, 1.2957633333333334 6.9644900000000005, 1.2953599999999998 6.964341666666667, 1.295785 6.963463333333334, 1.296305 6.9639516666666665, 1.2963216666666668 6.963955)))"
_mview_marche_marches.fid-2fb68024_1a0f82ccff9_698e,Plateaux,Amou,Amou 1,Adiva,Adiva,Marché de Adiva,{dimanche},Non,"MULTIPOLYGON (((1.0215084537358095 7.512276896049773, 1.0215737309828017 7.512131236077145, 1.0216287580835721 7.512023879282505, 1.0217070634869811 7.5118625308108244, 1.0217986094093217 7.511897652202414, 1.021886125008037 7.5119258644677895, 1.021992640703842 7.511940834241254, 1.0220922472734326 7.511985743561649, 1.022103186723272 7.5119943799694155, 1.022051368276664 7.51209628958108, 1.022023156011289 7.5121999264742945, 1.021928155525841 7.512374957671725, 1.0217698213834283 7.512338108998582, 1.0216483359141588 7.512311048254242, 1.0215084537358095 7.512276896049773)))"
_mview_marche_marches.fid-2fb68024_1a0f82ccff9_698f,Plateaux,Amou,Amou 1,Imlè-Adiva,Koutoukpa,Marché de Koutoukpa,{mardi},Non,"MULTIPOLYGON (((0.9940300000000001 7.5070016666666675, 0.9940283333333333 7.507061666666668, 0.9940166666666667 7.507108333333334, 0.9940116666666667 7.507128333333332, 0.99399 7.507168333333334, 0.9939783333333333 7.507201666666667, 0.9939716666666667 7.507225, 0.993955 7.507234999999999, 0.993895 7.50721, 0.993855 7.507208333333334, 0.993815 7.5072, 0.9937883333333333 7.507198333333334, 0.993765 7.507188333333333, 0.9937400000000001 7.507166666666666, 0.993725 7.507153333333334, 0.9936983333333332 7.507138333333334, 0.9936866666666667 7.507125, 0.993695 7.507103333333333, 0.9936983333333332 7.507078333333334, 0.9937066666666666 7.5070533333333325, 0.9936816666666667 7.5070466666666675, 0.9936716666666666 7.507021666666667, 0.9936816666666667 7.506984999999999, 0.9936900000000001 7.506966666666667, 0.9936933333333333 7.506956666666667, 0.99368 7.506945, 0.9937 7.506923333333333, 0.9937083333333334 7.506905000000001, 0.9936933333333333 7.506894999999999, 0.9936466666666667 7.506875000000001, 0.9936483333333332 7.5068600000000005, 0.9936583333333334 7.5068183333333325, 0.993675 7.506811666666666, 0.9937166666666666 7.506824999999999, 0.9937433333333333 7.506835000000001, 0.9937733333333333 7.5068399999999995, 0.9938300000000001 7.506848333333333, 0.99386 7.5068649999999995, 0.9938533333333334 7.5069, 0.9938583333333334 7.506933333333334, 0.993875 7.506950000000001, 0.9939 7.506950000000001, 0.9939283333333333 7.506958333333333, 0.9939733333333333 7.506948333333334, 0.9940233333333333 7.506969999999999, 0.9940300000000001 7.5070016666666675)))"
_mview_marche_marches.fid-2fb68024_1a0f82ccff9_6990,Plateaux,Amou,Amou 1,Imlè-Adiva,Bena-amoutchi,Marché de Bena-amoutchi,{mardi},Non,"MULTIPOLYGON (((0.9664159232662133 7.43488702592041, 0.9665405069819718 7.434683811498805, 0.9668203097534299 7.434874771784434, 0.9669559530099109 7.43496099546611, 0.9671142355996044 7.435076388579885, 0.9668732375920711 7.435312280697429, 0.9664159232662133 7.43488702592041)))"
_mview_marche_marches.fid-2fb68024_1a0f82ccff9_6991,Plateaux,Amou,Amou 1,Imlè-Adiva,Dedome,Marché de Dedome,{lundi},Non,"MULTIPOLYGON (((0.9817154916607749 7.502770770597375, 0.98183 7.502448333333333, 0.9818706972157691 7.50239902337992, 0.9820728777699218 7.5024690233799225, 0.9822922888462425 7.502497334486545, 0.982271055516276 7.502637120575489, 0.9822922888462428 7.502759212222795, 0.9822427444096542 7.502969776078297, 0.98195786389927 7.502870687205119, 0.9817154916607749 7.502770770597375)))"
_mview_marche_marches.fid-2fb68024_1a0f82ccff9_6992,Plateaux,Amou,Amou 3,Evou,Yao-cope,Marché de Yao-cope,{mercredi},Non,"MULTIPOLYGON (((1.0377587853970338 7.515575007251791, 1.037779863682762 7.515155170977888, 1.0377831432470004 7.515014142926166, 1.0377735936822188 7.51488617875809, 1.0375157554331127 7.514924377017217, 1.0372426378803559 7.514979764492951, 1.0371261331900188 7.515016052839121, 1.0370669258883725 7.515077170053724, 1.0370420970199399 7.515233782916143, 1.0369905293701187 7.515398035430388, 1.0371891603175778 7.515470612122731, 1.0375176653460687 7.515531729337335, 1.0377587853970338 7.515575007251791)))"
_mview_marche_marches.fid-2fb68024_1a0f82ccff9_6993,Plateaux,Amou,Amou 1,Amlamé (Ouma),Ezime,Marché D Ezime,{lundi},Non,"MULTIPOLYGON (((0.9385083866104057 7.487992973000395, 0.9386543062447329 7.488561147576557, 0.9388877776596563 7.488673323295446, 0.9389789774311107 7.488682443272591, 0.9390875051591414 7.488682443272591, 0.9390875051591413 7.4887079792085975, 0.9391394890288705 7.4887079792085975, 0.9391376650334414 7.4887535790943245, 0.939198768880316 7.48875266709661, 0.9392631027913435 7.48884007873616, 0.9395399471284026 7.488858055641165, 0.9397844330364549 7.488902997903674, 0.9401241965410274 7.488858055641166, 0.9403399194010735 7.488823899521658, 0.9405448561181174 7.488897604832175, 0.9408648450271859 7.488911986356177, 0.9408972034561929 7.488804124926154, 0.9411093309352381 7.488818506450157, 0.9413646029862928 7.4888149110691575, 0.9415911119893412 7.488847269498164, 0.9417600948963774 7.488818506450158, 0.9417924533253842 7.488751991901644, 0.9419111008984096 7.4887376103776395, 0.9420782861149455 7.488732217306139, 0.9423964773335134 7.488822101831159, 0.9424575988105264 7.4890450154532076, 0.9427398362190867 7.489129506906725, 0.9430382528421505 7.489237368336747, 0.9433384671557147 7.489269726765755, 0.9436854214222888 7.489251749860752, 0.9438993465918345 7.4890288362387025, 0.944032375688863 7.48892277249918, 0.9441923701433972 7.488662107376625, 0.9443289946214264 7.488575818232605, 0.9443919137889398 7.488410430706571, 0.9445120708778357 7.4879456743001525, 0.9442768004792279 7.487880599509048, 0.9440715645995917 7.487798004581878, 0.9438062596820129 7.487705398148383, 0.9435159259986247 7.487640323357279, 0.9430779225969617 7.48753770541746, 0.9429219215283132 7.487507164582406, 0.9426902028910061 7.487483494399025, 0.9425431985942201 7.48746854480952, 0.9422367320093951 7.487461070014769, 0.9419364944201962 7.48744985782264, 0.9416586812152529 7.4874810028007746, 0.9413634268225556 7.48751962257366, 0.9409946702814651 7.487590633123802, 0.9407318066660257 7.487629252896687, 0.9404066530943209 7.4876790848617, 0.940248436605407 7.487704000844206, 0.9400055057759725 7.487751341210968, 0.9398148985098008 7.4877812403899755, 0.9395682302829904 7.4878223517611096, 0.9392293729209076 7.487873429525245, 0.9387783936375469 7.487946931673639, 0.9385753283801223 7.487981814049146, 0.9385080552273556 7.487988043044774, 0.9385080552273556 7.487988043044774, 0.9385083866104057 7.487992973000395)))"
_mview_marche_marches.fid-2fb68024_1a0f82ccff9_6994,Plateaux,Amou,Amou 2,Ekpégnon,Ekpegnon Onyawlou,Marché Ekpegnon,{mercredi},Oui,"MULTIPOLYGON (((1.0159333333333334 7.251740000000001, 1.0158833333333335 7.250893333333333, 1.01669 7.250793333333333, 1.01669 7.250793333333333, 1.0169383333333333 7.251723333333333, 1.0169383333333333 7.251723333333333, 1.0169383333333333 7.251723333333333, 1.0169383333333333 7.251723333333333, 1.0159333333333334 7.251740000000001)))"
_mview_marche_marches.fid-2fb68024_1a0f82ccff9_6995,Plateaux,Amou,Amou 2,Ekpégnon,Nyile,Marché Nyile,{jeudi},Non,"MULTIPOLYGON (((0.9734983333333334 7.325658333333333, 0.9731716666666668 7.325783333333334, 0.9732283333333334 7.326058333333333, 0.9735441110454413 7.325966347303049, 0.9735441110454413 7.325966347303049, 0.9734983333333334 7.325658333333333)))"
_mview_marche_marches.fid-2fb68024_1a0f82ccff9_6996,Plateaux,Amou,Amou 2,Ekpégnon,Agbogboli,Marché d'agbogboli,{dimanche},Non,"MULTIPOLYGON (((0.99612 7.295131666666666, 0.9961583333333334 7.295161666666667, 0.9962633333333333 7.29492, 0.9961583333333334 7.294884999999999, 0.9960783333333333 7.294955000000001, 0.996120078272852 7.295133325179828, 0.99612 7.295131666666666)))"
_mview_marche_marches.fid-2fb68024_1a0f82ccff9_6997,Plateaux,Amou,Amou 2,Amou-Oblo,Patatoukou,Marché de Patatoukou,{mercredi},Non,"MULTIPOLYGON (((0.848862388872824 7.345561055963789, 0.8488058935757427 7.345460171504715, 0.8489279044274225 7.345401065080458, 0.8489843997245039 7.345511444547444, 0.848862388872824 7.345561055963789)))"
_mview_marche_marches.fid-2fb68024_1a0f82ccff9_6998,Plateaux,Amou,Amou 2,Amou-Oblo,Amou-oblo,Marché d'amou-oblo,{vendredi},Oui,"MULTIPOLYGON (((0.8676258604248823 7.391013684679176, 0.8669608722157552 7.389755276498675, 0.8679658095542119 7.389191676626364, 0.8686874559515606 7.3904172826978956, 0.8676258604248823 7.391013684679176)))"
_mview_marche_marches.fid-2fb68024_1a0f82ccff9_6999,Plateaux,Amou,Amou 2,Sodo,Mamakope,Marché de Mamakope,{mardi},Oui,"MULTIPOLYGON (((0.8739216666666666 7.3012983333333334, 0.8738516666666667 7.30086, 0.8743816666666666 7.30077, 0.874385 7.300775000000001, 0.8744066666666667 7.300858333333334, 0.8745966666666667 7.300968333333333, 0.8745983333333334 7.300970000000001, 0.8746233333333334 7.301266666666667, 0.8745016666666667 7.301261666666666, 0.8745033333333333 7.301254999999999, 0.8745033333333333 7.301254999999999, 0.8739216666666666 7.3012983333333334)))"
_mview_marche_marches.fid-2fb68024_1a0f82ccff9_699a,Plateaux,Amou,Amou 2,Sodo,Sodo,Marché de Sodo,{jeudi},Non,"MULTIPOLYGON (((0.8212983333333334 7.310598333333333, 0.8211999999999999 7.3101, 0.820285 7.310326666666667, 0.8204240446206257 7.31083257481321, 0.8212983333333334 7.310598333333333)))"
_mview_marche_marches.fid-2fb68024_1a0f82ccff9_699b,Plateaux,Kpélé,Kpélé 2,Kpélé-Kamé,Kpeledji,Marché de Kpeledji,{mercredi},Non,"MULTIPOLYGON (((0.8279091692986396 7.191391848896908, 0.8278773112455288 7.1911582359054735, 0.8275450000000001 7.191068333333334, 0.8271783333333332 7.191061666666667, 0.8271499999999999 7.191278333333334, 0.8279091692986396 7.191391848896908)))"
_mview_marche_marches.fid-2fb68024_1a0f82ccff9_699c,Plateaux,Amou,Amou 3,Evou,Temedja Betel,Marché de Assiyeye,{lundi},Non,"MULTIPOLYGON (((1.0573302887539178 7.531899644558894, 1.0583315174005492 7.5333239275632575, 1.0593609496710297 7.532583582437227, 1.0583385683065112 7.53104648493747, 1.0573302887539178 7.531899644558894)))"
_mview_marche_marches.fid-2fb68024_1a0f82ccff9_699d,Plateaux,Amou,Amou 3,Evou,Bethel,Marché d'evou,{lundi},Non,"MULTIPOLYGON (((1.0576366666666668 7.532521666666666, 1.0577416666666666 7.532638333333334, 1.0578 7.53272, 1.0578566666666667 7.532796666666667, 1.0579749999999999 7.532995, 1.058025 7.5330666666666675, 1.058065 7.533115, 1.0581099999999999 7.533176666666666, 1.05814 7.53323, 1.0581783333333334 7.533295, 1.0582183333333333 7.5333483333333335, 1.0582383333333332 7.533370000000001, 1.05829 7.53344, 1.0583150000000001 7.533473333333334, 1.058375 7.53344, 1.0584383333333334 7.533396666666666, 1.0584833333333334 7.533365, 1.0585516666666666 7.533313333333332, 1.05864 7.533258333333333, 1.0587883333333332 7.533156666666668, 1.0588333333333333 7.533123333333333, 1.0589033333333333 7.533076666666666, 1.05897 7.533013333333334, 1.0590183333333334 7.532973333333333, 1.0590666666666666 7.5329266666666665, 1.0591333333333333 7.532885, 1.0591866666666665 7.532861666666667, 1.0592616666666668 7.532818333333334, 1.0592883333333334 7.532805, 1.0593433333333333 7.532768333333333, 1.0594083333333333 7.532701666666666, 1.0594166666666667 7.5326900000000006, 1.0595166666666667 7.532608333333333, 1.0595999999999999 7.53254, 1.0595766666666668 7.53252, 1.0595299999999999 7.53248, 1.0594916666666667 7.5324100000000005, 1.059475 7.532346666666666, 1.0594216666666665 7.532258333333334, 1.0593866666666665 7.532211666666666, 1.0593516666666667 7.53213, 1.059345 7.532074999999999, 1.05924 7.5319666666666665, 1.0591683333333333 7.531866666666668, 1.0591433333333333 7.531811666666666, 1.0590933333333332 7.531721666666666, 1.0590433333333331 7.531651666666666, 1.0589783333333334 7.531580000000001, 1.0589683333333333 7.531528333333334, 1.0589583333333332 7.531509999999999, 1.05882 7.531478333333332, 1.0587266666666666 7.531451666666667, 1.0587183333333334 7.531436666666667, 1.0586583333333333 7.531431666666666, 1.0585083333333332 7.531411666666666, 1.058495 7.531411666666666, 1.0584583333333333 7.531415, 1.0583850000000001 7.531421666666667, 1.0582533333333333 7.531451666666667, 1.0581616666666667 7.531476666666666, 1.05793 7.531491666666667, 1.0578 7.531493333333333, 1.0576716666666668 7.531503333333334, 1.0575283333333334 7.5315866666666675, 1.0574816666666667 7.531618333333334, 1.0573766666666666 7.531703333333333, 1.057235 7.531831666666666, 1.0571899999999999 7.53187, 1.0571633333333332 7.531936666666667, 1.0572733333333335 7.5320350000000005, 1.05733 7.532119999999999, 1.0574266666666667 7.532258333333334, 1.0575083333333335 7.532369999999999, 1.0575416666666666 7.532441666666667, 1.0575933333333334 7.5324816666666665, 1.0576366666666668 7.532521666666666)))"
_mview_marche_marches.fid-2fb68024_1a0f82ccff9_699e,Plateaux,Amou,Amou 3,Gamé,Yabui,Marché de Yabui,{lundi},Non,"MULTIPOLYGON (((1.024131594808539 7.818763752667132, 1.0242137305064096 7.818757181811303, 1.0243303631973861 7.818753896383386, 1.0243303631973861 7.818753896383386, 1.024445353174405 7.818748968241516, 1.0245061335908294 7.81873254110194, 1.0245012054489573 7.818640549120325, 1.0244535667441925 7.818530487285178, 1.0244601376000222 7.818468064154798, 1.0245324170141483 7.818405641024416, 1.0245833411468281 7.8183382897521625, 1.0245849838607857 7.818229870630973, 1.0245669140072542 7.818177303784338, 1.0244617803139802 7.818160876644764, 1.02436650290445 7.8181543057889336, 1.024249870213474 7.8181625193587205, 1.0241693772295606 7.818167447500593, 1.024143093806242 7.818459850585013, 1.024131594808539 7.818763752667132)))"
_mview_marche_marches.fid-2fb68024_1a0f82ccff9_699f,Plateaux,Amou,Amou 3,Otadi,Medi,Marché de Otadi,{jeudi},Non,"MULTIPOLYGON (((0.9980519593414059 7.675355712845014, 0.9989571916976956 7.675097081617716, 0.9988022953711884 7.674607854606272, 0.9979281279839683 7.674819495131599, 0.9979281279839683 7.674819495131599, 0.9980519593414059 7.675355712845014)))"
_mview_marche_marches.fid-2fb68024_1a0f82ccff9_69a0,Plateaux,Amou,Amou 3,Hihéatro,Lado,Marché de Hiheatro,"{mercredi,samedi}",Non,"MULTIPOLYGON (((1.1095883333333334 7.536944999999999, 1.1094666666666666 7.536911666666667, 1.1094266666666668 7.536898333333333, 1.1093916666666668 7.536881666666666, 1.1093183333333334 7.536843333333334, 1.1092716666666667 7.536835, 1.1092716666666667 7.536835, 1.1092566666666668 7.536831666666666, 1.10922 7.5368200000000005, 1.1091683333333333 7.536815, 1.109145 7.536806666666666, 1.1091133333333334 7.536795000000001, 1.1090633333333335 7.536781666666667, 1.1090483333333334 7.536784999999999, 1.1089983333333333 7.536793333333333, 1.1089466666666667 7.536786666666666, 1.1089283333333335 7.536784999999999, 1.1088983333333333 7.536786666666666, 1.1088633333333333 7.536781666666667, 1.1088266666666666 7.536763333333333, 1.1087883333333333 7.536758333333334, 1.1087183333333333 7.536753333333333, 1.10867 7.5367500000000005, 1.10863 7.5367500000000005, 1.1085683333333334 7.536761666666666, 1.1084933333333333 7.53676, 1.1084500000000002 7.53676, 1.1084150000000002 7.536765000000001, 1.10837 7.5367733333333335, 1.1083516666666666 7.53678, 1.1083183333333333 7.536826666666667, 1.1083466666666666 7.536878333333334, 1.1083633333333334 7.536923333333334, 1.1083783333333335 7.5369649999999995, 1.108385 7.536995, 1.1083916666666667 7.537018333333333, 1.108405 7.537063333333333, 1.108425 7.537106666666666, 1.108445 7.537146666666667, 1.1084583333333333 7.537193333333333, 1.1084983333333334 7.53728, 1.1085183333333333 7.537328333333333, 1.1085316666666667 7.537371666666667, 1.108545 7.537425, 1.1085666666666667 7.537481666666667, 1.10858 7.537531666666666, 1.1085983333333334 7.537585, 1.1086133333333335 7.537633333333334, 1.10864 7.537681666666667, 1.108655 7.537714999999999, 1.108675 7.537751666666666, 1.1087066666666667 7.53774, 1.1087150000000001 7.537735, 1.1087383333333334 7.537726666666667, 1.1087783333333334 7.537711666666667, 1.1088216666666668 7.5376883333333335, 1.10887 7.537631666666666, 1.1089283333333335 7.537581666666667, 1.108985 7.537541666666668, 1.10903 7.537506666666667, 1.1091116666666667 7.537446666666667, 1.1091483333333334 7.537401666666667, 1.1095883333333334 7.536944999999999)))"
_mview_marche_marches.fid-2fb68024_1a0f82ccff9_69a1,Plateaux,Amou,Amou 3,Témédja,Sotoco,Marché de Temedja,{jeudi},Non,"MULTIPOLYGON (((1.0755433333333333 7.515878333333334, 1.0757944017088854 7.515633553073913, 1.0759719866574466 7.515716221929277, 1.0759719866574466 7.515716221929277, 1.0762291786519147 7.515872374211633, 1.0764802470274666 7.516059144588568, 1.0764955560747564 7.516711310003112, 1.076391454553186 7.516996058282703, 1.075959739419615 7.517133839708309, 1.0756504966643619 7.51716445780289, 1.0755249624765855 7.516818473334141, 1.0752034724835005 7.516901142189506, 1.074808499063425 7.517002181901619, 1.074731953826976 7.516683753717992, 1.0747197065891443 7.516435747151898, 1.074686026685107 7.51590911592513, 1.0748911679187898 7.515590687741503, 1.0751544835321738 7.515364113841614, 1.075286141338866 7.515459029934811, 1.0754974061914644 7.515452906315895, 1.0755494569522497 7.515547822409092, 1.075537209714418 7.515679480215783, 1.075537209714418 7.515679480215783, 1.075472911715801 7.515743778214402, 1.0754269845739317 7.515854003354888, 1.0755433333333333 7.515878333333334)))"
_mview_marche_marches.fid-2fb68024_1a0f82ccff9_69a2,Plateaux,Amou,Amou 3,Avédjè,Glelou,Marché de Glelou,{mercredi},Non,"MULTIPOLYGON (((1.065994299156954 7.451059729766747, 1.0658135500165076 7.451409509172498, 1.0661937712418834 7.451776885086205, 1.067054407123646 7.451910476327552, 1.067041561811978 7.451543100413844, 1.066784655578616 7.4515045644788405, 1.0664095724779075 7.451216829497474, 1.066001091566862 7.451042133258789, 1.065994299156954 7.451059729766747)))"
_mview_marche_marches.fid-2fb68024_1a0f82ccff9_69a3,Plateaux,Anié,Anié 1,Pallakoko,Palakoko,Grand Marché de Palakoko,"{mercredi,samedi}",Non,"MULTIPOLYGON (((1.1021133333333333 7.839378333333333, 1.1023524376674814 7.839595420245771, 1.102728173049714 7.839652349849138, 1.102813567454767 7.839407552554653, 1.1027054012083668 7.8391513693394925, 1.1023752095088288 7.838935036846694, 1.1019368515628907 7.8389748875690515, 1.1021133333333333 7.839378333333333)))"
_mview_marche_marches.fid-2fb68024_1a0f82ccff9_69a4,Plateaux,Anié,Anié 1,Anié,Agodjololo,Marché Agodjololo,{jeudi},Oui,"MULTIPOLYGON (((1.1899433333333334 7.8618766666666655, 1.1891083333333334 7.862196666666667, 1.1890916666666667 7.8618250000000005, 1.1894783333333334 7.861748333333333, 1.1898888607114924 7.861463094987918, 1.1899433333333334 7.8618766666666655)))"
_mview_marche_marches.fid-2fb68024_1a0f82ccff9_69a5,Plateaux,Anié,Anié 1,Anié,Djamgbassou,Marché de Djamgbassou,{jeudi},Oui,"MULTIPOLYGON (((1.1906055953892358 7.827447691600079, 1.190772532139208 7.827423997351696, 1.1908489999408083 7.827271061748495, 1.190824228681135 7.826882260672754, 1.1906486758408417 7.826891953774365, 1.1906055953892358 7.827447691600079)))"
_mview_marche_marches.fid-2fb68024_1a0f82ccff9_69a6,Plateaux,Anié,Anié 1,Anié,Djangbassou,Marché de Djangbassou,{jeudi},Non,"MULTIPOLYGON (((1.1904949999999999 7.826040000000001, 1.1904949999999999 7.8262583333333335, 1.1903033333333333 7.8262366666666665, 1.1903000000000001 7.826044999999999, 1.1904949999999999 7.826040000000001)))"
_mview_marche_marches.fid-2fb68024_1a0f82ccff9_69a7,Plateaux,Moyen-Mono,Moyen-Mono 1,Ahassomè,Ahassome,Marché de Ahassome,{jeudi},Oui,"MULTIPOLYGON (((1.5022477928610727 7.234643973257307, 1.5025224298771966 7.235094956146942, 1.5029329399434033 7.234664209669023, 1.5027161212464633 7.234357772577348, 1.5022477928610727 7.234643973257307)))"
_mview_marche_marches.fid-2fb68024_1a0f82ccff9_69a8,Plateaux,Anié,Anié 1,Anié,Abassa Cope,Marché d'abassa Cope,{lundi},Oui,"MULTIPOLYGON (((1.2219616534532611 7.73024460294424, 1.2221526532034117 7.730287168602843, 1.2221821217362918 7.730027954656212, 1.2220549704740487 7.730014857530487, 1.2219114478046498 7.730199854431345, 1.2219616534532611 7.73024460294424)))"
_mview_marche_marches.fid-2fb68024_1a0f82ccff9_69a9,Plateaux,Anié,Anié 1,Anié,Anie,Marché Moderne d'anie,"{mardi,mercredi,jeudi,dimanche}",Oui,"MULTIPOLYGON (((1.1930983676742422 7.7667313256305714, 1.1958049497651575 7.766748528482846, 1.195845089753794 7.766169365789663, 1.1958049497651575 7.765337894596479, 1.1954895641401568 7.764965166130569, 1.1954150184469752 7.763766700755566, 1.1937979503333351 7.7637093579146566, 1.1937578103446986 7.76404194639193, 1.193127039094697 7.764082086380568, 1.1930983676742422 7.7667313256305714)))"
_mview_marche_marches.fid-2fb68024_1a0f82ccff9_69aa,Plateaux,Anié,Anié 1,Anié,Assivime,Marché Assivime,"{lundi,mardi,mercredi,jeudi,vendredi,samedi,dimanche}",Oui,"MULTIPOLYGON (((1.1949066666666668 7.7557350000000005, 1.193515 7.755603333333333, 1.1934483333333332 7.7564133333333345, 1.194895 7.756643333333333, 1.1949066666666668 7.7557350000000005)))"
_mview_marche_marches.fid-2fb68024_1a0f82ccff9_69ab,Plateaux,Anié,Anié 1,Anié,Aotere,Marché d'aotere,{mardi},Oui,"MULTIPOLYGON (((1.2049997221472493 7.7455560062783455, 1.20509557609657 7.74570375799875, 1.2048176223528815 7.74597745191495, 1.2046695933476217 7.745755940885497, 1.2049997221472493 7.7455560062783455)))"
_mview_marche_marches.fid-2fb68024_1a0f82ccff9_69ac,Plateaux,Anié,Anié 1,Anié,Kaboule Cope,Marché de Kaboule Kope,"{lundi,mardi,mercredi,jeudi,vendredi,samedi,dimanche}",Oui,"MULTIPOLYGON (((1.1963171867837112 7.735849478313032, 1.1965716666666668 7.735804999999999, 1.1968483333333335 7.736260000000001, 1.1965333333333334 7.7364033333333335, 1.1963171867837112 7.735849478313032)))"
_mview_marche_marches.fid-2fb68024_1a0f82ccff9_69ad,Plateaux,Anié,Anié 1,Kolo-Kopé,Banassime,Marché de Banassime,"{lundi,dimanche,mardi}",Non,"MULTIPOLYGON (((1.3722983333333334 7.765953333333332, 1.37245 7.766111666666665, 1.3727333333333334 7.765988333333333, 1.3725516666666666 7.765783333333333, 1.3722983333333334 7.765953333333332)))"
_mview_marche_marches.fid-2fb68024_1a0f82ccff9_69ae,Plateaux,Anié,Anié 1,Kolo-Kopé,Kpendele,Marché de Kpindele,{lundi},Non,"MULTIPOLYGON (((1.3529858503996908 7.777493015139603, 1.3529858503996908 7.777493015139603, 1.3529858503996908 7.777493015139603, 1.3529369894683687 7.778391304569292, 1.3539713938823306 7.778365897950833, 1.3539492872274113 7.777471507050597, 1.3529858503996908 7.777493015139603)))"
_mview_marche_marches.fid-2fb68024_1a0f82ccff9_69af,Plateaux,Anié,Anié 1,Kolo-Kopé,Zogo,Marché de Kolo Cope,{samedi},Non,"MULTIPOLYGON (((1.2876166666666666 7.793586666666666, 1.2876249999999998 7.792718333333333, 1.2876249999999998 7.792718333333333, 1.2881466666666666 7.79276, 1.288445 7.793515, 1.2876166666666666 7.793586666666666)))"
_mview_marche_marches.fid-2fb68024_1a0f82ccff9_69b0,Plateaux,Anié,Anié 2,Adogbénou,Tchagritchakpa,Marché Tchagritchakpa,{dimanche},Non,"MULTIPOLYGON (((1.52805 7.820901666666667, 1.5278116666666666 7.820908333333334, 1.5278416666666668 7.821251666666666, 1.5280911826432084 7.821243946570981, 1.52805 7.820901666666667)))"
_mview_marche_marches.fid-2fb68024_1a0f82ccff9_69b1,Plateaux,Anié,Anié 2,Adogbénou,Afole,Marché Hampa,{mercredi},Oui,"MULTIPOLYGON (((1.6025333333333331 7.814688333333334, 1.6020900000000002 7.814640000000001, 1.6020566666666667 7.815010000000001, 1.6024499999999997 7.815033333333334, 1.6024499999999997 7.815033333333334, 1.6024499999999997 7.815033333333334, 1.6025333333333331 7.814688333333334)))"
_mview_marche_marches.fid-2fb68024_1a0f82ccff9_69b2,Plateaux,Anié,Anié 2,Adogbénou,Okouta Tere,Marché d'adogbenou,{vendredi},Non,"MULTIPOLYGON (((1.4326192624098573 7.736955734064468, 1.4315868712597772 7.737515347958902, 1.430824638541494 7.737061867734101, 1.4310851484578693 7.7362031498616055, 1.4319149207841015 7.735875100337281, 1.4326192624098573 7.736955734064468)))"
_mview_marche_marches.fid-2fb68024_1a0f82ccff9_69b3,Plateaux,Anié,Anié 2,Adogbénou,Kpatala,Marché de Kpatala,{samedi},Non,"MULTIPOLYGON (((1.5377666666666665 7.7818216666666675, 1.53723 7.781628333333333, 1.5372316666666668 7.781796666666666, 1.5377816666666666 7.781864999999999, 1.5377666666666665 7.7818216666666675)))"
_mview_marche_marches.fid-2fb68024_1a0f82ccff9_69b4,Plateaux,Anié,Anié 2,Adogbénou,Okeloukoutou,Marché d'okeloukoutou,{mardi},Non,"MULTIPOLYGON (((1.4623516666666667 7.7463983333333335, 1.462805 7.746281666666666, 1.4619816666666667 7.745461666666667, 1.462352466087622 7.746400531920397, 1.4623516666666667 7.7463983333333335)))"
_mview_marche_marches.fid-2fb68024_1a0f82ccff9_69b5,Plateaux,Kpélé,Kpélé 1,Kpélé-Novivé,Agoxoe,Marché de Carrington Agoxoe,{lundi},Non,"MULTIPOLYGON (((0.7625356650711252 7.06118293862715, 0.762329188413604 7.061039230873515, 0.7626380774932557 7.060641143877814, 0.7627867406866712 7.060712171848001, 0.7625356650711252 7.06118293862715)))"
_mview_marche_marches.fid-2fb68024_1a0f82ccff9_69b6,Plateaux,Kpélé,Kpélé 1,Kpélé-Novivé,Wougba,Marché de Wougba,{mercredi},Non,"MULTIPOLYGON (((0.8595703962873527 7.073382557893147, 0.8593678186126664 7.07341654743588, 0.8593868527565967 7.0737904324059375, 0.8594616297506084 7.073876086053624, 0.8597498610729805 7.073783634497391, 0.8597321865107597 7.073469571122541, 0.8595703962873527 7.073382557893147)))"
_mview_marche_marches.fid-2fb68024_1a0f82ccff9_69b7,Plateaux,Kpélé,Kpélé 1,Kpélé-Novivé,Samimonnou,Marché de Samimonnou,{dimanche},Oui,"MULTIPOLYGON (((0.9236876970318436 7.067515799404283, 0.9232212047912055 7.066913698954156, 0.9235249671804585 7.066599087908145, 0.9241107946454462 7.066837758356844, 0.9236876970318436 7.067515799404283)))"
_mview_marche_marches.fid-2fb68024_1a0f82ccff9_69b8,Plateaux,Kpélé,Kpélé 1,Kpélé-Novivé,Tchitchavicope,Marché de Tchitchavicope,{dimanche},Oui,"MULTIPOLYGON (((0.8915486849648636 7.052488035323843, 0.8916386708479014 7.0526855043449554, 0.8919336245756362 7.052600517677641, 0.891901129673428 7.052360555322874, 0.8915486849648636 7.052488035323843)))"
_mview_marche_marches.fid-2fb68024_1a0f82ccff9_69b9,Plateaux,Kpélé,Kpélé 1,Kpélé-Novivé,Kpele Tutu Litito,Marché Eve de Litito,{mercredi},Non,"MULTIPOLYGON (((0.83204452689356 7.048005155366245, 0.8323103966198905 7.0479633055019155, 0.8322636232421101 7.047475877670307, 0.8320051387859553 7.047564500912417, 0.83204452689356 7.048005155366245)))"
_mview_marche_marches.fid-2fb68024_1a0f82ccff9_69ba,Plateaux,Kpélé,Kpélé 1,Kpélé-Novivé,Bodze,Marché de Bodze,{dimanche},Oui,"MULTIPOLYGON (((0.9113856896975221 7.088532711574409, 0.9113580460617108 7.08889898974891, 0.9117243242362113 7.089182337015976, 0.912463791494165 7.088802237023569, 0.9121458896823343 7.0880074824939925, 0.9113856896975221 7.088532711574409)))"
_mview_marche_marches.fid-2fb68024_1a0f82ccff9_69bb,Plateaux,Kpélé,Kpélé 1,Kpélé-Novivé,Wedji,Marché de Wedji Assivime,"{mardi,mercredi,jeudi,vendredi,samedi,dimanche}",Oui,"MULTIPOLYGON (((0.7320966666666667 7.128143333333332, 0.73212 7.128046666666667, 0.732685 7.128056666666667, 0.7328333333333333 7.128029999999999, 0.732915 7.128220000000001, 0.7320966666666667 7.128143333333332)))"
_mview_marche_marches.fid-2fb68024_1a0f82ccff9_69bc,Plateaux,Kpélé,Kpélé 1,Kpélé-Novivé,Adeta,Marché D Adeta,{lundi},Oui,"MULTIPOLYGON (((0.7356199938185595 7.1339346257870355, 0.7359402066232413 7.135493922922876, 0.7382930746228609 7.135013603715852, 0.7379450172264671 7.133454306580009, 0.7356199938185595 7.1339346257870355)))"
_mview_marche_marches.fid-2fb68024_1a0f82ccff9_69bd,Plateaux,Moyen-Mono,Moyen-Mono 1,Tado,Tado Ajatche,Marché de Tado,{lundi},Oui,"MULTIPOLYGON (((1.592521518349418 7.143311788740294, 1.5930117887141404 7.142969190172175, 1.59378558892834 7.142408037345083, 1.5934784315914057 7.141799629543079, 1.5928818375331293 7.142112693751877, 1.592822768814488 7.142508454166774, 1.5924683565026405 7.142927842069128, 1.592521518349418 7.143311788740294)))"
_mview_marche_marches.fid-2fb68024_1a0f82ccff9_69be,Plateaux,Kpélé,Kpélé 1,Kpélé-Novivé,Zongo,Ancien Marché d'adeta,"{mardi,mercredi,jeudi,vendredi,samedi,dimanche}",Non,"MULTIPOLYGON (((0.7355732618854047 7.129192427540187, 0.7355512404510263 7.1287373178963644, 0.7365789073886934 7.128568486899461, 0.7375258290669725 7.128524444030704, 0.7376432767169918 7.129331896624585, 0.7355732618854047 7.129192427540187)))"
_mview_marche_marches.fid-2fb68024_1a0f82ccff9_69bf,Plateaux,Anié,Anié 2,Atchinédji,Azonaha,Marché de Azonaha,{samedi},Non,"MULTIPOLYGON (((1.4174683333333333 7.585954999999999, 1.4176466666666667 7.585603333333334, 1.4183616666666665 7.586040000000001, 1.4182533333333334 7.586195, 1.4178733333333333 7.586263333333333, 1.4177816666666667 7.5864666666666665, 1.4174683333333333 7.585954999999999)))"
_mview_marche_marches.fid-2fb68024_1a0f82ccff9_69c0,Plateaux,Anié,Anié 2,Atchinédji,Atchinedji,Marché d'atchinedji,{jeudi},Non,"MULTIPOLYGON (((1.4165383333333335 7.680829999999999, 1.4171705555198364 7.680334592968366, 1.4171705555198364 7.680334592968366, 1.4171705555198364 7.680334592968366, 1.4176920685670322 7.680989381572068, 1.4170141016056776 7.681522483798091, 1.4165383333333335 7.680829999999999)))"
_mview_marche_marches.fid-2fb68024_1a0f82ccff9_69c1,Plateaux,Anié,Anié 2,Atchinédji,Kogokope,Marché de Kogokope,{lundi},Non,"MULTIPOLYGON (((1.4572433333333334 7.585351666666666, 1.4571733333333334 7.585503333333333, 1.4571533333333333 7.585603333333334, 1.4568616666666667 7.585688333333334, 1.4567533333333333 7.585415, 1.4572425428627194 7.585351546994429, 1.4572433333333334 7.585351666666666)))"
_mview_marche_marches.fid-2fb68024_1a0f82ccff9_69c2,Plateaux,Anié,Anié 2,Atchinédji,Foukote,Marché de Foukote,{dimanche},Non,"MULTIPOLYGON (((1.3615083333333333 7.678536666666668, 1.3619833333333333 7.678461666666667, 1.3619833333333333 7.678461666666667, 1.36218 7.679098333333333, 1.361615 7.67923, 1.3615083333333333 7.678536666666668)))"
_mview_marche_marches.fid-2fb68024_1a0f82ccff9_69c3,Plateaux,Anié,Anié 2,Atchinédji,Ayore,Marché de Ayore,{jeudi},Non,"MULTIPOLYGON (((1.4063036390736556 7.637685989704582, 1.4066093517749645 7.63773614569464, 1.4063657369661082 7.639283816245019, 1.4061268989182103 7.639245602157355, 1.4063036390736556 7.637685989704582)))"
_mview_marche_marches.fid-2fb68024_1a0f82ccff9_69c4,Plateaux,Danyi,Danyi 1,Danyi-Atigba,Apeyeme,Marché de Danyi Apeyeme,{vendredi},Non,"MULTIPOLYGON (((0.6941799999999999 7.201605000000001, 0.6947793605562194 7.201949475250209, 0.6944469417242641 7.202481345381336, 0.6937156202939628 7.202225638587525, 0.6941799999999999 7.201605000000001)))"
_mview_marche_marches.fid-2fb68024_1a0f82ccff9_69c5,Plateaux,Danyi,Danyi 1,Danyi-Atigba,Onanale,Marché de Kekewou,{mercredi},Oui,"MULTIPOLYGON (((0.6801286070083882 7.348772418589496, 0.6800979088437651 7.348804922528508, 0.6800581818071941 7.348922297863832, 0.6799841450572205 7.348999946162585, 0.6799967854779477 7.3490812060101165, 0.6799823392828309 7.3491317676930255, 0.679928166051143 7.349124544595467, 0.6799119140816368 7.3491444081137525, 0.6798288484597153 7.349314150906374, 0.6798360715572735 7.349368324138063, 0.679780092551196 7.349397216528296, 0.6799064967584679 7.349653636491619, 0.6805637986362814 7.349306927808818, 0.6805674101850606 7.349259977674688, 0.6805529639899437 7.349124544595468, 0.6805403235692166 7.348985499967469, 0.6802911267034522 7.348759778168768, 0.6801286070083882 7.348772418589496)))"
_mview_marche_marches.fid-2fb68024_1a0f82ccff9_69c6,Plateaux,Danyi,Danyi 1,Danyi-Atigba,Babahoe,Marché de Babahoe,{mercredi},Non,"MULTIPOLYGON (((0.6852415684958416 7.326868264007912, 0.6852489169796856 7.326761710992174, 0.6856273638976507 7.3267819193227455, 0.685633067482199 7.326893963960916, 0.6852415684958416 7.326868264007912)))"
_mview_marche_marches.fid-2fb68024_1a0f82ccff9_69c7,Plateaux,Anié,Anié 2,Glitto,Glitto,Marché de Glitto,{lundi},Oui,"MULTIPOLYGON (((1.522593156735234 7.589806846657241, 1.5231219991650122 7.590164832302014, 1.5238623785667016 7.589961431367483, 1.5242447723236183 7.589432588937705, 1.523504392921929 7.589139691591981, 1.5228535099314326 7.589090875367695, 1.522593156735234 7.589806846657241)))"
_mview_marche_marches.fid-2fb68024_1a0f82ccff9_69c8,Plateaux,Anié,Anié 2,Glitto,Lové,Marché de Lové,{jeudi},Non,"MULTIPOLYGON (((1.5938366666666668 7.567821666666667, 1.5923749999999999 7.567221666666668, 1.5934333333333333 7.566511666666666, 1.5938366666666668 7.567821666666667)))"
_mview_marche_marches.fid-2fb68024_1a0f82ccff9_69c9,Centrale,Blitta,Blitta 1,Blitta-Village,Blitta Losso,Marché Sarakawa,{jeudi},Oui,"MULTIPOLYGON (((1.0100816666666668 8.351386666666667, 1.0104066666666667 8.351461666666667, 1.0103783333333332 8.351141666666667, 1.0101610658153273 8.35107629488358, 1.0101816309285645 8.35102286345724, 1.0101678203393738 8.351073616023617, 1.0100816666666668 8.351386666666667)))"
_mview_marche_marches.fid-2fb68024_1a0f82ccff9_69ca,Plateaux,Danyi,Danyi 2,Danyi-Elavagnon,Elavanyo,Marché de Elavanyo,"{mercredi,dimanche}",Non,"MULTIPOLYGON (((0.7076912943494488 7.281503640056857, 0.7080972632723415 7.281553949458663, 0.7081685349248978 7.281720948722985, 0.7081769198251985 7.28182366375167, 0.7079120967240344 7.2818467222274945, 0.7075878805790736 7.281781739250166, 0.7076912943494488 7.281503640056857)))"
_mview_marche_marches.fid-2fb68024_1a0f82ccff9_69cb,Plateaux,Danyi,Danyi 2,Danyi-Elavagnon,Danyi Kpeve,Marché de Kpeve,{mardi},Non,"MULTIPOLYGON (((0.7385416203631741 7.349319455236732, 0.7388385125307498 7.349310273004747, 0.738911970386645 7.348590998165775, 0.7386028352430866 7.348560390725817, 0.7385416203631741 7.349319455236732)))"
_mview_marche_marches.fid-2fb68024_1a0f82ccff9_69cc,Plateaux,Est-Mono,Est-Mono 1,Elavagnon,Akaba,Marché Moderne de Elavagnon,"{samedi,jeudi}",Oui,"MULTIPOLYGON (((1.2842533333333332 7.951966666666667, 1.2869383333333335 7.952716666666667, 1.2876566666666667 7.9512849999999995, 1.2876566666666667 7.9512849999999995, 1.2854466666666666 7.950631666666667, 1.2854466666666666 7.950631666666667, 1.285325 7.9508633333333325, 1.2848716666666666 7.950760000000001, 1.2848716666666666 7.950760000000001, 1.2842533333333332 7.951966666666667)))"
_mview_marche_marches.fid-2fb68024_1a0f82ccff9_69cd,Plateaux,Est-Mono,Est-Mono 1,Elavagnon,Afodji,Marché de Afodji,{jeudi},Non,"MULTIPOLYGON (((1.5890857978988513 7.948255112726654, 1.5873078044635685 7.947488300392006, 1.586810640422423 7.948929233460411, 1.5884116771650947 7.949426397501556, 1.5884116771650947 7.949426397501556, 1.5890857978988513 7.948255112726654)))"
_mview_marche_marches.fid-2fb68024_1a0f82ccff9_69ce,Plateaux,Est-Mono,Est-Mono 1,Elavagnon,Kpakpadjakou,Marché de Kpakpadjakou,{dimanche},Non,"MULTIPOLYGON (((1.4909266666666667 7.93318, 1.4906933333333332 7.933049999999999, 1.4916316666666665 7.932155, 1.491454447527447 7.93206590437468, 1.491454447527447 7.93206590437468, 1.4918057584093118 7.932348412531907, 1.4909266666666667 7.93318)))"
_mview_marche_marches.fid-2fb68024_1a0f82ccff9_69cf,Plateaux,Est-Mono,Est-Mono 1,Gbadjahè,Mission,Marché de Gbadjahe,{mardi},Oui,"MULTIPOLYGON (((1.3029733333333333 7.8520933333333325, 1.304263333333333 7.852191666666666, 1.304263333333333 7.852191666666666, 1.304263333333333 7.852191666666666, 1.304263333333333 7.852191666666666, 1.304263333333333 7.852191666666666, 1.304285 7.8510100000000005, 1.304285 7.8510100000000005, 1.304285 7.8510100000000005, 1.304285 7.8510100000000005, 1.304285 7.8510100000000005, 1.304285 7.8510100000000005, 1.3030166666666667 7.850873333333334, 1.3030166666666667 7.850873333333334, 1.3030166666666667 7.850873333333334, 1.3030166666666667 7.850873333333334, 1.3030166666666667 7.850873333333334, 1.3030166666666667 7.850873333333334, 1.3029733333333333 7.8520933333333325)))"
_mview_marche_marches.fid-2fb68024_1a0f82ccff9_69d0,Plateaux,Est-Mono,Est-Mono 1,Gbadjahè,Tchagri,Marché de Tchagri (kouméa),"{lundi,vendredi}",Non,"MULTIPOLYGON (((1.3642416666666666 7.805461666666668, 1.36401 7.805468333333333, 1.3639483333333333 7.805138333333334, 1.3642433333333335 7.804916666666666, 1.3642416666666666 7.805461666666668)))"
_mview_marche_marches.fid-2fb68024_1a0f82ccff9_69d1,Centrale,Blitta,Blitta 1,Blitta-Village,Tchangaide,Marché de Tchangaide,{mercredi},Non,"MULTIPOLYGON (((1.0419775923403134 8.332439820440712, 1.0418379204343542 8.332515875441661, 1.0417423061094695 8.332374895428199, 1.0418688544806405 8.332295130398078, 1.0419775923403134 8.332439820440712)))"
_mview_marche_marches.fid-2fb68024_1a0f82ccff9_69d2,Centrale,Blitta,Blitta 1,Blitta-Village,Kokonade,Marché de Kokonade,{samedi},Non,"MULTIPOLYGON (((1.0374761698979982 8.373601499949388, 1.037318937157291 8.373299910571019, 1.0375443575661614 8.373197528860498, 1.0376903593968179 8.373492769068859, 1.0374761698979982 8.373601499949388)))"
_mview_marche_marches.fid-2fb68024_1a0f82ccff9_69d3,Centrale,Blitta,Blitta 1,Blitta-Village,Atchoula,Marché de Blitta - Village,{dimanche},Oui,"MULTIPOLYGON (((1.0190797586176965 8.355481285843668, 1.0193021245198612 8.355167997731629, 1.0205487284623698 8.35639181081285, 1.0189553850873212 8.3573495315483, 1.0181244479508709 8.356281630400417, 1.0190797586176965 8.355481285843668)))"
_mview_marche_marches.fid-2fb68024_1a0f82ccff9_69d4,Plateaux,Est-Mono,Est-Mono 2,Kamina,Igboloudja,Marché de Igboloudja,{dimanche},Non,"MULTIPOLYGON (((1.5680187624068245 8.049781294719265, 1.5672235646675319 8.049480409088181, 1.5670860169504652 8.048689509715047, 1.5680660444345664 8.04831555185927, 1.5687967666814837 8.049059169204662, 1.5687924683153254 8.049622255171405, 1.5680187624068245 8.049781294719265)))"
_mview_marche_marches.fid-2fb68024_1a0f82ccff9_69d5,Plateaux,Est-Mono,Est-Mono 2,Morétan,Lomnava,Marché de Moretan,{lundi},Non,"MULTIPOLYGON (((1.3500717524077896 8.10835884512649, 1.3497376722372803 8.108856813682532, 1.349747598346385 8.10929074226134, 1.350333315778231 8.10930796924463, 1.3507984443270502 8.109709932188055, 1.3515564315917932 8.110042987198321, 1.3507123094106026 8.10691916089514, 1.350247180861783 8.107108657711322, 1.3500717524077896 8.10835884512649)))"
_mview_marche_marches.fid-2fb68024_1a0f82ccff9_69d6,Plateaux,Est-Mono,Est-Mono 2,Morétan,Tchekita,Marché de Tchekita,{samedi},Non,"MULTIPOLYGON (((1.3433750792175485 8.192108970911937, 1.3434742745747557 8.191668791514328, 1.343133290534355 8.19151379876869, 1.3431084916950533 8.19205937323333, 1.3431084916950533 8.19205937323333, 1.3433750792175485 8.192108970911937)))"
_mview_marche_marches.fid-2fb68024_1a0f82ccff9_69d7,Plateaux,Est-Mono,Est-Mono 2,Morétan,Afogolo,Marché de Afogolo,{mercredi},Non,"MULTIPOLYGON (((1.336470317309732 8.255759447105657, 1.3352469388382606 8.255850067733173, 1.3352469388382606 8.255850067733173, 1.3352106905872545 8.257481239028468, 1.3365428138117457 8.256828770510351, 1.336470317309732 8.255759447105657)))"
_mview_marche_marches.fid-2fb68024_1a0f82ccff9_69d8,Plateaux,Est-Mono,Est-Mono 2,Badin-Copé,Okouta,Marché de Okouta,{dimanche},Non,"MULTIPOLYGON (((1.4627484139706732 8.179811385261056, 1.4629555810229293 8.179667155034801, 1.463270265152938 8.179942503648558, 1.463173237546185 8.180005440474561, 1.4627484139706732 8.179811385261056)))"
_mview_marche_marches.fid-2fb68024_1a0f82ccff9_69d9,Plateaux,Est-Mono,Est-Mono 2,Badin-Copé,Yanda,Marché de Yanda,{mardi},Non,"MULTIPOLYGON (((1.5941929228911527 8.328838073148365, 1.594243333333333 8.329039714917085, 1.5941828408027165 8.329453080542963, 1.5940954627029371 8.329459801935254, 1.5940652164376286 8.329701772057717, 1.5937425896076745 8.329721936234591, 1.5934737339160456 8.329631197438667, 1.5934569304353186 8.329409391493073, 1.5936454317083912 8.329000646213894, 1.5939087065566278 8.32874500252068, 1.5941834281373959 8.328844207535955, 1.5941929228911527 8.328838073148365)))"
_mview_marche_marches.fid-2fb68024_1a0f82ccff9_69da,Plateaux,Est-Mono,Est-Mono 2,Badin-Copé,Ogou-allah,Marché de Ogou-allah,"{samedi,vendredi,mercredi,mardi,lundi,jeudi}",Non,"MULTIPOLYGON (((1.470082539480166 8.036959336710353, 1.4701796003587209 8.037150603735741, 1.4700311543091662 8.037216262565353, 1.4697942115762228 8.037250519346019, 1.4696086540142792 8.037016431344798, 1.470082539480166 8.036959336710353)))"
_mview_marche_marches.fid-2fb68024_1a0f82ccff9_69db,Plateaux,Est-Mono,Est-Mono 2,Badin-Copé,Kokolo,Marché de Kokolo,Nsp,Non,"MULTIPOLYGON (((1.5573812188064402 8.198533041723348, 1.5584060516223217 8.19836223625403, 1.5585154438891855 8.199421613996291, 1.5576441440794282 8.199578985327568, 1.5573812188064402 8.198533041723348)))"
_mview_marche_marches.fid-2fb68024_1a0f82ccff9_69dc,Plateaux,Est-Mono,Est-Mono 2,Badin-Copé,Badin,Marché de Badin,{mercredi},Non,"MULTIPOLYGON (((1.531179293507838 8.154440475094747, 1.5310507230037655 8.154256534811545, 1.5309381065038472 8.15369814466612, 1.5311699087995116 8.153593974403696, 1.531317866630223 8.154002016542051, 1.5314709111158156 8.153911867050537, 1.5316973330945005 8.154090069533762, 1.5315736396061448 8.1543584215085, 1.531179293507838 8.154440475094747)))"
_mview_marche_marches.fid-2fb68024_1a0f82ccff9_69dd,Plateaux,Est-Mono,Est-Mono 2,Badin-Copé,Modokoute,Marché de Modokoute,{mercredi},Non,"MULTIPOLYGON (((1.5502150000000001 8.249889999999999, 1.5502032020537684 8.250146661752726, 1.5500511396356698 8.250374755379871, 1.5497789892714584 8.250305539687497, 1.5497723054645054 8.249520192370548, 1.5497723054645054 8.249520192370548, 1.5502150000000001 8.249889999999999)))"
_mview_marche_marches.fid-2fb68024_1a0f82ccff9_69de,Plateaux,Est-Mono,Est-Mono 2,Kamina,Ilaboutou,Marché de Kamina,{dimanche},Non,"MULTIPOLYGON (((1.5624424199099134 8.100759907905141, 1.5623781731531603 8.100381565893153, 1.5624995281381386 8.10025307237965, 1.562306787867879 8.099753375382681, 1.562371034624632 8.0994535571845, 1.5620283852552816 8.098539825532898, 1.5622282640540694 8.097961604722117, 1.562513805195195 8.098853920788132, 1.5625423593093077 8.099182293100426, 1.5626922684083986 8.099396448956272, 1.562738766152941 8.099904678129084, 1.5624424199099134 8.100759907905141)))"
_mview_marche_marches.fid-2fb68024_1a0f82ccff9_69df,Plateaux,Est-Mono,Est-Mono 2,Kamina,Konadabo,Marché de Konadabo,{samedi},Non,"MULTIPOLYGON (((1.5629583333333334 8.179196666666666, 1.5631009885303926 8.17968977982768, 1.563523593958699 8.179460570103853, 1.563326616852285 8.178991406450393, 1.5629583333333334 8.179196666666666)))"
_mview_marche_marches.fid-2fb68024_1a0f82ccff9_69e0,Plateaux,Est-Mono,Est-Mono 3,Kpéssi,Kokote,Marché de Kokote,{mercredi},Non,"MULTIPOLYGON (((1.2276711320522227 8.007886199411004, 1.2274479922110266 8.008561994358626, 1.2280026541019995 8.008813823607976, 1.2280026541019995 8.008813823607976, 1.2282767973354687 8.008128465524301, 1.2276711320522227 8.007886199411004)))"
_mview_marche_marches.fid-2fb68024_1a0f82ccff9_69e1,Plateaux,Est-Mono,Est-Mono 3,Kpéssi,Kpessi,Marché de Kpessi,{jeudi},Non,"MULTIPOLYGON (((1.2686005506617741 8.065401971436145, 1.2689304649290905 8.065496660483328, 1.2695801764914485 8.065246771420883, 1.2695074814914642 8.065033229858429, 1.2686033374291614 8.065051403608427, 1.2686005506617741 8.065401971436145)))"
_mview_marche_marches.fid-2fb68024_1a0f82ccff9_69e2,Centrale,Sotouboua,Sotouboua 1,Tabindè,Piyo,Marché de Piyo,{mercredi},Non,"MULTIPOLYGON (((1.1350982822798668 8.502460305847215, 1.1350812269429518 8.502669748763669, 1.135273099483243 8.502678182704217, 1.1352759420393952 8.502470145449879, 1.1350982822798668 8.502460305847215)))"
_mview_marche_marches.fid-2fb68024_1a0f82ccff9_69e3,Centrale,Sotouboua,Sotouboua 1,Tabindè,Tchoide,Marché de Tchoide 2,{lundi},Non,"MULTIPOLYGON (((1.1239516834252203 8.505289033071337, 1.1239401982975354 8.505148940972889, 1.12413353128023 8.50514326156241, 1.1241201319645977 8.50527578111827, 1.1241201319645977 8.50527578111827, 1.1241201319645977 8.50527578111827, 1.1239516834252203 8.505289033071337)))"
_mview_marche_marches.fid-2fb68024_1a0f82ccff9_69e4,Kara,Assoli,Assoli 1,Bouladè,Lama,Marché de Kpayaworo,{jeudi},Non,"MULTIPOLYGON (((1.1526808626489082 9.383657438683635, 1.152797692108272 9.383651746529013, 1.152823654210353 9.383601940172083, 1.1526577852248363 9.383603363210952, 1.1526808626489082 9.383657438683635)))"
_mview_marche_marches.fid-2fb68024_1a0f82ccff9_69e5,Centrale,Sotouboua,Sotouboua 1,Tabindè,Somieda,Marché de Somieda,{dimanche},Non,"MULTIPOLYGON (((1.176502511678483 8.502337903703689, 1.1766540712922084 8.502536853801217, 1.1765300679718877 8.50268947298412, 1.1765576242652924 8.502735803795474, 1.1763068619953108 8.502872070855235, 1.1761194792001595 8.502754881186757, 1.1758549387834754 8.502493248309227, 1.1758521831541346 8.502422389374159, 1.1761057010534572 8.502356981114778, 1.176502511678483 8.502337903703689)))"
_mview_marche_marches.fid-2fb68024_1a0f82ccff9_69e6,Centrale,Sotouboua,Sotouboua 1,Tabindè,Laoude,Marché de Laoude,{jeudi},Non,"MULTIPOLYGON (((1.2102364921671611 8.493296220455703, 1.2103045197593967 8.493653365314941, 1.2107807129050467 8.493653365314941, 1.210695678414752 8.493126151475114, 1.2102364921671611 8.493296220455703)))"
_mview_marche_marches.fid-2fb68024_1a0f82ccff9_69e7,Centrale,Sotouboua,Sotouboua 1,Tabindè,Akpakou,Marché d'akpakou,{jeudi},Non,"MULTIPOLYGON (((1.0840889849388036 8.5070480737996, 1.083822858751321 8.506878268484362, 1.0838314434670462 8.50625847844496, 1.0846384067452188 8.506071692209053, 1.0852393368459856 8.50654714790314, 1.0854110311604908 8.506801856067943, 1.0846298220294937 8.50705656406339, 1.0840889849388036 8.5070480737996)))"
_mview_marche_marches.fid-2fb68024_1a0f82ccff9_69e8,Plateaux,Haho,Haho 1,Dalia,Agbeveme,Marché d'agbeveme,{mardi},Non,"MULTIPOLYGON (((1.2524098204521859 6.827685470905152, 1.2514032241031678 6.826958757443423, 1.2522674238954958 6.826462824608052, 1.2530285089398752 6.82665432342567, 1.2524098204521859 6.827685470905152)))"
_mview_marche_marches.fid-2fb68024_1a0f82ccff9_69e9,Plateaux,Haho,Haho 1,Notsé,Alinou,Ancien Marché de Notse,"{dimanche,samedi,vendredi,jeudi,mercredi,mardi,lundi}",Oui,"MULTIPOLYGON (((1.1682477335724044 6.9477619277472025, 1.1681088392991803 6.949081423342831, 1.1665202360491815 6.948916486393378, 1.166650449430329 6.948126525214415, 1.1672060265232247 6.9481699296747985, 1.1672928354439895 6.947588309905673, 1.1682477335724044 6.9477619277472025)))"
_mview_marche_marches.fid-2fb68024_1a0f82ccff9_69ea,Plateaux,Haho,Haho 1,Notsé,Alinou Kougbe,Nouveau Marché de Notse,{samedi},Oui,"MULTIPOLYGON (((1.1755202653147478 6.938332472242214, 1.1772241542970978 6.938210891179025, 1.1774645449919372 6.940543330623547, 1.1758142953570927 6.940790218364192, 1.1755202653147478 6.938332472242214)))"
_mview_marche_marches.fid-2fb68024_1a0f82ccff9_69eb,Plateaux,Haho,Haho 1,Hahomégbé,Hahomegbe,Marché de Hahomegbe,{jeudi},Non,"MULTIPOLYGON (((1.0244887577223 6.929273380786485, 1.0246126941711395 6.929313360286112, 1.02478460601953 6.9292014176871595, 1.024876558868669 6.929085477138245, 1.0250484707170595 6.929169434087458, 1.0251644112659741 6.929329352085962, 1.0253203313145145 6.929353339785737, 1.0253563128641776 6.929493268034427, 1.0254562616132419 6.929505261884315, 1.0255642062622312 6.929525251634129, 1.025668152961258 6.929609208583343, 1.0257641037603593 6.929893063030685, 1.0256801468111454 6.930108952328664, 1.0255602083122684 6.930300853926867, 1.025416282113616 6.930244882627391, 1.0250684604668723 6.930160925678177, 1.0249285322181823 6.930240884677428, 1.0248045957693424 6.929973022029936, 1.0247048852392167 6.929753598773843, 1.0245812384861808 6.929493057401375, 1.0244708395995417 6.92933849896008, 1.0244887577223 6.929273380786485)))"
_mview_marche_marches.fid-2fb68024_1a0f82ccff9_69ec,Plateaux,Haho,Haho 1,Hahomégbé,Agbave,Marché du Village D Agbave,{mardi},Oui,"MULTIPOLYGON (((0.9427968990537156 6.909028984073118, 0.9427901777077433 6.908704679129956, 0.9422911177693 6.90867443307308, 0.9420593348168462 6.908910975153642, 0.9423012379888216 6.909432669946216, 0.9427121819315752 6.909251971191246, 0.9427968990537156 6.909028984073118)))"
_mview_marche_marches.fid-2fb68024_1a0f82ccff9_69ed,Plateaux,Haho,Haho 1,Hahomégbé,Batoume,Marché de Batoume,Nsp,Oui,"MULTIPOLYGON (((0.9766804671242713 6.881457281357112, 0.9768009007592555 6.881285816520864, 0.9767621170462946 6.881257239048156, 0.9768376432241661 6.88116538288588, 0.976907045657886 6.881100062948261, 0.976907045657886 6.881100062948261, 0.976994819324061 6.881046990498946, 0.9772805940511424 6.881281734024762, 0.9771622016642086 6.881400126411696, 0.9769009219137338 6.881606292464805, 0.9769009219137338 6.881606292464805, 0.9769009219137338 6.881606292464805, 0.9769009219137338 6.881606292464805, 0.9769009219137338 6.881606292464805, 0.9766804671242713 6.881457281357112)))"
_mview_marche_marches.fid-2fb68024_1a0f82ccff9_69ee,Plateaux,Est-Mono,Est-Mono 2,Kamina,Ogou Kinko,Marché de Ogou Kinko,{jeudi},Non,"MULTIPOLYGON (((1.4859428001579538 8.038060404651088, 1.4856443133235449 8.03733959069991, 1.4858983446719778 8.037298310605788, 1.4863778288421454 8.037771443992243, 1.4860380619136162 8.038228700419424, 1.4859428001579538 8.038060404651088)))"
_mview_marche_marches.fid-2fb68024_1a0f82ccff9_69ef,Plateaux,Haho,Haho 1,Hahomégbé,Tokpo,Marché Tokpo,{mercredi},Non,"MULTIPOLYGON (((1.0327662680489784 6.86773114247465, 1.0330759702167798 6.868090893946611, 1.0333949634496153 6.8678264612672155, 1.033141007672018 6.867700394472972, 1.0327662680489784 6.86773114247465)))"
_mview_marche_marches.fid-2fb68024_1a0f82ccff9_69f0,Plateaux,Haho,Haho 1,Dalia,Kpekpatche,Marché de Kpekpatche,{mardi},Non,"MULTIPOLYGON (((1.2847189322503523 6.857512106338371, 1.2847040216718812 6.8574042292027855, 1.2848268242837004 6.857365383478638, 1.2848005094383104 6.857178673385158, 1.2848581514805928 6.857169901770027, 1.2848857194138583 6.857105994288366, 1.2849446145440164 6.857109753551994, 1.2849521330712708 6.857164889418525, 1.2850411023104458 6.857132309133756, 1.2851050097921068 6.857300222909101, 1.2851200468466153 6.857429290960299, 1.2847189322503523 6.857512106338371)))"
_mview_marche_marches.fid-2fb68024_1a0f82ccff9_69f1,Plateaux,Haho,Haho 1,Dalia,Guedeglele,Marché de Guedeglele,{samedi},Non,"MULTIPOLYGON (((1.2733659044692467 6.8594609533423725, 1.2732276602252233 6.859271125425206, 1.2733225741838063 6.859167958078918, 1.2734401849585724 6.859108121018072, 1.2736011260187783 6.859011143712564, 1.2737084200589155 6.859011143712564, 1.2739353882207447 6.859209225017433, 1.2739353882207447 6.859260808690575, 1.2738219041398302 6.859324772445272, 1.2737620670789844 6.859399052934598, 1.2736568363857725 6.85946095334237, 1.273568112467967 6.8594980935870336, 1.273516528794824 6.859549677260175, 1.2733659044692467 6.8594609533423725)))"
_mview_marche_marches.fid-2fb68024_1a0f82ccff9_69f2,Plateaux,Haho,Haho 1,Dalia,Agoto,Marché de Agoto,{samedi},Non,"MULTIPOLYGON (((1.344144241700002 6.835997850941228, 1.344912983621031 6.8354265840090855, 1.3446872979194444 6.835059844744007, 1.3444898229305566 6.835052792065832, 1.3441795050908751 6.835144476882102, 1.343897397963892 6.835341951870991, 1.3438198185039716 6.835687533101545, 1.344144241700002 6.835997850941228)))"
_mview_marche_marches.fid-2fb68024_1a0f82ccff9_69f3,Plateaux,Haho,Haho 1,Dalia,Begbe,Marché de Begbe,{vendredi},Non,"MULTIPOLYGON (((1.2150075358191268 6.8356184973789595, 1.214764408867646 6.835713814195166, 1.2148790653277193 6.835937601502778, 1.2151442947293352 6.83584642889597, 1.2150075358191268 6.8356184973789595)))"
_mview_marche_marches.fid-2fb68024_1a0f82ccff9_69f4,Plateaux,Haho,Haho 1,Dalia,Kokou Dave,Marché de Kokou Dave,{vendredi},Non,"MULTIPOLYGON (((1.2697404952597753 6.83583096518796, 1.2697155951003865 6.835989259058361, 1.270092654656847 6.835882544089553, 1.2699983897677318 6.835752707544168, 1.2697404952597755 6.835829186605149, 1.2697404952597753 6.83583096518796)))"
_mview_marche_marches.fid-2fb68024_1a0f82ccff9_69f5,Plateaux,Haho,Haho 1,Atchavé,Atsave,Marché de Atsave,{jeudi},Non,"MULTIPOLYGON (((1.2133031308482167 6.860460422948197, 1.2135395246925331 6.860489567394757, 1.2137856333523693 6.860596430365477, 1.2138018247115692 6.860735676054595, 1.2137856333523693 6.860829585937953, 1.2137079148282106 6.860907304462112, 1.2135686691390928 6.860920257549472, 1.2134456148091748 6.860855492112671, 1.2133290370229366 6.860703293336195, 1.2133031308482167 6.860460422948197)))"
_mview_marche_marches.fid-2fb68024_1a0f82ccff9_69f6,Plateaux,Haho,Haho 1,Atchavé,Kpele,Grand Marché de Kpele,{lundi},Non,"MULTIPOLYGON (((1.1859132227052476 6.859234493462626, 1.1858991038505153 6.859015651214277, 1.185697910170581 6.858885051808003, 1.1855108353453787 6.858796808965926, 1.1851966908275868 6.85874386326068, 1.185101388558144 6.858920348944833, 1.1849849080066033 6.859118012911084, 1.1850131457160678 6.859188607184746, 1.1853414090885916 6.859216844894211, 1.185330819947542 6.859343914586801, 1.1855814296190392 6.859396860292046, 1.1857579153031919 6.859333325445751, 1.1857790935852905 6.859248612317357, 1.1859132227052476 6.859234493462626)))"
_mview_marche_marches.fid-2fb68024_1a0f82ccff9_69f7,Plateaux,Haho,Haho 4,Wahala,Wahala,Marché de Wahala,{samedi},Oui,"MULTIPOLYGON (((1.1565349999999999 7.177753333333333, 1.1568766666666666 7.178798333333333, 1.1563183333333331 7.179168333333333, 1.156575 7.17989, 1.1560116666666667 7.1800516666666665, 1.1560883333333334 7.180461666666668, 1.1553583333333333 7.180561666666667, 1.1546883333333333 7.178481666666666, 1.1565249999999998 7.177689999999999, 1.1565349999999999 7.177753333333333)))"
_mview_marche_marches.fid-2fb68024_1a0f82ccff9_69f8,Plateaux,Haho,Haho 4,Wahala,Huilehoe,Marché de Huilehoe,{dimanche},Non,"MULTIPOLYGON (((1.2992157744387112 7.153999244721155, 1.3000095573292234 7.154633205553174, 1.2993609461418418 7.155395024031988, 1.2987562860205455 7.155003459988681, 1.2992157744387112 7.153999244721155)))"
_mview_marche_marches.fid-2fb68024_1a0f82ccff9_69f9,Maritime,Bas-Mono,Bas-Mono 2,Agome-Glozou,Avegbo,Marché d'avegbo,{jeudi},Non,"MULTIPOLYGON (((1.6927952079187105 6.540602122373142, 1.692953762940838 6.5407044858252545, 1.6930712111053772 6.540438765110795, 1.6929094529514896 6.540366633315622, 1.6927952079187105 6.540602122373142)))"
_mview_marche_marches.fid-2fb68024_1a0f82ccff9_69fa,Plateaux,Kloto,Kloto 1,Tové,Dzigbe,Marché de Dzigbe,"{lundi,jeudi}",Non,"MULTIPOLYGON (((0.6531737220811653 6.872824441570621, 0.6532688128506489 6.873171243200503, 0.6533292234571445 6.873189142639465, 0.6535261172857222 6.873035878693356, 0.6535261172857222 6.873035878693356, 0.6531737220811653 6.872824441570621)))"
_mview_marche_marches.fid-2fb68024_1a0f82ccff9_69fb,Plateaux,Haho,Haho 2,Asrama,Asrama,Marché de Asrama,{lundi},Oui,"MULTIPOLYGON (((1.4086633333333334 7.002169999999999, 1.4095 7.001986666666666, 1.4109466666666668 7.001855000000001, 1.4108183333333333 7.0012, 1.4104533333333333 6.999523333333333, 1.4083433333333335 7.000521666666667, 1.4086614287884132 7.002153793560045, 1.4086633333333334 7.002169999999999)))"
_mview_marche_marches.fid-2fb68024_1a0f82ccff9_69fc,Plateaux,Haho,Haho 2,Asrama,Gbowle,Marché de Azame,{dimanche},Oui,"MULTIPOLYGON (((1.5277083333333332 6.938991666666667, 1.5279633333333331 6.939356666666667, 1.52773 6.939566666666667, 1.5277083333333332 6.9395783333333325, 1.527646666666667 6.939608333333332, 1.5273633333333332 6.939210000000001, 1.5277083333333332 6.938991666666667)))"
_mview_marche_marches.fid-2fb68024_1a0f82ccff9_69fd,Plateaux,Haho,Haho 2,Asrama,Tetetou,Marché de Tetetou,"{mardi,vendredi}",Non,"MULTIPOLYGON (((1.4995819053516493 7.015963299780374, 1.4985354900721535 7.015659732207823, 1.4985997749698698 7.01515616717571, 1.4997176179134954 7.0152061665406, 1.4995819053516493 7.015963299780374)))"
_mview_marche_marches.fid-2fb68024_1a0f82ccff9_69fe,Plateaux,Haho,Haho 4,Akpakpakpé,Akpakpakpe,Marché d'akpakpakpé,{mercredi},Oui,"MULTIPOLYGON (((1.0664433333333332 7.117189999999999, 1.06723 7.116891666666667, 1.0679933333333334 7.117628333333332, 1.06766 7.118098333333334, 1.0664316666666667 7.117171666666667, 1.0664433333333332 7.117189999999999)))"
_mview_marche_marches.fid-2fb68024_1a0f82ccff9_69ff,Plateaux,Haho,Haho 3,Kpédomé,Agbatitoe,Marché d'agbati,{vendredi},Oui,"MULTIPOLYGON (((1.1518216666666667 7.069853333333333, 1.1523366666666666 7.0708400000000005, 1.1522716666666668 7.071035, 1.1516083333333333 7.0711233333333325, 1.1511333333333333 7.070413333333333, 1.1518216666666667 7.069853333333333)))"
_mview_marche_marches.fid-2fb68024_1a0f82ccff9_6a00,Kara,Kozah,Kozah 2,Pya,Bohou-haut,Mache de Bohou-haut,"{mercredi,vendredi}",Non,"MULTIPOLYGON (((1.1673733333333334 9.645803333333333, 1.1675183333333334 9.646136666666667, 1.167025 9.646228333333333, 1.1670449999999999 9.645966666666668, 1.1673733333333334 9.645803333333333)))"
_mview_marche_marches.fid-2fb68024_1a0f82ccff9_6a01,Plateaux,Haho,Haho 3,Kpédomé,Dougnon,Marché de Kpedome,{jeudi},Oui,"MULTIPOLYGON (((1.1644166666666667 6.970705, 1.1632483333333332 6.9709, 1.1631583333333335 6.969475, 1.1642316666666666 6.969308333333333, 1.1644166666666667 6.970705)))"
_mview_marche_marches.fid-2fb68024_1a0f82ccff9_6a02,Plateaux,Haho,Haho 4,Kpegnon (Haito),Haito,Marché de Haito,{jeudi},Non,"MULTIPOLYGON (((0.9600716223950599 7.207294320635178, 0.9605170129558197 7.207591247675685, 0.9605141019064031 7.207911463111527, 0.9606480101795725 7.207966773050445, 0.9612331311123365 7.2069682831005055, 0.9609391151212467 7.206758687542501, 0.9610410018508325 7.206552003033913, 0.9606247217842396 7.206124078769654, 0.9605082798075704 7.206263809141657, 0.9603918378309011 7.206371517970076, 0.9603539941884837 7.206729577048335, 0.9600716223950599 7.207294320635178)))"
_mview_marche_marches.fid-2fb68024_1a0f82ccff9_6a03,Plateaux,Haho,Haho 4,Kpegnon (Haito),Biyaki Kpota,Marché de Biyaki Kpota,{mercredi},Non,"MULTIPOLYGON (((1.0172344388257974 7.189548106065359, 1.0172344388257974 7.189548106065359, 1.0173805828062807 7.189323406940791, 1.0175681421526215 7.189290308232613, 1.0172454297478875 7.18921307791353, 1.0172454297478875 7.18921307791353, 1.0173998903860506 7.189006210987419, 1.017722602790784 7.188457324076803, 1.0176950205339692 7.188181501508655, 1.017631581343295 7.187778800559158, 1.017546076347169 7.187582966535773, 1.0172647373276578 7.187624339920995, 1.0172012981369833 7.187731910722573, 1.0168868604092942 7.187861547329603, 1.016873069280887 7.18820908376547, 1.0168620363781609 7.188473873430894, 1.016817904767257 7.188995178084694, 1.0167903225104422 7.189436494193732, 1.0172344388257974 7.189548106065359)))"
_mview_marche_marches.fid-2fb68024_1a0f82ccff9_6a04,Plateaux,Kloto,Kloto 1,Kpadapé,Kpadape,Marché de Kpadape,{mercredi},Non,"MULTIPOLYGON (((0.5946133333333333 6.844313333333334, 0.5943086424855889 6.844658672661263, 0.5941157442791534 6.844460355965883, 0.5941157442791534 6.844460355965883, 0.5941157442791534 6.844460355965883, 0.5940138766869908 6.844273959946182, 0.5939911190334226 6.844176427145176, 0.593898668472382 6.843957445240948, 0.593898668472382 6.843957445240948, 0.593808721555898 6.843811146039439, 0.593808721555898 6.843811146039439, 0.5938249770227325 6.843636670695416, 0.5938249770227325 6.843636670695416, 0.5942259452046492 6.843943357169689, 0.5944838652784226 6.844164431518638, 0.5945543056347052 6.844190440265572, 0.5946133333333333 6.844313333333334)))"
_mview_marche_marches.fid-2fb68024_1a0f82ccff9_6a05,Plateaux,Kpélé,Kpélé 1,Kpélé-Akata,Akanou,Marché d'akanou,{mercredi},Non,"MULTIPOLYGON (((0.7643919399319896 7.007857891434734, 0.764797609037627 7.00774114487689, 0.7647172756650259 7.007566132886581, 0.764355775488321 7.0077181924847185, 0.7643919399319896 7.007857891434734)))"
_mview_marche_marches.fid-2fb68024_1a0f82ccff9_6a06,Plateaux,Kpélé,Kpélé 1,Kpélé-Akata,Pete Kope,Marché de Pete Kope,{mercredi},Non,"MULTIPOLYGON (((0.7652031065732939 7.035756360751534, 0.7652045553711172 7.035721589603773, 0.7653957966837996 7.0356969600407755, 0.7653928990881531 7.035841839823111, 0.7655276372857249 7.0359026893316905, 0.7654711341706143 7.036008451572797, 0.7653769623120964 7.0359432556707455, 0.7651350130755966 7.036017144359737, 0.7650915491408959 7.036011349168442, 0.7650756123648391 7.035956294851155, 0.7652031065732939 7.035756360751534)))"
_mview_marche_marches.fid-2fb68024_1a0f82ccff9_6a07,Plateaux,Kpélé,Kpélé 1,Kpélé-Akata,Adame,Marché d'akata,{mercredi},Non,"MULTIPOLYGON (((0.7091528988885788 7.051552479013165, 0.7083297524349015 7.051879783537771, 0.7082735733000808 7.051757654983812, 0.7080512993318772 7.051833374687266, 0.7077997145107237 7.051352188184672, 0.7088915437831087 7.051066407368407, 0.7091528988885788 7.051552479013165)))"
_mview_marche_marches.fid-2fb68024_1a0f82ccff9_6a08,Plateaux,Kloto,Kloto 1,Gbalabé,Gbalave,Marché de Gbalave,{mercredi},Non,"MULTIPOLYGON (((0.600834424805364 6.862992546874213, 0.6008902664921177 6.863035502017869, 0.6010030237442165 6.862870124714792, 0.6010717519740674 6.862716560076219, 0.6009514775718284 6.86263494530327, 0.600780730875793 6.862761662977059, 0.6008354986839554 6.863004359538719, 0.600834424805364 6.862992546874213)))"
_mview_marche_marches.fid-2fb68024_1a0f82ccff9_6a09,Plateaux,Kloto,Kloto 1,Hanyigba,Hanyigba Duga,Marché Hanyigba Duga,"{lundi,mardi,mercredi,jeudi,vendredi,samedi,dimanche}",Oui,"MULTIPOLYGON (((0.6069707592391579 6.907442021050298, 0.6070124351196069 6.907564597169266, 0.6072012023428172 6.907509437915731, 0.6071693325518857 6.9073868617967635, 0.6069707592391579 6.907442021050298)))"
_mview_marche_marches.fid-2fb68024_1a0f82ccff9_6a0a,Plateaux,Kloto,Kloto 1,Hanyigba,Hanyigba Todzi,Marché D Hanyigba Todzi,{jeudi},Non,"MULTIPOLYGON (((0.5633536713136874 6.895450547117475, 0.5633640353078673 6.895237048837371, 0.5638407790401381 6.895315815193136, 0.5638407790401381 6.895315815193136, 0.5637765222762233 6.895566623852289, 0.5633536713136874 6.895450547117475)))"
_mview_marche_marches.fid-2fb68024_1a0f82ccff9_6a0b,Plateaux,Kpélé,Kpélé 1,Kpélé-Dawlotou,Kpekpeta,Marché de Kpekpeta,{lundi},Non,"MULTIPOLYGON (((0.8594653637727067 7.000153567218584, 0.8594610401771565 6.999418555975056, 0.859919341305474 6.999381805412878, 0.8599323120921245 7.000153567218583, 0.8594653637727067 7.000153567218584)))"
_mview_marche_marches.fid-2fb68024_1a0f82ccff9_6a0c,Plateaux,Kloto,Kloto 2,Lavié,Lavie Tsavanya,Marché de Tsavanya,"{mardi,samedi}",Non,"MULTIPOLYGON (((0.638112994180672 7.062643590124619, 0.638306852561735 7.062299392590895, 0.6386787441498968 7.0624576443305385, 0.6383859784315566 7.062900749201539, 0.638112994180672 7.062643590124619)))"
_mview_marche_marches.fid-2fb68024_1a0f82ccff9_6a0d,Centrale,Tchaoudjo,Tchaoudjo 4,Kpassaouade,Afadade,Marché de Afadade,{mercredi},Non,"MULTIPOLYGON (((1.29846 9.05772, 1.2987283333333333 9.057979999999999, 1.2998983333333332 9.057771666666667, 1.2998966666666665 9.057778333333333, 1.2989366666666666 9.056890000000001, 1.2984766666666667 9.057725, 1.29846 9.05772)))"
_mview_marche_marches.fid-2fb68024_1a0f82ccff9_6a0e,Plateaux,Kloto,Kloto 2,Lavié-Apédomé,Lavie Apedome,Marché de Lavie Apedome,{vendredi},Oui,"MULTIPOLYGON (((0.676904872722699 7.009294774682505, 0.6776430967011497 7.009601207277336, 0.6775363095847702 7.010093356596302, 0.677253091580459 7.010594791751475, 0.6768955868864923 7.010381217518715, 0.6770163027571824 7.010190857876472, 0.6766912984899399 7.009898354035956, 0.676904872722699 7.009294774682505)))"
_mview_marche_marches.fid-2fb68024_1a0f82ccff9_6a0f,Plateaux,Kloto,Kloto 3,Kouma,Dovota,Marché de Kuma Dovota,{samedi},Non,"MULTIPOLYGON (((0.5955316666666667 7.00167, 0.5959933333333333 7.001546666666667, 0.595995 7.001548333333333, 0.5959966666666666 7.001551666666668, 0.5958636430058144 7.0013978439022155, 0.5958636430058144 7.0013978439022155, 0.5954994447964743 7.0014667023939, 0.5955316666666667 7.00167)))"
_mview_marche_marches.fid-2fb68024_1a0f82ccff9_6a10,Plateaux,Kloto,Kloto 3,Kouma,Kouma Adame,Marché de Kouma Adame,{samedi},Non,"MULTIPOLYGON (((0.5967336872004025 6.97698405496534, 0.5968011888891639 6.9770143143430605, 0.5969268816889264 6.976724522610274, 0.5968570523557251 6.976697754699213, 0.5967395063115027 6.9769759082097975, 0.5967336872004025 6.97698405496534)))"
_mview_marche_marches.fid-2fb68024_1a0f82ccff9_6a11,Plateaux,Kloto,Kloto 2,Kpimé,Kpime Tomegbe,Marché de Kpime Tomegbe,{samedi},Non,"MULTIPOLYGON (((0.6454016666666667 6.9695350000000005, 0.6452583333333333 6.969523333333332, 0.6452883333333334 6.96943, 0.6449933333333333 6.969345000000001, 0.6450250000000001 6.9690683333333325, 0.6454833333333333 6.9691149999999995, 0.6454016666666667 6.9695350000000005)))"
_mview_marche_marches.fid-2fb68024_1a0f82ccff9_6a12,Plateaux,Kloto,Kloto 2,Kpimé,Tsadome,Marché de Tsadome,{mardi},Non,"MULTIPOLYGON (((0.6393732793545415 7.092123938547113, 0.639623235373046 7.091966357578926, 0.6397228555253485 7.092087713037183, 0.6396232353730459 7.092317745025228, 0.6395290490472328 7.092299632270265, 0.6393732793545416 7.092118504720624, 0.6393732793545415 7.092123938547113)))"
_mview_marche_marches.fid-2fb68024_1a0f82ccff9_6a13,Plateaux,Kloto,Kloto 2,Kpimé,Blifu,Marché de Blifou,{samedi},Non,"MULTIPOLYGON (((0.6189199999999999 7.027501666666666, 0.6188983333333333 7.027641666666667, 0.6189466666666666 7.027689999999999, 0.6188716666666667 7.028073333333333, 0.6188283333333333 7.0280949999999995, 0.6190583333333334 7.028474999999999, 0.6193000357865227 7.028869231292042, 0.6198621093356685 7.028060371950902, 0.6198621093356685 7.028060371950902, 0.6198621093356685 7.028060371950902, 0.6198621093356685 7.028060371950902, 0.6198621093356685 7.028060371950902, 0.6198621093356685 7.028060371950902, 0.6189199999999999 7.027501666666666)))"
_mview_marche_marches.fid-2fb68024_1a0f82ccff9_6a14,Plateaux,Kloto,Kloto 3,Agomé-Tomégbé,Tomegbe,Marché D Agome Tomegbe,{samedi},Non,"MULTIPOLYGON (((0.55817 6.954876666666666, 0.5582466666666667 6.955295, 0.5584849999999999 6.955333333333334, 0.5584923826277883 6.954746187409414, 0.5584923826277883 6.954746187409414, 0.5584923826277883 6.954746187409414, 0.5581785581253611 6.954876947618759, 0.55817 6.954876666666666)))"
_mview_marche_marches.fid-2fb68024_1a0f82ccff9_6a15,Plateaux,Kloto,Kloto 3,Agomé-Tomégbé,Agome Anedi,Marché D Agome Anedi,"{samedi,mardi,jeudi}",Non,"MULTIPOLYGON (((0.5633396965382457 6.930091686938406, 0.5633812399238987 6.929936843410064, 0.56353419511653 6.9299802751314274, 0.5634832100523197 6.930138895331194, 0.5633396965382457 6.930091686938406)))"
_mview_marche_marches.fid-2fb68024_1a0f82ccff9_6a16,Plateaux,Kloto,Kloto 3,Agomé-Tomégbé,Agome Zoto,Marché Des Fruits de Zoto,"{mardi,samedi}",Non,"MULTIPOLYGON (((0.5786034930855666 6.948563439493651, 0.5787603087726838 6.948446974041816, 0.5786420092192444 6.948276402592669, 0.5784751059733068 6.948415794314553, 0.5786034930855666 6.948563439493651)))"
_mview_marche_marches.fid-2fb68024_1a0f82ccff9_6a17,Kara,Bassar,Bassar 1,Bassar,Tchotoukou,Marché de Tchotoukou,{mardi},Non,"MULTIPOLYGON (((0.7837588488353412 9.33191738928005, 0.7842756925301212 9.331792998148735, 0.784344124796329 9.332079097684414, 0.7838164760068845 9.332203488713658, 0.7837588488353412 9.33191738928005)))"
_mview_marche_marches.fid-2fb68024_1a0f82ccff9_6a18,Plateaux,Kpélé,Kpélé 1,Kpélé-Govié,Zionou,Marché d'adeta Zionou,{lundi},Non,"MULTIPOLYGON (((0.8048360028606981 7.107667040860226, 0.8040927660862226 7.107694041813789, 0.804089923880584 7.107547668223407, 0.8043016682006545 7.107334502800517, 0.8043144581260279 7.107232183397528, 0.8044466206882199 7.107213709060877, 0.8044764638474244 7.107023281283096, 0.804757842205639 7.107019017974638, 0.8048360028606981 7.107667040860226)))"
_mview_marche_marches.fid-2fb68024_1a0f82ccff9_6a19,Plateaux,Kpélé,Kpélé 1,Kpélé-Dawlotou,Agome,Marché Agome,{lundi},Non,"MULTIPOLYGON (((0.8268892077376413 6.999196364180493, 0.8268624826665713 6.999313722101279, 0.8267939270494783 6.999340447172349, 0.8267555823822909 6.999297454666716, 0.8267544204226791 6.999210307695836, 0.8268892077376413 6.999196364180493)))"
_mview_marche_marches.fid-2fb68024_1a0f82ccff9_6a1a,Centrale,Tchaoudjo,Tchaoudjo 4,Kpassaouade,Ourokourade,Marché de Kpassoua,{jeudi},Non,"MULTIPOLYGON (((1.294986269585095 9.058302868812225, 1.294867851281432 9.058043837082344, 1.2952052797811175 9.05790174678229, 1.295309691618756 9.058177125277348, 1.294986269585095 9.058302868812225)))"
_mview_marche_marches.fid-2fb68024_1a0f82ccff9_6a1b,Plateaux,Kpélé,Kpélé 1,Kpélé-Dawlotou,Guebakui,Marché de Guebakui,{mardi},Non,"MULTIPOLYGON (((0.805581200510112 6.977022619647953, 0.8057807105428624 6.977017334613974, 0.8057833530598524 6.976887851281459, 0.8055878068025872 6.976886530022963, 0.805581200510112 6.977022619647953)))"
_mview_marche_marches.fid-2fb68024_1a0f82ccff9_6a1c,Plateaux,Kpélé,Kpélé 1,Kpélé-Dawlotou,Zionou,Marché de Zionou,{lundi},Non,"MULTIPOLYGON (((0.7901886397905578 7.018056888141612, 0.7899973090752513 7.017827291283245, 0.7902052217858839 7.017679328863408, 0.7903812460439652 7.017888517112143, 0.7901886397905578 7.018056888141612)))"
_mview_marche_marches.fid-2fb68024_1a0f82ccff9_6a1d,Plateaux,Kpélé,Kpélé 1,Kpélé-Dawlotou,Tutu Todze,Marché de Tutu Todze,{lundi},Oui,"MULTIPOLYGON (((0.8223136745376606 7.0193947983091745, 0.8222675973911437 7.019521315219949, 0.8225011069980664 7.019606440795717, 0.8225448412388281 7.019433065769842, 0.8223136745376606 7.0193947983091745)))"
_mview_marche_marches.fid-2fb68024_1a0f82ccff9_6a1e,Plateaux,Haho,Haho 1,Hahomégbé,Kpeve,Marché de Kpeve,{samedi},Non,"MULTIPOLYGON (((0.9855120576931249 6.959443258074896, 0.9853692041449039 6.9594129558070925, 0.9854124930989104 6.9592527866772675, 0.985589977810337 6.95926144446807, 0.9855120576931249 6.959443258074896)))"
_mview_marche_marches.fid-2fb68024_1a0f82ccff9_6a1f,Plateaux,Kpélé,Kpélé 2,Kpélé-Nord,Kpeglo,Marché de Kpeglo,{vendredi},Non,"MULTIPOLYGON (((0.9078399818427805 7.257439008148555, 0.907970296702787 7.257707214313918, 0.9085112549007217 7.257520833758329, 0.9083688177281563 7.257217775944359, 0.9078399818427805 7.257439008148555)))"
_mview_marche_marches.fid-2fb68024_1a0f82ccff9_6a20,Plateaux,Kpélé,Kpélé 2,Kpélé-Nord,Agbanon Konta,Marché d'agbanon Konta,{samedi},Non,"MULTIPOLYGON (((0.8663968913735277 7.256949567869865, 0.866615537681118 7.257245186602065, 0.8673573733675841 7.25679339193587, 0.8672201616541473 7.256436418372458, 0.8663968913735277 7.256949567869865)))"
_mview_marche_marches.fid-2fb68024_1a0f82ccff9_6a21,Plateaux,Kpélé,Kpélé 2,Kpélé-Nord,Kpele Ele,Marché de Kpele Ele,{samedi},Oui,"MULTIPOLYGON (((0.8016666666666666 7.27642, 0.8026668007865946 7.275536131381414, 0.8030585647577089 7.275979222717728, 0.8020540148959479 7.276894735313327, 0.8020540148959479 7.276894735313327, 0.8020540148959479 7.276894735313327, 0.8020540148959479 7.276894735313327, 0.8020540148959479 7.276894735313327, 0.8020540148959479 7.276894735313327, 0.8020540148959479 7.276894735313327, 0.8016666666666666 7.27642)))"
_mview_marche_marches.fid-2fb68024_1a0f82ccff9_6a22,Plateaux,Kpélé,Kpélé 2,Kpélé-Kamé,Agave,Marché d'agave,{mercredi},Non,"MULTIPOLYGON (((0.7906460560505305 7.236186047621977, 0.7910344957934308 7.236015513100703, 0.7910581811436077 7.2361007803613395, 0.7922850822827685 7.235503909536884, 0.792010332220717 7.2349212499225315, 0.7904897327393633 7.235731288898578, 0.7906460560505305 7.236186047621977)))"
_mview_marche_marches.fid-2fb68024_1a0f82ccff9_6a23,Plateaux,Kpélé,Kpélé 2,Kpélé-Kamé,Agave Konda,Marché d'agave Konda,{dimanche},Non,"MULTIPOLYGON (((0.8869313576284316 7.239759802793127, 0.8867380410155818 7.240063416614537, 0.8865565843176311 7.2398594260782785, 0.8867273670921731 7.239699317227145, 0.8867273670921731 7.239699317227145, 0.8869313576284316 7.239759802793127)))"
_mview_marche_marches.fid-2fb68024_1a0f82ccff9_6a24,Plateaux,Kpélé,Kpélé 2,Kpélé-Centre,Goudeve,Marché de Goudeve,{jeudi},Oui,"MULTIPOLYGON (((0.7445913044375069 7.173409584044864, 0.7449866666666666 7.174305, 0.7436066666666666 7.174953333333334, 0.7431916666666667 7.175201666666667, 0.7431366666666667 7.1750066666666665, 0.7429133333333334 7.174310000000001, 0.7445913044375069 7.173409584044864)))"
_mview_marche_marches.fid-2fb68024_1a0f82ccff9_6a25,Plateaux,Moyen-Mono,Moyen-Mono 1,Tohoun,Adjahoe,Grand Marché de Tohoun,{samedi},Oui,"MULTIPOLYGON (((1.6127534703668471 7.0208245094061335, 1.6129857650140058 7.02267406754374, 1.6129857650140058 7.02267406754374, 1.6124842197530944 7.022667028312007, 1.6123891901247112 7.021959585522934, 1.6122994399201271 7.020894901723454, 1.6122994399201271 7.020894901723454, 1.6122994399201271 7.020894901723454, 1.6127534703668471 7.0208245094061335)))"
_mview_marche_marches.fid-2fb68024_1a0f82ccff9_6a26,Plateaux,Ogou,Ogou 1,Djama,Campement,Marché Des Ignames,"{mardi,jeudi,samedi}",Oui,"MULTIPOLYGON (((1.1532801538029027 7.52697350320191, 1.1537314938726808 7.526818900526075, 1.1535419809152043 7.526305220667653, 1.153347480774637 7.526377534822481, 1.1533848846478232 7.526484759258947, 1.153147993450978 7.526564554188411, 1.1532801538029027 7.52697350320191)))"
_mview_marche_marches.fid-2fb68024_1a0f82ccff9_6a27,Plateaux,Moyen-Mono,Moyen-Mono 2,Kpékplémé,Kpekpkeme Centre,Ancien Marché,{jeudi},Oui,"MULTIPOLYGON (((1.6272150284455533 7.326527888931421, 1.627797803531267 7.326834710050589, 1.6266076660997228 7.328492401473097, 1.6269902102741478 7.33001195194373, 1.6254919122576499 7.330437001026424, 1.6272150284455533 7.326527888931421)))"
_mview_marche_marches.fid-2fb68024_1a0f82ccff9_6a28,Plateaux,Moyen-Mono,Moyen-Mono 2,Kpékplémé,Kpekpleme Centre,Nouveau Marché de Kpekpleme,Nsp,Oui,"MULTIPOLYGON (((1.6216893403581436 7.334275622977486, 1.6213686547285495 7.334358129474421, 1.6212721376943995 7.33355018849501, 1.6218994984163713 7.333388288953855, 1.6221470179071742 7.333699634225305, 1.622066068136597 7.3342304779131275, 1.6216893403581436 7.334275622977486)))"
_mview_marche_marches.fid-2fb68024_1a0f82ccff9_6a29,Plateaux,Moyen-Mono,Moyen-Mono 2,Saligbé,Kpodji,Marché de Saligbe,{jeudi},Non,"MULTIPOLYGON (((1.6284987600116436 7.227063352856028, 1.6277213595641946 7.226404206185659, 1.627056268884256 7.226988983718899, 1.6273147869184836 7.22738196789783, 1.6284987600116436 7.227063352856028)))"
_mview_marche_marches.fid-2fb68024_1a0f82ccff9_6a2a,Plateaux,Ogou,Ogou 1,Houdou,Agbandao,Marché d'agbandao,"{jeudi,dimanche}",Oui,"MULTIPOLYGON (((1.1498066666666666 7.726133333333333, 1.1497666666666668 7.725965, 1.1495250000000001 7.726058333333333, 1.14951701344551 7.726074128539059, 1.14951701344551 7.726074128539059, 1.14951701344551 7.726074128539059, 1.14951701344551 7.726074128539059, 1.14951701344551 7.726074128539059, 1.1498066666666666 7.726133333333333)))"
_mview_marche_marches.fid-2fb68024_1a0f82ccff9_6a2b,Plateaux,Ogou,Ogou 1,Djama,Sada,Marché de Sada,{samedi},Oui,"MULTIPOLYGON (((1.1456773813743066 7.54191941130822, 1.1455912458709172 7.541202920530027, 1.1455912458709172 7.541202920530027, 1.1457498135021562 7.541183344279258, 1.1458368468012285 7.541905074098524, 1.1456773813743066 7.54191941130822)))"
_mview_marche_marches.fid-2fb68024_1a0f82ccff9_6a2c,Plateaux,Ogou,Ogou 1,Djama,Agbonou-gare,Marché Agbonou-gare,"{lundi,mardi,mercredi,jeudi,vendredi,samedi,dimanche}",Oui,"MULTIPOLYGON (((1.1521364199782602 7.515433827051093, 1.1520421970425907 7.515175872456718, 1.1518691975541484 7.5152978988816, 1.151883099298755 7.515347327306869, 1.1518506618946722 7.515367407604634, 1.1519556972983693 7.515518782157021, 1.1521395092548394 7.515435371689379, 1.1521395092548394 7.515435371689379, 1.1521364199782602 7.515433827051093)))"
_mview_marche_marches.fid-2fb68024_1a0f82ccff9_6a2d,Plateaux,Ogou,Ogou 1,Djama,Agbonou,Marché aux fruits,"{lundi,mardi,mercredi,jeudi,vendredi,samedi,dimanche}",Oui,"MULTIPOLYGON (((1.1468323584152922 7.5171419131776585, 1.1468047499666376 7.517053566141966, 1.1468047499666376 7.517053566141966, 1.1480913036739324 7.516663366734318, 1.1480968253636634 7.51674619208028, 1.1480968253636634 7.51674619208028, 1.1468323584152922 7.5171419131776585)))"
_mview_marche_marches.fid-2fb68024_1a0f82ccff9_6a2e,Plateaux,Ogou,Ogou 1,Djama,Keoroma,Marché Agbonou Assiyeye,{samedi},Oui,"MULTIPOLYGON (((1.1578400552858692 7.510017013748413, 1.1560701781506264 7.510760796470892, 1.1559018769506493 7.509951864896809, 1.1559941711570885 7.507725945800337, 1.1573188644730374 7.508377434316378, 1.1578400552858692 7.510017013748413)))"
_mview_marche_marches.fid-2fb68024_1a0f82ccff9_6a2f,Plateaux,Wawa,Wawa 3,Okou,Ogbodo,Marché de Okou,{jeudi},Non,"MULTIPOLYGON (((0.8544420795433594 7.571772708662892, 0.8539548160450379 7.57336799600671, 0.8534275034920599 7.572867382823501, 0.8539514786238162 7.57153241433495, 0.8544420795433594 7.571772708662892)))"
_mview_marche_marches.fid-2fb68024_1a0f82ccff9_6a30,Plateaux,Ogou,Ogou 1,Gnagna,Quartier Houdou,Grand Marché d'atakpame,"{lundi,mardi,mercredi,jeudi,vendredi,samedi,dimanche}",Non,"MULTIPOLYGON (((1.1217222693124047 7.530570661224984, 1.1214148830073618 7.530627118184285, 1.12191 7.5317799999999995, 1.121495113449632 7.531803569763641, 1.1213542907254015 7.532425516589487, 1.1215787269421436 7.532781974110195, 1.1215787269421436 7.532781974110195, 1.1216007304928046 7.533059218848524, 1.1218163652892823 7.533068020268788, 1.1219307837527195 7.533618109035312, 1.1220428085215866 7.533603044951894, 1.123227003550661 7.533342052053215, 1.123212546115713 7.532738250632951, 1.1242183333333335 7.532548333333334, 1.1217264220140983 7.530575051967458, 1.1217222693124047 7.530570661224984)))"
_mview_marche_marches.fid-2fb68024_1a0f82ccff9_6a31,Plateaux,Ogou,Ogou 1,Djama,Bocco,Marché de Bocco,{lundi},Non,"MULTIPOLYGON (((1.2140453879221214 7.585066181455883, 1.2134769890862207 7.586016618853618, 1.2142286421916193 7.58648562554335, 1.2148032530366555 7.5855445061593185, 1.2140453879221214 7.585066181455883)))"
_mview_marche_marches.fid-2fb68024_1a0f82ccff9_6a32,Plateaux,Ogou,Ogou 1,Houdou,Awagome,Marché d'awagome,{samedi},Non,"MULTIPOLYGON (((1.181366289036626 7.649543863002797, 1.1811589580922475 7.649339156500752, 1.1809122605128597 7.648543950473577, 1.181639231039353 7.64852557937724, 1.1819961551967648 7.649047843401687, 1.1818386886567303 7.649491374156118, 1.181366289036626 7.649543863002797)))"
_mview_marche_marches.fid-2fb68024_1a0f82ccff9_6a33,Kara,Binah,Binah 2,Sirka,Tchalede,Marché de Tchalede,{lundi},Non,"MULTIPOLYGON (((1.3448704578169104 9.535054460144313, 1.3446755277162077 9.534797576934219, 1.344701403393292 9.534620650637283, 1.3448601075460767 9.534561108112868, 1.3451412899037276 9.534726125940734, 1.3450067363828884 9.535018734676346, 1.3448704578169104 9.535054460144313)))"
_mview_marche_marches.fid-2fb68024_1a0f82ccff9_6a34,Plateaux,Ogou,Ogou 1,Djama,Adougbelan,Marché de Adougbelan,{vendredi},Non,"MULTIPOLYGON (((1.2670750200185301 7.642789823429938, 1.2673929318978556 7.642604116251047, 1.2675493078628775 7.643044972785205, 1.2672489246532308 7.6431845626296875, 1.2670750200185301 7.642789823429938)))"
_mview_marche_marches.fid-2fb68024_1a0f82ccff9_6a35,Plateaux,Ogou,Ogou 1,Djama,Doufio,Marché de Doufio,"{mercredi,samedi}",Non,"MULTIPOLYGON (((1.1280816666666669 7.548085255281012, 1.1279811661450387 7.547853545745037, 1.128101208434761 7.547655336382938, 1.1283412930142058 7.547783753716129, 1.1283050011591735 7.548015463252105, 1.1280816666666669 7.548085255281012)))"
_mview_marche_marches.fid-2fb68024_1a0f82ccff9_6a36,Plateaux,Ogou,Ogou 1,Gnagna,Akpesseme,Marché de Akpesseme,"{mardi,mercredi,jeudi,samedi}",Oui,"MULTIPOLYGON (((1.1298321723518763 7.5246302286183635, 1.129942081026826 7.524707398539071, 1.1302671300867826 7.524611520758797, 1.1303233963343966 7.524545813198019, 1.130956586856983 7.524232893171932, 1.1308379292631983 7.523956725497902, 1.1301511853133281 7.523905272205021, 1.1302257400846443 7.524184590080656, 1.1301127902453643 7.5242116402605745, 1.129827495386985 7.524253732944598, 1.1298321723518763 7.5246302286183635)))"
_mview_marche_marches.fid-2fb68024_1a0f82ccff9_6a37,Plateaux,Ogou,Ogou 1,Gnagna,Houdou,Marché de Houdou,"{dimanche,samedi,vendredi,jeudi,mercredi,mardi,lundi}",Oui,"MULTIPOLYGON (((1.1236875195271356 7.531745010136937, 1.1239407225036993 7.531745010136937, 1.124069545070723 7.5316739356172, 1.1241672725353615 7.531491807160373, 1.1239185117162815 7.531189740451492, 1.1235720234325628 7.530869905112675, 1.1232655145661965 7.531092012986853, 1.123416547920638 7.531300794388581, 1.1233454734009007 7.53133633164845, 1.1236786352121688 7.531740567979455, 1.1236875195271356 7.531745010136937)))"
_mview_marche_marches.fid-2fb68024_1a0f82ccff9_6a38,Plateaux,Ogou,Ogou 2,Katoré,Katore,Marché de Katore,{lundi},Non,"MULTIPOLYGON (((1.3307966666666668 7.396238333333334, 1.330775 7.396484999999999, 1.3305833333333332 7.396536666666666, 1.3304900000000002 7.396268333333334, 1.3307966666666668 7.396238333333334)))"
_mview_marche_marches.fid-2fb68024_1a0f82ccff9_6a39,Plateaux,Ogou,Ogou 2,Katoré,Kelekpe,Marché de Kelekpe,{lundi},Non,"MULTIPOLYGON (((1.3034503494679952 7.400360220153164, 1.3041104577548839 7.400374492764772, 1.304046231002646 7.399396818869598, 1.3033040551990094 7.399692975560472, 1.3034503494679952 7.400360220153164)))"
_mview_marche_marches.fid-2fb68024_1a0f82ccff9_6a3a,Plateaux,Ogou,Ogou 2,Katoré,Kpakpo,Marché de Kpakpo,{vendredi},Oui,"MULTIPOLYGON (((1.2486533333333334 7.4066149999999995, 1.2494166666666668 7.406509999999999, 1.2491883333333333 7.405873333333333, 1.2491866666666667 7.405873333333333, 1.2491866666666667 7.405871666666667, 1.2491866666666667 7.405871666666667, 1.2491866666666667 7.405871666666667, 1.24837 7.406291666666667, 1.2483716666666667 7.406293333333334, 1.2483716666666667 7.406293333333334, 1.24837 7.406295, 1.24837 7.406295, 1.24837 7.406295, 1.24837 7.406295, 1.2486533333333334 7.4066149999999995)))"
_mview_marche_marches.fid-2fb68024_1a0f82ccff9_6a3b,Plateaux,Ogou,Ogou 2,Katoré,Findigue,Marché de Findigue,{dimanche},Oui,"MULTIPOLYGON (((1.4107979860637456 7.4087231478539595, 1.411582531585122 7.4086040194667655, 1.4114480866910037 7.40808496006542, 1.4116999581382135 7.407994762857972, 1.4116267792717945 7.407896056480011, 1.4113970316679207 7.40790796931873, 1.411211531750719 7.407834790452311, 1.410758843879383 7.407877336304879, 1.4107979860637456 7.4087231478539595)))"
_mview_marche_marches.fid-2fb68024_1a0f82ccff9_6a3c,Plateaux,Ogou,Ogou 2,Datcha,Datcha,Grand Marché de Datcha,{mercredi},Non,"MULTIPOLYGON (((1.156275 7.431745000000001, 1.156609455278448 7.431371549370632, 1.1562815579466361 7.430755102386827, 1.1562815579466361 7.430755102386827, 1.1553044238978354 7.431542055983177, 1.156288115893272 7.431738794382265, 1.156275 7.431745000000001)))"
_mview_marche_marches.fid-2fb68024_1a0f82ccff9_6a3d,Plateaux,Ogou,Ogou 2,Datcha,Kowatchou,Marché de Kossirassi,{dimanche},Non,"MULTIPOLYGON (((1.1610900000000002 7.431896666666668, 1.1612016666666667 7.431898333333334, 1.1612266666666666 7.431441666666666, 1.1610799719037528 7.431427261683579, 1.1610900000000002 7.431896666666668)))"
_mview_marche_marches.fid-2fb68024_1a0f82ccff9_6a3e,Plateaux,Ogou,Ogou 2,Akparé,Akpare,Marché Akpare,{jeudi},Oui,"MULTIPOLYGON (((1.3235882134492645 7.473017433970298, 1.3240068408183114 7.472970622603152, 1.3238383198965864 7.472562694975168, 1.3234879033768085 7.472737903235054, 1.3235882134492645 7.473017433970298)))"
_mview_marche_marches.fid-2fb68024_1a0f82ccff9_6a3f,Plateaux,Ogou,Ogou 2,Akparé,Ilama,Marché Ilama,{mercredi},Oui,"MULTIPOLYGON (((1.2490673204520153 7.495537139113595, 1.2487513587114043 7.495899910000964, 1.2482276813820574 7.495756556989019, 1.2473763400254099 7.495727301272297, 1.2473090518769465 7.495080749932715, 1.2485975697142677 7.493838955697467, 1.249059550794154 7.4954863976615895, 1.2490673204520153 7.495537139113595)))"
_mview_marche_marches.fid-2fb68024_1a0f82ccff9_6a40,Plateaux,Ogou,Ogou 2,Akparé,Akpare,Marché d'akpare,{mercredi},Oui,"MULTIPOLYGON (((1.3275106264513843 7.473350055338409, 1.32761840689307 7.47298607548616, 1.327448785214352 7.472392399610646, 1.3272826973206069 7.472076125855536, 1.3271466465991353 7.472063757608128, 1.3270777377921559 7.471880000789518, 1.3278442444934542 7.471486539608082, 1.3282942671122175 7.47244535068586, 1.3283375682576657 7.472763923398798, 1.3282556053752108 7.473128890196146, 1.3275106264513843 7.473350055338409)))"
_mview_marche_marches.fid-2fb68024_1a0f82ccff9_6a41,Plateaux,Ogou,Ogou 3,Gléi,Koadani,Marché de Glei,"{mardi,lundi}",Non,"MULTIPOLYGON (((1.1625216666666667 7.3169200000000005, 1.1625983333333334 7.317066666666666, 1.16263 7.317143333333333, 1.162675 7.317225, 1.1628183333333333 7.317448333333334, 1.162855 7.317543333333333, 1.1628249999999998 7.317586666666667, 1.16262 7.317683333333334, 1.1625166666666669 7.31773, 1.16243 7.317803333333334, 1.1623916666666667 7.317880000000001, 1.1623083333333333 7.318006666666667, 1.1622533333333334 7.318081666666666, 1.1621733333333335 7.318101666666666, 1.1620566666666665 7.318173333333334, 1.1619116666666667 7.318224999999999, 1.1618433333333333 7.3182333333333345, 1.1615716666666667 7.318358333333333, 1.1613983333333333 7.318346666666668, 1.1613499999999999 7.318353333333333, 1.161235 7.3184000000000005, 1.16114 7.318441666666667, 1.1611266666666666 7.31844, 1.1610916666666666 7.31838, 1.1610616666666669 7.3182566666666675, 1.160985 7.3182350000000005, 1.1609066666666665 7.318128333333334, 1.1608583333333333 7.318098333333334, 1.1608083333333332 7.3181, 1.16076 7.318081666666666, 1.1607349999999999 7.318063333333333, 1.1607133333333333 7.318065, 1.16068 7.318015000000001, 1.1606550000000002 7.317991666666668, 1.1606400000000001 7.317995, 1.160605 7.317916666666667, 1.1605750000000001 7.31793, 1.1605133333333333 7.317946666666668, 1.16046 7.317946666666668, 1.1604333333333334 7.31793, 1.1603983333333334 7.31795, 1.16033 7.317989999999999, 1.1602883333333334 7.317865, 1.1602516666666667 7.317723333333333, 1.1602466666666666 7.317681666666666, 1.1602316666666668 7.317646666666667, 1.1602166666666667 7.317595, 1.1601933333333332 7.31745, 1.1601083333333333 7.317328333333334, 1.1600783333333333 7.317279999999999, 1.1600333333333335 7.317246666666667, 1.1599483333333334 7.317083333333333, 1.1597533333333334 7.316593333333333, 1.1597366666666666 7.3165016666666665, 1.1596333333333333 7.316154999999999, 1.1594866666666666 7.315928333333333, 1.1594966666666666 7.315839999999999, 1.1596149999999998 7.315763333333333, 1.1597633333333335 7.315696666666666, 1.1599383333333333 7.315588333333333, 1.1600516666666667 7.315543333333333, 1.16016 7.315506666666666, 1.1604349999999999 7.3154449999999995, 1.1605750000000001 7.315415, 1.1606649999999998 7.3153999999999995, 1.1607366666666667 7.3154016666666655, 1.1608433333333332 7.315393333333333, 1.160945 7.315388333333334, 1.1609833333333335 7.315376666666666, 1.16103 7.315361666666666, 1.1611383333333334 7.315335000000001, 1.1612816666666668 7.315288333333332, 1.1613883333333335 7.315281666666667, 1.1615416666666665 7.315255, 1.1616400000000002 7.3153500000000005, 1.1616816666666667 7.315486666666668, 1.1617250000000001 7.315633333333333, 1.1618300000000001 7.3158666666666665, 1.1619333333333333 7.316011666666666, 1.1619833333333331 7.316105000000001, 1.1620883333333334 7.316293333333334, 1.16216 7.316419999999999, 1.1622383333333335 7.316535000000001, 1.1623666666666668 7.316675, 1.162515 7.316909999999999, 1.16255 7.31696, 1.1625216666666667 7.3169200000000005)))"
_mview_marche_marches.fid-2fb68024_1a0f82ccff9_6a42,Centrale,Blitta,Blitta 1,Pagala-Gare,Lassa,Marché de Lassa,{samedi},Non,"MULTIPOLYGON (((0.9774832028380869 8.203835452793923, 0.9774629232441132 8.203638495593388, 0.977863445225098 8.203615914506834, 0.9778938646160592 8.203763946050874, 0.9774832028380869 8.203835452793923)))"
_mview_marche_marches.fid-2fb68024_1a0f82ccff9_6a43,Centrale,Blitta,Blitta 1,Pagala-Gare,Bounatche,Marché de Bounatche,{vendredi},Non,"MULTIPOLYGON (((1.0276283333333334 8.220568333333334, 1.027825 8.220635, 1.0278500000000002 8.220471666666667, 1.0276631212707297 8.220416556615094, 1.0276283333333334 8.220568333333334)))"
_mview_marche_marches.fid-2fb68024_1a0f82ccff9_6a44,Plateaux,Ogou,Ogou 4,Ountivou,Atchakoe Carrefour,Marché de Atchakoe Carrefour,{mardi},Non,"MULTIPOLYGON (((1.4903033333333335 7.434456666666667, 1.4902616666666664 7.4343916666666665, 1.490325 7.434328333333334, 1.4901483333333332 7.434166666666666, 1.4898383333333332 7.4338999999999995, 1.489995 7.433804999999999, 1.4896099999999999 7.4333116666666665, 1.4908683333333332 7.432453333333332, 1.4909466666666664 7.432363333333332, 1.4909883333333336 7.432338333333333, 1.4910916666666665 7.432308333333333, 1.4912066666666666 7.432218333333333, 1.4912766666666666 7.432175000000001, 1.4913316666666665 7.432136666666666, 1.4913883333333335 7.43209, 1.4914516666666666 7.432063333333334, 1.4915850000000002 7.431956666666667, 1.4916150000000001 7.431941666666668, 1.4917150000000001 7.431861666666666, 1.4917933333333333 7.431796666666666, 1.4918033333333331 7.431793333333333, 1.4918983333333333 7.431773333333333, 1.4919349999999998 7.4317633333333335, 1.4920000000000002 7.431773333333333, 1.4920033333333331 7.431806666666668, 1.492025 7.431966666666667, 1.4920466666666665 7.432085000000001, 1.4920683333333333 7.432145000000001, 1.4920916666666666 7.432203333333333, 1.4921033333333331 7.432283333333333, 1.49211 7.432448333333334, 1.4921449999999998 7.432505, 1.4922150000000003 7.432636666666667, 1.4922466666666665 7.432698333333334, 1.49229 7.432788333333334, 1.4923383333333333 7.432853333333332, 1.492373333333333 7.432923333333334, 1.4924250000000001 7.4330099999999995, 1.4924616666666666 7.4330799999999995, 1.4924766666666667 7.433090000000001, 1.4925366666666666 7.433205, 1.492565 7.433251666666666, 1.4925833333333334 7.433323333333334, 1.4926016666666664 7.43337, 1.4926199999999998 7.433395, 1.4926383333333333 7.433436666666667, 1.4926283333333334 7.433446666666667, 1.4925816666666667 7.433491666666667, 1.492525 7.433536666666667, 1.4924700000000002 7.433584999999999, 1.4924283333333335 7.433618333333333, 1.4923700000000002 7.43366, 1.492305 7.433728333333333, 1.492305 7.433728333333333, 1.492255 7.433778333333334, 1.4921816666666667 7.433813333333334, 1.4921449999999998 7.433864999999999, 1.492095 7.433883333333333, 1.4920516666666668 7.433939999999999, 1.4919850000000001 7.433933333333332, 1.4919550000000001 7.4339483333333325, 1.4919300000000002 7.433971666666667, 1.4918783333333332 7.433999999999999, 1.4918483333333332 7.434035, 1.4917916666666666 7.434046666666668, 1.4917066666666665 7.43411, 1.4916599999999998 7.434143333333333, 1.4916216666666666 7.43417, 1.4915683333333334 7.434196666666666, 1.49152 7.434228333333334, 1.4914616666666665 7.434248333333333, 1.4914150000000002 7.434285, 1.4913866666666669 7.4343416666666675, 1.4913766666666666 7.434376666666666, 1.4913066666666666 7.434431666666668, 1.4912683333333334 7.434468333333332, 1.4912400000000001 7.434516666666667, 1.4911983333333334 7.434565, 1.4910933333333332 7.434618333333333, 1.4910416666666668 7.434661666666667, 1.4909949999999998 7.434696666666667, 1.4909466666666664 7.434736666666667, 1.4909000000000001 7.434763333333333, 1.4907749999999997 7.434808333333333, 1.4907083333333333 7.43483, 1.4906966666666666 7.4348350000000005, 1.490635 7.434708333333333, 1.490616666666667 7.434690000000001, 1.49057 7.434633333333333, 1.4905433333333336 7.434616666666667, 1.490533333333333 7.434616666666667, 1.49051 7.434631666666666, 1.4904233333333332 7.434686666666666, 1.490333333333333 7.43472, 1.4903000000000002 7.434776666666666, 1.4901499999999999 7.434921666666666, 1.49012 7.434945000000001, 1.490095 7.434896666666666, 1.4900533333333332 7.43483, 1.4900099999999998 7.434780000000001, 1.4899516666666666 7.434708333333333, 1.489946666666667 7.434693333333333, 1.4899499999999999 7.434691666666667, 1.4899933333333333 7.434664999999999, 1.4900300000000002 7.434608333333333, 1.4900833333333334 7.434571666666667, 1.490145 7.4345366666666655, 1.4902033333333335 7.434486666666667, 1.4902383333333333 7.434461666666666, 1.4903033333333335 7.434456666666667)))"
_mview_marche_marches.fid-2fb68024_1a0f82ccff9_6a45,Plateaux,Ogou,Ogou 4,Ountivou,Homa,Marché de Home,"{lundi,mardi,mercredi,jeudi,vendredi,samedi,dimanche}",Non,"MULTIPOLYGON (((1.5913249999999999 7.4566766666666675, 1.5917283333333336 7.456593333333332, 1.591725 7.456461666666667, 1.5917721529792506 7.456295819488449, 1.5919465378512558 7.45611313057492, 1.5920254262457343 7.455938745702914, 1.5920046661419243 7.455673016374145, 1.5920877065571648 7.455473719377567, 1.5922703954706938 7.455183077924224, 1.5921416828270707 7.455012845072981, 1.5919465378512554 7.454846764242499, 1.5917150000000002 7.45477, 1.59141 7.454924999999999, 1.5912566666666668 7.455046666666667, 1.5911133333333334 7.455105, 1.5908035691510383 7.455414554295913, 1.5904755595108377 7.4556096992717285, 1.5902596544312122 7.45589618870431, 1.590018837227014 7.456157766012317, 1.590550295884554 7.457013082289297, 1.5909821060438054 7.456871913583388, 1.5913249999999999 7.4566766666666675)))"
_mview_marche_marches.fid-2fb68024_1a0f82ccff9_6a46,Plateaux,Ogou,Ogou 4,Ountivou,Hetre,Marché de Hetre,{dimanche},Non,"MULTIPOLYGON (((1.4833416666666666 7.312993333333333, 1.4831933333333334 7.312916666666666, 1.4829966666666667 7.312879999999999, 1.4827716666666664 7.312951666666667, 1.4827066666666666 7.312851666666668, 1.4826533333333334 7.312718333333334, 1.4827916666666667 7.312729999999999, 1.4828933333333334 7.312759999999999, 1.4829933333333334 7.3126066666666665, 1.4831183333333333 7.3119733333333325, 1.48334 7.312226666666667, 1.4835316666666667 7.312258333333333, 1.4835383333333336 7.3123683333333345, 1.4835733333333332 7.312468333333333, 1.4836549999999997 7.312755, 1.483415 7.312973333333334, 1.4833416666666666 7.312993333333333)))"
_mview_marche_marches.fid-2fb68024_1a0f82ccff9_6a47,Plateaux,Ogou,Ogou 4,Ountivou,Ountivou,Marché de Ountivou,{lundi},Oui,"MULTIPOLYGON (((1.57239 7.362426666666666, 1.5722566666666666 7.362443333333332, 1.572135 7.362353333333334, 1.5720650000000003 7.362285000000001, 1.5720166666666666 7.362205, 1.5720416666666666 7.362106666666667, 1.5720183333333333 7.361966666666666, 1.571895 7.361833333333334, 1.571895 7.361705000000001, 1.5719133333333333 7.361630000000001, 1.5721233333333335 7.3616866666666665, 1.57241 7.361748333333333, 1.5725754329014778 7.361797615126851, 1.5727468161704665 7.361864898928751, 1.572883922785657 7.361909331628118, 1.572877575257176 7.362029934669258, 1.5728191779951504 7.362187353375589, 1.572805213432492 7.362339694059134, 1.5727557027103398 7.362464105617363, 1.572565276855908 7.362467914134451, 1.57239 7.362426666666666)))"
_mview_marche_marches.fid-2fb68024_1a0f82ccff9_6a48,Plateaux,Wawa,Wawa 3,Doumé,Nyelavessi,Marché de Nyelavassi,{dimanche},Non,"MULTIPOLYGON (((0.7578966666666667 7.574119999999999, 0.7580316666666668 7.574059999999999, 0.7581133333333334 7.57411, 0.7581633333333334 7.574053333333334, 0.7580216666666666 7.5739383333333326, 0.757875 7.574066666666666, 0.7578966666666667 7.574119999999999)))"
_mview_marche_marches.fid-2fb68024_1a0f82ccff9_6a49,Plateaux,Wawa,Wawa 3,Doumé,Doume,Marché de Doume,{mercredi},Non,"MULTIPOLYGON (((0.7886013398738887 7.546246564012756, 0.7885180452099058 7.545966779372198, 0.7881400155810602 7.5458749416657565, 0.7879136249558757 7.5462422924915264, 0.7886013398738887 7.546246564012756)))"
_mview_marche_marches.fid-2fb68024_1a0f82ccff9_6a4a,Centrale,Blitta,Blitta 1,Pagala-Gare,Pagala Gare,Marché de Pagala Gare,{samedi},Oui,"MULTIPOLYGON (((0.9666633333333333 8.180571666666667, 0.9657433333333334 8.180010000000001, 0.96601 8.179605, 0.9658869186256052 8.179548340302743, 0.966035 8.179256666666667, 0.9655900000000001 8.179058333333334, 0.9657699999999999 8.178915, 0.9661083333333333 8.178828333333334, 0.9662033333333333 8.179033333333333, 0.9663299999999999 8.179086666666667, 0.9664244914100317 8.178973693350095, 0.9665866990153007 8.179076176982615, 0.966780016174317 8.178908102922758, 0.9668399999999999 8.178994999999999, 0.9668316666666666 8.179011666666666, 0.9673700000000001 8.179715, 0.9671215326000393 8.179885360156979, 0.967505 8.180208333333333, 0.9673399306306405 8.180342237126677, 0.9687333333333333 8.181736666666666, 0.9680866666666667 8.18225, 0.9680155736738388 8.18213077650058, 0.9682672989989752 8.18190566189515, 0.9666633333333333 8.180571666666667)))"
_mview_marche_marches.fid-2fb68024_1a0f82ccff9_6a4b,Centrale,Blitta,Blitta 1,Pagala-Gare,Pagala Carrière,Marché de Pagala Gare Carrière,{lundi},Non,"MULTIPOLYGON (((0.9804816666666666 8.174074999999998, 0.9816616324186465 8.174219585716358, 0.98186 8.172436666666666, 0.9808854987967911 8.172289260264604, 0.9804816666666666 8.174074999999998)))"
_mview_marche_marches.fid-2fb68024_1a0f82ccff9_6a4c,Centrale,Blitta,Blitta 1,Pagala-Gare,Yeloum Lekohan,Marché de Sarakawa,{jeudi},Oui,"MULTIPOLYGON (((1.0423366666666667 8.166438333333334, 1.0424766666666665 8.16702, 1.041756595776089 8.167178128601572, 1.0415810782426858 8.166813045318039, 1.0423366666666667 8.166438333333334)))"
_mview_marche_marches.fid-2fb68024_1a0f82ccff9_6a4d,Kara,Binah,Binah 1,Boufalé,Madjatom,Marché de Madjatom,{lundi},Oui,"MULTIPOLYGON (((1.3652383333333333 9.825978333333333, 1.3643377510113093 9.825263735107466, 1.3639774592725635 9.82488844151581, 1.365073775563317 9.824127709956434, 1.3661289156553569 9.825182590583175, 1.3652383333333333 9.825978333333333)))"
_mview_marche_marches.fid-2fb68024_1a0f82ccff9_6a4e,Centrale,Blitta,Blitta 1,Pagala-Gare,Gassi Gassi,Marché de Lomé Ii,{mercredi},Oui,"MULTIPOLYGON (((0.9594133925519585 8.189651771594992, 0.959155372402085 8.189673471300948, 0.9592262014628345 8.18931959902546, 0.9592953441173756 8.189314591396663, 0.9593762916153753 8.18906587908717, 0.9595213225492911 8.189341298749518, 0.9594133925519585 8.189651771594992)))"
_mview_marche_marches.fid-2fb68024_1a0f82ccff9_6a4f,Centrale,Blitta,Blitta 1,Pagala-Gare,Gassi Gassi,Marché de Tièkou,{dimanche},Oui,"MULTIPOLYGON (((0.9536816666666666 8.18803, 0.9537166666666667 8.188261666666667, 0.95341 8.188278333333333, 0.9533883333333333 8.188098333333333, 0.9536816666666666 8.18803)))"
_mview_marche_marches.fid-2fb68024_1a0f82ccff9_6a50,Centrale,Blitta,Blitta 1,Pagala-Gare,Yovo Kope,Petit Marché de Yovo Kope,"{lundi,mardi,mercredi,jeudi,vendredi,samedi,dimanche}",Non,"MULTIPOLYGON (((0.9440435395835395 8.139115795473826, 0.9439311809533243 8.138815482817654, 0.944301964433035 8.138733174865177, 0.9443716267837688 8.13902458943168, 0.9440435395835395 8.139115795473826)))"
_mview_marche_marches.fid-2fb68024_1a0f82ccff9_6a51,Plateaux,Wawa,Wawa 1,Kpété-Béna,Kpete-bena,Marché de Kpete-bena,{vendredi},Oui,"MULTIPOLYGON (((0.6033910807874064 7.439079105491059, 0.6032647116466984 7.439346424827173, 0.602798117896392 7.439103407248889, 0.6026522081463477 7.438950522368448, 0.6026750202433663 7.438875568335388, 0.603391971863951 7.4390808772085535, 0.603391971863951 7.4390808772085535, 0.6033910807874064 7.439079105491059)))"
_mview_marche_marches.fid-2fb68024_1a0f82ccff9_6a52,Centrale,Sotouboua,Sotouboua 2,Kériadé,Koudjoloudou,Marché de Koudjoloudou,{dimanche},Non,"MULTIPOLYGON (((0.9790828819213927 8.687555894811057, 0.9792328014230052 8.687362279373339, 0.9790345207918403 8.687226031412802, 0.9788918554596607 8.687405305034806, 0.9789087818550041 8.68755350449762, 0.9790828819213927 8.687555894811057)))"
_mview_marche_marches.fid-2fb68024_1a0f82ccff9_6a53,Plateaux,Wawa,Wawa 1,Kpété-Béna,Mangoassi,Marché de Mangoassi,{mercredi},Oui,"MULTIPOLYGON (((0.5458548566096325 7.422701665250382, 0.5466178301647652 7.422667959591321, 0.5466178301647652 7.422667959591321, 0.5465534829974649 7.4223431596039955, 0.5464370452661594 7.422073514331499, 0.5462593245183776 7.421699687930992, 0.5456434302027886 7.421791612455707, 0.545848728307985 7.422692472797912, 0.5458548566096325 7.422701665250382)))"
_mview_marche_marches.fid-2fb68024_1a0f82ccff9_6a54,Plateaux,Wawa,Wawa 1,Kpété-Béna,Dzogbe,Marché de Dzogbe,{jeudi},Oui,"MULTIPOLYGON (((0.5332927534988371 7.482202008644137, 0.5331188462636517 7.481897670982565, 0.5327617153342533 7.482292067748074, 0.5329263061104109 7.482472185955944, 0.5330536310504572 7.482338650043212, 0.5331343736953648 7.48244423657886, 0.5333703906574022 7.482332439070526, 0.5332927534988371 7.482202008644137)))"
_mview_marche_marches.fid-2fb68024_1a0f82ccff9_6a55,Plateaux,Wawa,Wawa 1,Tomégbé,Tomegbe,Marché de Tomegbe,{jeudi},Oui,"MULTIPOLYGON (((0.6038073092308188 7.507158840769774, 0.6039358888408863 7.505905873505712, 0.6043052132527826 7.5060453960613165, 0.6045076577452295 7.5063818916366, 0.6046608589827569 7.506496792564747, 0.6046335016189127 7.506773101939571, 0.6038071841271533 7.507141346830114, 0.6038073092308188 7.507158840769774)))"
_mview_marche_marches.fid-2fb68024_1a0f82ccff9_6a56,Plateaux,Wawa,Wawa 1,Badou,Badou Ville,Marché Principal de Badou,{jeudi},Oui,"MULTIPOLYGON (((0.6047706524411348 7.573616313925086, 0.6043236901352148 7.572802742087344, 0.6060261645364163 7.572215162426754, 0.6063124212941405 7.573063888603164, 0.6047706524411348 7.573616313925086)))"
_mview_marche_marches.fid-2fb68024_1a0f82ccff9_6a57,Plateaux,Wawa,Wawa 1,Badou,Badou Dzindzi,Marché de Danyi-konta,{lundi},Oui,"MULTIPOLYGON (((0.5331437571311355 7.583017691936121, 0.5332153792642597 7.583857399703784, 0.5333512143443226 7.583840111602685, 0.533553732100053 7.58365982140551, 0.5336624001641034 7.583459773378507, 0.5336451120630044 7.582913963329527, 0.5331437571311355 7.583017691936121)))"
_mview_marche_marches.fid-2fb68024_1a0f82ccff9_6a58,Plateaux,Wawa,Wawa 1,Késsibo,Kessibo Wawa,Marché de Kessibo,{samedi},Non,"MULTIPOLYGON (((0.5888375453934165 7.684567219602516, 0.5892888186772376 7.684545241540389, 0.5892705542427146 7.685115091897508, 0.5888358607010655 7.68511874478441, 0.5888431664748748 7.685111439010603, 0.5888375453934165 7.684567219602516)))"
_mview_marche_marches.fid-2fb68024_1a0f82ccff9_6a59,Plateaux,Wawa,Wawa 2,Gbadi-N'kougna,Gbadi-n'kougna,Marché de Gbadi-n'kougna,{samedi},Non,"MULTIPOLYGON (((0.711032878538662 7.462990975796872, 0.7110949117200022 7.462757439114181, 0.7117225415547355 7.4630384129355445, 0.7116459123307273 7.46329384368224, 0.711032878538662 7.462990975796872)))"
_mview_marche_marches.fid-2fb68024_1a0f82ccff9_6a5a,Plateaux,Wawa,Wawa 2,Gobé,Gobe,Marché de Gobe,{dimanche},Non,"MULTIPOLYGON (((0.8093060556877223 7.513854221583742, 0.8096505314063779 7.513351841889978, 0.8101444199269565 7.5136282952128175, 0.8097809925250211 7.514150139687392, 0.8093060556877223 7.513854221583742)))"
_mview_marche_marches.fid-2fb68024_1a0f82ccff9_6a5b,Plateaux,Wawa,Wawa 3,Zogbégan,Zogbegan,Marché de Zogbegan,{mardi},Non,"MULTIPOLYGON (((0.676205 7.575213333333333, 0.6769948472930485 7.576132678416771, 0.6760022013707044 7.576943872933959, 0.6753938054828158 7.576292782597796, 0.676205 7.575213333333333)))"
_mview_marche_marches.fid-2fb68024_1a0f82ccff9_6a5c,Centrale,Blitta,Blitta 1,Blitta,Tindjasse,Marché de Tindjasse,{dimanche},Non,"MULTIPOLYGON (((0.9185634269184925 8.365473094456588, 0.9187146485184744 8.365531828322826, 0.9187856464579882 8.365402455065192, 0.9186524751816114 8.365172678529325, 0.9185634269184925 8.365473094456588)))"
_mview_marche_marches.fid-2fb68024_1a0f82ccff9_6a5d,Centrale,Blitta,Blitta 1,Blitta,Kpawa,Marché de Kpawa,{jeudi},Non,"MULTIPOLYGON (((0.9369313984546512 8.365501803083806, 0.9369971922412245 8.365177034141205, 0.9367453364560622 8.365127338869645, 0.9367113783726697 8.36547660550312, 0.9369313984546512 8.365501803083806)))"
_mview_marche_marches.fid-2fb68024_1a0f82ccff9_6a5e,Centrale,Blitta,Blitta 1,Blitta,Solim,Petit Marché de Solim,{mardi},Oui,"MULTIPOLYGON (((0.9759612775831662 8.324881791787547, 0.9758565675377531 8.32480149657416, 0.9757911237593699 8.324850709771415, 0.9754560516140476 8.324521758282794, 0.9761523734160453 8.323786149229576, 0.9763408514977892 8.32394414988218, 0.9770293200463812 8.323185228132484, 0.9771837673633658 8.323348409383668, 0.976814664453284 8.32380946080528, 0.9768251354578255 8.32389234639655, 0.9764638858011497 8.324449233507963, 0.9759612775831662 8.324881791787547)))"
_mview_marche_marches.fid-2fb68024_1a0f82ccff9_6a5f,Centrale,Blitta,Blitta 1,Blitta,Blitta Gare,Marché Moderne de Blitta Gare,{vendredi},Oui,"MULTIPOLYGON (((0.9960449756845207 8.338667619717823, 0.9970642851803985 8.337262283626753, 0.9963346155412728 8.336738725752236, 0.9952707460674322 8.338105485887631, 0.9960449756845207 8.338667619717823)))"
_mview_marche_marches.fid-2fb68024_1a0f82ccff9_6a60,Centrale,Blitta,Blitta 1,Yaloumbè,Mamaro,Marché de Yaloumbe Tèhèza,{jeudi},Oui,"MULTIPOLYGON (((1.085318343477739 8.30845368117451, 1.0845033231889278 8.308919938954773, 1.0834983333333335 8.307625, 1.0847740642670665 8.3073261175421, 1.085318343477739 8.30845368117451)))"
_mview_marche_marches.fid-2fb68024_1a0f82ccff9_6a61,Centrale,Blitta,Blitta 1,Yaloumbè,Défalé Copé Komadjadè,Marché de Défalé Copé,{mardi},Oui,"MULTIPOLYGON (((1.1004916666666666 8.287453333333334, 1.1007026961833632 8.287293478724571, 1.100815 8.287463333333333, 1.1006566666666666 8.287638333333332, 1.1004916666666666 8.287453333333334)))"
_mview_marche_marches.fid-2fb68024_1a0f82ccff9_6a62,Centrale,Blitta,Blitta 1,Yaloumbè,Défalé Copé,Marché d'igname de Défalé Copé,"{lundi,mardi,mercredi,jeudi,vendredi,samedi,dimanche}",Oui,"MULTIPOLYGON (((1.1024466666666666 8.285075, 1.1025016666666665 8.285108333333334, 1.1035483333333334 8.284063333333334, 1.1034916666666668 8.28401, 1.1024466666666666 8.285075)))"
_mview_marche_marches.fid-2fb68024_1a0f82ccff9_6a63,Centrale,Blitta,Blitta 3,Welly,Akparoul,Marché Akparoul,{vendredi},Non,"MULTIPOLYGON (((0.9378278090786293 8.126948138473374, 0.9376397625287767 8.12689102803492, 0.9376159100165534 8.12704533602782, 0.9378045112759925 8.12708926711815, 0.9378278090786293 8.126948138473374)))"
_mview_marche_marches.fid-2fb68024_1a0f82ccff9_6a64,Centrale,Blitta,Blitta 1,Tchaloudè,Tchaloude,Marché de Tchaloude,{mercredi},Oui,"MULTIPOLYGON (((1.1190111933142282 8.25513966892704, 1.1189929567152312 8.254627566790836, 1.1181814280598839 8.254584703586328, 1.1180970837895248 8.255168996342052, 1.1183227617021076 8.255189299935783, 1.1186510204840459 8.255162228477243, 1.1190111933142282 8.25513966892704)))"
_mview_marche_marches.fid-2fb68024_1a0f82ccff9_6a65,Centrale,Blitta,Blitta 1,Tchaloudè,Toule,Marché de Toule,{mercredi},Non,"MULTIPOLYGON (((1.1476151733704996 8.315305690065406, 1.1474988588030832 8.315166989697108, 1.1472244757209735 8.315476852154378, 1.1473467551380003 8.315630307756821, 1.147591313972055 8.315544726755176, 1.1476181557953047 8.315344053988396, 1.1476181557953047 8.315344053988396, 1.1476151733704996 8.315305690065406)))"
_mview_marche_marches.fid-2fb68024_1a0f82ccff9_6a66,Centrale,Blitta,Blitta 1,Tchaloudè,Kaza,Marché de Kaza,{samedi},Oui,"MULTIPOLYGON (((1.1094433333333333 8.274308333333332, 1.1091666666666666 8.27421, 1.1091466666666667 8.274298333333332, 1.1091066666666667 8.274283333333333, 1.1090733333333334 8.274366666666667, 1.1090966666666666 8.27438, 1.1090766666666667 8.274443333333332, 1.1092766666666667 8.274553333333333, 1.1094433333333333 8.274308333333332)))"
_mview_marche_marches.fid-2fb68024_1a0f82ccff9_6a67,Centrale,Blitta,Blitta 1,Doufouli,Doufouli,Marché de Doufouli,{jeudi},Non,"MULTIPOLYGON (((0.9257626242886107 8.306964562198642, 0.9262378801733926 8.306990141716428, 0.9262189892491023 8.306448052348147, 0.9258023946555378 8.306386071120402, 0.9257626242886107 8.306964562198642)))"
_mview_marche_marches.fid-2fb68024_1a0f82ccff9_6a68,Centrale,Blitta,Blitta 2,Tcharè-Baou,Atikpai,Marché de Atikpai,{lundi},Non,"MULTIPOLYGON (((1.1377547739327292 8.085879034242904, 1.1371762139960544 8.085854521012191, 1.1370749091978425 8.086061074572283, 1.1373898567883236 8.086245781031613, 1.1377547739327292 8.085879034242904)))"
_mview_marche_marches.fid-2fb68024_1a0f82ccff9_6a69,Centrale,Blitta,Blitta 2,Tcharè-Baou,Tchare Baou Gare,Marché de Tchare Baou,{vendredi},Oui,"MULTIPOLYGON (((1.0176526578255902 8.058346161599411, 1.017811552466816 8.058465115151398, 1.0180905869587251 8.058507324467893, 1.0182223532465708 8.058722208192696, 1.0185401425290228 8.058841161634145, 1.0186757842959229 8.05880278956008, 1.0189005620810716 8.058745231442156, 1.0190865850756776 8.058457440729745, 1.0191795965729806 8.058142789316639, 1.0190788341175692 8.05769767226564, 1.019361744088532 8.057532671855123, 1.0192338532797407 8.057333136385106, 1.0172999892316499 8.058491975626039, 1.017288362794487 8.058138952102771, 1.0176526578255902 8.058346161599411)))"
_mview_marche_marches.fid-2fb68024_1a0f82ccff9_6a6a,Centrale,Blitta,Blitta 2,Koffiti,Samara Kondji,Marché de Samara Kondji,{vendredi},Non,"MULTIPOLYGON (((1.1577088237369606 8.049179241918145, 1.1582475156882348 8.049363452122055, 1.1579781697125975 8.04987484120434, 1.157553325029376 8.049742869890062, 1.1577088237369606 8.049179241918145)))"
_mview_marche_marches.fid-2fb68024_1a0f82ccff9_6a6b,Centrale,Blitta,Blitta 2,Koffiti,Koffiti,Marché de Kofitti,{vendredi},Non,"MULTIPOLYGON (((1.15881 8.04677, 1.1583266666666667 8.046713333333335, 1.158425 8.046451666666666, 1.15887 8.046546666666668, 1.15881 8.04677)))"
_mview_marche_marches.fid-2fb68024_1a0f82ccff9_6a6c,Centrale,Tchaoudjo,Tchaoudjo 3,Amaïde,Amaide,Marché de Amaide,{vendredi},Non,"MULTIPOLYGON (((1.1901983333333335 9.176476666666668, 1.1901983333333335 9.176476666666668, 1.1892099999999999 9.17699, 1.1894749999999998 9.177413333333334, 1.1904050000000002 9.176961666666667, 1.1901983333333335 9.176476666666668)))"
_mview_marche_marches.fid-2fb68024_1a0f82ccff9_6a6d,Centrale,Blitta,Blitta 2,Langabou,Langabou,Marché de Langabou,{mardi},Oui,"MULTIPOLYGON (((1.1355883333333334 8.122306666666667, 1.1355983333333335 8.121923333333333, 1.1357283333333332 8.12196, 1.1359533333333334 8.121955000000002, 1.1361066666666666 8.12187, 1.1360916666666665 8.121716666666666, 1.13633 8.121641666666667, 1.13645 8.121806666666666, 1.1364783333333333 8.121903333333334, 1.1365916666666667 8.122036666666666, 1.1366166666666668 8.122063333333333, 1.1365349999999999 8.122146666666668, 1.1366883333333333 8.122803333333334, 1.1364283333333334 8.123021666666666, 1.1361183333333333 8.122871666666667, 1.1355883333333334 8.122306666666667)))"
_mview_marche_marches.fid-2fb68024_1a0f82ccff9_6a6e,Centrale,Blitta,Blitta 2,Langabou,Assouma Kondji,Marché D Assouma Kondji,{samedi},Non,"MULTIPOLYGON (((1.1368140274276917 8.18095928863157, 1.1369336538216144 8.18096987805642, 1.1369910355878052 8.181162413004659, 1.1369472698339311 8.18127119520929, 1.1368969764097667 8.181418084471378, 1.136840059426521 8.181515395044292, 1.1366615470699777 8.18153332067355, 1.1365865201375174 8.181469300565345, 1.1365735844595068 8.181346381928764, 1.1365296031542715 8.181233706478592, 1.136506318933853 8.181069814857835, 1.1365218417474652 8.181003233867653, 1.1368140274276917 8.18095928863157)))"
_mview_marche_marches.fid-2fb68024_1a0f82ccff9_6a6f,Centrale,Blitta,Blitta 2,Agbandi,Salifou-cope,Marché de Salifou-cope,"{mercredi,vendredi,dimanche}",Oui,"MULTIPOLYGON (((1.192684025911532 8.23686287926386, 1.192847345900047 8.236751953115402, 1.1930426894157216 8.236507915479365, 1.1923488463272607 8.236243805314123, 1.1919464173359542 8.236649478455393, 1.1924406471051188 8.236847032673127, 1.192576213370095 8.236869217899976, 1.192684025911532 8.23686287926386)))"
_mview_marche_marches.fid-2fb68024_1a0f82ccff9_6a70,Centrale,Blitta,Blitta 2,Agbandi,Adamde,Marché de Adame,{vendredi},Non,"MULTIPOLYGON (((1.2429431740566923 8.209082740173884, 1.2431377535241204 8.209148245518824, 1.2432529128007617 8.208810237822972, 1.243256883810301 8.208713289826116, 1.243144371873353 8.208710669609655, 1.2430927487493413 8.208676606794107, 1.2429431740566923 8.209082740173884)))"
_mview_marche_marches.fid-2fb68024_1a0f82ccff9_6a71,Centrale,Sotouboua,Sotouboua 2,Tittigbe,Bovouleme-poyo,Marché Bovouleme,"{vendredi,mercredi}",Non,"MULTIPOLYGON (((1.0899419727020276 8.599950165443609, 1.0898602283581513 8.599618503056426, 1.0902463999137062 8.599557187289179, 1.0902830439299267 8.599821959849374, 1.0899419727020276 8.599950165443609)))"
_mview_marche_marches.fid-2fb68024_1a0f82ccff9_6a72,Centrale,Blitta,Blitta 2,Agbandi,Wissan,Marché de Wissan,{samedi},Oui,"MULTIPOLYGON (((1.221965 8.225851666666667, 1.2220216666666666 8.225713333333335, 1.22224 8.225726666666667, 1.22226 8.225674999999999, 1.2223783333333333 8.225725, 1.222395 8.225760000000001, 1.2224033333333333 8.226071666666666, 1.221965 8.225851666666667)))"
_mview_marche_marches.fid-2fb68024_1a0f82ccff9_6a73,Centrale,Blitta,Blitta 2,Agbandi,Lougba,Marché d'agbandi,{dimanche},Oui,"MULTIPOLYGON (((1.145635808471477 8.218431441854287, 1.145306497697939 8.216780766503259, 1.144137975598286 8.216980530127566, 1.1444088602668416 8.218599663160482, 1.145635808471477 8.218431441854287)))"
_mview_marche_marches.fid-2fb68024_1a0f82ccff9_6a74,Centrale,Blitta,Blitta 3,Tintchro,Koflo,Marché de Koflo,{jeudi},Oui,"MULTIPOLYGON (((0.7620616666666666 8.084391666666667, 0.7623083333333334 8.084176666666668, 0.7623216666666667 8.08412, 0.7623599999999999 8.08403, 0.76242 8.08394, 0.762385 8.083893333333332, 0.7619233333333334 8.084218333333332, 0.7620616666666666 8.084391666666667)))"
_mview_marche_marches.fid-2fb68024_1a0f82ccff9_6a75,Centrale,Blitta,Blitta 3,Tintchro,Nkengbe,Marché de Nkengbe,{mardi},Non,"MULTIPOLYGON (((0.7713966666666666 8.128523333333334, 0.7713708538105365 8.128707688672792, 0.7710650707456128 8.128581886744357, 0.7710273442635768 8.128570092811543, 0.771088897997425 8.128461981744595, 0.7712338471126161 8.128302763574764, 0.7713966666666666 8.128523333333334)))"
_mview_marche_marches.fid-2fb68024_1a0f82ccff9_6a76,Centrale,Blitta,Blitta 3,Tintchro,N'kokoe Elavagno,Marché de Nkonkoe-Elavagno,{mercredi},Oui,"MULTIPOLYGON (((0.7339973492905142 8.134561386545686, 0.7342634342658054 8.134607196587801, 0.7346182142328609 8.134506032737812, 0.7350520484317056 8.13391813665147, 0.7350385513677414 8.13360700947768, 0.7350077009358238 8.133314969640873, 0.7348977962721165 8.133026747109689, 0.7347705382404552 8.132574370931005, 0.7344485368573128 8.13234341074423, 0.7336965575793152 8.132469389044418, 0.7330756926369686 8.132864502547344, 0.7339973492905142 8.134561386545686)))"
_mview_marche_marches.fid-2fb68024_1a0f82ccff9_6a77,Centrale,Blitta,Blitta 3,Welly,Okou Cope,Marché Okou Cope,"{vendredi,samedi,dimanche}",Non,"MULTIPOLYGON (((0.9039030838947627 8.106759645575181, 0.9038016209838293 8.106854886092368, 0.9040376161988894 8.106997002759678, 0.904108264447984 8.106851909826547, 0.904108264447984 8.106851909826547, 0.9039030838947627 8.106759645575181)))"
_mview_marche_marches.fid-2fb68024_1a0f82ccff9_6a78,Centrale,Blitta,Blitta 3,Welly,Natchevi,Marché de Baroe,{vendredi},Non,"MULTIPOLYGON (((0.8717883333333333 8.076621666666666, 0.8717758886109511 8.07667546913602, 0.8718823922815716 8.076701830948613, 0.8718876017002433 8.07665311890226, 0.8718876017002433 8.07665311890226, 0.8717883333333333 8.076621666666666)))"
_mview_marche_marches.fid-2fb68024_1a0f82ccff9_6a79,Centrale,Blitta,Blitta 3,Welly,Welly Centre,Marché Villageois de Welly Centre,"{lundi,mardi,mercredi,jeudi,vendredi,samedi,dimanche}",Non,"MULTIPOLYGON (((0.8753421529137593 8.077648698030202, 0.8756606047267769 8.077436080106034, 0.8754954135845776 8.07701356979618, 0.875181550414399 8.077287065767653, 0.8753421529137593 8.077648698030202)))"
_mview_marche_marches.fid-2fb68024_1a0f82ccff9_6a7a,Centrale,Blitta,Blitta 3,Welly,Pigna,Marché Cantonal de Welly,{vendredi},Non,"MULTIPOLYGON (((0.8817016666666666 8.075790000000001, 0.8822029567328108 8.075771954777137, 0.8823075566285022 8.076983439911624, 0.8816444327614766 8.077096772206014, 0.8816444327614766 8.077096772206014, 0.8817016666666666 8.075790000000001)))"
_mview_marche_marches.fid-2fb68024_1a0f82ccff9_6a7b,Kara,Kozah,Kozah 1,Landa,Dewa,Marché Nokuema,"{mercredi,vendredi}",Non,"MULTIPOLYGON (((1.2773566666666667 9.672401666666667, 1.2770683333333332 9.67249, 1.2770700000000001 9.67249, 1.2770350000000001 9.672231666666667, 1.2773833333333333 9.672031666666667, 1.2773566666666667 9.672401666666667)))"
_mview_marche_marches.fid-2fb68024_1a0f82ccff9_6a7c,Centrale,Blitta,Blitta 3,Welly,Patokitetou,Marché de Patokitetou,{vendredi},Oui,"MULTIPOLYGON (((0.9898133333333334 8.054108333333334, 0.9897170977132017 8.054350173115148, 0.9891931482258178 8.054186068874497, 0.9892886963939101 8.053925102361958, 0.9892886963939101 8.053925102361958, 0.9898133333333334 8.054108333333334)))"
_mview_marche_marches.fid-2fb68024_1a0f82ccff9_6a7d,Centrale,Blitta,Blitta 3,Welly,Datcha,Marché de Datcha,{dimanche},Oui,"MULTIPOLYGON (((0.9353583333333333 8.039965, 0.9349983333333333 8.040159999999998, 0.9348783333333334 8.039866666666667, 0.9352679853996029 8.039734954461071, 0.9353583333333333 8.039965)))"
_mview_marche_marches.fid-2fb68024_1a0f82ccff9_6a7e,Centrale,Blitta,Blitta 3,Pagala-Village,Pagala Village,Marché de Pagala Village,"{dimanche,jeudi}",Non,"MULTIPOLYGON (((0.8857366666666666 8.20902, 0.8857112770955017 8.208924582401568, 0.8860919361228976 8.209402507623713, 0.8856971786130056 8.209678099278687, 0.8854116843424585 8.209172266347613, 0.8857366666666666 8.20902)))"
_mview_marche_marches.fid-2fb68024_1a0f82ccff9_6a7f,Centrale,Blitta,Blitta 3,Tchifama,Zongo,Marché de Tchifama,{mercredi},Oui,"MULTIPOLYGON (((0.810618012920602 8.191257070954366, 0.8102737126991233 8.19072395472805, 0.8089614614921266 8.191101044486327, 0.8091567397773097 8.19173944547409, 0.810618012920602 8.191257070954366)))"
_mview_marche_marches.fid-2fb68024_1a0f82ccff9_6a80,Centrale,Blitta,Blitta 3,Atchintsè,Assoukoko,Marché de Assoukoko,{vendredi},Non,"MULTIPOLYGON (((0.6587467486155167 8.00451153397862, 0.6589335974693973 8.00412675881733, 0.6592075009029269 8.004082604267385, 0.6600540685679418 8.003942402026462, 0.6599275068498606 8.004794368711398, 0.6587467486155167 8.00451153397862)))"
_mview_marche_marches.fid-2fb68024_1a0f82ccff9_6a81,Centrale,Blitta,Blitta 3,Atchintsè,Atchintse,Marché D Atchintse,"{vendredi,dimanche}",Non,"MULTIPOLYGON (((0.6820658208162461 8.030166023258902, 0.6826174170814276 8.029873541315558, 0.6830067791509673 8.030532733276623, 0.6824406377510043 8.030840725120253, 0.6820658208162461 8.030166023258902)))"
_mview_marche_marches.fid-2fb68024_1a0f82ccff9_6a82,Centrale,Blitta,Blitta 3,Yégué,Ateria,Marché de Yegue,{jeudi},Oui,"MULTIPOLYGON (((0.6540366666666666 8.174874999999998, 0.6540572173705747 8.175420631259623, 0.6536966459292791 8.175439123853566, 0.6536798317169906 8.175006396930534, 0.653728406108046 8.174854757470348, 0.6540366666666666 8.174874999999998)))"
_mview_marche_marches.fid-2fb68024_1a0f82ccff9_6a83,Centrale,Blitta,Blitta 3,Yégué,Gotoubi,Marché de Gotoubi,{vendredi},Oui,"MULTIPOLYGON (((0.68032 8.147693333333333, 0.6801983333333333 8.147735, 0.6803349999999999 8.14821, 0.680465 8.148173333333334, 0.68032 8.147693333333333)))"
_mview_marche_marches.fid-2fb68024_1a0f82ccff9_6a84,Centrale,Blitta,Blitta 3,Dikpéléou,Zongo,Marché de Dikpeleou,{dimanche},Oui,"MULTIPOLYGON (((0.6191 8.192145, 0.6191966666666667 8.192233333333332, 0.6191483333333333 8.192326666666666, 0.6191516666666667 8.192498333333333, 0.6190133333333333 8.192553333333333, 0.61885 8.192559999999999, 0.618775 8.192541666666667, 0.6187016666666667 8.192385, 0.6191 8.192145)))"
_mview_marche_marches.fid-2fb68024_1a0f82ccff9_6a85,Centrale,Blitta,Blitta 3,Katchenkè,Atsrume,Marché Katchenke,{lundi},Oui,"MULTIPOLYGON (((0.6872433333333333 8.199315, 0.6874847435841256 8.199304872961054, 0.6874733333333333 8.199776666666667, 0.6874396390020887 8.199751509857625, 0.68716624510285 8.199765719903525, 0.68716624510285 8.199765719903525, 0.6872433333333333 8.199315)))"
_mview_marche_marches.fid-2fb68024_1a0f82ccff9_6a86,Centrale,Blitta,Blitta 3,Katchenkè,Koui,Marché de Koui,{dimanche},Oui,"MULTIPOLYGON (((0.7227800812736364 8.25726378700456, 0.7227533333333334 8.257111666666667, 0.7228716666666667 8.257101666666667, 0.7230733333333333 8.257026666666667, 0.72326 8.256988333333334, 0.7233683333333333 8.257215, 0.7231299999999999 8.257295, 0.7227800812736364 8.25726378700456)))"
_mview_marche_marches.fid-2fb68024_1a0f82ccff9_6a87,Centrale,Blitta,Blitta 3,M'Poti,Tadjan,Marché de Tadjan,{mercredi},Oui,"MULTIPOLYGON (((0.8096433333333334 8.218326666666666, 0.8092550000000001 8.218641666666667, 0.80945893058937 8.218859291005279, 0.8098119338003481 8.218576218545318, 0.8096433333333334 8.218326666666666)))"
_mview_marche_marches.fid-2fb68024_1a0f82ccff9_6a88,Centrale,Tchaoudjo,Tchaoudjo 3,Kéméni,Fizade,Marché de Kemeni,{mardi},Non,"MULTIPOLYGON (((1.2462433251255352 9.235536074202193, 1.2459783701269116 9.23608543101667, 1.2455551086825694 9.235809107935609, 1.245491786104282 9.235587062445584, 1.2457817368574928 9.235277843307854, 1.246241658741896 9.235536074202196, 1.2462433251255352 9.235536074202193)))"
_mview_marche_marches.fid-2fb68024_1a0f82ccff9_6a89,Centrale,Blitta,Blitta 3,M'Poti,M'poti,Marché de M'poti,{mardi},Non,"MULTIPOLYGON (((0.7733572800869466 8.237944217349497, 0.7733311253356993 8.237266356606105, 0.7736842144775424 8.237195173071655, 0.7741566346719531 8.237376367497797, 0.7739523006778308 8.237898918815736, 0.7733572800869466 8.237944217349497)))"
_mview_marche_marches.fid-2fb68024_1a0f82ccff9_6a8a,Centrale,Mô,Mô 1,Kagnigbara,Kagnigbara,Marché de Kagnigbara,{dimanche},Non,"MULTIPOLYGON (((0.6556183333333333 8.874363333333333, 0.6557999999999999 8.874416666666667, 0.6559866666666667 8.874275, 0.65599 8.873853333333333, 0.655765 8.873888333333333, 0.6556166666666667 8.874028333333333, 0.6554116666666666 8.874061666666668, 0.6553816666666666 8.874335, 0.6553833333333333 8.874333333333334, 0.6555416666666667 8.874383333333332, 0.6556183333333333 8.874363333333333)))"
_mview_marche_marches.fid-2fb68024_1a0f82ccff9_6a8b,Centrale,Mô,Mô 1,Kagnigbara,N'konta,Marché de N'konta,{vendredi},Non,"MULTIPOLYGON (((0.6560692745863848 8.867602583967386, 0.6558896706322328 8.8675796862658, 0.6558962919761647 8.867521624230376, 0.6558209741889398 8.867446388903215, 0.6558598745845396 8.86732862922976, 0.6561032089740358 8.867331082556674, 0.6560692745863848 8.867602583967386)))"
_mview_marche_marches.fid-2fb68024_1a0f82ccff9_6a8c,Centrale,Mô,Mô 1,Boulohou,Agbama-somou,Marché de Agbama-somou,{lundi},Non,"MULTIPOLYGON (((0.614105 8.629041666666666, 0.6141833333333333 8.629423333333333, 0.61439 8.629358333333332, 0.6143966666666666 8.629235, 0.6144266666666667 8.629075, 0.6141056436573398 8.629040337879717, 0.6141056436573398 8.629040337879717, 0.6141056436573398 8.629040337879717, 0.614105 8.629041666666666)))"
_mview_marche_marches.fid-2fb68024_1a0f82ccff9_6a8d,Centrale,Mô,Mô 1,Boulohou,Tassi,Marché de Tassi,{mercredi},Non,"MULTIPOLYGON (((0.6376071287125231 8.679422485438707, 0.6379768220237161 8.67928594005462, 0.6380011974068718 8.679197587132562, 0.6378671327995159 8.67893252824161, 0.6374324384665752 8.678996784959635, 0.6376071287125231 8.679422485438707)))"
_mview_marche_marches.fid-2fb68024_1a0f82ccff9_6a8e,Centrale,Mô,Mô 1,Boulohou,Bolohou,Marché de Bolohou,{mardi},Non,"MULTIPOLYGON (((0.6659100021084535 8.772874036493599, 0.6658438307209762 8.772651685849924, 0.6671540241930286 8.772177555356205, 0.6671507156236544 8.773181403340589, 0.6668628700881274 8.773184673199296, 0.6665617902751052 8.772789020086742, 0.6659100021084535 8.772874036493599)))"
_mview_marche_marches.fid-2fb68024_1a0f82ccff9_6a8f,Centrale,Sotouboua,Sotouboua 1,Sotouboua,Kpandiyo,Marché de Kpandiyo,{mardi},Oui,"MULTIPOLYGON (((0.9842449999999999 8.552641666666666, 0.9847783333333333 8.552691666666668, 0.9847783333333333 8.552691666666668, 0.9847383333333333 8.553271666666665, 0.984275 8.553208333333334, 0.9842449999999999 8.552641666666666)))"
_mview_marche_marches.fid-2fb68024_1a0f82ccff9_6a90,Centrale,Sotouboua,Sotouboua 1,Sotouboua,Sous L Antenne,Marché de Jeudi Sous L Antenne,{jeudi},Oui,"MULTIPOLYGON (((0.9960333333333333 8.55809, 0.9963183333333333 8.558513333333334, 0.9963183333333333 8.558513333333334, 0.9963183333333333 8.558513333333334, 0.9963183333333333 8.558513333333334, 0.9948116666666666 8.558935, 0.9960333333333333 8.55809)))"
_mview_marche_marches.fid-2fb68024_1a0f82ccff9_6a91,Centrale,Sotouboua,Sotouboua 1,Sotouboua,Laouwai,Marché de Mercredi,{mercredi},Oui,"MULTIPOLYGON (((0.9831116333334197 8.563490624699085, 0.9832350000000001 8.563763333333332, 0.9835349999999999 8.56364, 0.9834416666666667 8.563416666666665, 0.9831116333334197 8.563490624699085)))"
_mview_marche_marches.fid-2fb68024_1a0f82ccff9_6a92,Centrale,Sotouboua,Sotouboua 1,Sotouboua,Sotouboua,Grand Marché de Sotouboua,{vendredi},Non,"MULTIPOLYGON (((0.9834979109482487 8.55851946651949, 0.9842764436632885 8.560536094172647, 0.9856612673422532 8.56023632587319, 0.9849998590179716 8.558028933853448, 0.9834979109482487 8.55851946651949)))"
_mview_marche_marches.fid-2fb68024_1a0f82ccff9_6a93,Centrale,Sotouboua,Sotouboua 2,Tittigbe,Titigbe,Marché Titigbe,{mercredi},Non,"MULTIPOLYGON (((1.1093900142560675 8.614990121405814, 1.1093798360808347 8.615442971307278, 1.1082229168293796 8.615416135772682, 1.107724186242975 8.615318856943787, 1.1076326248082062 8.614660277947223, 1.108380107444785 8.614355018205583, 1.1094038336644476 8.614263975778801, 1.1093900142560675 8.614990121405814)))"
_mview_marche_marches.fid-2fb68024_1a0f82ccff9_6a94,Centrale,Sotouboua,Sotouboua 1,Sotouboua,Adjoloko,Marché de Dimanche,{dimanche},Non,"MULTIPOLYGON (((0.9848470663826017 8.576305160913732, 0.9847130117459503 8.576047552664527, 0.9841590878699762 8.576287653562522, 0.9843159065015307 8.5766177920495, 0.9848470663826017 8.576305160913732)))"
_mview_marche_marches.fid-2fb68024_1a0f82ccff9_6a95,Centrale,Sotouboua,Sotouboua 1,Sotouboua,Peage,Marché de Betail,"{jeudi,dimanche}",Non,"MULTIPOLYGON (((0.9663857265023995 8.545902475739307, 0.9661786690327758 8.545959572126788, 0.96605201773359 8.545799855881045, 0.9661356773073643 8.545698740525411, 0.9663634172581936 8.545611413605782, 0.9663857265023995 8.545902475739307)))"
_mview_marche_marches.fid-2fb68024_1a0f82ccff9_6a96,Centrale,Sotouboua,Sotouboua 1,Sotouboua,Matchatom,Marché de Tchila,{mercredi},Non,"MULTIPOLYGON (((0.8939516968042659 8.475319169470177, 0.8940481045039885 8.475383980980547, 0.8942379071628181 8.47519625105843, 0.8940262621345204 8.475149318563581, 0.8940262621345204 8.475149318563581, 0.8939516968042659 8.475319169470177)))"
_mview_marche_marches.fid-2fb68024_1a0f82ccff9_6a97,Centrale,Sotouboua,Sotouboua 2,Séssaro,Djamde Mono,Marché de Djamde Mono,{vendredi},Oui,"MULTIPOLYGON (((1.2554416666666666 8.591471666666667, 1.2554266666666667 8.591613333333333, 1.2550549999999998 8.59173, 1.254995 8.591481666666665, 1.2554416666666666 8.591471666666667)))"
_mview_marche_marches.fid-2fb68024_1a0f82ccff9_6a98,Centrale,Sotouboua,Sotouboua 2,Séssaro,Mazada,Marché de Sessaro,{samedi},Oui,"MULTIPOLYGON (((1.183052017850616 8.619096709282545, 1.1833183333333332 8.618168333333333, 1.1833183333333332 8.618168333333333, 1.182150516699301 8.617968630695442, 1.1820570119454337 8.618474296784017, 1.183052017850616 8.619096709282545)))"
_mview_marche_marches.fid-2fb68024_1a0f82ccff9_6a99,Centrale,Sotouboua,Sotouboua 2,Séssaro,Mazada,Nouveau Marché de Sessaro,{samedi},Oui,"MULTIPOLYGON (((1.1803416666666666 8.61434, 1.1804533333333334 8.613544999999998, 1.178695 8.613523333333335, 1.17942 8.614403333333334, 1.1803416666666666 8.61434)))"
_mview_marche_marches.fid-2fb68024_1a0f82ccff9_6a9a,Centrale,Sotouboua,Sotouboua 2,Séssaro,Alemade,Marché de Tala N'ezi d'alemade,{jeudi},Non,"MULTIPOLYGON (((1.2105700000000001 8.582765, 1.2103133333333331 8.582903333333332, 1.2102433333333333 8.582586666666666, 1.21054 8.582556666666667, 1.2105700000000001 8.582765)))"
_mview_marche_marches.fid-2fb68024_1a0f82ccff9_6a9b,Centrale,Sotouboua,Sotouboua 2,Séssaro,Alemade Tchingede,Marché Alemade Tchingede,{jeudi},Non,"MULTIPOLYGON (((1.2245403581926484 8.577238692343995, 1.2246027039647809 8.577239503508189, 1.2245986022692457 8.577157575915896, 1.224537487005774 8.577159198244626, 1.2245403581926484 8.577238692343995)))"
_mview_marche_marches.fid-2fb68024_1a0f82ccff9_6a9c,Centrale,Sotouboua,Sotouboua 2,Séssaro,Tchoou Mono,Marché de Sarakawa,{jeudi},Non,"MULTIPOLYGON (((1.2440516666666668 8.548981666666666, 1.2443650000000002 8.548821666666667, 1.2443650000000002 8.548821666666667, 1.2443916666666666 8.549121666666668, 1.2440466666666665 8.549198333333333, 1.2440516666666668 8.548981666666666)))"
_mview_marche_marches.fid-2fb68024_1a0f82ccff9_6a9d,Centrale,Sotouboua,Sotouboua 2,Tittigbe,Niamgoulam,Marché Niamgoulam,{mercredi},Non,"MULTIPOLYGON (((1.0860034875347748 8.63139249975641, 1.0861173908736659 8.631657349471181, 1.0858516164162537 8.631772048108884, 1.0857018546188228 8.631498856750817, 1.0860034875347748 8.63139249975641)))"
_mview_marche_marches.fid-2fb68024_1a0f82ccff9_6a9e,Centrale,Sotouboua,Sotouboua 2,Tittigbe,Tembio Lassa,Marché de Tembio Lassa,"{lundi,mardi,mercredi,jeudi,vendredi,samedi,dimanche}",Oui,"MULTIPOLYGON (((1.1176483333333331 8.665521666666667, 1.1173 8.665518333333333, 1.117315 8.665258333333332, 1.117572208106333 8.665240605149656, 1.1176483333333331 8.665521666666667)))"
_mview_marche_marches.fid-2fb68024_1a0f82ccff9_6a9f,Centrale,Sotouboua,Sotouboua 2,Tittigbe,Tembio,Marché de Tembio,{vendredi},Non,"MULTIPOLYGON (((1.0999024933151926 8.65971578586928, 1.1003416666666666 8.659695, 1.1003266666666667 8.659320000000001, 1.0999233333333334 8.659173333333333, 1.0999024933151926 8.65971578586928)))"
_mview_marche_marches.fid-2fb68024_1a0f82ccff9_6aa0,Centrale,Sotouboua,Sotouboua 2,Tittigbe,Titigbe,Marché Tchilada,"{lundi,mardi,mercredi,jeudi,vendredi,samedi,dimanche}",Non,"MULTIPOLYGON (((1.1003206879386729 8.615530164698983, 1.1010595538304166 8.615145675876839, 1.1006317893667756 8.614434370525348, 1.1001797201040637 8.614636227585375, 1.0995477953282304 8.615083196406319, 1.0998443138768907 8.615563807452322, 1.1003206879386729 8.615530164698983)))"
_mview_marche_marches.fid-2fb68024_1a0f82ccff9_6aa1,Centrale,Sotouboua,Sotouboua 2,Aouda,Aou Matchatom,Marché de Aou Matchatom,{mardi},Oui,"MULTIPOLYGON (((0.96546 8.792613333333332, 0.9655233333333333 8.792493333333335, 0.9656433333333333 8.792448333333335, 0.965695 8.792255, 0.9656199999999999 8.791965000000001, 0.966235 8.791681666666667, 0.9664316666666667 8.792906666666665, 0.96546 8.792613333333332)))"
_mview_marche_marches.fid-2fb68024_1a0f82ccff9_6aa2,Centrale,Sotouboua,Sotouboua 2,Aouda,Aouda,Marché D Aouda,{lundi},Non,"MULTIPOLYGON (((1.051000352612263 8.732929897712447, 1.0509680486729616 8.732227449527104, 1.0509680486729616 8.732227449527104, 1.0519852266869694 8.731220491822304, 1.0524777978699829 8.73288512975145, 1.051000352612263 8.732929897712447)))"
_mview_marche_marches.fid-2fb68024_1a0f82ccff9_6aa3,Centrale,Sotouboua,Sotouboua 2,Aouda,Aou Moo,Marché D Aou Mono,{jeudi},Non,"MULTIPOLYGON (((1.1844509978948468 8.692914165823074, 1.1848126150728375 8.69292987848787, 1.1848205627031232 8.692595002176708, 1.1844142401047766 8.692631337744007, 1.1844509978948468 8.692914165823074)))"
_mview_marche_marches.fid-2fb68024_1a0f82ccff9_6aa4,Centrale,Sotouboua,Sotouboua 2,Aouda,Toukoudjou Soumdina,Marché de Toukoudjou Soumdina,{jeudi},Non,"MULTIPOLYGON (((1.1595951286973614 8.71104701781747, 1.1597721010319362 8.711075006761442, 1.1598468366295793 8.712048789426854, 1.1598468366295793 8.712048789426854, 1.159116231639457 8.711596815489804, 1.1595951286973614 8.71104701781747)))"
_mview_marche_marches.fid-2fb68024_1a0f82ccff9_6aa5,Centrale,Sotouboua,Sotouboua 2,Adjengré,Todji,Marché de Lalada,"{lundi,mardi,mercredi,jeudi,vendredi,samedi,dimanche}",Oui,"MULTIPOLYGON (((1.0191383333333335 8.651444999999999, 1.0186083333333333 8.651346666666665, 1.0186899999999999 8.650866666666667, 1.019435 8.65113, 1.0191383333333335 8.651444999999999)))"
_mview_marche_marches.fid-2fb68024_1a0f82ccff9_6aa6,Centrale,Sotouboua,Sotouboua 2,Adjengré,Piyoda,Grand Marché d'adjengre,"{lundi,mardi,mercredi,jeudi,vendredi,samedi,dimanche}",Oui,"MULTIPOLYGON (((1.0179766666666665 8.662796666666667, 1.01798 8.663440000000001, 1.01798 8.663440000000001, 1.01798 8.663440000000001, 1.01798 8.663440000000001, 1.0181816666666668 8.664503333333332, 1.0162416666666667 8.665011666666667, 1.01617 8.663033333333335, 1.0158483333333335 8.662963333333332, 1.0157783333333334 8.662781666666666, 1.0157783333333334 8.662781666666666, 1.0157783333333334 8.662781666666666, 1.0179766666666665 8.662796666666667)))"
_mview_marche_marches.fid-2fb68024_1a0f82ccff9_6aa7,Centrale,Sotouboua,Sotouboua 2,Adjengré,Tetouda,Marché Kidafada,"{lundi,mardi,mercredi,jeudi,vendredi,samedi,dimanche}",Non,"MULTIPOLYGON (((1.0167463919968667 8.654561533667636, 1.0165149999999998 8.654584999999999, 1.0165416666666667 8.654475, 1.0165683333333333 8.654391666666667, 1.0166316666666666 8.654313333333333, 1.01679 8.654375, 1.0167567572420395 8.654561311778755, 1.0167463919968667 8.654561533667636)))"
_mview_marche_marches.fid-2fb68024_1a0f82ccff9_6aa8,Centrale,Sotouboua,Sotouboua 2,Adjengré,Lawoewe,Petit Marché de Lawoewe,"{lundi,mardi,mercredi,jeudi,vendredi,samedi,dimanche}",Non,"MULTIPOLYGON (((1.0105416666666664 8.651235000000002, 1.01069 8.651299999999999, 1.01059 8.651511666666666, 1.0104616666666668 8.651451666666667, 1.0105416666666664 8.651235000000002)))"
_mview_marche_marches.fid-2fb68024_1a0f82ccff9_6aa9,Centrale,Sotouboua,Sotouboua 3,Kazaboua,Pityo,Marché de Kazaboua,{jeudi},Non,"MULTIPOLYGON (((1.0827090494421139 8.4291005868386, 1.0824507814873798 8.429242300131463, 1.0822695603755454 8.4286712438262, 1.0825367213960841 8.428599168698604, 1.0827086012134934 8.429111086621392, 1.0827090494421139 8.4291005868386)))"
_mview_marche_marches.fid-2fb68024_1a0f82ccff9_6aaa,Centrale,Mô,Mô 1,Djarkpanga,Assantinita,Marché de Djarkpanga,{mercredi},Oui,"MULTIPOLYGON (((0.5637399999999999 8.783281666666666, 0.5636216666666667 8.784633333333334, 0.5644366666666667 8.784661666666667, 0.5654033333333334 8.784583333333334, 0.56551 8.78423, 0.5653733333333334 8.783851666666667, 0.5650566666666667 8.783398333333334, 0.5643100000000001 8.783385, 0.5638166666666666 8.783295, 0.5637399999999999 8.783281666666666)))"
_mview_marche_marches.fid-2fb68024_1a0f82ccff9_6aab,Centrale,Mô,Mô 1,Djarkpanga,Gnezimde,Marché de Gnesimdè,{dimanche},Oui,"MULTIPOLYGON (((0.5866022377229381 8.715511396131824, 0.5869916666666666 8.715631666666667, 0.5870650000000001 8.715705000000002, 0.5871283333333334 8.715938333333334, 0.5866883333333334 8.716036666666668, 0.5867133333333334 8.715828333333333, 0.5866022377229381 8.715511396131824)))"
_mview_marche_marches.fid-2fb68024_1a0f82ccff9_6aac,Savanes,Tône,Tône 3,Tami,Tanlongue,Marché de Daneloi,"{jeudi,dimanche}",Non,"MULTIPOLYGON (((0.008971870192104 10.908458113435499, 0.0088619359952547 10.909101094465576, 0.0096334086187648 10.908967999731715, 0.0095216666666667 10.908473333333331, 0.008971870192104 10.908458113435499)))"
_mview_marche_marches.fid-2fb68024_1a0f82ccff9_6aad,Centrale,Mô,Mô 2,Saïboudè,Kpanzambade,Marché Matchatom,{vendredi},Non,"MULTIPOLYGON (((0.49608 8.600093333333332, 0.4957679885064969 8.599776375301154, 0.4960179597537144 8.599800466889201, 0.496187385045944 8.600025379979087, 0.49608 8.600093333333332)))"
_mview_marche_marches.fid-2fb68024_1a0f82ccff9_6aae,Centrale,Mô,Mô 2,Saïboudè,Sodjalaye,Marché de Saiboude,{lundi},Non,"MULTIPOLYGON (((0.4715790784776817 8.6031392173, 0.4714540199595112 8.602558055353729, 0.4725461976848677 8.60249210784249, 0.4725461976848677 8.6029331316055, 0.4726420758821318 8.603003200754214, 0.4726545817339488 8.603172191000713, 0.4715874157122264 8.603151582438105, 0.4715874157122264 8.603151582438105, 0.4715790784776817 8.6031392173)))"
_mview_marche_marches.fid-2fb68024_1a0f82ccff9_6aaf,Kara,Assoli,Assoli 1,Bouladè,Kayali,Marché de Kayali 1,{dimanche},Non,"MULTIPOLYGON (((1.2533075491423364 9.401824113160908, 1.2532722727670176 9.401941176117196, 1.2533064801612661 9.402004453374376, 1.2533813088361845 9.40200550799523, 1.2533246528394606 9.402110970064495, 1.2530114413858737 9.402030818894787, 1.2528136798878753 9.402002344132658, 1.252755954910081 9.40185047869506, 1.2528008521150322 9.401675411510679, 1.2533075491423364 9.401824113160908)))"
_mview_marche_marches.fid-2fb68024_1a0f82ccff9_6ab0,Centrale,Mô,Mô 2,Tindjasse,Sarakawa,Marché de Tindjassi,{mardi},Oui,"MULTIPOLYGON (((0.447935 8.642206666666668, 0.4481983333333333 8.642750000000001, 0.44918 8.642231666666667, 0.4488899427663974 8.641703626053964, 0.447935 8.642206666666668)))"
_mview_marche_marches.fid-2fb68024_1a0f82ccff9_6ab1,Centrale,Mô,Mô 2,Tindjasse,T Aka,Marché de Taka,Nsp,Oui,"MULTIPOLYGON (((0.4203433333333334 8.776025, 0.4195166666666666 8.775966666666667, 0.419475 8.774953333333334, 0.4205233333333334 8.775296666666666, 0.4203433333333334 8.776025)))"
_mview_marche_marches.fid-2fb68024_1a0f82ccff9_6ab2,Centrale,Tchaoudjo,Tchaoudjo 3,Amaïde,Amaoude,Marché de Amaoude,{dimanche},Oui,"MULTIPOLYGON (((1.1515916666666666 9.138544999999999, 1.1515916666666666 9.138544999999999, 1.1513650000000002 9.138309999999999, 1.1521183333333334 9.137678333333334, 1.1525333333333334 9.1381, 1.1522183333333333 9.13835, 1.1515916666666666 9.138544999999999)))"
_mview_marche_marches.fid-2fb68024_1a0f82ccff9_6ab3,Plateaux,Kloto,Kloto 1,Kpadapé,Yeviepe,Marché de Yeviepe,{lundi},Non,"MULTIPOLYGON (((0.5802166666666667 6.81902, 0.580425 6.819333333333333, 0.5801499999999999 6.819463333333334, 0.5800016666666666 6.819191666666668, 0.58001 6.819196666666667, 0.5802166666666667 6.81902)))"
_mview_marche_marches.fid-2fb68024_1a0f82ccff9_6ab4,Centrale,Sotouboua,Sotouboua 3,Kazaboua,Abidjande,Marché d'abidjande,{dimanche},Non,"MULTIPOLYGON (((1.138882789320906 8.372172649239184, 1.1388879078375833 8.372027313287592, 1.139229689850697 8.371913410071508, 1.139235977062442 8.37223597246976, 1.138882789320906 8.372172649239184)))"
_mview_marche_marches.fid-2fb68024_1a0f82ccff9_6ab5,Centrale,Sotouboua,Sotouboua 3,Kazaboua,Pouda,Marché de Pouda,{dimanche},Non,"MULTIPOLYGON (((1.0816955323148483 8.424394936544786, 1.081457534475271 8.424559737407243, 1.0815459336728281 8.42471781163792, 1.0816853324074378 8.424771624127246, 1.081814531234637 8.424731264760954, 1.0819369301235624 8.424657272578484, 1.0818383310185946 8.424475655343334, 1.0816955323148483 8.424394936544786)))"
_mview_marche_marches.fid-2fb68024_1a0f82ccff9_6ab6,Centrale,Sotouboua,Sotouboua 3,Bodjondè,Lama-were Centre,Marché de Lama-were Centre,{samedi},Non,"MULTIPOLYGON (((1.060623751783824 8.473070362640247, 1.0605671242392163 8.472975390052747, 1.0606163655823533 8.472912074981387, 1.0607099241343139 8.472926686152626, 1.0607616275446077 8.47287554705086, 1.0608133309549017 8.472909639786126, 1.0608847309024505 8.472987566026816, 1.0607739378803918 8.473058186668805, 1.060623751783824 8.473070362640247)))"
_mview_marche_marches.fid-2fb68024_1a0f82ccff9_6ab7,Centrale,Sotouboua,Sotouboua 3,Bodjondè,Houde,Marché de Houde,{lundi},Non,"MULTIPOLYGON (((1.0412972620142302 8.427851156648758, 1.0408273509009616 8.427851156648758, 1.040817172320891 8.428255581095126, 1.0413244048944192 8.428252224877394, 1.0412972620142302 8.427851156648758)))"
_mview_marche_marches.fid-2fb68024_1a0f82ccff9_6ab8,Kara,Doufelgou,Doufelgou 1,Koka,Confaga,Marché Confaga,{lundi},Non,"MULTIPOLYGON (((1.171027609625524 9.782420269600212, 1.171297207767438 9.782253101249054, 1.1716697984579476 9.782403851283735, 1.171678886035765 9.782674007115391, 1.1712896347859238 9.782742665468541, 1.1710942518628515 9.782506838891873, 1.1710942518628515 9.782506838891873, 1.171027609625524 9.782420269600212)))"
_mview_marche_marches.fid-2fb68024_1a0f82ccff9_6ab9,Centrale,Sotouboua,Sotouboua 3,Tchébébé,Tchebebe,Grand Marché de Tchébébé,{mardi},Oui,"MULTIPOLYGON (((0.993895 8.43145, 0.9965466666666667 8.431183333333333, 0.99651 8.43322, 0.9938016666666667 8.433413333333334, 0.993895 8.43145)))"
_mview_marche_marches.fid-2fb68024_1a0f82ccff9_6aba,Centrale,Sotouboua,Sotouboua 3,Tchébébé,Lama,Petit Marché de Tchebebe,"{lundi,mardi,mercredi,jeudi,vendredi,samedi,dimanche}",Oui,"MULTIPOLYGON (((0.99056 8.434318333333332, 0.9906416666666666 8.43444, 0.990285 8.434486666666666, 0.9902716666666667 8.434361666666666, 0.9902 8.43411, 0.9905366666666667 8.434045, 0.99056 8.434318333333332)))"
_mview_marche_marches.fid-2fb68024_1a0f82ccff9_6abb,Centrale,Sotouboua,Sotouboua 3,Tchébébé,Mewede,Marché de Aucun,{lundi},Non,"MULTIPOLYGON (((0.8998473543503626 8.41140295018998, 0.9006773629432792 8.41154169081592, 0.9006569683734815 8.411066622810852, 0.9000299009878047 8.410906936121616, 0.8998473543503626 8.41140295018998)))"
_mview_marche_marches.fid-2fb68024_1a0f82ccff9_6abc,Centrale,Sotouboua,Sotouboua 3,Tchébébé,Hezoude,Marché de Hezoude,{dimanche},Oui,"MULTIPOLYGON (((0.8941340015877979 8.43701117438406, 0.893876051821715 8.436667858255115, 0.8943014563484336 8.436302696902617, 0.8945452571698631 8.436587707371213, 0.8945452571698631 8.436587707371213, 0.8941340015877979 8.43701117438406)))"
_mview_marche_marches.fid-2fb68024_1a0f82ccff9_6abd,Centrale,Tchamba,Tchamba 1,Affem,Boussou,Marché Larba de Affem Boussou,{mercredi},Oui,"MULTIPOLYGON (((1.5343533333333337 9.123376666666667, 1.534525 9.12339, 1.5345316666666666 9.123348333333333, 1.53478 9.123345, 1.5348216666666668 9.123425, 1.5348433333333333 9.123443333333334, 1.5349083333333335 9.123686666666666, 1.5348933333333334 9.123693333333334, 1.53485 9.12373, 1.5348016666666666 9.123731666666666, 1.5345833333333332 9.123781666666668, 1.5345650000000002 9.123896666666667, 1.5343983333333333 9.123905, 1.5342250000000002 9.124403333333333, 1.53411 9.124516666666667, 1.5340216666666668 9.12463, 1.5339800000000001 9.124718333333334, 1.5338616666666667 9.124803333333334, 1.533783333333333 9.124496666666666, 1.5343533333333337 9.123376666666667)))"
_mview_marche_marches.fid-2fb68024_1a0f82ccff9_6abe,Centrale,Tchamba,Tchamba 1,Affem,Affem Kabye,Marché Kimehe,{vendredi},Oui,"MULTIPOLYGON (((1.5123076874926542 9.139877084630234, 1.5119658269587424 9.13950831247948, 1.5119658269587424 9.13950831247948, 1.5118455426968105 9.139108288019775, 1.5125355945152625 9.138945777954678, 1.512921770303571 9.13941455678705, 1.5123076874926542 9.139877084630234)))"
_mview_marche_marches.fid-2fb68024_1a0f82ccff9_6abf,Centrale,Tchamba,Tchamba 1,Alibi I,Alibi1,Marché Kobalè,{mercredi},Non,"MULTIPOLYGON (((1.4185883333333333 8.941443333333332, 1.4188883333333333 8.94135, 1.41911 8.941363333333333, 1.419235 8.941336666666666, 1.4193183333333332 8.941026666666666, 1.419505 8.940903333333333, 1.4195933333333333 8.940793333333334, 1.41974 8.940663333333333, 1.42005 8.940628333333333, 1.4199916666666668 8.94035, 1.4198766666666667 8.940045, 1.4195099999999998 8.939938333333334, 1.4194083333333334 8.940013333333333, 1.4191616666666667 8.939978333333332, 1.4191083333333334 8.940236666666667, 1.41885 8.940273333333332, 1.4187349999999999 8.940253333333334, 1.418585 8.940251666666667, 1.41826 8.940401666666666, 1.4183416666666666 8.940828333333334, 1.4183616666666665 8.940885, 1.4185383333333335 8.941423333333335, 1.4185883333333333 8.941443333333332)))"
_mview_marche_marches.fid-2fb68024_1a0f82ccff9_6ac0,Kara,Assoli,Assoli 2,Alédjo,Dikorode,Marché de Dikorode,{jeudi},Non,"MULTIPOLYGON (((1.186406609369162 9.289233360140054, 1.185728630762311 9.289273505396181, 1.185728630762311 9.288874728981177, 1.185891345627955 9.288529479235105, 1.1865584765770962 9.288698089618718, 1.186406609369162 9.289233360140054)))"
_mview_marche_marches.fid-2fb68024_1a0f82ccff9_6ac1,Centrale,Tchamba,Tchamba 1,Alibi I,N'djakpo,Marché de N'djakpo,{vendredi},Non,"MULTIPOLYGON (((1.41237 8.918658333333333, 1.4125833333333333 8.918733333333334, 1.412675 8.91877, 1.4127483333333333 8.918731666666668, 1.4127916666666667 8.918830000000002, 1.4128683333333332 8.91906, 1.4129083333333334 8.919295, 1.41292 8.919383333333334, 1.4129083333333334 8.9195, 1.4129133333333332 8.919621666666666, 1.4128699999999998 8.91981, 1.412515 8.919839999999999, 1.4121816666666667 8.919843333333334, 1.41208 8.91934, 1.4120300000000001 8.91909, 1.4120566666666665 8.918998333333333, 1.4120883333333334 8.918893333333333, 1.412185 8.9187, 1.41237 8.918658333333333)))"
_mview_marche_marches.fid-2fb68024_1a0f82ccff9_6ac2,Centrale,Tchamba,Tchamba 1,Alibi I,Akoura,Marché d'akoura,"{lundi,mardi,mercredi,jeudi,vendredi,samedi,dimanche}",Non,"MULTIPOLYGON (((1.409525 8.908121666666666, 1.40956 8.908453333333334, 1.4092166666666666 8.908458333333334, 1.4091183333333333 8.908116666666666, 1.409525 8.908121666666666)))"
_mview_marche_marches.fid-2fb68024_1a0f82ccff9_6ac3,Centrale,Tchamba,Tchamba 1,Alibi I,Kitangoli,Marché de Kitangoli,{samedi},Non,"MULTIPOLYGON (((1.3991416666666665 8.866273333333334, 1.3988333333333334 8.866325, 1.3988116666666668 8.866115, 1.3986583333333333 8.866015, 1.39865 8.865631666666667, 1.3987566666666666 8.865543333333333, 1.3991250000000002 8.865518333333334, 1.3991416666666665 8.866273333333334)))"
_mview_marche_marches.fid-2fb68024_1a0f82ccff9_6ac4,Centrale,Tchamba,Tchamba 1,Larini,Larini,Marché de Larini,{jeudi},Oui,"MULTIPOLYGON (((1.4159983333333335 9.047548333333333, 1.415865 9.048241666666666, 1.4158666666666666 9.048238333333334, 1.415305 9.048283333333334, 1.415305 9.048285, 1.4154233333333333 9.047464999999999, 1.4159983333333335 9.047548333333333)))"
_mview_marche_marches.fid-2fb68024_1a0f82ccff9_6ac5,Centrale,Tchamba,Tchamba 1,Kri-Kri,Kazakali,Marché de Kazakali,{jeudi},Non,"MULTIPOLYGON (((1.4304585271548025 9.213579965410734, 1.4304633333333332 9.213321666666667, 1.4308266666666665 9.213495, 1.4308033333333334 9.21365, 1.4304585271548025 9.213579965410734)))"
_mview_marche_marches.fid-2fb68024_1a0f82ccff9_6ac6,Centrale,Tchamba,Tchamba 1,Kri-Kri,Grimalam,Marché de Adjeide,{samedi},Oui,"MULTIPOLYGON (((1.4146416666666668 9.203769999999999, 1.4144816666666666 9.204283333333333, 1.41448 9.20428, 1.4135766666666667 9.204168333333334, 1.4135733333333333 9.204168333333334, 1.4134966666666666 9.204108333333332, 1.4134983333333333 9.204108333333332, 1.41368 9.203351666666666, 1.4136783333333334 9.203351666666666, 1.4146416666666668 9.203769999999999)))"
_mview_marche_marches.fid-2fb68024_1a0f82ccff9_6ac7,Centrale,Tchamba,Tchamba 1,Tchamba,Tchamba,Marché Moderne de Tchamba,{dimanche},Non,"MULTIPOLYGON (((1.4113516666666666 9.021323333333333, 1.4112566666666666 9.021385, 1.40862 9.020999999999999, 1.4089466666666666 9.018418333333333, 1.4115816666666667 9.019031666666667, 1.4116916666666666 9.019246666666668, 1.4113516666666666 9.021323333333333)))"
_mview_marche_marches.fid-2fb68024_1a0f82ccff9_6ac8,Centrale,Tchamba,Tchamba 1,Tchamba,Tchamba,Ancien Marché de Tchamba,"{lundi,mardi,mercredi,jeudi,vendredi,samedi}",Non,"MULTIPOLYGON (((1.4142547476982363 9.028797821622849, 1.414203784247989 9.02820962766605, 1.4148273370510076 9.028081330199015, 1.414823339917655 9.027958954111005, 1.415022197301951 9.02792539936994, 1.415033189418671 9.027946124357436, 1.4152480353363774 9.02791849104051, 1.4152510331863917 9.028137583709412, 1.4152940023699332 9.028133636094934, 1.4152830102532135 9.028751437234927, 1.4142547476982363 9.028797821622849)))"
_mview_marche_marches.fid-2fb68024_1a0f82ccff9_6ac9,Centrale,Tchamba,Tchamba 2,Bago,Samai,Marché de Samai,{dimanche},Non,"MULTIPOLYGON (((1.3658166666666667 8.413893333333334, 1.3655083333333333 8.413816666666666, 1.3655766666666667 8.413221666666667, 1.365775 8.413258333333333, 1.3657633333333334 8.41339, 1.3657216666666665 8.41342, 1.3658416666666668 8.413630000000001, 1.3658166666666667 8.413893333333334)))"
_mview_marche_marches.fid-2fb68024_1a0f82ccff9_6aca,Centrale,Tchamba,Tchamba 2,Bago,Bago,Marché de Bago,{lundi},Non,"MULTIPOLYGON (((1.400865 8.516483333333333, 1.4024866666666664 8.515978333333333, 1.4025966666666667 8.516250000000001, 1.402445 8.516306666666667, 1.4024783333333335 8.51644, 1.4024433333333335 8.51647, 1.4025283333333334 8.516828333333333, 1.4020316666666666 8.5171, 1.4020183333333334 8.517063333333335, 1.4017233333333332 8.517061666666667, 1.401685 8.517036666666666, 1.4016816666666667 8.517023333333333, 1.4013200000000001 8.517061666666667, 1.400865 8.516483333333333)))"
_mview_marche_marches.fid-2fb68024_1a0f82ccff9_6acb,Centrale,Tchamba,Tchamba 2,Bago,Affossala,Marché d'affossala,{samedi},Non,"MULTIPOLYGON (((1.2930016666666666 8.451681666666667, 1.2938316666666667 8.451179999999999, 1.2938533333333335 8.451261666666666, 1.2938383333333334 8.451316666666665, 1.293935 8.451476666666668, 1.294025 8.451478333333334, 1.2940966666666665 8.45164, 1.2937966666666665 8.451836666666667, 1.2937366666666668 8.451853333333334, 1.2936983333333334 8.451931666666667, 1.293595 8.451981666666667, 1.2935833333333333 8.451963333333333, 1.2933183333333336 8.452148333333334, 1.2930016666666666 8.451681666666667)))"
_mview_marche_marches.fid-2fb68024_1a0f82ccff9_6acc,Centrale,Tchamba,Tchamba 2,Koussountou,Koussountou,Marché Koussountou,{jeudi},Non,"MULTIPOLYGON (((1.5169183333333331 8.832563333333333, 1.516856666666667 8.832333333333334, 1.5170066666666666 8.83233, 1.5169616666666665 8.831983333333334, 1.5170366666666666 8.831971666666668, 1.5170066666666666 8.831798333333333, 1.5170633333333332 8.831791666666668, 1.5170783333333333 8.831873333333334, 1.5177049999999999 8.83164, 1.5183416666666667 8.831745000000002, 1.517895 8.832623333333334, 1.5169183333333331 8.832563333333333)))"
_mview_marche_marches.fid-2fb68024_1a0f82ccff9_6acd,Centrale,Tchamba,Tchamba 2,Koussountou,Kouloumi,Marché de Kouloumi,{mardi},Non,"MULTIPOLYGON (((1.5187266666666668 8.956988333333333, 1.5190783333333333 8.95584, 1.5181816666666668 8.955935, 1.5182700000000002 8.956821666666666, 1.5187266666666668 8.956988333333333)))"
_mview_marche_marches.fid-2fb68024_1a0f82ccff9_6ace,Centrale,Tchamba,Tchamba 3,Balanka,Balanka,Marché de Balanka,{vendredi},Non,"MULTIPOLYGON (((1.6252856215111011 8.866674710016278, 1.6252757975247754 8.86820834749415, 1.6263908199727264 8.868169521307905, 1.6263760839932375 8.8674075565721, 1.6275500503591411 8.867412409855673, 1.6275746103249549 8.866665003429567, 1.6252856215111011 8.866674710016278)))"
_mview_marche_marches.fid-2fb68024_1a0f82ccff9_6acf,Centrale,Tchamba,Tchamba 3,Goubi,Hezoude,Marché de Hezoudé,{lundi},Non,"MULTIPOLYGON (((1.472915 8.717408333333333, 1.472664430226519 8.717640081155755, 1.472664430226519 8.717640081155755, 1.4724566666666665 8.717646666666667, 1.4722116666666665 8.716833333333334, 1.4726072738884226 8.716659392747454, 1.4726072738884226 8.716659392747454, 1.472915 8.717408333333333)))"
_mview_marche_marches.fid-2fb68024_1a0f82ccff9_6ad0,Maritime,Golfe,Golfe 1,Bè-Est,Dabara,Marché de Dabara Kondji,Nsp,Non,"MULTIPOLYGON (((1.2791362731013889 6.17374264626158, 1.2790685609178238 6.1732863696110725, 1.2784930073575231 6.17337612898321, 1.2785682431170398 6.1738585853478565, 1.2791362731013889 6.17374264626158)))"
_mview_marche_marches.fid-2fb68024_1a0f82ccff9_6ad1,Centrale,Tchamba,Tchamba 3,Goubi,Goubi,Marché de Goubi,{mercredi},Non,"MULTIPOLYGON (((1.4669383333333332 8.65446, 1.4671333333333332 8.654561666666666, 1.4673533333333335 8.654593333333334, 1.46755 8.654571666666667, 1.4677033333333331 8.654508333333332, 1.4679466666666665 8.654435000000001, 1.46798 8.654236666666666, 1.467971666666667 8.653995, 1.4679083333333334 8.653983333333334, 1.4678766666666665 8.653926666666667, 1.4678449999999998 8.653898333333332, 1.4677466666666665 8.653871666666667, 1.46761 8.653781666666667, 1.4674166666666664 8.653726666666667, 1.4669383333333332 8.65446)))"
_mview_marche_marches.fid-2fb68024_1a0f82ccff9_6ad2,Centrale,Tchamba,Tchamba 3,Goubi,Bila-gominadè,Marché de Bila,{vendredi},Non,"MULTIPOLYGON (((1.5227433333333331 8.669641666666667, 1.5231183333333334 8.669418333333335, 1.5230016666666666 8.669198333333332, 1.5229 8.669093333333333, 1.5227549999999999 8.668994999999999, 1.522468333333333 8.669231666666667, 1.5227433333333331 8.669641666666667)))"
_mview_marche_marches.fid-2fb68024_1a0f82ccff9_6ad3,Centrale,Tchamba,Tchamba 3,Goubi,L'ring,Marché de L'ring,{jeudi},Non,"MULTIPOLYGON (((1.4147166666666666 8.555616666666667, 1.41423 8.555651666666668, 1.41423 8.555651666666668, 1.4142283333333334 8.555333333333333, 1.4142700000000001 8.555335000000001, 1.41425 8.555115, 1.4145583333333334 8.555076666666668, 1.4147166666666666 8.555616666666667)))"
_mview_marche_marches.fid-2fb68024_1a0f82ccff9_6ad4,Centrale,Tchamba,Tchamba 3,Goubi,Armande,Marché d'armande,{dimanche},Non,"MULTIPOLYGON (((1.5016916666666664 8.652569999999999, 1.5016733333333334 8.652843333333333, 1.5016733333333334 8.652843333333333, 1.501655 8.652956666666666, 1.5018783333333332 8.653051666666666, 1.5019116666666665 8.65302, 1.502095 8.653085, 1.5022683333333333 8.652835000000001, 1.5016916666666664 8.652569999999999)))"
_mview_marche_marches.fid-2fb68024_1a0f82ccff9_6ad5,Centrale,Tchaoudjo,Tchaoudjo 1,Kadambara,Taworeda,Marché de Taworeda,{jeudi},Oui,"MULTIPOLYGON (((1.1820300000000001 8.802798333333334, 1.1821333333333333 8.802943333333333, 1.1822916666666667 8.803035, 1.1822766666666666 8.803528333333333, 1.1821466666666667 8.803648333333333, 1.1822483333333333 8.803773333333334, 1.1828716666666668 8.803753333333333, 1.1835666666666667 8.803698333333333, 1.1833 8.803040000000001, 1.1836133333333334 8.802816666666667, 1.1836933333333335 8.802511666666668, 1.1840216666666667 8.802531666666665, 1.1839566666666668 8.802095000000001, 1.18367 8.802033333333332, 1.1832783333333334 8.802065, 1.1824666666666666 8.802315, 1.1822683333333333 8.802498333333334, 1.1820300000000001 8.802798333333334)))"
_mview_marche_marches.fid-2fb68024_1a0f82ccff9_6ad6,Centrale,Tchaoudjo,Tchaoudjo 1,Kadambara,Aou Mono,Marché de Aou Mono,{mercredi},Oui,"MULTIPOLYGON (((1.2279683333333333 8.701073333333333, 1.2281000000000002 8.700873333333334, 1.228155 8.700565000000001, 1.2282216666666665 8.699874999999999, 1.2273416666666668 8.699995, 1.22739 8.700413333333334, 1.2275083333333332 8.700976666666666, 1.2279683333333333 8.701073333333333)))"
_mview_marche_marches.fid-2fb68024_1a0f82ccff9_6ad7,Centrale,Tchaoudjo,Tchaoudjo 1,Kadambara,Kpakparakpade,Marché de Atanada,{lundi},Oui,"MULTIPOLYGON (((1.2048394968025142 8.756687691192639, 1.204016761196223 8.756551828936686, 1.2046776333499067 8.755407994045148, 1.2053878296195581 8.755518863001607, 1.2048394968025142 8.756687691192639)))"
_mview_marche_marches.fid-2fb68024_1a0f82ccff9_6ad8,Centrale,Tchaoudjo,Tchaoudjo 1,Kadambara,Koboyo,Marché de Koboyo,{dimanche},Oui,"MULTIPOLYGON (((1.1620883333333334 8.862121666666667, 1.1625566666666667 8.86194, 1.1625883333333333 8.862518333333332, 1.1623233333333334 8.862566666666668, 1.161975 8.862293333333334, 1.1620883333333334 8.862121666666667)))"
_mview_marche_marches.fid-2fb68024_1a0f82ccff9_6ad9,Centrale,Tchaoudjo,Tchaoudjo 4,Agouloudè,Kpaza,Marché de Kpaza,{jeudi},Oui,"MULTIPOLYGON (((1.3439066666666666 9.223378333333333, 1.343905 9.223268333333333, 1.3440233333333333 9.223168333333332, 1.3441483333333333 9.222783333333332, 1.3446850000000001 9.222815, 1.344666666666667 9.222949999999999, 1.34439 9.223195, 1.3439066666666666 9.223378333333333)))"
_mview_marche_marches.fid-2fb68024_1a0f82ccff9_6ada,Centrale,Tchaoudjo,Tchaoudjo 4,Agouloudè,Agbandaoude,Marché d'agbandaoude,{mardi},Oui,"MULTIPOLYGON (((1.3616166666666667 9.249663333333332, 1.3611583333333332 9.249768333333332, 1.3611166666666668 9.249590000000001, 1.3610316666666666 9.249606666666667, 1.3610233333333333 9.249436666666666, 1.3608583333333333 9.249411666666667, 1.3608716666666667 9.249258333333334, 1.36096 9.249211666666667, 1.3614366666666666 9.249203333333332, 1.3616166666666667 9.249663333333332)))"
_mview_marche_marches.fid-2fb68024_1a0f82ccff9_6adb,Centrale,Tchaoudjo,Tchaoudjo 4,Agouloudè,Akpode,Marché Agoulou Lomé 2,{vendredi},Oui,"MULTIPOLYGON (((1.3321883333333333 9.115675000000001, 1.3320383333333334 9.115316666666667, 1.3313033333333335 9.115655, 1.3315549999999998 9.116071666666667, 1.3321883333333333 9.115675000000001)))"
_mview_marche_marches.fid-2fb68024_1a0f82ccff9_6adc,Centrale,Tchaoudjo,Tchaoudjo 4,Agouloudè,Agoulou,Marché d'agoulou,{vendredi},Oui,"MULTIPOLYGON (((1.3243883333333333 9.121713333333334, 1.3236666666666668 9.121728333333333, 1.3236033333333335 9.121155, 1.3235983333333332 9.121084999999999, 1.32432 9.12098, 1.3243883333333333 9.121713333333334)))"
_mview_marche_marches.fid-2fb68024_1a0f82ccff9_6add,Centrale,Tchamba,Tchamba 3,Kaboli,Kaboli,Marché de Kaboli,{samedi},Non,"MULTIPOLYGON (((1.5926142617433592 8.749718181777695, 1.5926016692463087 8.748938234834174, 1.5934243790535945 8.748784734445405, 1.5934957365368794 8.749328208510184, 1.5932774665880076 8.749390438314308, 1.5931347516214376 8.749527343846763, 1.5926142617433592 8.749718181777695)))"
_mview_marche_marches.fid-2fb68024_1a0f82ccff9_6ade,Centrale,Tchamba,Tchamba 3,Kaboli,Attafa Ii,Marché d'attafa Ii,{dimanche},Non,"MULTIPOLYGON (((1.5573350000000001 8.70354, 1.5574516666666667 8.703971666666666, 1.55715 8.703861666666667, 1.5571666666666668 8.703805, 1.557126666666667 8.703646666666666, 1.5573357924578723 8.70353797808394, 1.5573357924578723 8.70353797808394, 1.5573350000000001 8.70354)))"
_mview_marche_marches.fid-2fb68024_1a0f82ccff9_6adf,Centrale,Tchaoudjo,Tchaoudjo 1,Tchalo,Tchalo,Marché de Tchalo,{dimanche},Oui,"MULTIPOLYGON (((1.1083766666666668 8.927276666666668, 1.1080949999999998 8.92686, 1.1080949999999998 8.92686, 1.1080949999999998 8.92686, 1.1086850000000001 8.92657, 1.1087383333333334 8.926608333333332, 1.1088133333333334 8.926566666666668, 1.1090000000000002 8.926353333333333, 1.10942 8.926648333333333, 1.1083933333333333 8.927291666666667, 1.1083766666666668 8.927276666666668)))"
_mview_marche_marches.fid-2fb68024_1a0f82ccff9_6ae0,Centrale,Tchaoudjo,Tchaoudjo 1,Tchalo,Kpalokpalo,Marché de Kpalokpalo,{vendredi},Oui,"MULTIPOLYGON (((1.1060450000000002 8.923081666666667, 1.1058549999999998 8.923226666666666, 1.10587 8.923295, 1.105985 8.923496666666667, 1.1061100000000001 8.923493333333333, 1.1062566666666667 8.923354999999999, 1.1060450000000002 8.923081666666667)))"
_mview_marche_marches.fid-2fb68024_1a0f82ccff9_6ae1,Centrale,Tchaoudjo,Tchaoudjo 3,Aléhéridè,Aleheride,Marché de Aleheride,{mercredi},Oui,"MULTIPOLYGON (((1.200215 9.206048333333333, 1.2000416666666667 9.20618, 1.2003416666666666 9.206925, 1.2011500000000002 9.206775, 1.200995 9.205888333333332, 1.200215 9.206048333333333)))"
_mview_marche_marches.fid-2fb68024_1a0f82ccff9_6ae2,Centrale,Tchaoudjo,Tchaoudjo 3,Kolina,Bouzalo,Marché de Bouzalo,{vendredi},Oui,"MULTIPOLYGON (((1.0443399999999998 9.102043333333334, 1.0442216666666666 9.10265, 1.0441566666666666 9.102616666666668, 1.0440683333333332 9.102521666666666, 1.043725 9.102356666666667, 1.0435783333333333 9.10215, 1.0436633333333334 9.101948333333333, 1.0438699999999999 9.101883333333335, 1.0440683333333332 9.101885000000001, 1.0443454732898938 9.102021050729222, 1.0443399999999998 9.102043333333334)))"
_mview_marche_marches.fid-2fb68024_1a0f82ccff9_6ae3,Kara,Bassar,Bassar 1,Bassar,Bassar,Ancien Marché Togo,{samedi},Non,"MULTIPOLYGON (((0.7794647005946674 9.263441997217381, 0.7791616666666666 9.263481666666667, 0.7790983333333333 9.262696666666667, 0.7794125317739721 9.26266435503503, 0.7794647005946674 9.263441997217381)))"
_mview_marche_marches.fid-2fb68024_1a0f82ccff9_6ae4,Centrale,Tchaoudjo,Tchaoudjo 3,Kolina,Kolini,Marché de Kolina,{mardi},Oui,"MULTIPOLYGON (((1.1444383333333334 9.112034999999999, 1.1446399999999999 9.112966666666667, 1.1446399999999999 9.112968333333333, 1.1446399999999999 9.112969999999999, 1.1437466666666665 9.113175, 1.143735 9.112834999999999, 1.1435750000000002 9.11237, 1.1439233333333334 9.112118333333333, 1.1444383333333334 9.112034999999999)))"
_mview_marche_marches.fid-2fb68024_1a0f82ccff9_6ae5,Centrale,Tchaoudjo,Tchaoudjo 3,Kolina,Koumoniade,Marché de Koumoniade,{vendredi},Non,"MULTIPOLYGON (((1.1349466666666668 9.070051666666666, 1.1351200000000001 9.070046666666666, 1.135085 9.070453333333335, 1.1349 9.07043, 1.1349125156085704 9.070282379746443, 1.1348273651579088 9.07026788221091, 1.1348368686279993 9.070191993361421, 1.1349262136821416 9.070205248253874, 1.1349466666666668 9.070051666666666)))"
_mview_marche_marches.fid-2fb68024_1a0f82ccff9_6ae6,Centrale,Tchaoudjo,Tchaoudjo 1,Kparataou,Koloware,Marché de Koloware,{samedi},Non,"MULTIPOLYGON (((1.2903166666666666 8.95425, 1.2905466666666667 8.95417, 1.2905716666666667 8.954198333333332, 1.29121 8.954285, 1.2912566666666665 8.954181666666667, 1.2917566666666667 8.954148333333334, 1.2917183333333333 8.954055, 1.2917566666666667 8.953956666666667, 1.2915866666666667 8.953608333333333, 1.2914883333333333 8.953611666666665, 1.291495 8.953650000000001, 1.2910700000000002 8.953745, 1.2908716666666666 8.953846666666667, 1.2908149999999998 8.95383, 1.2902416666666667 8.95392, 1.2901166666666666 8.953896666666667, 1.290105 8.953986666666667, 1.2902783333333334 8.954263333333333, 1.2903166666666666 8.95425)))"
_mview_marche_marches.fid-2fb68024_1a0f82ccff9_6ae7,Centrale,Tchaoudjo,Tchaoudjo 1,Kparataou,Kparatao,Marché de Kparatao,{mardi},Non,"MULTIPOLYGON (((1.1964633333333334 8.954686666666667, 1.1959383333333333 8.954871666666666, 1.19564 8.954066666666668, 1.1963866666666665 8.953676666666667, 1.1964633333333334 8.954686666666667)))"
_mview_marche_marches.fid-2fb68024_1a0f82ccff9_6ae8,Kara,Assoli,Assoli 2,Alédjo,Efolo,Marché de Efolo,{lundi},Non,"MULTIPOLYGON (((1.0948533477090452 9.275302631170849, 1.095087761363185 9.275234278120807, 1.0951443669330767 9.275488630268434, 1.094909953278937 9.275555668788265, 1.0948533477090452 9.275302631170849)))"
_mview_marche_marches.fid-2fb68024_1a0f82ccff9_6ae9,Centrale,Tchaoudjo,Tchaoudjo 1,Kparataou,Bonangana,Marché Bonangana,{mercredi},Non,"MULTIPOLYGON (((1.2653157726971662 8.875905918469337, 1.2652263332669778 8.87420482324053, 1.2665393624062657 8.87501571646586, 1.2653157726971662 8.875905918469337)))"
_mview_marche_marches.fid-2fb68024_1a0f82ccff9_6aea,Centrale,Tchaoudjo,Tchaoudjo 1,Kparataou,Sada2,Marché Sada2,{vendredi},Non,"MULTIPOLYGON (((1.2758239740065709 8.84114664994602, 1.2750175312667267 8.84106914976056, 1.2751764065197133 8.839769528836724, 1.2761256358793307 8.83991658097557, 1.2758239740065709 8.84114664994602)))"
_mview_marche_marches.fid-2fb68024_1a0f82ccff9_6aeb,Centrale,Tchaoudjo,Tchaoudjo 1,Sokodè (Komah),Didaoure,Grand Marché de Sokode,"{lundi,jeudi,vendredi}",Oui,"MULTIPOLYGON (((1.1459799999999998 8.982613333333335, 1.1462716666666668 8.983401666666667, 1.1484983333333332 8.982575, 1.1482116666666666 8.981766666666665, 1.1459799999999998 8.982613333333335)))"
_mview_marche_marches.fid-2fb68024_1a0f82ccff9_6aec,Savanes,Tône,Tône 3,Tami,Datoudjena,Marché de Datoudjena,"{lundi,mardi,mercredi,jeudi,vendredi,samedi,dimanche}",Non,"MULTIPOLYGON (((0.0214352230291661 10.893292682330568, 0.0209821812801025 10.892709456170856, 0.0205994391127901 10.89297242868037, 0.0206358907477722 10.893477544193694, 0.0210446697972147 10.89345671468799, 0.0214352230291661 10.893292682330568)))"
_mview_marche_marches.fid-2fb68024_1a0f82ccff9_6aed,Centrale,Tchaoudjo,Tchaoudjo 1,Sokodè (Komah),Kadambara,Marché de Kadambara,{vendredi},Non,"MULTIPOLYGON (((1.1710585484123193 8.955263801321514, 1.1704618693329496 8.95540103604871, 1.1701875750695978 8.954362977210938, 1.1707432881226225 8.954181756465927, 1.1710585484123193 8.955263801321514)))"
_mview_marche_marches.fid-2fb68024_1a0f82ccff9_6aee,Centrale,Tchaoudjo,Tchaoudjo 1,Sokodè (Komah),Sokode,Marché de Komah,"{lundi,jeudi}",Oui,"MULTIPOLYGON (((1.142015814327892 8.976244557987224, 1.1414000561740145 8.974884945180042, 1.1427548138876682 8.974604583732248, 1.1429059760239102 8.974896611507706, 1.143301158581244 8.974992660399558, 1.1436401923051065 8.975032332103524, 1.1435660608621314 8.975442480916223, 1.1426934959578352 8.975957185111723, 1.142485680836037 8.976049724942621, 1.1420183097373198 8.976251209310973, 1.142015814327892 8.976244557987224)))"
_mview_marche_marches.fid-2fb68024_1a0f82ccff9_6aef,Centrale,Tchaoudjo,Tchaoudjo 1,Sokodè (Komah),Akamade,Marché Akamadé,{lundi},Oui,"MULTIPOLYGON (((1.1226097751124742 8.995064397992605, 1.123362831381331 8.994563751960245, 1.1231090886297952 8.994244489787684, 1.1223804940255453 8.994515510386199, 1.1226097751124742 8.995064397992605)))"
_mview_marche_marches.fid-2fb68024_1a0f82ccff9_6af0,Centrale,Tchaoudjo,Tchaoudjo 1,Sokodè (Komah),Didaoure,Nouveau Grand Marché de Sokode,"{lundi,mardi,mercredi,jeudi,vendredi,samedi,dimanche}",Non,"MULTIPOLYGON (((1.1398829492185951 8.984593137847657, 1.1400963084601685 8.986249949692716, 1.1394786896029818 8.986287383847722, 1.139394468849729 8.98587699438163, 1.13883580451982 8.98608357562368, 1.1385999864107121 8.985637138160884, 1.139133384514646 8.985343210090061, 1.139561506677014 8.984730397024714, 1.1398829492185951 8.984593137847657)))"
_mview_marche_marches.fid-2fb68024_1a0f82ccff9_6af1,Centrale,Tchaoudjo,Tchaoudjo 1,Kpangalam,Nada,Marché Betail de Nada,"{vendredi,lundi}",Oui,"MULTIPOLYGON (((1.1673460836289637 8.99652077311077, 1.1685408892868148 8.99591295861158, 1.1678421651523976 8.995027302115949, 1.1669514147928914 8.99499980271248, 1.1673460836289637 8.99652077311077)))"
_mview_marche_marches.fid-2fb68024_1a0f82ccff9_6af2,Centrale,Tchaoudjo,Tchaoudjo 1,Kpangalam,Kpangalam,Marché Kpangalam,{mardi},Oui,"MULTIPOLYGON (((1.1330616666666666 9.005461666666667, 1.1334 9.005466666666667, 1.1333783333333334 9.006288333333334, 1.133005 9.006295, 1.1330458146834763 9.00546200037968, 1.1330616666666666 9.005461666666667)))"
_mview_marche_marches.fid-2fb68024_1a0f82ccff9_6af3,Kara,Assoli,Assoli 2,Alédjo,Bouziré,Ancien Marché de Koumongou,Nsp,Non,"MULTIPOLYGON (((1.2390482095262922 9.296647754636243, 1.2395352560976403 9.296845969352978, 1.2397722464108738 9.29631770052703, 1.2393098667088314 9.296111626403523, 1.2390482095262922 9.296647754636243)))"
_mview_marche_marches.fid-2fb68024_1a0f82ccff9_6af4,Centrale,Tchaoudjo,Tchaoudjo 1,Kpangalam,Kedia,Marché de Kedia,"{lundi,mardi,mercredi,jeudi,vendredi,samedi,dimanche}",Oui,"MULTIPOLYGON (((1.1360883333333334 9.008661666666665, 1.1362716666666666 9.008636666666666, 1.1362716666666666 9.008636666666666, 1.1362199999999998 9.008523333333333, 1.136115 9.00851, 1.13606 9.00815, 1.1359933333333334 9.008145, 1.136081866268748 9.008635488985954, 1.1360883333333334 9.008661666666665)))"
_mview_marche_marches.fid-2fb68024_1a0f82ccff9_6af5,Centrale,Tchaoudjo,Tchaoudjo 1,Kpangalam,Sagbadaï,Marché de Sagbadaï,{mercredi},Oui,"MULTIPOLYGON (((1.0742983333333334 9.060295, 1.074615 9.059233333333333, 1.0757466666666666 9.059506666666666, 1.0752616666666666 9.060638333333333, 1.0752633333333332 9.060631666666666, 1.0742983333333334 9.060295)))"
_mview_marche_marches.fid-2fb68024_1a0f82ccff9_6af6,Centrale,Tchaoudjo,Tchaoudjo 1,Kpangalam,Kparioh,Marché de Kparioh,{samedi},Oui,"MULTIPOLYGON (((1.1029383333333334 9.029498333333333, 1.10313 9.029914999999999, 1.10395 9.029698333333332, 1.1038983333333334 9.029235, 1.102935232864839 9.029494621002122, 1.1029383333333334 9.029498333333333)))"
_mview_marche_marches.fid-2fb68024_1a0f82ccff9_6af7,Centrale,Tchaoudjo,Tchaoudjo 2,Lama-Tessi,Sawoda,Marché de Sarakawa,{jeudi},Oui,"MULTIPOLYGON (((1.0785316666666667 8.835858333333334, 1.0781866666666666 8.835816666666666, 1.0781866666666666 8.835816666666666, 1.0782616666666667 8.835656666666667, 1.0785511716766543 8.83567183907844, 1.0785316666666667 8.835858333333334)))"
_mview_marche_marches.fid-2fb68024_1a0f82ccff9_6af8,Centrale,Tchaoudjo,Tchaoudjo 2,Lama-Tessi,Yaokopé,Marché Koumeya,{vendredi},Oui,"MULTIPOLYGON (((1.0766233333333333 8.868058333333332, 1.076265 8.868226666666667, 1.0761266666666667 8.867768333333334, 1.076455 8.867696666666665, 1.0766233333333333 8.868058333333332)))"
_mview_marche_marches.fid-2fb68024_1a0f82ccff9_6af9,Kara,Assoli,Assoli 1,Dako (Daoude),Soreda,Marchr de Daoude,{jeudi},Oui,"MULTIPOLYGON (((1.0635816666666666 9.322711666666667, 1.0627441334256007 9.323269425387387, 1.061927566646895 9.32321366206569, 1.0615969842485957 9.32293205715501, 1.0615746666007613 9.322475857038118, 1.0618289830194692 9.322173369877433, 1.0624930087196192 9.322289299762428, 1.0630650923997482 9.322430431744362, 1.0633766736898185 9.32258668494351, 1.0635816666666666 9.322711666666667)))"
_mview_marche_marches.fid-2fb68024_1a0f82ccff9_6afa,Centrale,Tchaoudjo,Tchaoudjo 2,Lama-Tessi,Yara-kabye,Grand Marché de Yara-kabye,{vendredi},Oui,"MULTIPOLYGON (((1.0700433333333335 8.796393333333333, 1.0707583333333335 8.796151666666667, 1.0707566666666668 8.79615, 1.070595 8.795658333333334, 1.0706916666666666 8.795483333333333, 1.0703316666666667 8.794728333333333, 1.0696466666666666 8.79495, 1.0700433333333335 8.796393333333333)))"
_mview_marche_marches.fid-2fb68024_1a0f82ccff9_6afb,Kara,Assoli,Assoli 1,Bafilo,Boulade,Marché de Kpare,"{lundi,mardi,mercredi,jeudi,vendredi,samedi,dimanche}",Non,"MULTIPOLYGON (((1.2454271714455032 9.350424956129286, 1.244915907299243 9.34996411471589, 1.2446782385609811 9.350244982632193, 1.2445704585517698 9.35016044959385, 1.2443576621233263 9.350394960552904, 1.2443106810936695 9.350673101252932, 1.244647839071204 9.350885796932348, 1.2447998365200925 9.350943061131515, 1.2454271714455032 9.350424956129286)))"
_mview_marche_marches.fid-2fb68024_1a0f82ccff9_6afc,Centrale,Tchaoudjo,Tchaoudjo 2,Lama-Tessi,Yara-kabye,Petit Marché de Yara Kabye,{mardi},Oui,"MULTIPOLYGON (((1.0723983333333333 8.806018333333332, 1.072095 8.805993333333333, 1.0720516666666666 8.805481666666667, 1.07217 8.805468333333332, 1.0723983333333333 8.806018333333332)))"
_mview_marche_marches.fid-2fb68024_1a0f82ccff9_6afd,Centrale,Tchaoudjo,Tchaoudjo 2,Lama-Tessi,Lama-tessi,Grand Marché de Lama-tessi,{samedi},Oui,"MULTIPOLYGON (((1.0762983333333334 8.836631666666667, 1.0765033333333334 8.836698333333334, 1.0766333333333333 8.836795, 1.0770000000000002 8.83688, 1.077015 8.836813333333334, 1.0771883333333332 8.836758333333334, 1.077375 8.836841666666666, 1.0780666666666667 8.835638333333332, 1.0771233333333332 8.835565, 1.0771166666666665 8.835658333333333, 1.076625 8.835588333333334, 1.0762983333333334 8.836631666666667)))"
_mview_marche_marches.fid-2fb68024_1a0f82ccff9_6afe,Centrale,Tchaoudjo,Tchaoudjo 2,Lama-Tessi,Kouloume,Marché de Kouloume,{jeudi},Oui,"MULTIPOLYGON (((1.08927 8.898393333333333, 1.0893300000000001 8.89782, 1.0886933333333333 8.897971666666667, 1.0888116666666667 8.898394999999999, 1.08927 8.898393333333333)))"
_mview_marche_marches.fid-2fb68024_1a0f82ccff9_6aff,Centrale,Tchaoudjo,Tchaoudjo 2,Lama-Tessi,Abatchang,Marché de Abatchang,{vendredi},Oui,"MULTIPOLYGON (((1.1442205407664106 8.819777907950973, 1.1441519929040522 8.819651173590298, 1.1438335770272914 8.819786648250107, 1.1439220258819471 8.819895901971814, 1.1442205407664106 8.819777907950973)))"
_mview_marche_marches.fid-2fb68024_1a0f82ccff9_6b00,Centrale,Tchaoudjo,Tchaoudjo 2,Lama-Tessi,Tchaware,Petit Marché de Tchaware,"{lundi,mardi,mercredi,jeudi,vendredi,samedi,dimanche}",Oui,"MULTIPOLYGON (((0.9853116666666666 8.821758333333333, 0.98493 8.820846666666666, 0.98493 8.820848333333334, 0.98493 8.820848333333334, 0.9845483333333332 8.821356666666667, 0.9852933333333334 8.821926666666666, 0.9853116666666666 8.821758333333333)))"
_mview_marche_marches.fid-2fb68024_1a0f82ccff9_6b01,Centrale,Tchaoudjo,Tchaoudjo 2,Lama-Tessi,Kassena,Marché de Kassena,{mercredi},Oui,"MULTIPOLYGON (((1.08396 8.88618, 1.0844883333333333 8.885958333333333, 1.0847383333333334 8.886753333333333, 1.084455 8.887033333333333, 1.08396 8.88618)))"
_mview_marche_marches.fid-2fb68024_1a0f82ccff9_6b02,Centrale,Tchaoudjo,Tchaoudjo 2,Lama-Tessi,Solaou,Marché de Solaou,{mardi},Oui,"MULTIPOLYGON (((1.13088 8.771123333333332, 1.131435 8.771096666666667, 1.1314333333333333 8.771766666666668, 1.1307450000000001 8.771790000000001, 1.13088 8.771123333333332)))"
_mview_marche_marches.fid-2fb68024_1a0f82ccff9_6b03,Centrale,Tchaoudjo,Tchaoudjo 2,Lama-Tessi,Sakalaoude,Marché de Sakalaoude,{dimanche},Oui,"MULTIPOLYGON (((1.011008152956634 8.849541915263348, 1.0109816666666667 8.849261666666667, 1.0114183333333335 8.849161666666667, 1.01158 8.849548333333333, 1.011008152956634 8.849541915263348)))"
_mview_marche_marches.fid-2fb68024_1a0f82ccff9_6b04,Centrale,Tchaoudjo,Tchaoudjo 2,Lama-Tessi,Tchaware,Grand Marché de Tchaware,{dimanche},Oui,"MULTIPOLYGON (((0.9934433333333333 8.828308333333332, 0.9937866666666667 8.828423333333335, 0.9941099999999999 8.828678333333333, 0.9943216666666667 8.82803, 0.9934383333333333 8.827751666666668, 0.9934433333333333 8.828308333333332)))"
_mview_marche_marches.fid-2fb68024_1a0f82ccff9_6b05,Kara,Assoli,Assoli 1,Bouladè,Boulade Centre,Marché de Boulade Centre,{mercredi},Oui,"MULTIPOLYGON (((1.2205819026133575 9.42457465296375, 1.2219699242796498 9.42454368920461, 1.2214154131114576 9.423356743010316, 1.221052713982577 9.423356743010316, 1.2205819026133575 9.42457465296375)))"
_mview_marche_marches.fid-2fb68024_1a0f82ccff9_6b06,Kara,Binah,Binah 2,Sirka,Ndjei,Marché de Ndjei,{mardi},Non,"MULTIPOLYGON (((1.3576975564352518 9.500899238673282, 1.357812554336431 9.500715726842314, 1.3579727761313332 9.500778171851392, 1.3578590703414029 9.501005012808939, 1.3576975564352518 9.500899238673282)))"
_mview_marche_marches.fid-2fb68024_1a0f82ccff9_6b07,Kara,Assoli,Assoli 1,Bafilo,Wawande,Marché Préfectoral du Bafilo,{samedi},Oui,"MULTIPOLYGON (((1.2445764528655494 9.361148296583846, 1.2461452511253763 9.362001308295328, 1.246162119923869 9.361589366315574, 1.2461874231216081 9.361518628754778, 1.2461621199238688 9.360790447144929, 1.24613681672613 9.360403470011466, 1.2457741375585352 9.360270316489572, 1.245204815609404 9.36006642506032, 1.2449096116357803 9.360133001866691, 1.2445764528655494 9.361148296583846)))"
_mview_marche_marches.fid-2fb68024_1a0f82ccff9_6b08,Kara,Assoli,Assoli 2,Alédjo,Djobode,Marché de Aledjo-kadara,{lundi},Oui,"MULTIPOLYGON (((1.2058428746363175 9.253091502537298, 1.2058833333333332 9.252846666666667, 1.2058833333333332 9.252846666666667, 1.2058833333333332 9.252846666666667, 1.2061366666666666 9.252841666666665, 1.2061366666666666 9.252841666666665, 1.2063716666666666 9.253201666666666, 1.20593 9.253171666666667, 1.2058428746363175 9.253091502537298)))"
_mview_marche_marches.fid-2fb68024_1a0f82ccff9_6b09,Kara,Assoli,Assoli 2,Koumondè,Koumonde,Nouveau Marché de Koumonde,{mardi},Oui,"MULTIPOLYGON (((1.2381633333333333 9.299801666666667, 1.2368458953099488 9.299624902225098, 1.2369467312036806 9.298469471860296, 1.238212781869424 9.298463943476175, 1.2381633333333333 9.299801666666667)))"
_mview_marche_marches.fid-2fb68024_1a0f82ccff9_6b0a,Kara,Assoli,Assoli 3,Soudou,Kayali Bas,Marché de E Kayali Bas,{jeudi},Non,"MULTIPOLYGON (((1.282252366275756 9.428845250064068, 1.2822022643051394 9.428732765372883, 1.2822800087423027 9.428682204060351, 1.2823531461017088 9.428616303911552, 1.2824026721876056 9.428563470162473, 1.2824827201636484 9.428606078025267, 1.282444135887426 9.428719130862369, 1.2823260795198816 9.42882195778254, 1.282252366275756 9.428845250064068)))"
_mview_marche_marches.fid-2fb68024_1a0f82ccff9_6b0b,Kara,Assoli,Assoli 3,Soudou,Agbebou,Marché D Agbebou,{mardi},Oui,"MULTIPOLYGON (((1.3355216666666667 9.458106666666668, 1.3364533333333335 9.457975000000001, 1.3368366666666667 9.459651666666668, 1.33509 9.459768333333333, 1.3355216666666667 9.458106666666668)))"
_mview_marche_marches.fid-2fb68024_1a0f82ccff9_6b0c,Kara,Assoli,Assoli 3,Soudou,Soudou,Marché de Soudou,{jeudi},Oui,"MULTIPOLYGON (((1.3524389309995668 9.35900561967517, 1.3525668010999399 9.358379825873447, 1.3527797927089948 9.35838804242452, 1.3536208512003345 9.358427559776548, 1.3537059583095772 9.35850165479949, 1.353515718888917 9.359188267927541, 1.3535006999872858 9.35927718175862, 1.3528849250204125 9.359217905873763, 1.3524389309995668 9.35900561967517)))"
_mview_marche_marches.fid-2fb68024_1a0f82ccff9_6b0d,Kara,Bassar,Bassar 1,Baghan,Baghan,Marché de Baghan,{vendredi},Non,"MULTIPOLYGON (((0.6932343479639012 9.070072886433485, 0.69317850143718 9.069225681595066, 0.6925367174782774 9.0692875119087, 0.6925993305474386 9.070070694959485, 0.6932343479639012 9.070072886433485)))"
_mview_marche_marches.fid-2fb68024_1a0f82ccff9_6b0e,Kara,Bassar,Bassar 1,Baghan,Tchapossi,Marché Tchapossi,{jeudi},Non,"MULTIPOLYGON (((0.6159174858762142 9.061981729520793, 0.6138331478619022 9.060855475864827, 0.6140494470898026 9.060059328909066, 0.6149146440014035 9.060039910668596, 0.6167433556554697 9.060836057667382, 0.6159174858762142 9.061981729520793)))"
_mview_marche_marches.fid-2fb68024_1a0f82ccff9_6b0f,Kara,Kozah,Kozah 2,Bohou,Sabide,Marché Ayolomadè,{jeudi},Non,"MULTIPOLYGON (((1.1921316666666666 9.646211666666666, 1.1924033333333335 9.645848333333333, 1.1928033333333334 9.646151666666666, 1.1924283333333332 9.646295, 1.1921316666666666 9.646211666666666)))"
_mview_marche_marches.fid-2fb68024_1a0f82ccff9_6b10,Kara,Kozah,Kozah 2,Bohou,Koulide,Marché de Baroye,"{lundi,mardi,mercredi,jeudi,vendredi,samedi,dimanche}",Oui,"MULTIPOLYGON (((1.1565383333333334 9.61066, 1.1569800000000001 9.61075, 1.1571066666666667 9.610101666666667, 1.1568566666666666 9.610051666666667, 1.1565383333333334 9.61066)))"
_mview_marche_marches.fid-2fb68024_1a0f82ccff9_6b11,Kara,Kozah,Kozah 2,Bohou,Yade Bas,Marché de Yade,"{dimanche,jeudi}",Non,"MULTIPOLYGON (((1.1559016666666668 9.616883333333334, 1.1559233333333334 9.616866666666665, 1.1571099999999999 9.617108333333334, 1.1571166666666668 9.617123333333332, 1.1572066666666667 9.617556666666667, 1.1557766666666667 9.617716666666666, 1.1559016666666668 9.616883333333334)))"
_mview_marche_marches.fid-2fb68024_1a0f82ccff9_6b12,Kara,Kozah,Kozah 2,Bohou,Tchouyou,Marché de Tchila,{mercredi},Oui,"MULTIPOLYGON (((1.16437 9.615893333333334, 1.1646066666666668 9.615903333333334, 1.164565 9.616298333333333, 1.164255 9.616306666666667, 1.16437 9.615893333333334)))"
_mview_marche_marches.fid-2fb68024_1a0f82ccff9_6b13,Kara,Kozah,Kozah 2,Bohou,Tchamde,Marché de Tchaofei,"{lundi,mardi,mercredi,jeudi,vendredi,samedi,dimanche}",Oui,"MULTIPOLYGON (((1.1697099999999998 9.628068333333333, 1.169535 9.628371666666668, 1.1695383333333336 9.628368333333333, 1.16954 9.628366666666667, 1.16954 9.628365, 1.1698083333333333 9.628568333333334, 1.1699535219400563 9.628410945003015, 1.1697099999999998 9.628068333333333)))"
_mview_marche_marches.fid-2fb68024_1a0f82ccff9_6b14,Kara,Kozah,Kozah 2,Bohou,Walde,Marché Hodo,{lundi},Oui,"MULTIPOLYGON (((1.163805 9.597018333333333, 1.1644666666666665 9.597023333333334, 1.1644116666666666 9.597919999999998, 1.163985 9.597871666666666, 1.163805 9.597018333333333)))"
_mview_marche_marches.fid-2fb68024_1a0f82ccff9_6b15,Kara,Bassar,Bassar 1,Bassar,Kikpeou,Marché de Kikpeou,{jeudi},Non,"MULTIPOLYGON (((0.7899496674302308 9.352438378908134, 0.7907435561093458 9.352317865682, 0.7908179001996976 9.35275538089059, 0.7901222519256906 9.35288637336098, 0.7899496674302308 9.352438378908134)))"
_mview_marche_marches.fid-2fb68024_1a0f82ccff9_6b16,Kara,Bassar,Bassar 1,Bassar,N'nababoune,Marché de N'nababoune,{lundi},Non,"MULTIPOLYGON (((0.8044010190180891 9.379590891643623, 0.8043653275934551 9.379330306168526, 0.8041083493360891 9.379178884789019, 0.8040137670608085 9.379189449073452, 0.8038727859335035 9.37903626691764, 0.8036390071021497 9.379418341823902, 0.8038924162170523 9.379761680666366, 0.8044010190180891 9.379590891643623)))"
_mview_marche_marches.fid-2fb68024_1a0f82ccff9_6b17,Kara,Bassar,Bassar 1,Bassar,Bassar Ville,Marché de Kpandja,{samedi},Non,"MULTIPOLYGON (((0.7868252243754605 9.258370455855243, 0.7874701227925539 9.257154580813024, 0.7874701227925539 9.257154580813024, 0.7877512323589793 9.257179061560059, 0.7885614893445578 9.257733958035551, 0.7888922064815287 9.258027726403245, 0.7885284176308608 9.259357841217694, 0.7868252243754605 9.258370455855243)))"
_mview_marche_marches.fid-2fb68024_1a0f82ccff9_6b18,Kara,Bassar,Bassar 1,Bassar,Natchandi,Marché de Natchandi,{mardi},Non,"MULTIPOLYGON (((0.8067078208920091 9.247365510633387, 0.8066837337530167 9.248071600596106, 0.8062598001067458 9.248040694331092, 0.8062911133874365 9.24731558502684, 0.8067078208920091 9.247365510633387)))"
_mview_marche_marches.fid-2fb68024_1a0f82ccff9_6b19,Kara,Bassar,Bassar 1,Bassar,Bougabou,Marché de Bougabou,{mercredi},Non,"MULTIPOLYGON (((0.8568 9.202681666666667, 0.8570966666666667 9.202131666666666, 0.8567416666666666 9.20191, 0.8563033333333333 9.202366666666668, 0.8568 9.202681666666667)))"
_mview_marche_marches.fid-2fb68024_1a0f82ccff9_6b1a,Kara,Bassar,Bassar 1,Bassar,N'laboun,Marché de N'laboun,{jeudi},Non,"MULTIPOLYGON (((0.8326850165032945 9.272996847214918, 0.8328620345539789 9.273016813470125, 0.8328578198384864 9.273123300145373, 0.8326732152999152 9.273108325458619, 0.8326850165032945 9.272996847214918)))"
_mview_marche_marches.fid-2fb68024_1a0f82ccff9_6b1b,Kara,Bassar,Bassar 1,Bassar,Tchatchaminade,Marché de Tchatchaminade,{vendredi},Non,"MULTIPOLYGON (((0.9066605979085 9.298641031986637, 0.9068723536852693 9.29864490186088, 0.9070076420982054 9.29887322436559, 0.9070684238489448 9.29903769387413, 0.9066880477314145 9.299024149329291, 0.9066605979085 9.298641031986637)))"
_mview_marche_marches.fid-2fb68024_1a0f82ccff9_6b1c,Kara,Bassar,Bassar 1,Kalanga,Kalanga,Marché de Kalanga,{vendredi},Non,"MULTIPOLYGON (((0.7010128520234565 9.264827421364956, 0.701558489788203 9.263555166090745, 0.7027657133427041 9.264807226872785, 0.7010128520234565 9.264827421364956)))"
_mview_marche_marches.fid-2fb68024_1a0f82ccff9_6b1d,Kara,Bassar,Bassar 2,Dimori,Dimori,Marché de Dimori,{mardi},Non,"MULTIPOLYGON (((0.5947010820789621 9.202887107970906, 0.5947044840892616 9.204091076072885, 0.5954733333333333 9.203838333333334, 0.5954609434502758 9.202885485307908, 0.5947010820789621 9.202887107970906)))"
_mview_marche_marches.fid-2fb68024_1a0f82ccff9_6b1e,Kara,Bassar,Bassar 3,Kabou,Koudoum,Marché de Koudoum,{dimanche},Non,"MULTIPOLYGON (((0.8749833139087898 9.522072858278415, 0.8752664322707695 9.522493972999513, 0.874347457915492 9.522981458414131, 0.8739970409264847 9.522452777017095, 0.8749833139087898 9.522072858278415)))"
_mview_marche_marches.fid-2fb68024_1a0f82ccff9_6b1f,Savanes,Tône,Tône 3,Lotogou,Myre B,Marché de Myre Koukoaré,"{mercredi,samedi}",Oui,"MULTIPOLYGON (((0.0608231075039966 10.795251248180033, 0.0609479781350707 10.79492074537402, 0.0619365372977408 10.794859414916422, 0.0615966116909279 10.795360279953822, 0.0608231075039966 10.795251248180033)))"
_mview_marche_marches.fid-2fb68024_1a0f82ccff9_6b20,Kara,Bassar,Bassar 3,Kabou,Kabou,Marché Cantonal de Kouka,{mercredi},Non,"MULTIPOLYGON (((0.8130583333333333 9.456063333333333, 0.8128666666666666 9.454906666666666, 0.8127116666666667 9.454943333333334, 0.812645 9.454578333333334, 0.8127983333333333 9.454595000000001, 0.8127883333333333 9.454345, 0.814375 9.454756666666666, 0.8146266666666667 9.45567, 0.8130583333333333 9.456063333333333)))"
_mview_marche_marches.fid-2fb68024_1a0f82ccff9_6b21,Kara,Bassar,Bassar 3,Kabou,Mandawea,Marché de Mandawea,{lundi},Oui,"MULTIPOLYGON (((0.8712683333333333 9.640836666666667, 0.871285 9.640685, 0.8712583333333334 9.640611666666667, 0.8712783333333333 9.640536666666666, 0.871205 9.640528333333332, 0.8710566666666666 9.640521666666666, 0.8710033333333332 9.640516666666667, 0.8709183333333333 9.640508333333335, 0.8709016666666667 9.640491666666666, 0.8708766666666666 9.640455, 0.8708100000000001 9.640395000000002, 0.8707916666666667 9.640375, 0.8707483333333333 9.64034, 0.870725 9.64034, 0.870705 9.640358333333333, 0.8706783333333333 9.640361666666667, 0.8706716666666666 9.640426666666666, 0.8706466666666667 9.640468333333333, 0.8706366666666666 9.640521666666666, 0.8706366666666666 9.640561666666667, 0.8706366666666666 9.640588333333334, 0.8706383333333334 9.640651666666667, 0.8706383333333334 9.640726666666666, 0.8706316666666667 9.640761666666666, 0.8706316666666667 9.640796666666667, 0.8706433333333333 9.640833333333335, 0.870645 9.640856666666668, 0.87068 9.640875, 0.8707233333333334 9.640883333333333, 0.87078 9.640861666666666, 0.8708216666666666 9.640858333333334, 0.8710483333333333 9.640896666666666, 0.87112 9.640881666666667, 0.8711800000000001 9.640863333333334, 0.8712700000000001 9.640851666666666, 0.8712783333333333 9.640851666666666, 0.8712683333333333 9.640836666666667)))"
_mview_marche_marches.fid-2fb68024_1a0f82ccff9_6b22,Maritime,Golfe,Golfe 1,Bè-Est,Zorro Bar,Marché Tp3,"{dimanche,samedi,vendredi,jeudi,mercredi,mardi,lundi}",Non,"MULTIPOLYGON (((1.2871952301675078 6.158733384637085, 1.2871109562923526 6.159081424856781, 1.2852245180100386 6.15854647405457, 1.285295826673631 6.158282221049793, 1.2871952301675078 6.158733384637085)))"
_mview_marche_marches.fid-2fb68024_1a0f82ccff9_6b23,Kara,Bassar,Bassar 4,Sanda-Afohou,Afohou,Marché de Sanda Afohou,{samedi},Non,"MULTIPOLYGON (((0.9392716666666666 9.481816666666667, 0.9407666666666666 9.481623333333333, 0.9407783333333334 9.482716666666667, 0.9392883333333334 9.482748333333332, 0.9392716666666666 9.481816666666667)))"
_mview_marche_marches.fid-2fb68024_1a0f82ccff9_6b24,Kara,Bassar,Bassar 4,Sanda-Kagbanda,Akpadibia,Marché de Sanda Kagbanda,{mardi},Non,"MULTIPOLYGON (((0.9030416666666666 9.494491666666667, 0.900435 9.494670000000001, 0.9004316666666666 9.493725000000001, 0.9027916666666667 9.493226666666667, 0.9030416666666666 9.494491666666667)))"
_mview_marche_marches.fid-2fb68024_1a0f82ccff9_6b25,Kara,Bassar,Bassar 2,Bitchabe,Bitchabe,Marché de Bitchabe,{lundi},Non,"MULTIPOLYGON (((0.5839566666666667 9.32409, 0.5834966666666667 9.32431, 0.5833916666666668 9.324388333333333, 0.5832433333333333 9.324451666666667, 0.5832066666666668 9.323883333333333, 0.5839933333333334 9.323525, 0.5840516666666667 9.323593333333333, 0.583965 9.324078333333334, 0.5839566666666667 9.32409)))"
_mview_marche_marches.fid-2fb68024_1a0f82ccff9_6b26,Kara,Bassar,Bassar 2,Bitchabe,Koulangbal,Marché de Koulangbal,{mercredi},Non,"MULTIPOLYGON (((0.5420883333333334 9.253108333333333, 0.5425760934560957 9.253358691656214, 0.542446532173487 9.253612561633819, 0.5420216473790492 9.25346212018773, 0.5420883333333334 9.253108333333333)))"
_mview_marche_marches.fid-2fb68024_1a0f82ccff9_6b27,Kara,Bassar,Bassar 2,Bitchabe,Binadjoube,Marché de Binadjoube,{vendredi},Non,"MULTIPOLYGON (((0.5682883333333333 9.297401666666667, 0.5690616666666667 9.296871666666668, 0.568885 9.298106666666666, 0.5684208775922923 9.297968176572398, 0.5682883333333333 9.297401666666667)))"
_mview_marche_marches.fid-2fb68024_1a0f82ccff9_6b28,Kara,Bassar,Bassar 2,Bangeli,Bikourkpambe,Marché de Bangeli,{jeudi},Non,"MULTIPOLYGON (((0.6223669922688225 9.423560258604303, 0.6256555331211573 9.424272390931034, 0.6262036232632132 9.422333805042488, 0.6243266757768909 9.4210268692349, 0.6243266757768909 9.4210268692349, 0.6230194077248052 9.420806381618274, 0.6216140853355371 9.42111740305681, 0.6223669922688225 9.423560258604303)))"
_mview_marche_marches.fid-2fb68024_1a0f82ccff9_6b29,Kara,Bassar,Bassar 2,Bangeli,Biyakpabe,Marché de Biyakpabe,{jeudi},Non,"MULTIPOLYGON (((0.598074920990737 9.418135201989285, 0.5979966666666667 9.418299999999999, 0.5980983333333333 9.418501666666666, 0.5983213018687563 9.418561911126101, 0.5985933333333333 9.418556666666666, 0.598074920990737 9.418135201989285)))"
_mview_marche_marches.fid-2fb68024_1a0f82ccff9_6b2a,Kara,Bassar,Bassar 2,Bangeli,Tankpayabour,Marché Tankpayabour,{lundi},Non,"MULTIPOLYGON (((0.6977314896752197 9.43759935062224, 0.6978947174950659 9.437571859658814, 0.6981296063089911 9.437591496061485, 0.6981893238040566 9.438518332995129, 0.6972418062156805 9.438314114901791, 0.6972537497146937 9.437858551026777, 0.6977275085088818 9.437603277902548, 0.6977314896752197 9.43759935062224)))"
_mview_marche_marches.fid-2fb68024_1a0f82ccff9_6b2b,Kara,Bassar,Bassar 2,Bangeli,Taboun,Marché de Tanboune,{dimanche},Non,"MULTIPOLYGON (((0.6836033333333333 9.435066666666668, 0.6835079594219583 9.434725822007758, 0.6835079594219583 9.434725822007758, 0.6831747229269668 9.434786886176134, 0.6832098004527555 9.435306948905199, 0.6836033333333333 9.435066666666668)))"
_mview_marche_marches.fid-2fb68024_1a0f82ccff9_6b2c,Kara,Bassar,Bassar 3,Manga,Manga Songo,Marché de Manga,{samedi},Non,"MULTIPOLYGON (((0.7068383333333333 9.561871666666667, 0.7067233333333333 9.561661666666668, 0.7067133333333333 9.561563333333334, 0.70684 9.561463333333334, 0.7069949999999999 9.561428333333334, 0.70734 9.561231666666666, 0.7075083333333333 9.561418333333334, 0.706837591252118 9.561871914246465, 0.7068383333333333 9.561871666666667)))"
_mview_marche_marches.fid-2fb68024_1a0f82ccff9_6b2d,Maritime,Golfe,Golfe 1,Bè-Est,Ahligo,Marché d'ahligo,"{lundi,mardi,mercredi,jeudi,vendredi,samedi,dimanche}",Oui,"MULTIPOLYGON (((1.2531134246480289 6.141114628403722, 1.2535197946010777 6.141260446599389, 1.2536756206732995 6.1408655222270845, 1.2532509182411657 6.140725779686734, 1.2531134246480289 6.141114628403722)))"
_mview_marche_marches.fid-2fb68024_1a0f82ccff9_6b2e,Kara,Binah,Binah 1,Solla,Kouyala,Marché de Kakpala,{mardi},Oui,"MULTIPOLYGON (((1.348232449929057 9.889977710176757, 1.349130581691236 9.890012635897483, 1.3490537677905237 9.889692483318564, 1.3489592276050306 9.88944218199417, 1.3487937822804188 9.889092924013642, 1.3486224281942139 9.888726202734647, 1.348350625160922 9.888673813947099, 1.348232449929057 9.889977710176757)))"
_mview_marche_marches.fid-2fb68024_1a0f82ccff9_6b2f,Kara,Binah,Binah 1,Solla,Kouyoria,Marché de Kouyoria,{vendredi},Oui,"MULTIPOLYGON (((1.3336867548343292 9.947275987192759, 1.333697719709246 9.946563183685383, 1.3338731577079181 9.945429174900502, 1.3347613125761932 9.945461575206116, 1.3346626287019407 9.947243587067069, 1.3336867548343292 9.947275987192759)))"
_mview_marche_marches.fid-2fb68024_1a0f82ccff9_6b30,Kara,Binah,Binah 1,Pessaré,Confess-kwan,Marché de Kondjare,{dimanche},Oui,"MULTIPOLYGON (((1.2454044786491687 9.796014937716778, 1.244596713643583 9.79610132395425, 1.2446217606205003 9.796872628649124, 1.245448310858774 9.796798583476212, 1.2454044786491687 9.796014937716778)))"
_mview_marche_marches.fid-2fb68024_1a0f82ccff9_6b31,Kara,Binah,Binah 1,Pitikita,Yokoun,Marché de Pitikita,{jeudi},Oui,"MULTIPOLYGON (((1.2809676054802768 9.761637982774838, 1.2808438653108392 9.761847484175311, 1.2809073218079867 9.76207261986174, 1.2810374076271394 9.7622102027063, 1.2812404684180114 9.76221645647061, 1.2814022824857376 9.762091381162072, 1.2814371835591685 9.761913148766242, 1.2814086281354522 9.761700520520122, 1.2811928760451508 9.761603587009924, 1.2809676054802768 9.761637982774838)))"
_mview_marche_marches.fid-2fb68024_1a0f82ccff9_6b32,Kara,Binah,Binah 1,Lama-Dessi,Farende,Marché de Farende,{samedi},Oui,"MULTIPOLYGON (((1.242756758668022 9.730464153370152, 1.2428886850669378 9.731207172383785, 1.2430818630082072 9.731216460110998, 1.2433551391202469 9.73118859692858, 1.2436613968320156 9.73112822669204, 1.2436896667746409 9.731105007367388, 1.2436237035751831 9.730668483763614, 1.2435577403757254 9.730292329988009, 1.242756758668022 9.730464153370152)))"
_mview_marche_marches.fid-2fb68024_1a0f82ccff9_6b33,Kara,Binah,Binah 1,Pagouda,Assima,Marché Assima,{samedi},Non,"MULTIPOLYGON (((1.3336307879117497 9.709500782724941, 1.334074798478832 9.709446457921768, 1.3341045230356243 9.709890822345088, 1.3337484476157189 9.709957965269858, 1.3336307879117497 9.709500782724941)))"
_mview_marche_marches.fid-2fb68024_1a0f82ccff9_6b34,Kara,Binah,Binah 1,Pagouda,Kadjanga,Marché de Kadjanga,{vendredi},Non,"MULTIPOLYGON (((1.3359936514275736 9.718066750425722, 1.336179483253992 9.717509158680377, 1.3366435494724513 9.717774293165188, 1.3366271223496742 9.718091037522365, 1.3359936514275736 9.718066750425722)))"
_mview_marche_marches.fid-2fb68024_1a0f82ccff9_6b35,Kara,Binah,Binah 1,Pagouda,Tchalouda,Marché de Hezou,{vendredi},Non,"MULTIPOLYGON (((1.3504397194492612 9.688022511381048, 1.3509938343482908 9.688195170948687, 1.350771307092617 9.688684915528302, 1.3502590537565358 9.688519857568012, 1.3504397194492612 9.688022511381048)))"
_mview_marche_marches.fid-2fb68024_1a0f82ccff9_6b36,Kara,Binah,Binah 1,Pagouda,Kode,Marché de Kode,{mardi},Oui,"MULTIPOLYGON (((1.329685185470443 9.751280370601076, 1.3307304003096363 9.751807989478756, 1.3312147681619453 9.750811375342161, 1.330067581143319 9.750325629557098, 1.329685185470443 9.751280370601076)))"
_mview_marche_marches.fid-2fb68024_1a0f82ccff9_6b37,Kara,Binah,Binah 1,Pagouda,Alinde,Marché de Kondi,{mardi},Oui,"MULTIPOLYGON (((1.3291566666666665 9.752843333333335, 1.3289 9.753208333333333, 1.3295583333333334 9.753781666666667, 1.3297958964089487 9.753629877513085, 1.329784169460798 9.753505057148896, 1.3291566666666665 9.752843333333335)))"
_mview_marche_marches.fid-2fb68024_1a0f82ccff9_6b38,Kara,Binah,Binah 1,Pagouda,Piro,Marché de Piyenale,{samedi},Oui,"MULTIPOLYGON (((1.313767579519813 9.746403999106576, 1.3136389957766834 9.745857258490261, 1.3131283346253986 9.74616140569867, 1.313506738212322 9.746498139784515, 1.313767579519813 9.746403999106576)))"
_mview_marche_marches.fid-2fb68024_1a0f82ccff9_6b39,Kara,Binah,Binah 1,Pagouda,Pama,Marché de Pama,{vendredi},Non,"MULTIPOLYGON (((1.3201100413219633 9.80559271184052, 1.3200821280987938 9.805835676530599, 1.320198433195334 9.806041967165413, 1.3204077823691065 9.806096977979685, 1.3205985227274326 9.80603738293048, 1.3207101756201114 9.805890687379105, 1.3207101756201112 9.805702733609033, 1.3206310881544634 9.805533116700667, 1.3204310433884139 9.805464353064444, 1.3202309986223648 9.805491858520643, 1.3201100413219633 9.80559271184052)))"
_mview_marche_marches.fid-2fb68024_1a0f82ccff9_6b3a,Kara,Binah,Binah 2,Sirka,Amonde,Marché Amonde,{samedi},Non,"MULTIPOLYGON (((1.3280171243384185 9.552606553582056, 1.3278876679833618 9.553002975181695, 1.327149539643125 9.552469933601788, 1.3273448597577724 9.552013040154787, 1.3280171243384185 9.552606553582056)))"
_mview_marche_marches.fid-2fb68024_1a0f82ccff9_6b3b,Kara,Kéran,Kéran 2,Ataloté,Tchaste,Marché de Wanata,{dimanche},Oui,"MULTIPOLYGON (((0.9409233333333333 9.884158333333334, 0.941295 9.883961666666666, 0.94126 9.884089999999999, 0.9411783333333333 9.884198333333334, 0.9408633333333333 9.884416666666668, 0.9408650000000001 9.884361666666667, 0.9408607319577706 9.884226834049946, 0.9409233333333333 9.884158333333334)))"
_mview_marche_marches.fid-2fb68024_1a0f82ccff9_6b3c,Kara,Binah,Binah 2,Sirka,Lorou,Marché de Boy,{mardi},Non,"MULTIPOLYGON (((1.3334429813980593 9.543711600863858, 1.332631810908642 9.543381107655147, 1.3326554224440141 9.544599424214798, 1.3334429813980593 9.543711600863858)))"
_mview_marche_marches.fid-2fb68024_1a0f82ccff9_6b3d,Kara,Binah,Binah 2,Sirka,Kiekou,Marché de Kiekou,{vendredi},Non,"MULTIPOLYGON (((1.352363717670375 9.510315659090649, 1.3522203475181305 9.5100663490831, 1.3527145972535017 9.509519354847681, 1.3529900188617618 9.509779828402218, 1.352714597253502 9.510304495959863, 1.352363717670375 9.510315659090649)))"
_mview_marche_marches.fid-2fb68024_1a0f82ccff9_6b3e,Kara,Binah,Binah 2,Kétao,Kétao,Marché de Ketao,{mercredi},Oui,"MULTIPOLYGON (((1.3070754847690924 9.65782097855359, 1.3084289104481692 9.657811684456712, 1.3083888238122252 9.656931876731592, 1.3083508469992244 9.656000068407309, 1.308336078238613 9.655783755391846, 1.307852928784331 9.655819114259643, 1.307528016050883 9.655933510571193, 1.307122930045546 9.656066626230269, 1.3071060514619903 9.65614982349047, 1.3070912827013794 9.656309978158482, 1.3070828434096016 9.656794601560055, 1.3070754847690924 9.65782097855359)))"
_mview_marche_marches.fid-2fb68024_1a0f82ccff9_6b3f,Kara,Binah,Binah 2,Kémérida,Komouda,Marché de Komouda,{dimanche},Non,"MULTIPOLYGON (((1.3550275193963015 9.668028852486138, 1.3550917427204863 9.66957293831729, 1.3536502858887896 9.670111080460252, 1.3531721789198607 9.668257476120116, 1.3550275193963015 9.668028852486138)))"
_mview_marche_marches.fid-2fb68024_1a0f82ccff9_6b40,Kara,Binah,Binah 2,Kémérida,Kemerida,Marché de Kemerida,{dimanche},Non,"MULTIPOLYGON (((1.3446995467252374 9.662668255876897, 1.344857982908881 9.661919852026278, 1.3455445397046697 9.66226151486021, 1.345349795228941 9.6630945199348, 1.3449272987392251 9.662912300250932, 1.3449272987392251 9.662912300250932, 1.3446995467252374 9.662668255876897)))"
_mview_marche_marches.fid-2fb68024_1a0f82ccff9_6b41,Kara,Kéran,Kéran 3,Nadoba,Nadoba,Marché de Nadoba,{mercredi},Non,"MULTIPOLYGON (((1.0802388813317387 10.136312492761522, 1.078943957113319 10.13648927770428, 1.0792086131579597 10.137838422739543, 1.0809005214433403 10.1381919908439, 1.0802388813317387 10.136312492761522)))"
_mview_marche_marches.fid-2fb68024_1a0f82ccff9_6b42,Kara,Dankpen,Dankpen 1,Naompoch,Touguel,Marché de Touguel,{mercredi},Non,"MULTIPOLYGON (((0.6929416666666667 9.839768333333334, 0.6926733333333334 9.840225, 0.692325 9.840174999999999, 0.6924216666666666 9.839683333333333, 0.6926504147601975 9.839728263840803, 0.6929416666666667 9.839768333333334)))"
_mview_marche_marches.fid-2fb68024_1a0f82ccff9_6b43,Kara,Dankpen,Dankpen 1,Naompoch,Nampoch,Marché de Nampoch,{vendredi},Non,"MULTIPOLYGON (((0.6244816666666666 9.771091666666667, 0.6243016666666666 9.77115, 0.6242316666666666 9.77098, 0.6244001134584174 9.770843481938297, 0.6244816666666666 9.771091666666667)))"
_mview_marche_marches.fid-2fb68024_1a0f82ccff9_6b44,Kara,Dankpen,Dankpen 1,Katchamba,Katchamba,Marché de Katchamba,{mardi},Non,"MULTIPOLYGON (((0.5287310241626465 9.886333910266945, 0.5287381654925192 9.886851003183706, 0.5291987812693129 9.886822862093519, 0.5291952106043764 9.88632687498356, 0.5287310241626465 9.886333910266945)))"
_mview_marche_marches.fid-2fb68024_1a0f82ccff9_6b45,Kara,Dankpen,Dankpen 1,Katchamba,Tchabokou,Marché de Tchaboukou,{samedi},Non,"MULTIPOLYGON (((0.45595 9.931375000000001, 0.4555316666666667 9.931555, 0.45539 9.931328333333333, 0.4558583333333334 9.931226666666667, 0.45595 9.931375000000001)))"
_mview_marche_marches.fid-2fb68024_1a0f82ccff9_6b46,Kara,Kéran,Kéran 2,Ataloté,Tapouta,Marché de Tokgnomr,{samedi},Non,"MULTIPOLYGON (((0.9743216666666666 9.93067, 0.9742383333333334 9.930106666666667, 0.9745966666666667 9.930010000000001, 0.9747566666666666 9.930528333333333, 0.9743216666666666 9.93067)))"
_mview_marche_marches.fid-2fb68024_1a0f82ccff9_6b47,Kara,Dankpen,Dankpen 1,Guérin-Kouka,Guerin Kouka,Marché de Guerin Kouka,{dimanche},Oui,"MULTIPOLYGON (((0.6056733333333334 9.702323333333334, 0.602662074015954 9.702150327788594, 0.602662074015954 9.702150327788594, 0.602662074015954 9.702150327788594, 0.6028768606388235 9.699955004903119, 0.6028768606388235 9.699955004903119, 0.6061433333333334 9.700121666666666, 0.6056733333333334 9.702323333333334)))"
_mview_marche_marches.fid-2fb68024_1a0f82ccff9_6b48,Kara,Dankpen,Dankpen 3,Nawaré,Naware,Marché de Naware,{vendredi},Non,"MULTIPOLYGON (((0.6325171347271895 9.614814028322154, 0.6322082124066133 9.613857529938992, 0.6317123107867411 9.614757920949778, 0.6325171347271895 9.614814028322154)))"
_mview_marche_marches.fid-2fb68024_1a0f82ccff9_6b49,Kara,Dankpen,Dankpen 3,Bapuré,Kpatchile,Marché de Kpatchile,{jeudi},Non,"MULTIPOLYGON (((0.5804931356845381 9.536666353107103, 0.5800228060493895 9.53543588071961, 0.5806149827402763 9.535125858656242, 0.581431358013721 9.535082599741278, 0.5822915982272314 9.536168877500636, 0.5814216102492619 9.536589448712942, 0.5804931356845381 9.536666353107103)))"
_mview_marche_marches.fid-2fb68024_1a0f82ccff9_6b4a,Kara,Dankpen,Dankpen 3,Bapuré,Bapure,Marché de Bapure,"{jeudi,lundi}",Non,"MULTIPOLYGON (((0.6210566666666666 9.522246666666666, 0.6198031181785743 9.522447131829583, 0.6198149999999999 9.521821666666666, 0.6198876965833252 9.521280943976315, 0.6212896120957726 9.521209430018056, 0.6210566666666666 9.522246666666666)))"
_mview_marche_marches.fid-2fb68024_1a0f82ccff9_6b4b,Kara,Dankpen,Dankpen 3,Nandouta,Nandoutaou,Marché de Nandouta,{samedi},Non,"MULTIPOLYGON (((0.4082616666666666 9.595151666666668, 0.4074383333333334 9.595291666666666, 0.4074383333333334 9.595291666666666, 0.4074383333333334 9.595291666666666, 0.4073666666666666 9.595885, 0.4086791498563554 9.59557635159746, 0.4082616666666666 9.595151666666668)))"
_mview_marche_marches.fid-2fb68024_1a0f82ccff9_6b4c,Savanes,Tône,Tône 3,Lotogou,Lotogou,Marché de Lotogou,"{dimanche,jeudi}",Oui,"MULTIPOLYGON (((0.024868253869976 10.7988725076564, 0.0246263492260048 10.798308919476066, 0.0250264222910341 10.797979905346843, 0.0254575087719571 10.79770877306212, 0.0257955550051989 10.797836723159556, 0.0262359455108901 10.798107855328801, 0.0260064462332764 10.799052246367207, 0.0255102315789765 10.799338609514788, 0.0251070571723579 10.799286820455132, 0.024868253869976 10.7988725076564)))"
_mview_marche_marches.fid-2fb68024_1a0f82ccff9_6b4d,Kara,Dankpen,Dankpen 3,Nandouta,Kloukpon,Marché de Kloukpon,{vendredi},Non,"MULTIPOLYGON (((0.3144833333333333 9.493325, 0.314465 9.493374222752252, 0.3145033333333334 9.493526666666666, 0.3143966666666667 9.493686666666667, 0.3143883333333333 9.493915, 0.3143883333333333 9.494008333333333, 0.31444 9.49414, 0.314675 9.494056666666667, 0.3148766666666667 9.494175, 0.31506 9.494131666666668, 0.3152533333333333 9.493953333333334, 0.3153133333333333 9.493841666666667, 0.3151816666666667 9.49367, 0.3151133333333334 9.49366, 0.314935 9.493596666666667, 0.3148733333333333 9.493488333333334, 0.3147033333333333 9.493371666666667, 0.3145733333333334 9.493301666666667, 0.3144833333333333 9.493325)))"
_mview_marche_marches.fid-2fb68024_1a0f82ccff9_6b4e,Kara,Dankpen,Dankpen 3,Nandouta,Possao,Marché de Possao,{mercredi},Non,"MULTIPOLYGON (((0.2468217939613775 9.554131892376896, 0.2468404128641383 9.553420416670619, 0.2459839433371402 9.553447957693367, 0.2459748121834555 9.554108462617416, 0.2468217939613775 9.554131892376896)))"
_mview_marche_marches.fid-2fb68024_1a0f82ccff9_6b4f,Kara,Doufelgou,Doufelgou 1,Pouda,Boulola,Marché de Pouda Marché,{mercredi},Non,"MULTIPOLYGON (((1.2615866666666666 9.873776666666666, 1.2623250000000001 9.873726666666666, 1.2624016666666666 9.874301666666666, 1.2615049999999999 9.874246666666666, 1.2615866666666666 9.873776666666666)))"
_mview_marche_marches.fid-2fb68024_1a0f82ccff9_6b50,Kara,Dankpen,Dankpen 1,Koulféikou,Koulfiekou,Marché de Koulfiekou,{jeudi},Non,"MULTIPOLYGON (((0.401958242116899 9.985513673746649, 0.401764950867649 9.985312259960143, 0.40155 9.984919999999999, 0.4021116666666666 9.984736666666667, 0.4022433333333333 9.98514, 0.401958242116899 9.985513673746649)))"
_mview_marche_marches.fid-2fb68024_1a0f82ccff9_6b51,Kara,Dankpen,Dankpen 2,Namon,Namon,Marché de Namon,{jeudi},Non,"MULTIPOLYGON (((0.8080832547825182 9.728193476596458, 0.8078029810693999 9.727359722444904, 0.8093470344343979 9.727404926036568, 0.8092145414063785 9.728198499205524, 0.8080832547825182 9.728193476596458)))"
_mview_marche_marches.fid-2fb68024_1a0f82ccff9_6b52,Kara,Dankpen,Dankpen 2,Natchitikpi,Natchitikpi,Marché de Natchitikpi,{lundi},Non,"MULTIPOLYGON (((0.7390974265706345 9.690590253866725, 0.7384299684089771 9.690562675781749, 0.7381901630814358 9.690038691736577, 0.738765695867535 9.689873222920731, 0.7390974265706345 9.690590253866725)))"
_mview_marche_marches.fid-2fb68024_1a0f82ccff9_6b53,Kara,Dankpen,Dankpen 3,Kidjabou,Kidjaboun,Marché de Kidjaboun,{vendredi},Non,"MULTIPOLYGON (((0.466105 9.782681666666667, 0.46571 9.78261, 0.46571 9.78261, 0.4656783333333333 9.782431666666668, 0.4654216666666667 9.782495, 0.4653983333333333 9.782784999999999, 0.46499 9.783105, 0.4648333333333333 9.783505, 0.4650016666666666 9.783555, 0.466105 9.782681666666667)))"
_mview_marche_marches.fid-2fb68024_1a0f82ccff9_6b54,Kara,Doufelgou,Doufelgou 1,Siou,Kamante,Marché de Kamante,{samedi},Non,"MULTIPOLYGON (((1.1959203451465452 9.824077479745625, 1.1956609733298373 9.82400307372931, 1.1958054335821808 9.823656923781268, 1.1960352567109092 9.823737799969773, 1.1959203451465452 9.824077479745625)))"
_mview_marche_marches.fid-2fb68024_1a0f82ccff9_6b55,Kara,Doufelgou,Doufelgou 1,Siou,Siou,Marché Cantonale de Siou,{mardi},Non,"MULTIPOLYGON (((1.20123 9.822955, 1.2013800000000001 9.821976666666666, 1.2013657714130745 9.82195057840916, 1.2013657714130745 9.82195057840916, 1.200553542283777 9.821759389848545, 1.200621228044552 9.822968766790165, 1.20123 9.822955)))"
_mview_marche_marches.fid-2fb68024_1a0f82ccff9_6b56,Kara,Doufelgou,Doufelgou 1,Siou,Hagouba,Marché Nigougou,{vendredi},Non,"MULTIPOLYGON (((1.2087520005459174 9.809609177581418, 1.2085617735648029 9.809646666726657, 1.2085498843784837 9.809227256672575, 1.2087472448713907 9.809243658193042, 1.2087520005459174 9.809609177581418)))"
_mview_marche_marches.fid-2fb68024_1a0f82ccff9_6b57,Kara,Doufelgou,Doufelgou 1,Siou,Koukou,Petit Marché Koukou,"{mardi,samedi}",Non,"MULTIPOLYGON (((1.181261979680789 9.794773251507536, 1.1811052441658156 9.794605929713956, 1.1811392035273935 9.794387124164306, 1.1812867961373268 9.794390985439962, 1.1814147968078885 9.794445043294427, 1.181444837781592 9.794665135896713, 1.181261979680789 9.794773251507536)))"
_mview_marche_marches.fid-2fb68024_1a0f82ccff9_6b58,Kara,Doufelgou,Doufelgou 1,Siou,Kpadibe,Marché de Kpadibe,{jeudi},Non,"MULTIPOLYGON (((1.1947059004081004 9.81117391055164, 1.195043865093835 9.811027670491413, 1.1953377474292566 9.811622765778916, 1.1948895768677383 9.811727015938233, 1.1945854086505772 9.811462046719038, 1.1947059004081004 9.81117391055164)))"
_mview_marche_marches.fid-2fb68024_1a0f82ccff9_6b59,Plateaux,Amou,Amou 3,Hihéatro,Elavagnon,Marché de Elavagnon,{samedi},Non,"MULTIPOLYGON (((1.095167676565134 7.528039568009082, 1.0949077542357597 7.527970765039543, 1.0949383333333331 7.527825514326069, 1.09496509004371 7.527810224777283, 1.095221189985888 7.527928718780379, 1.095167676565134 7.528039568009082)))"
_mview_marche_marches.fid-2fb68024_1a0f82ccff9_6b5a,Kara,Doufelgou,Doufelgou 1,Agbandè-Yaka,Agnoutè,Marché Toyaya,{mercredi},Non,"MULTIPOLYGON (((1.1061902503308452 9.743466906748436, 1.106017930966068 9.743132546443848, 1.106450524371394 9.743033476659622, 1.1065205291133344 9.743468675849687, 1.1061902503308452 9.743466906748436)))"
_mview_marche_marches.fid-2fb68024_1a0f82ccff9_6b5b,Kara,Doufelgou,Doufelgou 1,Niamtougou,Tiyakou,Marché de Tiyakou,{jeudi},Non,"MULTIPOLYGON (((1.115153007997729 9.779608822688472, 1.114627460575863 9.779798166215615, 1.1147094007652933 9.779149385740444, 1.115266028948668 9.779113187650886, 1.115153007997729 9.779608822688472)))"
_mview_marche_marches.fid-2fb68024_1a0f82ccff9_6b5c,Kara,Doufelgou,Doufelgou 1,Niamtougou,Niamtougou,Marché de Niamtougou,"{mercredi,dimanche}",Non,"MULTIPOLYGON (((1.1081249155413349 9.765231621748708, 1.1091343275656051 9.764949474705912, 1.1089469965202674 9.764653564434125, 1.1092031789819974 9.76438796440004, 1.1089403796626682 9.763764567617196, 1.107142000766456 9.764014839786975, 1.1081249155413349 9.765231621748708)))"
_mview_marche_marches.fid-2fb68024_1a0f82ccff9_6b5d,Kara,Doufelgou,Doufelgou 1,Niamtougou,Agbande,Petit Marché d'agbande,{vendredi},Non,"MULTIPOLYGON (((1.1003998759076525 9.7534531022856, 1.1004083899467225 9.753491243082873, 1.1004304490479495 9.753489717451068, 1.1004329645594928 9.753451195245626, 1.1003998759076525 9.7534531022856)))"
_mview_marche_marches.fid-2fb68024_1a0f82ccff9_6b5e,Kara,Doufelgou,Doufelgou 1,Ténéga,Bidigou,Marché de Tenega,"{lundi,mardi,dimanche,samedi,mercredi,jeudi,vendredi}",Oui,"MULTIPOLYGON (((1.1349033333333334 9.814775, 1.1347316841652815 9.815138223799002, 1.1342825697286432 9.814815429248428, 1.1343221974730524 9.814471808897268, 1.1345455313380168 9.814355571559798, 1.134822925548882 9.814529985025615, 1.1349033333333334 9.814775)))"
_mview_marche_marches.fid-2fb68024_1a0f82ccff9_6b5f,Kara,Doufelgou,Doufelgou 1,Ténéga,Djeregou,Marché de Djeregou,{vendredi},Non,"MULTIPOLYGON (((1.144174770062687 9.819025795198572, 1.1443250950070512 9.818861914521554, 1.144561776834348 9.81887452073036, 1.1445793680512413 9.819240100576872, 1.1443970590761614 9.8192590098683, 1.1442307421164395 9.819247979448429, 1.144174770062687 9.819025795198572)))"
_mview_marche_marches.fid-2fb68024_1a0f82ccff9_6b60,Kara,Doufelgou,Doufelgou 1,Baga,Koudougoua,Marché de Koudougoua,{mercredi},Non,"MULTIPOLYGON (((1.1016212528235285 9.787460868261126, 1.1018043534490016 9.787685275509507, 1.1020251512620722 9.787675419788943, 1.1020266899227904 9.78739112003142, 1.1016212528235285 9.787460868261126)))"
_mview_marche_marches.fid-2fb68024_1a0f82ccff9_6b61,Kara,Doufelgou,Doufelgou 1,Baga,Samaragou,Marché de Baga,{vendredi},Oui,"MULTIPOLYGON (((1.1019930865925849 9.790280693604874, 1.102777416717803 9.7901817108556, 1.1025380571155567 9.789501466908197, 1.1023350288815084 9.789535163235607, 1.102320068906368 9.789453028431547, 1.1020443779359232 9.789436180264103, 1.1019930865925849 9.790280693604874)))"
_mview_marche_marches.fid-2fb68024_1a0f82ccff9_6b62,Kara,Doufelgou,Doufelgou 1,Baga,Kirgah,Marché de Kirgah,{dimanche},Non,"MULTIPOLYGON (((1.0982555782636019 9.794113622701461, 1.0981733333333332 9.793608333333333, 1.0986583333333333 9.793561666666667, 1.0987410080940723 9.794066412173178, 1.0987410080940723 9.794066412173178, 1.0982555782636019 9.794113622701461)))"
_mview_marche_marches.fid-2fb68024_1a0f82ccff9_6b63,Kara,Doufelgou,Doufelgou 1,Baga,Samaragou,Marché de Samaragou,{mardi},Non,"MULTIPOLYGON (((1.1059970015000604 9.78873117776703, 1.1065603682489467 9.788440727133143, 1.1062917430441794 9.788076744334585, 1.1059298451988684 9.788278957049696, 1.1059970015000604 9.78873117776703)))"
_mview_marche_marches.fid-2fb68024_1a0f82ccff9_6b64,Kara,Kéran,Kéran 2,Ossacré,Kpaouta,Petit Marché de Kpaouta,"{lundi,vendredi}",Oui,"MULTIPOLYGON (((0.6956316666666668 10.057885, 0.6956033333333332 10.058021666666667, 0.6957033333333332 10.058245, 0.6960833333333334 10.058086666666666, 0.6958283333333333 10.057568333333334, 0.6956316666666668 10.057885)))"
_mview_marche_marches.fid-2fb68024_1a0f82ccff9_6b65,Kara,Kéran,Kéran 2,Ossacré,Nande,Petit Marché de Nande,{samedi},Non,"MULTIPOLYGON (((0.7544166666666666 10.048585000000001, 0.7541100000000001 10.048725, 0.7540483333333333 10.048595, 0.7543283333333334 10.048463333333332, 0.7544316666666667 10.048578333333333, 0.7544166666666666 10.048585000000001)))"
_mview_marche_marches.fid-2fb68024_1a0f82ccff9_6b66,Kara,Kéran,Kéran 2,Ossacré,Pangouda,Marché de Pangouda,{lundi},Non,"MULTIPOLYGON (((0.8087733333333333 10.016901666666666, 0.8098 10.016975, 0.8098299999999999 10.017706666666667, 0.808985 10.01777, 0.8087718303402232 10.016907334855306, 0.8087733333333333 10.016901666666666)))"
_mview_marche_marches.fid-2fb68024_1a0f82ccff9_6b67,Kara,Doufelgou,Doufelgou 1,Massédéna,Massedena,Marché de Massedena,{samedi},Non,"MULTIPOLYGON (((1.2859798963954907 9.941156916044243, 1.286356450722913 9.940918324941245, 1.286481968832054 9.940833733508374, 1.286519404057587 9.94074914205361, 1.2865436268505792 9.940716606872874, 1.286603082797014 9.940697085762876, 1.28666914495972 9.940655874526833, 1.2867109843294338 9.940584297104516, 1.2867462174828768 9.94045198728261, 1.2867131864015238 9.940254606956968, 1.2866647408155396 9.94002252224581, 1.286611891085375 9.93996612780513, 1.2864247149577088 9.940011677161817, 1.2862331346858626 9.939885874161245, 1.2858257513491782 9.940345705583614, 1.2859600777466795 9.940504043612378, 1.2859050259444247 9.940566944999782, 1.285993108828032 9.940840240542459, 1.2859975129722125 9.94104629655452, 1.285957875674589 9.941102690808867, 1.2859402590978675 9.941169930099413, 1.2859710881071302 9.941169930099413, 1.2859798963954907 9.941156916044243)))"
_mview_marche_marches.fid-2fb68024_1a0f82ccff9_6b68,Kara,Doufelgou,Doufelgou 1,Koka,Djaragou,Marché Central de Doufelgou,{dimanche},Oui,"MULTIPOLYGON (((1.1195607200373816 9.785173558251039, 1.1203774122572023 9.785968899843777, 1.1216913259167383 9.784371113464434, 1.1209466947751365 9.783668085023214, 1.1195607200373816 9.785173558251039)))"
_mview_marche_marches.fid-2fb68024_1a0f82ccff9_6b69,Kara,Doufelgou,Doufelgou 1,Koka,Kantambolo,Marché de Djara Yakou,{lundi},Non,"MULTIPOLYGON (((1.1227134820966984 9.781048227439358, 1.1226003511352733 9.781283178257732, 1.1229397440195488 9.781329247026173, 1.1230145413494166 9.781185512447516, 1.1227134820966984 9.781048227439358)))"
_mview_marche_marches.fid-2fb68024_1a0f82ccff9_6b6a,Savanes,Oti,Oti 2,Barkoissi,Kpebonga,Marché de Kpebonga,"{lundi,mardi,mercredi,jeudi,vendredi,samedi,dimanche}",Non,"MULTIPOLYGON (((0.3492366666666667 10.630173333333335, 0.349233464610185 10.630610092910183, 0.3493868076792321 10.630567744296675, 0.3492366666666667 10.630173333333335)))"
_mview_marche_marches.fid-2fb68024_1a0f82ccff9_6b6b,Kara,Doufelgou,Doufelgou 3,Léon,Bidjande,Marché de Bidjande,{mardi},Oui,"MULTIPOLYGON (((0.9307426028566367 9.692092980705342, 0.9311581648812683 9.692067199758243, 0.9311959432471438 9.691488560202192, 0.9307309787440595 9.691414081770997, 0.9306147376182883 9.69176928644809, 0.9307426028566367 9.692092980705342)))"
_mview_marche_marches.fid-2fb68024_1a0f82ccff9_6b6c,Kara,Kéran,Kéran 2,Ataloté,Amna-komnte,Marché de Sarfa,{mardi},Non,"MULTIPOLYGON (((0.8545483333333334 9.980308333333333, 0.85458 9.98014, 0.854495 9.980065, 0.8545 9.97996, 0.85445 9.97986, 0.8543466666666667 9.979790000000001, 0.8542500000000001 9.979854999999999, 0.8541833333333333 9.979878333333334, 0.85412 9.98003, 0.8545483333333334 9.980308333333333)))"
_mview_marche_marches.fid-2fb68024_1a0f82ccff9_6b6d,Kara,Kéran,Kéran 2,Ataloté,Outrite,Marché de Kpitindjo,{mercredi},Non,"MULTIPOLYGON (((0.8763133333333334 9.99812, 0.87639 9.998603333333334, 0.8765916666666667 9.9984, 0.8764350000000001 9.998145, 0.8763133333333334 9.99812)))"
_mview_marche_marches.fid-2fb68024_1a0f82ccff9_6b6e,Kara,Doufelgou,Doufelgou 3,Léon,Bidjandè,Marché Bidjandè Bas,{jeudi},Oui,"MULTIPOLYGON (((0.9077350000000001 9.675275, 0.9077350000000001 9.675275, 0.9077350000000001 9.675275, 0.9077350000000001 9.675275, 0.9077483333333334 9.675276666666667, 0.9077633333333334 9.675276666666667, 0.9077666666666667 9.675273333333333, 0.9077750000000001 9.675271666666667, 0.9077916666666667 9.675266666666666, 0.9078 9.675266666666666, 0.9078083333333333 9.675256666666666, 0.9078149999999999 9.675255, 0.9078233333333333 9.675248333333334, 0.9078316666666667 9.675244999999999, 0.9078416666666667 9.675241666666667, 0.9078516666666666 9.675233333333333, 0.90786 9.675225000000001, 0.907875 9.675216666666667, 0.90788 9.675211666666666, 0.9078883333333334 9.675208333333334, 0.9079083333333333 9.675201666666668, 0.9079149999999999 9.675199999999998, 0.9079183333333333 9.675195, 0.9079333333333334 9.675183333333333, 0.9079533333333334 9.675168333333334, 0.9079633333333333 9.675158333333334, 0.90797 9.675153333333332, 0.90798 9.675141666666667, 0.9079933333333333 9.675135000000001, 0.9079983333333334 9.675135000000001, 0.9080100000000001 9.675128333333333, 0.908015 9.67512, 0.9080166666666667 9.675101666666666, 0.9080183333333333 9.67509, 0.90802 9.675083333333333, 0.9080183333333333 9.675066666666668, 0.9080183333333333 9.675061666666666, 0.9080166666666667 9.675054999999999, 0.9080116666666667 9.675036666666667, 0.9080066666666667 9.675025, 0.9079999999999999 9.675016666666666, 0.9079833333333334 9.675, 0.9079783333333334 9.674990000000001, 0.9079666666666667 9.67497, 0.907965 9.674961666666666, 0.9079533333333334 9.674946666666667, 0.9079466666666666 9.67494, 0.9079283333333333 9.674935, 0.9079183333333333 9.674935, 0.9078983333333334 9.67494, 0.90789 9.674941666666665, 0.9078716666666666 9.674946666666667, 0.90786 9.674948333333333, 0.9078516666666666 9.674953333333333, 0.90784 9.674958333333333, 0.9078316666666667 9.674961666666666, 0.9078233333333333 9.674961666666666, 0.9077233333333333 9.674981666666667, 0.90771 9.675021666666668, 0.9077033333333334 9.675043333333333, 0.9077016666666666 9.675046666666667, 0.9076633333333334 9.675068333333334, 0.9076566666666667 9.675081666666667, 0.9076483333333333 9.67511, 0.9076433333333332 9.675131666666665, 0.90764 9.675166666666666, 0.9076416666666667 9.675185, 0.9076383333333333 9.675206666666666, 0.9076583333333333 9.675238333333334, 0.9076733333333333 9.675251666666666, 0.9076966666666666 9.675275, 0.9077233333333333 9.675285, 0.9077350000000001 9.675275)))"
_mview_marche_marches.fid-2fb68024_1a0f82ccff9_6b6f,Savanes,Tône,Tône 4,Kantindi,Kantindi,Marché de Kantindi,"{lundi,jeudi}",Oui,"MULTIPOLYGON (((0.2783075883507857 10.894169864796943, 0.2784189660413032 10.894008221682048, 0.278564739783304 10.893943886089517, 0.278754737020069 10.893908501507697, 0.2789258983238789 10.894016263630144, 0.2791363694008127 10.894189969655836, 0.279174041266723 10.894425598500918, 0.2790266296175086 10.894673290055085, 0.2788865885507551 10.894768989009455, 0.2788038742364738 10.894750492575294, 0.2783075883507857 10.894169864796943)))"
_mview_marche_marches.fid-2fb68024_1a0f82ccff9_6b70,Kara,Doufelgou,Doufelgou 3,Léon,Leon Yaka,Marché de Leon Yaka,{lundi},Oui,"MULTIPOLYGON (((0.9524833333333333 9.650746666666667, 0.952475 9.650748333333333, 0.9524416666666667 9.650738333333333, 0.9524116666666667 9.650735, 0.9523716666666666 9.650711666666666, 0.9523416666666668 9.650688333333333, 0.9523333333333334 9.650655, 0.952325 9.650595000000001, 0.952315 9.650546666666665, 0.95228 9.650495000000001, 0.9522533333333333 9.650463333333333, 0.952255 9.650451666666667, 0.9522633333333334 9.650421666666666, 0.9522633333333334 9.650385, 0.9523050000000001 9.650343333333332, 0.9523383333333334 9.650331666666666, 0.9523783333333333 9.650321666666667, 0.9524733333333334 9.650313333333335, 0.9524716666666666 9.65034, 0.9524633333333333 9.650395, 0.9524483333333333 9.650441666666667, 0.9524416666666667 9.650458333333335, 0.9524383333333333 9.650478333333332, 0.95244 9.65048, 0.95244 9.650491666666666, 0.9524416666666667 9.650508333333333, 0.9524349999999999 9.650535, 0.95243 9.650553333333333, 0.95243 9.650565, 0.95243 9.650575, 0.9524383333333333 9.650598333333333, 0.9524433333333333 9.65062, 0.9524516666666667 9.650643333333333, 0.9524516666666667 9.650665, 0.9524533333333333 9.650671666666666, 0.952465 9.650683333333335, 0.9524666666666667 9.650693333333333, 0.9524783333333333 9.650711666666666, 0.9524833333333333 9.650745, 0.9524866666666667 9.650753333333334, 0.9524866666666667 9.65076, 0.9524833333333333 9.650768333333334, 0.9524833333333333 9.650746666666667)))"
_mview_marche_marches.fid-2fb68024_1a0f82ccff9_6b71,Kara,Doufelgou,Doufelgou 3,Alloum,Broukou,Grand Marché de Broukou,{vendredi},Oui,"MULTIPOLYGON (((0.9204899999999999 9.73927, 0.9202 9.7392, 0.9201566666666667 9.738476666666665, 0.919435 9.738276666666668, 0.9189116666666667 9.7383, 0.9189050000000001 9.738346666666667, 0.9187716666666667 9.738306666666666, 0.91862 9.738313333333334, 0.9182233333333334 9.7384, 0.9181466666666667 9.738805000000001, 0.9179733333333334 9.738771666666667, 0.9177783333333333 9.73897, 0.9177583333333333 9.739210000000002, 0.91813 9.739344999999998, 0.9182566666666666 9.739951666666666, 0.9183316666666667 9.739998333333334, 0.9190349999999999 9.73991, 0.9191516666666666 9.740165, 0.9196716666666667 9.740326666666666, 0.9201930795122437 9.740320238364678, 0.9204899999999999 9.73927)))"
_mview_marche_marches.fid-2fb68024_1a0f82ccff9_6b72,Kara,Doufelgou,Doufelgou 3,Kadjalla,Alleloua,Marché de Kadjalla,{lundi},Oui,"MULTIPOLYGON (((0.9807954891773297 9.809337583347979, 0.9811697743976707 9.80868646051621, 0.9820008201202105 9.809143569687983, 0.9816512532686658 9.809973297047566, 0.9807954891773297 9.809337583347979)))"
_mview_marche_marches.fid-2fb68024_1a0f82ccff9_6b73,Kara,Doufelgou,Doufelgou 3,Kadjalla,Agbassa,Marché Agbassa,{mercredi},Non,"MULTIPOLYGON (((0.9205233333333334 9.788316666666667, 0.9198016666666666 9.788776666666667, 0.9198033333333334 9.788776666666667, 0.91937 9.78809, 0.91996 9.7874, 0.9205233333333334 9.788316666666667)))"
_mview_marche_marches.fid-2fb68024_1a0f82ccff9_6b74,Kara,Doufelgou,Doufelgou 3,Tchoré,Tchore,Marché Foun,{mardi},Non,"MULTIPOLYGON (((1.017149620151726 9.847287023192592, 1.0169743192063017 9.847463734882652, 1.0166115577123014 9.847411819593692, 1.0165021212839438 9.847176203948866, 1.01644132326819 9.846681011198005, 1.0166713424277933 9.846579177112794, 1.017149620151726 9.847287023192592)))"
_mview_marche_marches.fid-2fb68024_1a0f82ccff9_6b75,Kara,Kéran,Kéran 2,Hélota,Kpaskpai,Marché de Kpaskpai,{samedi},Non,"MULTIPOLYGON (((0.8007916604591218 9.943006119154855, 0.8008413600027677 9.94292591945679, 0.8008307856317791 9.942791558879572, 0.8004860611375554 9.942719691571408, 0.800439533905206 9.942929044120717, 0.8007916604591218 9.943006119154855)))"
_mview_marche_marches.fid-2fb68024_1a0f82ccff9_6b76,Kara,Kéran,Kéran 1,Pessidè,Manoute,Marché de Manoute,"{mardi,vendredi}",Non,"MULTIPOLYGON (((0.8963609431347852 9.986978103935417, 0.89627 9.986653333333333, 0.8962133333333333 9.986613333333334, 0.8961749999999999 9.986615, 0.8958566666666666 9.986765, 0.8959466666666667 9.986931666666667, 0.8963609431347852 9.986978103935417)))"
_mview_marche_marches.fid-2fb68024_1a0f82ccff9_6b77,Kara,Kéran,Kéran 2,Ataloté,Atalote,Nouveau Marché de Atalote,Nsp,Oui,"MULTIPOLYGON (((0.9453841816477379 9.946814894280482, 0.9454546827771563 9.947318343991817, 0.9456589286962066 9.947306089647002, 0.9455811700975835 9.946804682310763, 0.9455811700975835 9.946804682310763, 0.9453841816477379 9.946814894280482)))"
_mview_marche_marches.fid-2fb68024_1a0f82ccff9_6b78,Kara,Kéran,Kéran 2,Ataloté,Atalote,Marché de Teloutè,"{lundi,mardi,mercredi,jeudi,vendredi,samedi,dimanche}",Oui,"MULTIPOLYGON (((0.9437366666666667 9.940688333333332, 0.94374 9.940515, 0.9439583333333333 9.940578333333333, 0.9439583333333333 9.940616666666667, 0.9440833333333334 9.94061, 0.9441316666666667 9.940698333333334, 0.9437666666666666 9.940738333333334, 0.9437330062805066 9.940683163754533, 0.9437330062805066 9.940683163754533, 0.9437366666666667 9.940688333333332)))"
_mview_marche_marches.fid-2fb68024_1a0f82ccff9_6b79,Kara,Kéran,Kéran 1,Pessidè,Flotè,Marché de Flotè,"{mardi,vendredi}",Oui,"MULTIPOLYGON (((0.9181642576057814 9.972226249272325, 0.917565036280738 9.972387990548805, 0.9170514585074403 9.972405013279365, 0.9170514585074403 9.972405013279365, 0.91704652025962 9.971758148892906, 0.9179354048672508 9.971196397199801, 0.9181642576057814 9.972226249272325)))"
_mview_marche_marches.fid-2fb68024_1a0f82ccff9_6b7a,Kara,Kéran,Kéran 2,Ataloté,Toundja,Marché de Toundja,"{mercredi,vendredi}",Oui,"MULTIPOLYGON (((0.9310844387316548 9.960186564491757, 0.9309741457276631 9.960058763657797, 0.9311979756475283 9.95977440662263, 0.9313407077703406 9.959873452359636, 0.9311233656742399 9.960215319672496, 0.9310844387316548 9.960186564491757)))"
_mview_marche_marches.fid-2fb68024_1a0f82ccff9_6b7b,Kara,Kéran,Kéran 2,Ataloté,Adelo,Marché d'adelo,"{vendredi,mardi}",Oui,"MULTIPOLYGON (((0.8673506854721961 9.925054983919868, 0.8673816558624636 9.925036382157801, 0.8673021190398593 9.924906922219437, 0.8671459759508442 9.924940567352113, 0.8672240474953518 9.92511600263077, 0.8672716849353109 9.925092160714797, 0.8673506854721961 9.925054983919868)))"
_mview_marche_marches.fid-2fb68024_1a0f82ccff9_6b7c,Kara,Kéran,Kéran 2,Ataloté,Atalote,Grand Marché de Atalote,{mardi},Oui,"MULTIPOLYGON (((0.944075 9.94223, 0.9455283333333333 9.944561666666667, 0.9451383333333333 9.944510000000001, 0.9435533333333334 9.944536666666666, 0.943775 9.942275, 0.944075 9.94223)))"
_mview_marche_marches.fid-2fb68024_1a0f82ccff9_6b7d,Kara,Kéran,Kéran 2,Ataloté,Warite_ Ferme,Marché de Warite_ferme,{mercredi},Non,"MULTIPOLYGON (((0.9021283333333333 9.880585, 0.9018999999999999 9.880643333333333, 0.9018149999999999 9.880135, 0.9019866666666666 9.880088333333333, 0.9021283333333333 9.880585)))"
_mview_marche_marches.fid-2fb68024_1a0f82ccff9_6b7e,Kara,Kéran,Kéran 2,Ataloté,Tchaste Ferme,Marché de Tchaste Ferme,{mardi},Oui,"MULTIPOLYGON (((0.9105266666666666 9.89415, 0.91077 9.894298333333333, 0.9104533333333333 9.894383333333334, 0.9104316666666666 9.894196666666666, 0.9105266666666666 9.89415)))"
_mview_marche_marches.fid-2fb68024_1a0f82ccff9_6b7f,Kara,Kéran,Kéran 2,Ataloté,Terite Ferme,Marché de Terite Ferme,{jeudi},Non,"MULTIPOLYGON (((0.9241616666666667 9.918285, 0.92429 9.918043333333333, 0.9239266666666667 9.917908333333333, 0.9238416666666667 9.918061666666667, 0.9241616666666667 9.918285)))"
_mview_marche_marches.fid-2fb68024_1a0f82ccff9_6b80,Kara,Kéran,Kéran 2,Ataloté,Anima_ferme,Marché de Anima Ferme,{mardi},Non,"MULTIPOLYGON (((0.8875466666666667 9.931798333333335, 0.8875166666666666 9.932148333333334, 0.888135 9.932148333333334, 0.8881716666666667 9.932001666666668, 0.8875466666666667 9.931798333333335)))"
_mview_marche_marches.fid-2fb68024_1a0f82ccff9_6b81,Kara,Doufelgou,Doufelgou 2,Défalé,Tamde,Marché de Tamde,{lundi},Oui,"MULTIPOLYGON (((1.0931470529386011 9.923831582982336, 1.0932872303563612 9.923735989090924, 1.093342941894189 9.92379263732624, 1.0934777278728045 9.923671374685552, 1.093351029052906 9.923466909839354, 1.0934525678234628 9.923401410251236, 1.093245895989586 9.923157999504921, 1.0930796599492938 9.923251823304927, 1.0928514223588388 9.923087189072023, 1.092985309764263 9.923874069147335, 1.0931470529386011 9.923831582982336)))"
_mview_marche_marches.fid-2fb68024_1a0f82ccff9_6b82,Kara,Doufelgou,Doufelgou 2,Défalé,Defale,Marché de Defale,{jeudi},Non,"MULTIPOLYGON (((1.0885203457420083 9.870897931276703, 1.0878898474649616 9.8710807178496, 1.0878017978302619 9.870430121111038, 1.0888206578889301 9.87023649088111, 1.0887153127902718 9.87087314664884, 1.0885203457420083 9.870897931276703)))"
_mview_marche_marches.fid-2fb68024_1a0f82ccff9_6b83,Kara,Doufelgou,Doufelgou 2,Kpaha,Kpaha Centre,Marché de Kpaha Centre,{mercredi},Oui,"MULTIPOLYGON (((1.1216665543951354 9.880966709556997, 1.1216899663185407 9.881210535660488, 1.1213068114061548 9.881239395181938, 1.121235045843819 9.88092535122833, 1.1212717631082698 9.880682008063337, 1.121575515023272 9.88061952803247, 1.1216665543951354 9.880966709556997)))"
_mview_marche_marches.fid-2fb68024_1a0f82ccff9_6b84,Kara,Kéran,Kéran 1,Kantè,Kande,Marché de Kande,{vendredi},Non,"MULTIPOLYGON (((1.0457568861062223 9.94701083081674, 1.0458138707271936 9.946891839384117, 1.0457887974939661 9.94667406249896, 1.0458161501120322 9.946478736715596, 1.0459437956630075 9.946240753419433, 1.0461307052197921 9.945964602773595, 1.0463677612430315 9.94586132686234, 1.0466640812720809 9.945919700207494, 1.0468099619017666 9.946009505333523, 1.0468076825169277 9.946128497087491, 1.046974077610163 9.946139722722421, 1.0471564283972703 9.946139722722421, 1.0471564283972703 9.945836630443946, 1.0473091471814724 9.945845610959942, 1.0472544419453405 9.94709165516136, 1.0457568861062223 9.94701083081674)))"
_mview_marche_marches.fid-2fb68024_1a0f82ccff9_6b85,Kara,Kéran,Kéran 1,Kantè,Kante,Petit Marché de Kante,"{lundi,mardi,mercredi,jeudi,vendredi,samedi,dimanche}",Non,"MULTIPOLYGON (((1.0446924945251088 9.95648123138054, 1.0441573645564592 9.956758520999093, 1.043315519112059 9.957507648779726, 1.0428670127598123 9.957743438175138, 1.0429968055948677 9.958555915991756, 1.0434885762254664 9.9585374506093, 1.0446924945251088 9.95648123138054)))"
_mview_marche_marches.fid-2fb68024_1a0f82ccff9_6b86,Kara,Kéran,Kéran 1,Kantè,Anima,Petit Marché Anima,{mercredi},Non,"MULTIPOLYGON (((1.0273733333333332 9.921466666666667, 1.02701 9.921578333333334, 1.0269599999999999 9.921069999999999, 1.0271133333333333 9.921013333333333, 1.0273733333333332 9.921466666666667)))"
_mview_marche_marches.fid-2fb68024_1a0f82ccff9_6b87,Kara,Kéran,Kéran 1,Kantè,Nyande,Petit Marché de Nyande,{vendredi},Oui,"MULTIPOLYGON (((1.085854742701265 9.978863831400195, 1.0865000813146983 9.980306096289926, 1.0872074717178837 9.979439312153927, 1.085854742701265 9.978863831400195)))"
_mview_marche_marches.fid-2fb68024_1a0f82ccff9_6b88,Kara,Kéran,Kéran 1,Kantè,Wanwo,Marché de Wanwo,{lundi},Non,"MULTIPOLYGON (((1.0408183333333334 10.01456, 1.0406216666666666 10.013866666666667, 1.0415866666666667 10.013671666666665, 1.04176 10.014818333333332, 1.0408183333333334 10.01456)))"
_mview_marche_marches.fid-2fb68024_1a0f82ccff9_6b89,Kara,Kéran,Kéran 1,Kantè,Awanda,Marché de Tometa,{lundi},Non,"MULTIPOLYGON (((1.0343916666666668 9.885031666666666, 1.034055 9.885078333333333, 1.0337616666666667 9.884711666666668, 1.03417 9.88456, 1.0343563714444655 9.884786746393704, 1.0343916666666668 9.885031666666666)))"
_mview_marche_marches.fid-2fb68024_1a0f82ccff9_6b8a,Kara,Kéran,Kéran 1,Kantè,Atetou,Petit Marché d'atetou,{jeudi},Non,"MULTIPOLYGON (((1.0497966666666665 9.916828333333333, 1.0496716666666666 9.916976666666667, 1.049303530532188 9.917056109909582, 1.049303530532188 9.917056109909582, 1.0493266666666665 9.916471666666666, 1.0498 9.91648, 1.0497966666666665 9.916828333333333)))"
_mview_marche_marches.fid-2fb68024_1a0f82ccff9_6b8b,Kara,Kéran,Kéran 1,Kantè,Houloure,Marché de Houloure,{jeudi},Oui,"MULTIPOLYGON (((1.006305 9.922089999999999, 1.0063433333333334 9.921856666666667, 1.0065583333333334 9.92186, 1.0065062476283289 9.922137006787604, 1.006305 9.922089999999999)))"
_mview_marche_marches.fid-2fb68024_1a0f82ccff9_6b8c,Kara,Kozah,Kozah 1,Lassa,Lassa Tchowou,Marché de Hodo,{lundi},Non,"MULTIPOLYGON (((1.2507516666666667 9.602110000000001, 1.2507883333333334 9.602396666666667, 1.2508983333333332 9.602448333333333, 1.2509919223815757 9.602397611890582, 1.2509919223815757 9.602397611890582, 1.2509919223815757 9.602397611890582, 1.2509919223815757 9.602397611890582, 1.2509919223815757 9.602397611890582, 1.2510565252499455 9.602309142821666, 1.251076265015281 9.602222443111705, 1.2507516666666667 9.602110000000001)))"
_mview_marche_marches.fid-2fb68024_1a0f82ccff9_6b8d,Kara,Kéran,Kéran 1,Kantè,Kante,Marché de Kante,{vendredi},Non,"MULTIPOLYGON (((1.0552747213095375 9.946511800023208, 1.0551683650430626 9.948866082366226, 1.0577824901190538 9.948871595888102, 1.057989604953768 9.94644012371386, 1.0552747213095375 9.946511800023208)))"
_mview_marche_marches.fid-2fb68024_1a0f82ccff9_6b8e,Kara,Kéran,Kéran 1,Pessidè,Houlouli,Marché de Houlouli,{mercredi},Oui,"MULTIPOLYGON (((0.9414904502752598 10.040843825214363, 0.9414904502752598 10.040843825214363, 0.941755 10.040891666666665, 0.9418500000000001 10.040803333333335, 0.9418966666666667 10.04072, 0.9418933333333332 10.040646666666667, 0.9419666666666667 10.040555000000001, 0.9420366666666666 10.040506666666666, 0.9419133333333334 10.040366666666667, 0.9414904502752598 10.040843825214363)))"
_mview_marche_marches.fid-2fb68024_1a0f82ccff9_6b8f,Kara,Kéran,Kéran 1,Pessidè,Point Noir,Marché de Point Noir,{dimanche},Oui,"MULTIPOLYGON (((0.9680266666666667 10.022456666666667, 0.9672183333333333 10.022946666666666, 0.9672149999999999 10.022946666666666, 0.9675166666666667 10.023376666666667, 0.96795 10.023125, 0.96802 10.023238333333333, 0.96839 10.023138333333332, 0.9685916666666666 10.02309, 0.96856 10.022976666666667, 0.9680266666666667 10.022456666666667)))"
_mview_marche_marches.fid-2fb68024_1a0f82ccff9_6b90,Kara,Kéran,Kéran 1,Pessidè,Antenne,Marché de Antenne,{vendredi},Oui,"MULTIPOLYGON (((0.9194278770019584 10.062916334860676, 0.9189388086596528 10.062415267639418, 0.919712065363028 10.061217909052507, 0.9206042846361526 10.06210291365349, 0.9194278770019584 10.062916334860676)))"
_mview_marche_marches.fid-2fb68024_1a0f82ccff9_6b91,Kara,Kéran,Kéran 1,Pessidè,Kante Tar,Marché de Atchore-her,{lundi},Non,"MULTIPOLYGON (((0.99461 10.022310000000001, 0.9943783333333334 10.023036666666666, 0.9943799999999999 10.023046666666666, 0.9943030603797941 10.023010921655992, 0.9943030603797941 10.023010921655992, 0.9943030603797941 10.023010921655992, 0.9943030603797941 10.023010921655992, 0.9951487447646437 10.023424131599416, 0.9956781044559236 10.022111393573287, 0.99461 10.022310000000001)))"
_mview_marche_marches.fid-2fb68024_1a0f82ccff9_6b92,Kara,Kéran,Kéran 1,Pessidè,Komte Maison,Marché Ourapa,{mercredi},Non,"MULTIPOLYGON (((0.9512569588554152 9.963106462211769, 0.9515100000000001 9.962955, 0.9515133333333333 9.962951666666667, 0.9513250000000001 9.96258, 0.9510016666666666 9.962833333333332, 0.9512569588554152 9.963106462211769)))"
_mview_marche_marches.fid-2fb68024_1a0f82ccff9_6b93,Kara,Kéran,Kéran 1,Pessidè,Houkio,Petit Marché de Houklo,"{mardi,vendredi}",Non,"MULTIPOLYGON (((0.856365 10.022785, 0.8565550000000001 10.022635000000001, 0.8569616666666667 10.023045, 0.856945 10.023133333333334, 0.8568233333333333 10.023266666666666, 0.8567 10.023131666666666, 0.8566199999999999 10.02319, 0.856365 10.022785)))"
_mview_marche_marches.fid-2fb68024_1a0f82ccff9_6b94,Kara,Kéran,Kéran 1,Akpontè,Koupakou,Marché de Alfante,{dimanche},Non,"MULTIPOLYGON (((0.9476677245655786 10.215957476644286, 0.9476770849166875 10.215796864355603, 0.9477498502013578 10.215559804786277, 0.9484574298660815 10.215456091169116, 0.9487058354930591 10.215841313005175, 0.9476677245655786 10.215957476644286)))"
_mview_marche_marches.fid-2fb68024_1a0f82ccff9_6b95,Kara,Kéran,Kéran 1,Akpontè,Santougou,Marché Akponte,{jeudi},Non,"MULTIPOLYGON (((0.9114342458783254 10.231038196962388, 0.9102977622957862 10.229782349413629, 0.908874119868129 10.230706178142912, 0.9100569329199731 10.232161183545752, 0.9113995855734179 10.231044369182799, 0.9114342458783254 10.231038196962388)))"
_mview_marche_marches.fid-2fb68024_1a0f82ccff9_6b96,Kara,Kéran,Kéran 1,Akpontè,Natiponi,Marché Natiponi,{lundi},Non,"MULTIPOLYGON (((0.95 10.186408333333333, 0.9500566666666667 10.186914999999999, 0.950905 10.186866666666667, 0.9508516666666667 10.186261666666667, 0.95 10.186408333333333)))"
_mview_marche_marches.fid-2fb68024_1a0f82ccff9_6b97,Kara,Kéran,Kéran 2,Hélota,Helota,Marché de Helota,{lundi},Non,"MULTIPOLYGON (((0.774406480020982 9.929303317593165, 0.7747237647875571 9.929573710545176, 0.7749340996328151 9.929317363985785, 0.7749234046406833 9.929226062422991, 0.7750660045357732 9.928987273599894, 0.7750410495541327 9.928751996206755, 0.7748770596747795 9.928685275721206, 0.774406480020982 9.929303317593165)))"
_mview_marche_marches.fid-2fb68024_1a0f82ccff9_6b98,Kara,Kéran,Kéran 2,Hélota,Nandoundja,Marché de Nandoundja,{samedi},Non,"MULTIPOLYGON (((0.7543083333333332 9.879341666666667, 0.754095 9.879418333333332, 0.7531566666666667 9.879528333333333, 0.7531583333333334 9.879528333333333, 0.7539666666666667 9.881118333333335, 0.7541716666666667 9.880618333333333, 0.7545616666666667 9.880166666666666, 0.7543083333333332 9.879341666666667)))"
_mview_marche_marches.fid-2fb68024_1a0f82ccff9_6b99,Kara,Kéran,Kéran 2,Hélota,Mboratchika,Marché de Mboratchika,{jeudi},Non,"MULTIPOLYGON (((0.7058809831645415 9.966380771540107, 0.704980736843555 9.966964264642723, 0.7053159573705734 9.967311037628935, 0.7054677553450723 9.967223825295864, 0.7055541958583286 9.967435626635714, 0.705697560612022 9.967344261368732, 0.7056954523068205 9.967192678028397, 0.7062288535227682 9.967066012443382, 0.7058809831645415 9.966380771540107)))"
_mview_marche_marches.fid-2fb68024_1a0f82ccff9_6b9a,Kara,Kéran,Kéran 2,Hélota,Manta,Marché de Manta,{dimanche},Non,"MULTIPOLYGON (((0.6923556802993629 9.900661587865462, 0.692499770916914 9.900891115425798, 0.6924813763699926 9.901271647606432, 0.6921073539159239 9.901374330817696, 0.6918988823841479 9.90139547147485, 0.6919785920874739 9.901078361474571, 0.6919326057201701 9.900897155622584, 0.6923556802993629 9.900661587865462)))"
_mview_marche_marches.fid-2fb68024_1a0f82ccff9_6b9b,Kara,Kéran,Kéran 2,Hélota,Wolate,Marché Wolate,{mercredi},Non,"MULTIPOLYGON (((0.7230533333333333 10.023056666666667, 0.721795 10.02315, 0.7218666666666667 10.0242, 0.7224683333333334 10.024258333333334, 0.7230466666666667 10.023045, 0.7230533333333333 10.023056666666667)))"
_mview_marche_marches.fid-2fb68024_1a0f82ccff9_6b9c,Kara,Kéran,Kéran 3,Koutougou,Tapounte,Marché de Kountataou,{jeudi},Non,"MULTIPOLYGON (((1.252169483444979 10.041954947954087, 1.2515899147518295 10.041509150373535, 1.2513327201342008 10.041871686195808, 1.2515951995727395 10.042208202337164, 1.251890267631015 10.042429652012231, 1.252169483444979 10.041954947954087)))"
_mview_marche_marches.fid-2fb68024_1a0f82ccff9_6b9d,Kara,Kozah,Kozah 1,Landa,Panalo,Marché de Panalo 2,{mercredi},Non,"MULTIPOLYGON (((1.27118 9.655558333333333, 1.2709990707253356 9.655492231004919, 1.270927961818812 9.655689225265483, 1.2711493895530495 9.655763763604293, 1.27118 9.655558333333333)))"
_mview_marche_marches.fid-2fb68024_1a0f82ccff9_6b9e,Centrale,Sotouboua,Sotouboua 2,Kériadé,Agbele,Marché de Agbele,{mardi},Non,"MULTIPOLYGON (((0.9395646328445779 8.682470162035159, 0.9393927304509159 8.68252404304021, 0.9394304651226956 8.68265252848256, 0.9397071860490782 8.682826605463298, 0.9399587505276079 8.682884631105592, 0.9403402899867114 8.683025550485238, 0.9404534940020498 8.68278101388091, 0.9403696391758731 8.682582068729298, 0.9399713287515343 8.682432859796364, 0.9395646328445779 8.682470162035159)))"
_mview_marche_marches.fid-2fb68024_1a0f82ccff9_6b9f,Kara,Kozah,Kozah 1,Landa,Landa,Marché de Panalo 1,"{mardi,samedi}",Non,"MULTIPOLYGON (((1.268515 9.661406666666666, 1.2685716666666667 9.661536666666667, 1.2687016666666668 9.661588333333333, 1.2688116666666667 9.661566666666666, 1.2688266666666665 9.661518333333333, 1.268955 9.66145, 1.2688983333333332 9.66135, 1.2690116666666666 9.661243333333335, 1.2688083333333333 9.661226666666666, 1.268515 9.661406666666666)))"
_mview_marche_marches.fid-2fb68024_1a0f82ccff9_6ba0,Kara,Kozah,Kozah 1,Landa,Panalo,Marché de Medeyada,"{lundi,jeudi}",Non,"MULTIPOLYGON (((1.2591868164632616 9.665425900059379, 1.2598416666666667 9.665303333333332, 1.25985 9.665291666666667, 1.2599616666666666 9.663705, 1.25974 9.663561666666668, 1.2591166666666667 9.663386666666666, 1.25879 9.663563333333334, 1.2588785209381728 9.664594213754858, 1.2581089041635303 9.665222643979787, 1.2591868164632616 9.665425900059379)))"
_mview_marche_marches.fid-2fb68024_1a0f82ccff9_6ba1,Kara,Kozah,Kozah 1,Landa,Dewa,Marché de Dewa,{jeudi},Oui,"MULTIPOLYGON (((1.2691966666666665 9.674145000000001, 1.2688916666666668 9.674223333333334, 1.269005 9.674071666666666, 1.269115 9.67404, 1.269185 9.674065, 1.2691966666666665 9.674145000000001)))"
_mview_marche_marches.fid-2fb68024_1a0f82ccff9_6ba2,Kara,Kozah,Kozah 1,Landa,Village De Landa,Marché de Somiyeda Sous Le Manguier,"{mardi,vendredi}",Non,"MULTIPOLYGON (((1.2622083333333334 9.671496666666666, 1.2621466666666667 9.671618333333333, 1.2621466666666667 9.671618333333333, 1.2621466666666667 9.671618333333333, 1.2620966666666669 9.671535, 1.2622116666666665 9.671525, 1.2622116666666665 9.671525, 1.2622116666666665 9.671525, 1.2622116666666665 9.671525, 1.2622083333333334 9.671496666666666)))"
_mview_marche_marches.fid-2fb68024_1a0f82ccff9_6ba3,Kara,Kozah,Kozah 1,Landa,Houloun,Marché Face de Mr Awate,{jeudi},Non,"MULTIPOLYGON (((1.2396449999999999 9.682846666666668, 1.2394983333333334 9.6829, 1.2396033333333332 9.682906666666666, 1.2396083333333332 9.682903333333334, 1.2396816666666666 9.682818333333334, 1.2396816666666666 9.682818333333334, 1.2396449999999999 9.682846666666668)))"
_mview_marche_marches.fid-2fb68024_1a0f82ccff9_6ba4,Kara,Kozah,Kozah 1,Landa,Houloun,Marché de Houloun,"{vendredi,samedi}",Non,"MULTIPOLYGON (((1.2320716666666667 9.687673333333333, 1.2318283333333333 9.687866666666668, 1.23152 9.68764, 1.2316981368855602 9.68740072737909, 1.2320716666666667 9.687673333333333)))"
_mview_marche_marches.fid-2fb68024_1a0f82ccff9_6ba5,Kara,Kozah,Kozah 1,Landa,Kassi,Marché du Carrefour de Kassi,{jeudi},Non,"MULTIPOLYGON (((1.2873707105656573 9.659108363581934, 1.2873707105656573 9.659108363581934, 1.2873707105656573 9.659108363581934, 1.2876129605360647 9.659044494259179, 1.2876129605360647 9.659044494259179, 1.2876129605360647 9.659044494259179, 1.2876284532667301 9.65896535182069, 1.2876629598032128 9.658898011310129, 1.2874376109935317 9.658880655506257, 1.2873707105656573 9.659108363581934)))"
_mview_marche_marches.fid-2fb68024_1a0f82ccff9_6ba6,Kara,Kozah,Kozah 1,Landa,Somieda,Marché de Somieda,"{dimanche,mercredi}",Non,"MULTIPOLYGON (((1.2624950000000001 9.676425, 1.262585 9.676343333333334, 1.2626166666666667 9.676238333333334, 1.2625983333333333 9.676176666666667, 1.262565 9.676123333333333, 1.2624983333333333 9.676123333333333, 1.2623766666666665 9.67617, 1.2622616666666666 9.676288333333334, 1.2621916666666666 9.67638, 1.2624950000000001 9.676425)))"
_mview_marche_marches.fid-2fb68024_1a0f82ccff9_6ba7,Kara,Kozah,Kozah 1,Landa,Dewa,Marché de Tikouta,{mardi},Non,"MULTIPOLYGON (((1.2686133333333334 9.670126666666667, 1.2686066666666667 9.67037, 1.2686066666666667 9.67037, 1.2686066666666667 9.67037, 1.2686066666666667 9.67037, 1.2682083333333334 9.670273333333334, 1.268355 9.67004, 1.2685683333333333 9.670071666666667, 1.2686133333333334 9.670126666666667)))"
_mview_marche_marches.fid-2fb68024_1a0f82ccff9_6ba8,Kara,Kozah,Kozah 1,Landa,Kadja,Marché du Carrefour de Kadja,"{mardi,mercredi,vendredi,samedi,dimanche}",Non,"MULTIPOLYGON (((1.2534161677404023 9.666347803983145, 1.2536215916163138 9.666431244489365, 1.2534199718862524 9.666707816805797, 1.2532154990468038 9.666431244489363, 1.2534161677404023 9.666347803983145)))"
_mview_marche_marches.fid-2fb68024_1a0f82ccff9_6ba9,Kara,Kozah,Kozah 1,Soumdina,Soumdina-pida,Marché de Soumdina Pida,{vendredi},Oui,"MULTIPOLYGON (((1.2549016666666666 9.642478333333335, 1.2536033333333334 9.642291666666667, 1.2537116666666668 9.641683333333333, 1.2541183333333334 9.640931666666667, 1.2549016666666666 9.642478333333335)))"
_mview_marche_marches.fid-2fb68024_1a0f82ccff9_6baa,Kara,Kozah,Kozah 1,Soumdina,Pida,Marché de Pida,{vendredi},Oui,"MULTIPOLYGON (((1.2536133333333335 9.64228, 1.253482443953006 9.642160262699663, 1.2534813024707927 9.64215771262186, 1.2536133333333335 9.64228)))"
_mview_marche_marches.fid-2fb68024_1a0f82ccff9_6bab,Kara,Kozah,Kozah 1,Lassa,Soumdina-haut,Marché de Katakpa,{jeudi},Oui,"MULTIPOLYGON (((1.2119016666666667 9.659193333333333, 1.2126000000000001 9.658598333333334, 1.2126083333333333 9.65923, 1.2122116666666667 9.659604999999999, 1.2119016666666667 9.659193333333333)))"
_mview_marche_marches.fid-2fb68024_1a0f82ccff9_6bac,Kara,Kozah,Kozah 1,Lassa,Lassa Lao,Marché Tchilda,"{mercredi,dimanche}",Non,"MULTIPOLYGON (((1.2315539820543313 9.579339167351389, 1.2317879608875988 9.579846980591189, 1.2322836583127155 9.579804167326284, 1.232338599087008 9.579198398902186, 1.2320779422515291 9.578941376433164, 1.2315539820543313 9.579339167351389)))"
_mview_marche_marches.fid-2fb68024_1a0f82ccff9_6bad,Kara,Kozah,Kozah 1,Lassa,Ahodo,Marché de Lassa Bas,"{mardi,jeudi}",Non,"MULTIPOLYGON (((1.2377277551995673 9.595710691273343, 1.2387816547100814 9.595463709183514, 1.238542300771954 9.596199166432081, 1.2381155456884716 9.596281493636692, 1.2380932802058546 9.596180871495, 1.2379726755083487 9.596166235544633, 1.2379170118018072 9.596235756303258, 1.2377277551995673 9.595710691273343)))"
_mview_marche_marches.fid-2fb68024_1a0f82ccff9_6bae,Kara,Kozah,Kozah 1,Lassa,Ali Kope,Marché de Ali Kope,"{lundi,mardi,mercredi,jeudi,vendredi,dimanche,samedi}",Non,"MULTIPOLYGON (((1.2333916485406242 9.605053874815985, 1.2330246635987507 9.605123954550349, 1.2330812344000672 9.605010968849014, 1.2333133197388015 9.604945179689098, 1.2333916485406242 9.605053874815985)))"
_mview_marche_marches.fid-2fb68024_1a0f82ccff9_6baf,Kara,Kozah,Kozah 1,Lassa,Kourida,Marché de Kourida,"{lundi,mercredi,mardi,vendredi,samedi,dimanche}",Non,"MULTIPOLYGON (((1.243983798732879 9.613409367779589, 1.2443781866405117 9.613271439167649, 1.2442793920744715 9.613001815842903, 1.243967201245784 9.613103119429425, 1.2438280984967998 9.613254295494436, 1.243983798732879 9.613409367779589)))"
_mview_marche_marches.fid-2fb68024_1a0f82ccff9_6bb0,Kara,Kozah,Kozah 1,Lassa,Tamala,Marché de Tamala,{mardi},Non,"MULTIPOLYGON (((1.2143816666666667 9.645555, 1.2146066666666666 9.645643333333334, 1.2148566666666667 9.645868333333334, 1.21464 9.646068333333334, 1.2144666666666666 9.646025, 1.2142733333333333 9.645795, 1.2143016666666666 9.64566, 1.2143816666666667 9.645555)))"
_mview_marche_marches.fid-2fb68024_1a0f82ccff9_6bb1,Kara,Kozah,Kozah 1,Lassa,Lassa Haut,Marché de Lassa Houde,{samedi},Non,"MULTIPOLYGON (((1.2057983333333333 9.642175, 1.2060416666666667 9.64221, 1.2062300000000001 9.642236666666667, 1.2063066666666666 9.642076666666666, 1.2061083333333333 9.641886666666666, 1.2059216666666668 9.641726666666667, 1.2057266666666666 9.641833333333333, 1.2057183333333334 9.64199, 1.2057283333333333 9.642096666666667, 1.20578 9.642123333333332, 1.2057983333333333 9.642175)))"
_mview_marche_marches.fid-2fb68024_1a0f82ccff9_6bb2,Kara,Kozah,Kozah 1,Commune De Kara,Elimde,Marché d'elimde,"{lundi,mardi,mercredi,jeudi,vendredi,samedi,dimanche}",Non,"MULTIPOLYGON (((1.2234823696798682 9.567501996639788, 1.2232525398915464 9.567831644427299, 1.2232303404233564 9.568015783481943, 1.223413159573158 9.568150990416594, 1.2236116489357989 9.567870275006475, 1.223716117021399 9.567768547805212, 1.2236625771275293 9.567590847051488, 1.2236625771275293 9.567590847051488, 1.2236625771275293 9.567590847051488, 1.2234823696798682 9.567501996639788)))"
_mview_marche_marches.fid-2fb68024_1a0f82ccff9_6bb3,Kara,Kozah,Kozah 1,Commune De Kara,Lama- Kpeda,Marché de Mazada,"{lundi,mardi,mercredi,jeudi,vendredi,samedi,dimanche}",Oui,"MULTIPOLYGON (((1.18568 9.592373333333335, 1.1858050000000002 9.592088333333333, 1.1857250000000001 9.591936666666667, 1.1853066666666665 9.591915, 1.1852550000000002 9.592305000000001, 1.1856893663226407 9.592373003951915, 1.18568 9.592373333333335)))"
_mview_marche_marches.fid-2fb68024_1a0f82ccff9_6bb4,Kara,Kozah,Kozah 1,Commune De Kara,Dongoyo,Marché Wakada,{dimanche},Oui,"MULTIPOLYGON (((1.1724716666666666 9.544080000000001, 1.1733016666666667 9.543653333333333, 1.1734766666666667 9.544189999999999, 1.172785 9.544536666666666, 1.1724716666666666 9.544080000000001)))"
_mview_marche_marches.fid-2fb68024_1a0f82ccff9_6bb5,Kara,Kozah,Kozah 1,Commune De Kara,Adabawere,Marché de Nidide,{jeudi},Oui,"MULTIPOLYGON (((1.1615152026519966 9.537900742762078, 1.1609094673084968 9.53797749873687, 1.1610346751727953 9.538664964523328, 1.1615185866483286 9.538551499391938, 1.1615152026519966 9.537900742762078)))"
_mview_marche_marches.fid-2fb68024_1a0f82ccff9_6bb6,Kara,Kozah,Kozah 1,Commune De Kara,Tchintchinda,Marché Tchintchinda,{dimanche},Oui,"MULTIPOLYGON (((1.2115916666666666 9.546925, 1.2115816666666668 9.547519999999999, 1.2107783333333333 9.547468333333335, 1.2110883333333333 9.547055, 1.2115916666666666 9.546925)))"
_mview_marche_marches.fid-2fb68024_1a0f82ccff9_6bb7,Kara,Kozah,Kozah 1,Commune De Kara,Kara Ville,Marché de Kpalouwayi,"{jeudi,dimanche}",Oui,"MULTIPOLYGON (((1.1865166666666667 9.536796666666667, 1.1866400000000001 9.536828333333334, 1.186785 9.536845, 1.1868133333333333 9.537370000000001, 1.1864583333333334 9.53735, 1.1865166666666667 9.536796666666667)))"
_mview_marche_marches.fid-2fb68024_1a0f82ccff9_6bb8,Kara,Kozah,Kozah 1,Commune De Kara,Kara Sud,Marché de Padowe,"{lundi,mardi,mercredi,jeudi,vendredi,samedi,dimanche}",Oui,"MULTIPOLYGON (((1.1984750000000002 9.53442, 1.1985199999999998 9.533551666666666, 1.19970237534477 9.533885411876264, 1.19970237534477 9.533885411876264, 1.1990683622249403 9.534744023058323, 1.1990683622249403 9.534744023058323, 1.1984750000000002 9.53442)))"
_mview_marche_marches.fid-2fb68024_1a0f82ccff9_6bb9,Kara,Kozah,Kozah 1,Commune De Kara,Tchaloude,Marché de Kara Ville,{mardi},Oui,"MULTIPOLYGON (((1.1933215659914405 9.567000847841436, 1.192504259489649 9.563278431375414, 1.1938389974458117 9.562860961566908, 1.1945975049186974 9.564623608383311, 1.1953207329742392 9.564322103654574, 1.1958852036517353 9.566554391942654, 1.1933215659914405 9.567000847841436)))"
_mview_marche_marches.fid-2fb68024_1a0f82ccff9_6bba,Kara,Kozah,Kozah 1,Commune De Kara,Ateda,Marché d'ateda,"{lundi,mardi,mercredi,samedi}",Non,"MULTIPOLYGON (((1.210833637941397 9.492452140834748, 1.2107573604961457 9.49242924383283, 1.210608122016306 9.492439056833842, 1.2102632153073427 9.492488121834674, 1.2096662613879832 9.492596064811769, 1.2097027419052773 9.493505401268969, 1.211056359255495 9.493480661859948, 1.2110189215625065 9.493087914328974, 1.210910011910176 9.49275558914345, 1.210833637941397 9.492452140834748)))"
_mview_marche_marches.fid-2fb68024_1a0f82ccff9_6bbb,Kara,Kozah,Kozah 1,Commune De Kara,Koungouyo,Marché de Koungouyo,"{lundi,mardi,mercredi,jeudi,vendredi,samedi,dimanche}",Oui,"MULTIPOLYGON (((1.1700455610467158 9.507694766485665, 1.1694 9.508726666666666, 1.1690816666666668 9.508575, 1.1689935928322213 9.508531991118389, 1.1696914697670058 9.507404570618956, 1.1700455610467158 9.507694766485665)))"
_mview_marche_marches.fid-2fb68024_1a0f82ccff9_6bbc,Kara,Kozah,Kozah 1,Commune De Kara,Kondom,Marché de Kondom,"{lundi,mardi,mercredi,jeudi,vendredi,samedi,dimanche}",Non,"MULTIPOLYGON (((1.23389524166755 9.524759338563154, 1.2339747802623464 9.52438614417056, 1.2337835662667709 9.524403575764858, 1.2338221304339454 9.524761715596195, 1.23389524166755 9.524759338563154)))"
_mview_marche_marches.fid-2fb68024_1a0f82ccff9_6bbd,Kara,Kozah,Kozah 2,Kouméa,Sedina,Marché de Koumea,{vendredi},Oui,"MULTIPOLYGON (((1.185365 9.725653333333334, 1.1858716666666667 9.725766666666667, 1.1861353918238873 9.724881538611744, 1.1856433333333332 9.724780619491556, 1.185365 9.725653333333334)))"
_mview_marche_marches.fid-2fb68024_1a0f82ccff9_6bbe,Kara,Kozah,Kozah 2,Kouméa,Feouda,Marché de Hodo,"{lundi,mardi}",Non,"MULTIPOLYGON (((1.227275 9.691631666666666, 1.2272783333333335 9.691391666666668, 1.2274316666666667 9.69138, 1.227515 9.691558333333335, 1.2275033333333334 9.691575, 1.2275816666666666 9.69171, 1.2275366666666665 9.691740000000001, 1.2273533333333333 9.691713333333333, 1.2272666666666665 9.691685, 1.227275 9.691631666666666)))"
_mview_marche_marches.fid-2fb68024_1a0f82ccff9_6bbf,Kara,Kozah,Kozah 2,Kouméa,Laouda,Marché de Laouda,"{mercredi,samedi}",Non,"MULTIPOLYGON (((1.214515 9.69958, 1.214485 9.699458333333332, 1.2142966666666666 9.699496666666667, 1.2142416666666667 9.699623333333333, 1.2143916666666668 9.699701666666666, 1.21451 9.699688333333334, 1.2145116666666667 9.699594999999999, 1.214515 9.69958)))"
_mview_marche_marches.fid-2fb68024_1a0f82ccff9_6bc0,Kara,Kozah,Kozah 2,Kouméa,Kare,Marché de Sade,{mardi},Non,"MULTIPOLYGON (((1.2020833333333334 9.71632, 1.2024916666666667 9.716428333333333, 1.2024566666666667 9.716803333333333, 1.201775 9.716861666666667, 1.201715 9.716633333333334, 1.2020833333333334 9.71632)))"
_mview_marche_marches.fid-2fb68024_1a0f82ccff9_6bc1,Kara,Kozah,Kozah 1,Commune De Kara,Andjaoude,Marché de Sarakawa,{jeudi},Oui,"MULTIPOLYGON (((1.2050633333333334 9.562603333333334, 1.2061 9.562781666666666, 1.2057816666666668 9.563876666666665, 1.2050633333333334 9.562603333333334)))"
_mview_marche_marches.fid-2fb68024_1a0f82ccff9_6bc2,Kara,Kozah,Kozah 2,Kouméa,Feouda,Marché de Kossoro,"{dimanche,jeudi}",Non,"MULTIPOLYGON (((1.2240316666666669 9.695761666666668, 1.22363 9.695870000000001, 1.2236016666666667 9.695034999999999, 1.2241283333333333 9.694793333333333, 1.2240316666666669 9.695761666666668)))"
_mview_marche_marches.fid-2fb68024_1a0f82ccff9_6bc3,Kara,Kozah,Kozah 2,Kouméa,Kara,Marché de Yodo,{lundi},Non,"MULTIPOLYGON (((1.2046433333333333 9.713645000000001, 1.204745 9.71344, 1.2046866666666667 9.713365000000001, 1.204583142438409 9.713593777461336, 1.2046433333333333 9.713645000000001)))"
_mview_marche_marches.fid-2fb68024_1a0f82ccff9_6bc4,Kara,Kozah,Kozah 2,Kouméa,Kpateyou,Marché de Kpateyou,{jeudi},Oui,"MULTIPOLYGON (((1.1780316666666666 9.696611666666666, 1.1785183333333333 9.696505, 1.1785533333333333 9.696546666666668, 1.1784833333333333 9.696824999999999, 1.1783649999999999 9.697158333333334, 1.1782166666666667 9.6972, 1.1780316666666666 9.696611666666666)))"
_mview_marche_marches.fid-2fb68024_1a0f82ccff9_6bc5,Kara,Kozah,Kozah 2,Kouméa,Houde,Marché de Piya,{mardi},Non,"MULTIPOLYGON (((1.1938183333333332 9.692521666666666, 1.19378 9.692721666666667, 1.1941266666666666 9.692805, 1.1941766666666667 9.692476666666666, 1.1938190973488423 9.692489274659284, 1.1938183333333332 9.692521666666666)))"
_mview_marche_marches.fid-2fb68024_1a0f82ccff9_6bc6,Kara,Kozah,Kozah 2,Kouméa,Piyo,Marché de Massada,{samedi},Non,"MULTIPOLYGON (((1.1925681734958153 9.69651763310082, 1.1929404264655576 9.696730069002243, 1.192758333681597 9.697012937988264, 1.192571630953739 9.697023162164013, 1.1923492011606731 9.696883431735124, 1.1925681734958153 9.69651763310082)))"
_mview_marche_marches.fid-2fb68024_1a0f82ccff9_6bc7,Kara,Kozah,Kozah 2,Tcharè,Wyamde,Marché de Tchare,{lundi},Non,"MULTIPOLYGON (((1.1791583333333333 9.664344999999999, 1.17819 9.664435, 1.1777096999866925 9.66420036906087, 1.1778433333333331 9.663416666666667, 1.1792183333333335 9.663408333333333, 1.1791583333333333 9.664344999999999)))"
_mview_marche_marches.fid-2fb68024_1a0f82ccff9_6bc8,Kara,Kozah,Kozah 2,Tcharè,Looda,Marché de Namdina,{mercredi},Non,"MULTIPOLYGON (((1.1939590489377603 9.682184140951147, 1.1937518662111684 9.682071698828146, 1.193962540781467 9.681748140672335, 1.1941697235080586 9.68186861449018, 1.1939590489377603 9.682184140951147)))"
_mview_marche_marches.fid-2fb68024_1a0f82ccff9_6bc9,Kara,Kozah,Kozah 2,Pya,Kiyoude,Marché de Tchila,{mercredi},Oui,"MULTIPOLYGON (((1.142645 9.666595000000001, 1.1438611035404282 9.666766144115995, 1.1438996081380142 9.665466084484006, 1.142410763698017 9.665861480280876, 1.142645 9.666595000000001)))"
_mview_marche_marches.fid-2fb68024_1a0f82ccff9_6bca,Kara,Kozah,Kozah 2,Pya,Lao,Marché de Pya Lao,{samedi},Oui,"MULTIPOLYGON (((1.141800892966378 9.643478412689076, 1.1423517415478 9.643239360221871, 1.1421514329727374 9.642202598103957, 1.1415136082995123 9.642236377371066, 1.1413287588404522 9.642457862809863, 1.1411731216088703 9.642535604932535, 1.141800892966378 9.643478412689076)))"
_mview_marche_marches.fid-2fb68024_1a0f82ccff9_6bcb,Kara,Kozah,Kozah 2,Pya,Hodo,Marché de Pya Hodo,{lundi},Non,"MULTIPOLYGON (((1.1719033333333333 9.668653333333333, 1.1718266666666668 9.669063333333334, 1.17143 9.669121666666666, 1.1710916666666666 9.669011666666668, 1.1709133333333335 9.66866, 1.1709616666666667 9.668434999999999, 1.1709416666666668 9.668161666666666, 1.1712683333333334 9.667993333333333, 1.1715183333333332 9.668033333333334, 1.171669788053131 9.668297960796478, 1.1719033333333333 9.668653333333333)))"
_mview_marche_marches.fid-2fb68024_1a0f82ccff9_6bcc,Kara,Kozah,Kozah 2,Pya,Pittah,Marché de Pya-pittah,{dimanche},Non,"MULTIPOLYGON (((1.16674 9.684573333333333, 1.1665349999999999 9.684703333333333, 1.1663183333333333 9.684589999999998, 1.1663887997522422 9.684476959976061, 1.166507070285913 9.684424341931532, 1.1666295273871476 9.684396485316382, 1.1667551244140548 9.68435315279933, 1.166803269941036 9.68447076961831, 1.16674 9.684573333333333)))"
_mview_marche_marches.fid-2fb68024_1a0f82ccff9_6bcd,Kara,Kozah,Kozah 2,Tchitchao,Kigbeleng,Marché Paroyeda,"{lundi,mardi,mercredi,jeudi,vendredi,samedi,dimanche}",Non,"MULTIPOLYGON (((1.138687428124912 9.632426344419265, 1.138889539999438 9.632362383642953, 1.1388882923952743 9.632701867624874, 1.1387672747913915 9.63285438930271, 1.1387535511455904 9.6330770216281, 1.1387261038539882 9.633300883818288, 1.1384865638545498 9.63334147419951, 1.1386150670834152 9.633065951515942, 1.1385901150001403 9.632869149461424, 1.1386786948957661 9.63242757443408, 1.138687428124912 9.632426344419265)))"
_mview_marche_marches.fid-2fb68024_1a0f82ccff9_6bce,Kara,Kozah,Kozah 2,Tchitchao,Fatou,Marché de Kemeada,{vendredi},Oui,"MULTIPOLYGON (((1.141508886334972 9.621178293276788, 1.1414989525937278 9.6209138547282, 1.141796964831066 9.620081361650321, 1.1420105402678253 9.620130331888129, 1.141990672785336 9.62026255149477, 1.1428251070498836 9.62055147564041, 1.1423880224351206 9.621349688521843, 1.1419161697260014 9.621388864565654, 1.1415436544293287 9.621237057370593, 1.141508886334972 9.621178293276788)))"
_mview_marche_marches.fid-2fb68024_1a0f82ccff9_6bcf,Kara,Kozah,Kozah 2,Tchitchao,Tchamade,Marché de Petit Paris,"{lundi,mardi,mercredi,jeudi,vendredi,samedi,dimanche}",Non,"MULTIPOLYGON (((1.132925 9.630976666666667, 1.1328716666666667 9.631178333333335, 1.132745 9.631138333333332, 1.132765 9.630891666666667, 1.132925 9.630976666666667)))"
_mview_marche_marches.fid-2fb68024_1a0f82ccff9_6bd0,Kara,Kozah,Kozah 2,Tchitchao,Pidah,Marché de Pidah,"{lundi,mardi,mercredi,vendredi,jeudi,samedi,dimanche}",Non,"MULTIPOLYGON (((1.132555 9.620171666666666, 1.1325384990337997 9.61999502105738, 1.1320716666666666 9.620058333333333, 1.1320966666666665 9.62023, 1.132555 9.620171666666666)))"
_mview_marche_marches.fid-2fb68024_1a0f82ccff9_6bd1,Kara,Kozah,Kozah 2,Tchitchao,Poude,Marché de Tchitchao Poude,"{lundi,mardi,mercredi,jeudi,vendredi,samedi,dimanche}",Non,"MULTIPOLYGON (((1.1463425921872168 9.624228763631669, 1.1466824142749483 9.624230382178704, 1.1466988308009258 9.62386297180294, 1.1462391680735597 9.62384840486351, 1.1463425921872168 9.624228763631669)))"
_mview_marche_marches.fid-2fb68024_1a0f82ccff9_6bd2,Kara,Kozah,Kozah 2,Sara-Kawa,Kawa,Marché de Poutona,{mardi},Non,"MULTIPOLYGON (((1.0053183333333335 9.627936666666667, 1.00528 9.628311666666667, 1.0049566992400136 9.628362985831131, 1.00501 9.62787, 1.0053183333333335 9.627936666666667)))"
_mview_marche_marches.fid-2fb68024_1a0f82ccff9_6bd3,Kara,Kozah,Kozah 2,Sara-Kawa,Sara,Marché de Sarakawa,{jeudi},Non,"MULTIPOLYGON (((1.0216683333333334 9.633421666666667, 1.022745 9.633385, 1.0228833333333334 9.632685, 1.0217033333333334 9.632168333333334, 1.0216683333333334 9.633421666666667)))"
_mview_marche_marches.fid-2fb68024_1a0f82ccff9_6bd4,Kara,Kozah,Kozah 2,Sara-Kawa,Kpesside,Marché de Kpesside,{mercredi},Non,"MULTIPOLYGON (((0.9569799999999999 9.637598333333333, 0.9570684936074227 9.637611005065903, 0.9571650320882474 9.637433871962912, 0.9574948718977327 9.637513185304108, 0.9570926282276288 9.638356549345659, 0.9568378739032295 9.638232292080106, 0.9566689315617859 9.638105390995712, 0.956604572574569 9.638094815903193, 0.9566313888192425 9.638026077793729, 0.9567788781649472 9.638057803076759, 0.9569799999999999 9.637598333333333)))"
_mview_marche_marches.fid-2fb68024_1a0f82ccff9_6bd5,Kara,Kozah,Kozah 3,Awandjélo,Lambo,Marché de Lambo,"{lundi,mardi,mercredi,jeudi,vendredi,dimanche,samedi}",Non,"MULTIPOLYGON (((1.154805 9.433879999999998, 1.1545699999999999 9.434059999999999, 1.1545550000000002 9.434059999999999, 1.153585 9.433933333333332, 1.1535316666666666 9.43313, 1.154805 9.433879999999998)))"
_mview_marche_marches.fid-2fb68024_1a0f82ccff9_6bd6,Kara,Kozah,Kozah 3,Awandjélo,Awandjelo,Marché d'awandjelo,"{vendredi,mardi}",Oui,"MULTIPOLYGON (((1.2107526816430696 9.450190890028663, 1.2109192186376925 9.448932631033122, 1.2108488606573011 9.448255136976403, 1.2095088835565626 9.448055792606784, 1.2090542386859537 9.449063240667302, 1.2107526816430696 9.450190890028663)))"
_mview_marche_marches.fid-2fb68024_1a0f82ccff9_6bd7,Kara,Kozah,Kozah 3,Awandjélo,Agbalossi,Marché d'agbalossi,{mercredi},Non,"MULTIPOLYGON (((1.1691705054184687 9.448039577993855, 1.1689884929586456 9.448117275705037, 1.1688595887338329 9.448191799862409, 1.1687021183330575 9.447737350668923, 1.1688465746511243 9.447661609078361, 1.1691705054184687 9.448039577993855)))"
_mview_marche_marches.fid-2fb68024_1a0f82ccff9_6bd8,Kara,Kozah,Kozah 3,Awandjélo,Welou,Marché de Welou,"{lundi,mardi,mercredi,jeudi,vendredi,samedi,dimanche}",Non,"MULTIPOLYGON (((1.1597475585703847 9.488613311227287, 1.1598431270021927 9.488541302088786, 1.1602216666666667 9.488791666666666, 1.1604078088694634 9.488939670840008, 1.1602618784308694 9.489159997546402, 1.1597163003848423 9.488625495827083, 1.1597475585703847 9.488613311227287)))"
_mview_marche_marches.fid-2fb68024_1a0f82ccff9_6bd9,Kara,Kozah,Kozah 3,Awandjélo,Kpangbanzibio,Marché de Kpangbanzibio,{jeudi},Oui,"MULTIPOLYGON (((1.1732266666666669 9.415429999999999, 1.174035 9.415748333333333, 1.1739033333333335 9.416593333333333, 1.1728200000000002 9.416593333333333, 1.1732266666666669 9.415429999999999)))"
_mview_marche_marches.fid-2fb68024_1a0f82ccff9_6bda,Kara,Kozah,Kozah 3,Awandjélo,Soumbou,Marché de Soumbou,{dimanche},Non,"MULTIPOLYGON (((1.2144833333333334 9.477295, 1.2143916666666668 9.476746666666665, 1.2141283333333335 9.476716666666666, 1.2136516666666668 9.476748333333335, 1.2133866666666666 9.477243333333332, 1.2144833333333334 9.477295)))"
_mview_marche_marches.fid-2fb68024_1a0f82ccff9_6bdb,Kara,Kozah,Kozah 3,Awandjélo,Siouda,Marché de Siouda,{lundi},Non,"MULTIPOLYGON (((1.194495 9.445516666666666, 1.1946133333333333 9.44592, 1.1951066666666668 9.445888333333333, 1.1950066666666668 9.445441666666666, 1.194495 9.445516666666666)))"
_mview_marche_marches.fid-2fb68024_1a0f82ccff9_6bdc,Kara,Kozah,Kozah 3,Awandjélo,Tcheveda,Marché de Tcheveda,{mercredi},Non,"MULTIPOLYGON (((1.1514415397711681 9.482876117031829, 1.1513415335067867 9.483015634370682, 1.1516866001667694 9.483128492303901, 1.151761379625722 9.483019188951822, 1.1514415397711681 9.482876117031829)))"
_mview_marche_marches.fid-2fb68024_1a0f82ccff9_6bdd,Kara,Kozah,Kozah 3,Awandjélo,Aromde,Marché de Sarakawada,{jeudi},Non,"MULTIPOLYGON (((1.2418966666666666 9.457711666666667, 1.241895 9.457908333333334, 1.2417316666666667 9.457883333333333, 1.2416966666666667 9.457728333333334, 1.2418966666666666 9.457711666666667)))"
_mview_marche_marches.fid-2fb68024_1a0f82ccff9_6bde,Kara,Kozah,Kozah 3,Awandjélo,Gouniwelou,Marché de Sarakawa,{jeudi},Non,"MULTIPOLYGON (((1.1775361598544207 9.410556009313622, 1.1766488725210473 9.410520794232058, 1.1766743692835007 9.410294411479232, 1.1775294553375228 9.410342488037204, 1.1775318178271756 9.410420483023657, 1.1775361598544207 9.410556009313622)))"
_mview_marche_marches.fid-2fb68024_1a0f82ccff9_6bdf,Kara,Kozah,Kozah 3,Kpinzindè,Agban,Marché de Pyada,{mardi},Non,"MULTIPOLYGON (((1.3439450000000002 9.472958333333334, 1.3440483333333333 9.47312, 1.3442416666666666 9.473063333333332, 1.344195 9.472853333333335, 1.3439450000000002 9.472958333333334)))"
_mview_marche_marches.fid-2fb68024_1a0f82ccff9_6be0,Kara,Kozah,Kozah 3,Kpinzindè,Park,Marché de Tchilada Park,{mercredi},Non,"MULTIPOLYGON (((1.2916266666666667 9.493625, 1.2918483333333335 9.493638333333333, 1.2917016666666665 9.493918333333333, 1.2915816666666666 9.493871666666667, 1.2916266666666667 9.493625)))"
_mview_marche_marches.fid-2fb68024_1a0f82ccff9_6be1,Kara,Kozah,Kozah 3,Kpinzindè,Kpindi,Marché de Teteyotaa,{dimanche},Non,"MULTIPOLYGON (((1.3784416666666668 9.470578333333332, 1.3784116666666666 9.470211666666668, 1.3788716666666665 9.47018, 1.3784416666666668 9.470578333333332)))"
_mview_marche_marches.fid-2fb68024_1a0f82ccff9_6be2,Kara,Kozah,Kozah 3,Kpinzindè,Kpindi,Marché de Koumeada,{vendredi},Non,"MULTIPOLYGON (((1.3707383333333332 9.473671666666666, 1.3706883333333333 9.474015000000001, 1.3703633333333334 9.473976666666665, 1.370275 9.473698333333335, 1.3707383333333332 9.473671666666666)))"
_mview_marche_marches.fid-2fb68024_1a0f82ccff9_6be3,Kara,Kozah,Kozah 3,Kpinzindè,Windja,Marché de Hododa,{lundi},Non,"MULTIPOLYGON (((1.3031666666666666 9.496525, 1.3031666666666666 9.496525, 1.303445 9.496436666666666, 1.3033283333333334 9.496803333333334, 1.3031666666666666 9.496525)))"
_mview_marche_marches.fid-2fb68024_1a0f82ccff9_6be4,Kara,Kozah,Kozah 3,Kpinzindè,Lamadissi Kododa,Marché de Kodjoukada Lamadissi Kododa,{dimanche},Non,"MULTIPOLYGON (((1.2529566666666667 9.489398333333332, 1.253145 9.489426666666667, 1.253175 9.489585, 1.2529700000000001 9.489641666666667, 1.2529616666666668 9.489643333333333, 1.2529566666666667 9.489398333333332)))"
_mview_marche_marches.fid-2fb68024_1a0f82ccff9_6be5,Kara,Kozah,Kozah 3,Kpinzindè,Kpekre,Marché de Tchilada Kpekre,{mercredi},Non,"MULTIPOLYGON (((1.2728033333333333 9.459088333333334, 1.2729616666666668 9.459116666666667, 1.2728816666666667 9.45934, 1.272716179830827 9.459305372749412, 1.2728033333333333 9.459088333333334)))"
_mview_marche_marches.fid-2fb68024_1a0f82ccff9_6be6,Kara,Kozah,Kozah 3,Kpinzindè,Kandalao,Marché de Tchilda,{mercredi},Non,"MULTIPOLYGON (((1.34541 9.47448, 1.3456599999999999 9.474391666666666, 1.3456666666666666 9.474208333333333, 1.3456383333333333 9.474151666666668, 1.3455133333333333 9.474178333333333, 1.3454216666666667 9.474255, 1.34541 9.47448)))"
_mview_marche_marches.fid-2fb68024_1a0f82ccff9_6be7,Kara,Kozah,Kozah 3,Kpinzindè,Seyo,Marché de Tchila,{mercredi},Non,"MULTIPOLYGON (((1.3032583333333332 9.491314999999998, 1.3031983333333335 9.491535, 1.3028683333333333 9.491485, 1.3029577115271762 9.491252367506254, 1.3032583333333332 9.491314999999998)))"
_mview_marche_marches.fid-2fb68024_1a0f82ccff9_6be8,Kara,Kozah,Kozah 3,Kpinzindè,Kpaouyo,Marché de Somiyida,{dimanche},Non,"MULTIPOLYGON (((1.2841166666666666 9.507131666666668, 1.284305 9.507206666666667, 1.2842183333333335 9.507515000000001, 1.2840351278350524 9.507456545858256, 1.2841166666666666 9.507131666666668)))"
_mview_marche_marches.fid-2fb68024_1a0f82ccff9_6be9,Kara,Kozah,Kozah 3,Kpinzindè,Kododa,Marché de Mazada,{samedi},Non,"MULTIPOLYGON (((1.2461650000000002 9.481005000000001, 1.246205 9.480786666666667, 1.2465066666666669 9.480799999999999, 1.24646591251955 9.481130163024694, 1.2461650000000002 9.481005000000001)))"
_mview_marche_marches.fid-2fb68024_1a0f82ccff9_6bea,Kara,Kozah,Kozah 3,Kpinzindè,Lao Ouest,Marché de Lao Ouest,{jeudi},Non,"MULTIPOLYGON (((1.2364 9.472001666666667, 1.2362283333333333 9.47194, 1.23627 9.471688333333333, 1.2363049999999998 9.47161, 1.2364716666666666 9.471618333333334, 1.2364 9.472001666666667)))"
_mview_marche_marches.fid-2fb68024_1a0f82ccff9_6beb,Kara,Kozah,Kozah 3,Kpinzindè,Abouda,Marché de Abouda,{lundi},Non,"MULTIPOLYGON (((1.2492167456597651 9.52231583104668, 1.2499029663770518 9.522120426882296, 1.249381052028693 9.521481788101942, 1.248728659093244 9.52163429896398, 1.2492167456597651 9.52231583104668)))"
_mview_marche_marches.fid-2fb68024_1a0f82ccff9_6bec,Kara,Kozah,Kozah 3,Kpinzindè,Kidjangue,Marché de Kouri,{jeudi},Non,"MULTIPOLYGON (((1.36194 9.475536666666667, 1.3619283333333332 9.475721666666667, 1.3615566666666665 9.475756666666665, 1.36155 9.475513333333334, 1.36194 9.475536666666667)))"
_mview_marche_marches.fid-2fb68024_1a0f82ccff9_6bed,Kara,Kozah,Kozah 3,Kpinzindè,Ahodo,Marché de Hodo,{lundi},Non,"MULTIPOLYGON (((1.3253133333333333 9.478710000000001, 1.324715 9.478533333333333, 1.3249816666666667 9.477436666666668, 1.325875 9.477253333333334, 1.3259583333333333 9.477936666666666, 1.3255766666666666 9.478483333333333, 1.3253133333333333 9.478710000000001)))"
_mview_marche_marches.fid-2fb68024_1a0f82ccff9_6bee,Kara,Kozah,Kozah 3,Kpinzindè,Seyo,Marché de Kodjoukada Seyo,"{dimanche,jeudi}",Non,"MULTIPOLYGON (((1.2971833333333334 9.490728333333333, 1.2954 9.491293333333335, 1.2949866666666667 9.491381666666665, 1.2949450000000002 9.491246666666665, 1.2950383333333333 9.490784999999999, 1.295215 9.489471666666667, 1.2954 9.488634999999999, 1.2958533333333333 9.488781666666666, 1.2965633333333333 9.488971666666666, 1.2968233333333332 9.48902, 1.2972566666666667 9.489205, 1.2973483333333333 9.489748333333333, 1.2971833333333334 9.490728333333333)))"
_mview_marche_marches.fid-2fb68024_1a0f82ccff9_6bef,Kara,Kozah,Kozah 3,Kpinzindè,Kpekri,Marché de Odo,{lundi},Non,"MULTIPOLYGON (((1.2888016666666668 9.463855, 1.2884716666666667 9.46397, 1.2884516666666668 9.463685, 1.28846 9.463666666666667, 1.2885683333333333 9.463586666666666, 1.2888016666666668 9.463855)))"
_mview_marche_marches.fid-2fb68024_1a0f82ccff9_6bf0,Savanes,Cinkassé,Cinkassé 2,Nadjoundi,Nadjoundi,Marché Carrefour Nadjoundi,"{lundi,mardi,mercredi,jeudi,vendredi,samedi,dimanche}",Non,"MULTIPOLYGON (((0.1860824265873791 11.00663755836341, 0.1859738205154328 11.007595814210754, 0.1860078237640803 11.007792153279203, 0.1862318451669341 11.007915846825131, 0.1864198631300435 11.007902103100372, 0.1865898793732808 11.007525132114074, 0.1865058713472106 11.006537544378084, 0.1860824265873791 11.00663755836341)))"
_mview_marche_marches.fid-2fb68024_1a0f82ccff9_6bf1,Kara,Kozah,Kozah 4,Djamdè,Kpande-koli,Marché de Tchila,{mercredi},Oui,"MULTIPOLYGON (((1.05006 9.512773333333334, 1.05051 9.512585, 1.0505983333333333 9.51176, 1.0500283333333333 9.51133, 1.0500598691096157 9.512770929674465, 1.05006 9.512773333333334)))"
_mview_marche_marches.fid-2fb68024_1a0f82ccff9_6bf2,Kara,Kozah,Kozah 4,Djamdè,Kawa,Marché de Kemea,{vendredi},Oui,"MULTIPOLYGON (((0.998095 9.485430000000001, 0.9981416666666667 9.484816666666667, 0.9973816666666667 9.484604999999998, 0.9971983333333333 9.485295, 0.9980967233749477 9.485430084771414, 0.998095 9.485430000000001)))"
_mview_marche_marches.fid-2fb68024_1a0f82ccff9_6bf3,Kara,Kozah,Kozah 4,Atchangbadè,Koudjoukada,Marché de Koudjoukada,{dimanche},Non,"MULTIPOLYGON (((1.1145316666666667 9.400343333333332, 1.1147 9.398918333333334, 1.1136216666666667 9.398946666666665, 1.113045 9.399998333333334, 1.1145316666666667 9.400343333333332)))"
_mview_marche_marches.fid-2fb68024_1a0f82ccff9_6bf4,Kara,Kozah,Kozah 4,Atchangbadè,Atchangbadè,Marché de Atchangbadè,{lundi},Oui,"MULTIPOLYGON (((1.13347 9.47934, 1.1331333333333333 9.480603333333333, 1.1323383333333332 9.480976666666667, 1.132075 9.47978, 1.133454731642167 9.479345435172494, 1.13347 9.47934)))"
_mview_marche_marches.fid-2fb68024_1a0f82ccff9_6bf5,Savanes,Cinkassé,Cinkassé 1,Gouloungoussi,Kognogo,Marché de Gouloungoussi,"{jeudi,dimanche}",Non,"MULTIPOLYGON (((-0.1032198582096567 11.118158270024079, -0.1029905257548642 11.1179376253562, -0.1033315460934842 11.117262539308872, -0.1039660741885102 11.117254640053636, -0.1042908321352353 11.117537000199434, -0.1044138419462842 11.117705669823525, -0.1032198582096567 11.118158270024079)))"
_mview_marche_marches.fid-2fb68024_1a0f82ccff9_6bf6,Savanes,Cinkassé,Cinkassé 1,Cinkassé,Cinkasse,Marché de Cinkasse,"{jeudi,dimanche}",Oui,"MULTIPOLYGON (((0.0180002147248912 11.102947093274388, 0.0181073316443882 11.102706837206595, 0.0169239447242306 11.102021105259027, 0.0170259608380373 11.101625682454983, 0.0168729366673272 11.101600655677217, 0.0165107794633135 11.102076164088, 0.0152661828748719 11.101475521756198, 0.0154498118797239 11.100489464582452, 0.0146387837749607 11.100419389326632, 0.0141440056229983 11.100694684877757, 0.0143939451018247 11.100854856715351, 0.0150774530643295 11.102982130601081, 0.0140062838693593 11.10307723189522, 0.0137461427791522 11.10326242906332, 0.0136288242482745 11.104068285643203, 0.0132717678499511 11.104093312209452, 0.0134809008832548 11.104383620221101, 0.0131901549589057 11.104889155897117, 0.0131850541532154 11.10524953723065, 0.012873905006105 11.10595528271997, 0.0129708203142214 11.105990319685617, 0.0132717678499511 11.105519822938813, 0.014261324153876 11.106025356647056, 0.0140062838693593 11.106731100260486, 0.0151488643439942 11.107301700232194, 0.0154039046285109 11.10635069965959, 0.0172248922599603 11.106610973808502, 0.0180359203647235 11.107546957771959, 0.0180971300330075 11.107947377802082, 0.0186327146304927 11.108187629556435, 0.0186504632681513 11.107871096855481, 0.0185177249359892 11.107590241622256, 0.0185737239198701 11.107506799073349, 0.0183559500936666 11.107368406500608, 0.0180966955386625 11.106961369141603, 0.0177586275989372 11.106639809226605, 0.0177129987972565 11.106501416242747, 0.0168149410187224 11.105994653138826, 0.0172090079423286 11.105475677963867, 0.0172504886711292 11.105036074740887, 0.0174184856227719 11.104791850442053, 0.0173417462744907 11.104724688724051, 0.0175512239549339 11.104726723927854, 0.0175450018456138 11.10443568963999, 0.0171281205211673 11.104419407992937, 0.0174184856227719 11.103015112517948, 0.0176238152303351 11.102801414788285, 0.0180002147248912 11.102947093274388)))"
_mview_marche_marches.fid-2fb68024_1a0f82ccff9_6bf7,Savanes,Cinkassé,Cinkassé 2,Biankouri,Kangbetchoik,Marché de Mongniguin,"{vendredi,mardi}",Non,"MULTIPOLYGON (((0.0592132722407014 11.039958871450118, 0.0592824015080936 11.03963120564395, 0.0594257182819556 11.039708984934062, 0.0596162452872074 11.040039960406316, 0.0593296117394835 11.040144217602819, 0.0592132722407014 11.039958871450118)))"
_mview_marche_marches.fid-2fb68024_1a0f82ccff9_6bf8,Savanes,Cinkassé,Cinkassé 2,Biankouri,Biankouri,Marché de Biankouri,"{lundi,jeudi}",Non,"MULTIPOLYGON (((0.0521446335778111 11.01852318779321, 0.0523709240615963 11.018527301106504, 0.0523653366422436 11.018601340735989, 0.0523024781745255 11.018656184893969, 0.0523150498680691 11.018684978072816, 0.0526698509969668 11.018689091383848, 0.052865410674312 11.01863561833592, 0.0528179176098139 11.017893850181624, 0.0529352534162211 11.017897963503712, 0.0530218584161882 11.018442292620042, 0.0529743653516901 11.019733870524224, 0.0524533938366003 11.019593730017197, 0.0520784585270528 11.01953541663385, 0.0521446335778111 11.01852318779321)))"
_mview_marche_marches.fid-2fb68024_1a0f82ccff9_6bf9,Savanes,Cinkassé,Cinkassé 2,Biankouri,Samomoni,Marché de Samomoni,"{mercredi,samedi}",Non,"MULTIPOLYGON (((0.03093 11.055196666666665, 0.0312283333333333 11.054615000000002, 0.0307383333333333 11.054485, 0.03058 11.055088333333334, 0.0309267172800681 11.055199225240868, 0.0309267172800681 11.055199225240868, 0.03093 11.055196666666665)))"
_mview_marche_marches.fid-2fb68024_1a0f82ccff9_6bfa,Savanes,Oti,Oti 2,Barkoissi,Nassiegou,Marché de Nassiegou,"{lundi,mercredi,samedi}",Non,"MULTIPOLYGON (((0.320812118933822 10.596750878119177, 0.3213203521303106 10.597317216900645, 0.3216952370128688 10.596852275095888, 0.3210284954432181 10.596515933775843, 0.320812118933822 10.596750878119177)))"
_mview_marche_marches.fid-2fb68024_1a0f82ccff9_6bfb,Savanes,Cinkassé,Cinkassé 2,Timbou,Timbou,Marché de Timbou,"{mercredi,samedi}",Oui,"MULTIPOLYGON (((0.1027631418075254 11.054142307573969, 0.1011236346050696 11.051598404240492, 0.1043197976530182 11.050606557158591, 0.1036694284948573 11.053210179265035, 0.1027631418075254 11.054142307573969)))"
_mview_marche_marches.fid-2fb68024_1a0f82ccff9_6bfc,Savanes,Cinkassé,Cinkassé 2,Timbou,Sankargou,Marché Kandjon,"{mardi,vendredi}",Non,"MULTIPOLYGON (((0.1400408720929718 11.009094114078662, 0.1391633333333333 11.00886, 0.1391633333333333 11.00886, 0.139365 11.007966666666668, 0.1393683333333333 11.007971666666666, 0.1402916666666667 11.00817, 0.1403083333333333 11.00817, 0.1400408720929718 11.009094114078662)))"
_mview_marche_marches.fid-2fb68024_1a0f82ccff9_6bfd,Savanes,Cinkassé,Cinkassé 2,Sam-Naba,Sam Naba,Marché de Sam Naba,"{lundi,mardi,mercredi,jeudi,vendredi,samedi,dimanche}",Non,"MULTIPOLYGON (((0.1670127676789668 11.069895856133773, 0.1674999329668736 11.07020980709709, 0.1674277603316281 11.070610365222702, 0.1677200595043722 11.07068614648971, 0.167849970247814 11.070285588364099, 0.1681242262617467 11.070314457418197, 0.1679979241500672 11.069444777163488, 0.1670127676789668 11.069895856133773)))"
_mview_marche_marches.fid-2fb68024_1a0f82ccff9_6bfe,Savanes,Kpendjal,Kpendjal 1,Koundjoaré,Tambate,Marché Préfectoral de Koundjouare,{mardi},Non,"MULTIPOLYGON (((0.6437817461662956 10.940953837364198, 0.643363446931692 10.942606512784112, 0.6442554826488587 10.942680734517864, 0.6447342588812365 10.941458547601643, 0.6437817461662956 10.940953837364198)))"
_mview_marche_marches.fid-2fb68024_1a0f82ccff9_6bff,Savanes,Kpendjal,Kpendjal 1,Mandouri,Bagre,Marché de Bagre,"{lundi,mercredi}",Non,"MULTIPOLYGON (((0.72597 10.878644999999999, 0.7246961717911801 10.87923448937956, 0.7259684137955548 10.880480310277317, 0.72597 10.878644999999999)))"
_mview_marche_marches.fid-2fb68024_1a0f82ccff9_6c00,Savanes,Kpendjal,Kpendjal 1,Mandouri,Mandouri,Marché de Mandouri,{jeudi},Non,"MULTIPOLYGON (((0.8201968187666776 10.851316265969686, 0.819073624673179 10.85152397449435, 0.818655166173805 10.850429745232681, 0.8200032115749528 10.850434252734455, 0.8201968187666776 10.851316265969686)))"
_mview_marche_marches.fid-2fb68024_1a0f82ccff9_6c01,Savanes,Kpendjal,Kpendjal 2,Borgou,Natchambonga,Marché de Natchambonga,{vendredi},Oui,"MULTIPOLYGON (((0.6012483333333333 10.845176666666669, 0.6024016666666667 10.844773333333334, 0.6027633333333333 10.845428333333333, 0.6020166666666668 10.845865, 0.6019866666666667 10.846281666666668, 0.6022 10.846293333333332, 0.6022 10.846813333333333, 0.6013504869783431 10.846717362781316, 0.6012483333333333 10.845176666666669)))"
_mview_marche_marches.fid-2fb68024_1a0f82ccff9_6c02,Savanes,Kpendjal,Kpendjal 2,Borgou,Bouldjoare,Marché de Bouldjoare,{samedi},Non,"MULTIPOLYGON (((0.6716300000000001 10.834458333333336, 0.6716666666666666 10.833873333333335, 0.6717716666666667 10.833695, 0.6732066666666667 10.834473333333335, 0.6728866666666666 10.835628333333334, 0.6730966666666667 10.835681666666668, 0.6720766666666667 10.837129999999998, 0.6718716666666666 10.837081666666666, 0.6716300000000001 10.834458333333336)))"
_mview_marche_marches.fid-2fb68024_1a0f82ccff9_6c03,Savanes,Kpendjal,Kpendjal 2,Borgou,Borgou,Marché de Borgou,"{lundi,vendredi}",Non,"MULTIPOLYGON (((0.5691611104140378 10.758941365061675, 0.5693105477203166 10.75960097721625, 0.5703166185992069 10.759387999154804, 0.5701482385357942 10.758703573492214, 0.5691611104140378 10.758941365061675)))"
_mview_marche_marches.fid-2fb68024_1a0f82ccff9_6c04,Savanes,Kpendjal-Ouest,Kpendjal-Ouest 1,Naki-Est,Karssomme,Marché de Karssomme,"{jeudi,dimanche}",Non,"MULTIPOLYGON (((0.3398205525919553 10.728844362088816, 0.340505576736503 10.728454701672781, 0.3403838948160899 10.728261347264796, 0.3399632659554028 10.728050280861517, 0.339855104248369 10.727815598463932, 0.3393623675829925 10.72803552096766, 0.3398205525919553 10.728844362088816)))"
_mview_marche_marches.fid-2fb68024_1a0f82ccff9_6c05,Savanes,Kpendjal-Ouest,Kpendjal-Ouest 1,Naki-Est,Naki Est Centre,Marché Pharmacie,"{lundi,mardi,mercredi,jeudi,vendredi,samedi,dimanche}",Non,"MULTIPOLYGON (((0.3816913576904136 10.728131456036527, 0.3821405615725548 10.728321512068803, 0.3820330965289803 10.728479892004456, 0.3816354758677549 10.728310953403478, 0.3816913576904136 10.728131456036527)))"
_mview_marche_marches.fid-2fb68024_1a0f82ccff9_6c06,Savanes,Kpendjal-Ouest,Kpendjal-Ouest 1,Naki-Est,Batbogou,Marché de Naki Est,"{mercredi,samedi}",Non,"MULTIPOLYGON (((0.36061 10.718711666666666, 0.3600837131288643 10.71762534951359, 0.3600837131288643 10.71762534951359, 0.3598186550511172 10.717118028399305, 0.3598186550511172 10.717118028399305, 0.3598186550511172 10.717118028399305, 0.3592333333333333 10.718236666666666, 0.3592745106750329 10.718646405829723, 0.3606163943548624 10.718710777670166, 0.3606163943548624 10.718710777670166, 0.3606163943548624 10.718710777670166, 0.36061 10.718711666666666)))"
_mview_marche_marches.fid-2fb68024_1a0f82ccff9_6c07,Savanes,Kpendjal-Ouest,Kpendjal-Ouest 1,Naki-Est,Kadegli,Marché de Kadegli,"{lundi,vendredi}",Non,"MULTIPOLYGON (((0.4026233333333333 10.699693333333334, 0.4026233333333333 10.699693333333334, 0.4026233333333333 10.699693333333334, 0.4028183333333333 10.699738333333334, 0.4031083333333333 10.699536666666665, 0.4031683333333334 10.698738333333331, 0.4030216666666667 10.698648333333331, 0.4029333333333333 10.698698333333335, 0.4026233333333333 10.699693333333334)))"
_mview_marche_marches.fid-2fb68024_1a0f82ccff9_6c08,Savanes,Kpendjal-Ouest,Kpendjal-Ouest 1,Naki-Est,Natare,Marché Nassong,"{mardi,vendredi}",Non,"MULTIPOLYGON (((0.4108536170690031 10.810429368889777, 0.4112429627286742 10.81026101386811, 0.411035593844719 10.809543945125284, 0.4105721878693496 10.809140723108529, 0.4105298676889506 10.81034415216222, 0.4108536170690031 10.810429368889777)))"
_mview_marche_marches.fid-2fb68024_1a0f82ccff9_6c09,Savanes,Kpendjal-Ouest,Kpendjal-Ouest 1,Naki-Est,Tamatougou,Marché Local de Tamatougou,"{lundi,jeudi}",Non,"MULTIPOLYGON (((0.3649799623208326 10.826598535129811, 0.3649401265731472 10.82635047189107, 0.3650277652180552 10.826240917083021, 0.3652245538116217 10.826236221876066, 0.3653376873350486 10.826319953055709, 0.3652994450172705 10.826458461591224, 0.3653058187369003 10.826531237236763, 0.3652436749705109 10.826575841655934, 0.3649799623208326 10.826598535129811)))"
_mview_marche_marches.fid-2fb68024_1a0f82ccff9_6c0a,Savanes,Kpendjal-Ouest,Kpendjal-Ouest 1,Naki-Est,Kankampieni,Marché Local de Kankampieni,"{jeudi,dimanche}",Non,"MULTIPOLYGON (((0.3838097867001247 10.818138005680657, 0.3836745734002496 10.818041630068663, 0.3837140604701247 10.817841826871941, 0.3838444874584998 10.817726646145102, 0.3843255117642503 10.817660828567043, 0.3843446570102503 10.817891190027048, 0.3842249992227501 10.817987565687396, 0.384032350184875 10.817978163185309, 0.3838097867001247 10.818138005680657)))"
_mview_marche_marches.fid-2fb68024_1a0f82ccff9_6c0b,Savanes,Kpendjal-Ouest,Kpendjal-Ouest 1,Nayéga,Nayega,Marché de Nayega Tantchiogou,{lundi},Non,"MULTIPOLYGON (((0.409 10.751198333333331, 0.408895 10.751003333333331, 0.4089316666666667 10.750945000000002, 0.4089683333333333 10.750926666666665, 0.40908 10.75054, 0.4083583333333333 10.750489999999997, 0.4085716666666667 10.750953333333333, 0.4087433333333334 10.751213333333332, 0.4091166666666667 10.75189, 0.4096216666666667 10.751508333333334, 0.4095066666666666 10.751428333333335, 0.40932 10.751456666666664, 0.409185 10.751373333333333, 0.409 10.751198333333331)))"
_mview_marche_marches.fid-2fb68024_1a0f82ccff9_6c0c,Savanes,Kpendjal-Ouest,Kpendjal-Ouest 1,Nayéga,Sogou,Marché Sogou,"{lundi,mardi,mercredi,jeudi,vendredi,samedi,dimanche}",Non,"MULTIPOLYGON (((0.3836368243779991 10.7599496642354, 0.3833884661425195 10.759677523255762, 0.3840203950228981 10.759427444187459, 0.3841135680979211 10.759486560577054, 0.3836418794056172 10.759944235459116, 0.3836418794056172 10.759944235459116, 0.3836418794056172 10.759944235459116, 0.3836368243779991 10.7599496642354)))"
_mview_marche_marches.fid-2fb68024_1a0f82ccff9_6c0d,Savanes,Kpendjal-Ouest,Kpendjal-Ouest 1,Ogaro,Nayega Centre,Marché de Nayega Péngou,{mardi},Non,"MULTIPOLYGON (((0.422350460242022 10.74077576449495, 0.422350460242022 10.74077576449495, 0.4229433333333333 10.740800000000002, 0.4229516666666667 10.740801666666668, 0.422915 10.74045, 0.4224816666666667 10.740590000000001, 0.4224783333333333 10.740590000000001, 0.4223582449267182 10.740775099789392, 0.4223582449267182 10.740775099789392, 0.422350460242022 10.74077576449495)))"
_mview_marche_marches.fid-2fb68024_1a0f82ccff9_6c0e,Savanes,Kpendjal-Ouest,Kpendjal-Ouest 1,Ogaro,Napagou,Marché de Napagou,"{mardi,vendredi}",Non,"MULTIPOLYGON (((0.5095833333333333 10.787053333333331, 0.5096033333333333 10.787163333333334, 0.5097316666666667 10.787256666666668, 0.5097316666666667 10.787256666666668, 0.5095633333333333 10.78747, 0.5093816666666666 10.787716666666665, 0.5092816666666666 10.787765000000002, 0.5091866666666667 10.787091666666667, 0.5095833333333333 10.787053333333331)))"
_mview_marche_marches.fid-2fb68024_1a0f82ccff9_6c0f,Savanes,Kpendjal-Ouest,Kpendjal-Ouest 1,Ogaro,Ogaro,Marché Ogaro,"{jeudi,dimanche}",Oui,"MULTIPOLYGON (((0.470965 10.742896666666665, 0.470855 10.743913333333333, 0.4707683333333333 10.743970000000001, 0.4707016666666667 10.744110000000001, 0.469615 10.743903333333332, 0.4687816666666666 10.744125, 0.4686316666666667 10.743075, 0.470965 10.742896666666665)))"
_mview_marche_marches.fid-2fb68024_1a0f82ccff9_6c10,Savanes,Kpendjal-Ouest,Kpendjal-Ouest 1,Ogaro,Boulbene,Marché Boulbene,{lundi},Non,"MULTIPOLYGON (((0.4512705327778378 10.791735681857213, 0.4517058894833171 10.791942775580134, 0.4519167118249468 10.791676752722989, 0.451489925133355 10.791454505598534, 0.451489925133355 10.791454505598534, 0.4512705327778378 10.791735681857213)))"
_mview_marche_marches.fid-2fb68024_1a0f82ccff9_6c11,Savanes,Kpendjal-Ouest,Kpendjal-Ouest 1,Ogaro,Bonkouongou,Marché Local de Bonkouongou,"{mardi,samedi}",Oui,"MULTIPOLYGON (((0.4492093389128604 10.699752842364632, 0.4488912634003116 10.699558848653417, 0.449050301156586 10.698696652879889, 0.4493409563663289 10.698427216197954, 0.4497632290295403 10.698351773884115, 0.4502622785406084 10.698858314774148, 0.4497083884239285 10.700270158321114, 0.4492093389128604 10.699752842364632)))"
_mview_marche_marches.fid-2fb68024_1a0f82ccff9_6c12,Savanes,Kpendjal-Ouest,Kpendjal-Ouest 2,Tambonga,Tambonga,Marché de Tambonga,"{vendredi,mardi}",Non,"MULTIPOLYGON (((0.4349818723061444 10.952260046298877, 0.4346273788598658 10.952332365592243, 0.4346550017258095 10.95244536445276, 0.434935834196238 10.952675881994494, 0.435161420934779 10.952865719835273, 0.4355573486799734 10.95311431682365, 0.4361052021878585 10.953349353784317, 0.4365793947198935 10.953516591508095, 0.4366438480737624 10.953150476368204, 0.4359855031021021 10.952413724776166, 0.4349818723061444 10.952260046298877)))"
_mview_marche_marches.fid-2fb68024_1a0f82ccff9_6c13,Savanes,Kpendjal-Ouest,Kpendjal-Ouest 2,Papri,Papri,Marché de Papri,"{mercredi,samedi}",Non,"MULTIPOLYGON (((0.4234133333333334 10.99425, 0.4234133333333334 10.99425, 0.4234133333333334 10.99425, 0.4235316666666666 10.994236666666666, 0.4235616666666667 10.994243333333335, 0.4236316666666667 10.994295, 0.42366 10.994333333333335, 0.4236883333333333 10.99437666666667, 0.4237016666666667 10.9944, 0.4237483333333333 10.994416666666666, 0.4237883333333333 10.994443333333333, 0.4238333333333333 10.994438333333335, 0.4238466666666667 10.994428333333333, 0.4239183333333333 10.99441, 0.42402 10.994401666666667, 0.42408 10.994403333333333, 0.42416 10.994428333333333, 0.4242116666666666 10.994461666666666, 0.4242516666666667 10.994483333333335, 0.424275 10.994494999999999, 0.4243416666666667 10.994515000000002, 0.4243883333333333 10.994531666666667, 0.42443 10.994539999999999, 0.424495 10.99455, 0.4245116666666667 10.994554999999998, 0.4245116666666667 10.994554999999998, 0.4245716666666667 10.994471666666668, 0.4245833333333334 10.994428333333333, 0.4246083333333334 10.994373333333332, 0.4246266666666666 10.994313333333332, 0.4246516666666666 10.994246666666667, 0.424675 10.994200000000001, 0.4246883333333333 10.994158333333333, 0.4247016666666666 10.994101666666666, 0.4247016666666666 10.994043333333332, 0.4246933333333333 10.99399, 0.424695 10.993961666666667, 0.42469 10.993905, 0.4246783333333333 10.993876666666665, 0.424665 10.993821666666667, 0.4246016666666667 10.99377, 0.4245833333333334 10.99375, 0.4245816666666667 10.993741666666665, 0.42459 10.993640000000001, 0.4245966666666667 10.993529999999998, 0.4246 10.9935, 0.4246216666666667 10.993386666666668, 0.424625 10.993368333333335, 0.4245716666666667 10.993308333333335, 0.4245633333333334 10.993239999999998, 0.424565 10.993166666666665, 0.4245783333333333 10.993106666666666, 0.424575 10.993050000000002, 0.4245566666666667 10.993016666666666, 0.4244583333333333 10.993051666666668, 0.424375 10.993071666666667, 0.4242933333333333 10.993083333333335, 0.4242233333333333 10.993095000000002, 0.4241616666666667 10.993133333333333, 0.4241 10.993161666666667, 0.4240033333333333 10.993165, 0.4238483333333333 10.993185000000002, 0.4237866666666666 10.993211666666665, 0.4235816666666666 10.993256666666666, 0.4234483333333333 10.993161666666667, 0.4233716666666666 10.993126666666667, 0.42331 10.993149999999998, 0.4232716666666667 10.993213333333332, 0.4232633333333334 10.993346666666666, 0.42324 10.993426666666668, 0.4233016666666666 10.993543333333331, 0.4234133333333334 10.99425)))"
_mview_marche_marches.fid-2fb68024_1a0f82ccff9_6c14,Savanes,Kpendjal-Ouest,Kpendjal-Ouest 2,Tambonga,Yamadjoaga,Marché de Yamadjoga,{dimanche},Non,"MULTIPOLYGON (((0.4535583333333333 10.934353333333336, 0.45349 10.934298333333334, 0.4536833333333333 10.933926666666666, 0.453865 10.934011666666667, 0.4535583333333333 10.934353333333336)))"
_mview_marche_marches.fid-2fb68024_1a0f82ccff9_6c15,Savanes,Kpendjal-Ouest,Kpendjal-Ouest 2,Namoundjoga,Momba,Marché Momba,"{mercredi,samedi}",Non,"MULTIPOLYGON (((0.4103333333333333 10.865416666666667, 0.4104416666666666 10.864653333333335, 0.4106666666666667 10.864691666666666, 0.410685 10.86476, 0.4108416666666667 10.864808333333334, 0.4111 10.865183333333334, 0.4108966666666667 10.865456666666667, 0.4106466666666667 10.865301666666669, 0.4105616666666667 10.865413333333333, 0.4103333333333333 10.865416666666667)))"
_mview_marche_marches.fid-2fb68024_1a0f82ccff9_6c16,Savanes,Kpendjal-Ouest,Kpendjal-Ouest 2,Namoundjoga,Namoundjoga,Marché Namoundjoga,"{jeudi,dimanche}",Non,"MULTIPOLYGON (((0.3937749285723893 10.894312544585532, 0.3940976382157552 10.89459880181029, 0.3939835686439309 10.894750068058695, 0.3938802235617654 10.894974095146132, 0.3935731131760846 10.894911865416537, 0.393299151212985 10.894801766632302, 0.3937749285723893 10.894312544585532)))"
_mview_marche_marches.fid-2fb68024_1a0f82ccff9_6c17,Savanes,Oti,Oti 2,Barkoissi,Kampoat,Marché de Kampoat,"{lundi,jeudi}",Non,"MULTIPOLYGON (((0.3520207104217707 10.589634719129956, 0.3519285937983052 10.589971039157666, 0.3520923566844661 10.59001990613953, 0.3521142892138627 10.589971039157666, 0.3522312627039775 10.589994035385395, 0.3522765899313971 10.589971039157666, 0.3523906390842592 10.589965290100464, 0.3524578988410753 10.589843122609427, 0.3525134612488799 10.58986755611153, 0.3525017638998684 10.589902050464124, 0.3525602506449258 10.589922172168013, 0.3526158130527305 10.589805753720086, 0.3524622853469548 10.589745388581527, 0.3520207104217707 10.589634719129956)))"
_mview_marche_marches.fid-2fb68024_1a0f82ccff9_6c18,Savanes,Oti,Oti 2,Barkoissi,Kambouate,Marché Kambouate,"{lundi,mardi,mercredi,jeudi,vendredi,samedi,dimanche}",Non,"MULTIPOLYGON (((0.3519609064904083 10.589982067332054, 0.3523881590785814 10.58997513377572, 0.3524506346928898 10.589723544625594, 0.3519941596399596 10.58963836085079, 0.3519609064904083 10.589982067332054)))"
_mview_marche_marches.fid-2fb68024_1a0f82ccff9_6c19,Savanes,Oti,Oti 2,Barkoissi,Barkoissi,Marché Barkoissi,{lundi},Non,"MULTIPOLYGON (((0.3000238655466508 10.55379004849964, 0.3005461976035669 10.55446073638053, 0.3011724630799714 10.554940172523814, 0.3014069795136887 10.555003049339616, 0.3015802018795027 10.554238047207289, 0.3014949231763328 10.553761229846982, 0.3012071075531341 10.553672153994418, 0.3000238655466508 10.55379004849964)))"
_mview_marche_marches.fid-2fb68024_1a0f82ccff9_6c1a,Savanes,Oti,Oti 2,Barkoissi,Barkossi,Marché Barkoissi Petit,"{lundi,mardi,mercredi,jeudi,vendredi,samedi,dimanche}",Non,"MULTIPOLYGON (((0.30325673679345 10.556548879617178, 0.3035117506758596 10.556745746430204, 0.3037167004831949 10.556461212323931, 0.3034898476430146 10.55626280730481, 0.30325673679345 10.556548879617178)))"
_mview_marche_marches.fid-2fb68024_1a0f82ccff9_6c1b,Savanes,Tandjoaré,Tandjoaré 2,Sissiak,Doré,Marché de Doré,"{jeudi,dimanche}",Oui,"MULTIPOLYGON (((0.0985567542530613 10.719494911245453, 0.0986408942136855 10.719583404863783, 0.0983067045109243 10.720120187967833, 0.0980246578823528 10.719790666131749, 0.0985567542530613 10.719494911245453)))"
_mview_marche_marches.fid-2fb68024_1a0f82ccff9_6c1c,Savanes,Tône,Tône 1,Dapaong,Kourdjoak,Marché Kourdjoak,"{dimanche,jeudi}",Non,"MULTIPOLYGON (((0.1445476208014806 10.794855794252394, 0.1433169041290721 10.794931117482637, 0.143389750287252 10.796354722983525, 0.1445322847681796 10.796309529261759, 0.1445476208014806 10.794855794252394)))"
_mview_marche_marches.fid-2fb68024_1a0f82ccff9_6c1d,Savanes,Tandjoaré,Tandjoaré 2,Sissiak,Mone,Marché de Mone,"{mercredi,samedi}",Oui,"MULTIPOLYGON (((0.1154977839316336 10.723564472414736, 0.1155056164206651 10.723496921217038, 0.1155543519079725 10.723395166852802, 0.1157188341776351 10.723399442246945, 0.1159294411049279 10.723419964138, 0.1159268302752507 10.723573023198178, 0.1158859272769748 10.7236670818001, 0.1157571263462338 10.723636298988145, 0.1156979475402176 10.723779952083806, 0.115433383466263 10.723646559925811, 0.1154977839316336 10.723564472414736)))"
_mview_marche_marches.fid-2fb68024_1a0f82ccff9_6c1e,Savanes,Tandjoaré,Tandjoaré 2,Sissiak,Sissiek,Marché de Sissiek,{lundi},Oui,"MULTIPOLYGON (((0.1317199432447289 10.757745801031575, 0.1318559299067362 10.761769703373064, 0.1327538920691443 10.76190202867285, 0.1330457297719269 10.758408621285152, 0.1325563403934145 10.757923422613459, 0.1321522574203309 10.757729342926192, 0.1317199432447289 10.757745801031575)))"
_mview_marche_marches.fid-2fb68024_1a0f82ccff9_6c1f,Savanes,Tandjoaré,Tandjoaré 2,Sissiak,Pokperik,Marché de Pokperik,"{mardi,vendredi}",Non,"MULTIPOLYGON (((0.1440482798103198 10.735600821779915, 0.1440144037936028 10.735960595952161, 0.1433433360338752 10.735748218298754, 0.1433514017521412 10.73564519923401, 0.1437046802121901 10.73545025536924, 0.1440482798103198 10.735600821779915)))"
_mview_marche_marches.fid-2fb68024_1a0f82ccff9_6c20,Savanes,Tandjoaré,Tandjoaré 2,Sissiak,Kpante,Marché de Kpante,"{mercredi,dimanche}",Non,"MULTIPOLYGON (((0.127245202908836 10.72598547457022, 0.127304221244693 10.725831126258077, 0.1276591991765385 10.725994854851841, 0.1275958412571627 10.726178196661548, 0.127245202908836 10.72598547457022)))"
_mview_marche_marches.fid-2fb68024_1a0f82ccff9_6c21,Savanes,Tandjoaré,Tandjoaré 2,Sissiak,Sounsouri,Marché de Sounsouri,"{mercredi,samedi}",Non,"MULTIPOLYGON (((0.1624793126414122 10.741096672038935, 0.1625423275276606 10.740717081049974, 0.1626953355483324 10.740739523751683, 0.1626941540192153 10.740801434644299, 0.1628400728651842 10.740837613816296, 0.1628411833507445 10.74116041147364, 0.1624791969364092 10.741096116221385, 0.1624793126414122 10.741096672038935)))"
_mview_marche_marches.fid-2fb68024_1a0f82ccff9_6c22,Savanes,Tandjoaré,Tandjoaré 2,Sissiak,Myre A,Marché de Myre,"{mardi,vendredi}",Oui,"MULTIPOLYGON (((0.0742672039722146 10.798913040424766, 0.0745010327624947 10.798364531575995, 0.0753141985555583 10.798817051448536, 0.0749826502708328 10.799310708713833, 0.0742672039722146 10.798913040424766)))"
_mview_marche_marches.fid-2fb68024_1a0f82ccff9_6c23,Savanes,Tandjoaré,Tandjoaré 2,Sissiak,Piabribagou,Marché de Piabribagou,"{vendredi,mardi}",Non,"MULTIPOLYGON (((0.1241590091778259 10.786534543072325, 0.123281420322261 10.78526559243046, 0.1221726145274112 10.786581857248144, 0.1234032327898642 10.787419477314465, 0.1241590091778259 10.786534543072325)))"
_mview_marche_marches.fid-2fb68024_1a0f82ccff9_6c24,Savanes,Tandjoaré,Tandjoaré 2,Sissiak,Tonte,Marché de Tonte,"{lundi,vendredi}",Oui,"MULTIPOLYGON (((0.0910264388197237 10.808595130590152, 0.0896955945075693 10.808008742205105, 0.08926972432768 10.810488746404054, 0.0913610511039225 10.810630673735153, 0.0910264388197237 10.808595130590152)))"
_mview_marche_marches.fid-2fb68024_1a0f82ccff9_6c25,Savanes,Tandjoaré,Tandjoaré 2,Sissiak,Nadagou,Marché de Nadagou,"{mardi,vendredi}",Non,"MULTIPOLYGON (((0.1273216621503362 10.780639379917973, 0.127026865986042 10.781259857858538, 0.127429314238741 10.7815052216049, 0.1277706263079368 10.78108089071961, 0.1273216621503362 10.780639379917973)))"
_mview_marche_marches.fid-2fb68024_1a0f82ccff9_6c26,Savanes,Kpendjal-Ouest,Kpendjal-Ouest 2,Pogno,Malbangou,Marché de Malbangou,"{mardi,vendredi}",Non,"MULTIPOLYGON (((0.4810583333333333 10.913156666666664, 0.4803383333333333 10.913223333333333, 0.4803383333333333 10.913223333333333, 0.4803383333333333 10.913223333333333, 0.4803383333333333 10.913223333333333, 0.4803383333333333 10.913223333333333, 0.4803383333333333 10.913223333333333, 0.4803383333333333 10.913223333333333, 0.4803716666666666 10.91312, 0.4803816666666666 10.912631666666668, 0.4803833333333333 10.912633333333334, 0.4804666666666666 10.91244, 0.4804666666666666 10.91244, 0.4804666666666666 10.91244, 0.4804666666666666 10.91244, 0.4806516666666666 10.912455, 0.48066 10.912461666666665, 0.4807533333333333 10.912669999999999, 0.4807533333333333 10.912669999999999, 0.48094 10.912781666666667, 0.4810544976984853 10.913154069741315, 0.4810583333333333 10.913156666666664)))"
_mview_marche_marches.fid-2fb68024_1a0f82ccff9_6c27,Savanes,Oti-Sud,Oti-Sud 1,Sagbiebou,Sagbiebou,Marché de Betail,{jeudi},Non,"MULTIPOLYGON (((0.6440083333333334 10.232353333333332, 0.642405 10.232511666666666, 0.6424033333333333 10.232513333333333, 0.6425616666666667 10.231098333333334, 0.6441973512662511 10.230986568793744, 0.6440083333333334 10.232353333333332)))"
_mview_marche_marches.fid-2fb68024_1a0f82ccff9_6c28,Savanes,Kpendjal-Ouest,Kpendjal-Ouest 2,Pogno,Pogno,Marché de Pogno,"{lundi,jeudi}",Non,"MULTIPOLYGON (((0.5060921388071128 10.973538818273417, 0.5063708551164241 10.973397498000418, 0.5064076089154542 10.973430572963988, 0.5065209331291303 10.973535811459803, 0.5066924508579371 10.973466654738205, 0.5069129736521176 10.973469661552526, 0.5071106749556246 10.973740388266078, 0.5070754884156398 10.973943041270557, 0.5072138888062466 10.973956858515804, 0.5071998141902527 10.974203265947482, 0.5070707968769752 10.974670748640973, 0.506937088025033 10.974829646530916, 0.506709548399798 10.97478358918031, 0.5065570733931972 10.97470068593112, 0.5065265783918771 10.974569422405661, 0.5063459541532884 10.974622388396634, 0.5062497776106634 10.974217083180559, 0.506151255298706 10.974210174564101, 0.5060738449107395 10.974159511371816, 0.5059917429841083 10.974145694136046, 0.5058932206721509 10.974005218869065, 0.5058416137468399 10.973634455958422, 0.5055906164282817 10.973376533659241, 0.5057196337415594 10.97328441849783, 0.5060921388071128 10.973538818273417)))"
_mview_marche_marches.fid-2fb68024_1a0f82ccff9_6c29,Savanes,Kpendjal-Ouest,Kpendjal-Ouest 2,Pogno,Tchimouri,Marché Tchimouri,"{mercredi,dimanche}",Non,"MULTIPOLYGON (((0.5596557921612726 10.937503903699561, 0.5584418267592169 10.937855912656469, 0.5584312820000243 10.936720941101974, 0.5596544740663736 10.937502609548215, 0.5596544740663736 10.937502609548215, 0.5596544740663736 10.937502609548215, 0.5596557921612726 10.937503903699561)))"
_mview_marche_marches.fid-2fb68024_1a0f82ccff9_6c2a,Savanes,Kpendjal-Ouest,Kpendjal-Ouest 2,Pogno,Djibontoti,Marché de Djibontoti,{samedi},Non,"MULTIPOLYGON (((0.5132521886306761 10.922038691962307, 0.512647640698513 10.92178799793837, 0.5128222552711523 10.921383141050498, 0.5135060400682105 10.921684262418282, 0.5132507212813262 10.922027165804934, 0.5132521886306761 10.922038691962307)))"
_mview_marche_marches.fid-2fb68024_1a0f82ccff9_6c2b,Maritime,Agoè-Nyivé,Agoè-Nyivé 4,Togblekope,Degome,Marché de Degome,Nsp,Oui,"MULTIPOLYGON (((1.1966022394905138 6.267500044301668, 1.1966315922353847 6.267949374600493, 1.1964613463151341 6.2679610455121875, 1.1964319935702634 6.268089425523606, 1.1962734887479607 6.268171121878064, 1.195874291417718 6.268171121878064, 1.1955807639690101 6.267762639977851, 1.1956629516546489 6.267138245597976, 1.1963498058846254 6.26723744849331, 1.1964378641192377 6.267272461275396, 1.196484828511031 6.2674942088406995, 1.1965787572946174 6.2674942088406995, 1.1966022394905138 6.267500044301668)))"
_mview_marche_marches.fid-2fb68024_1a0f82ccff9_6c2c,Savanes,Oti,Oti 1,Mango,Mantche,Marché de Mantche,{vendredi},Non,"MULTIPOLYGON (((0.3433666666666666 10.342471666666667, 0.343165 10.343211666666667, 0.3417933333333333 10.342903333333334, 0.343365 10.342468333333333, 0.3433633333333334 10.342468333333333, 0.3433666666666666 10.342471666666667)))"
_mview_marche_marches.fid-2fb68024_1a0f82ccff9_6c2d,Savanes,Oti,Oti 1,Mango,Mango,Nouveau Marché de Mango,{dimanche},Non,"MULTIPOLYGON (((0.471077690857533 10.333285387929356, 0.4720591356530259 10.3332661871129, 0.4721204759527444 10.334634928089802, 0.4711139373982757 10.334656871784357, 0.471077690857533 10.333285387929356)))"
_mview_marche_marches.fid-2fb68024_1a0f82ccff9_6c2e,Savanes,Oti,Oti 1,Mango,Mango,Ancien Marché de Mango,"{dimanche,samedi,vendredi,jeudi,mercredi,mardi,lundi}",Non,"MULTIPOLYGON (((0.4751929307383246 10.356925853898435, 0.4759860325143669 10.357262639361458, 0.4764737162151632 10.356150519083213, 0.4755155901565282 10.355801617790817, 0.4751929307383246 10.356925853898435)))"
_mview_marche_marches.fid-2fb68024_1a0f82ccff9_6c2f,Savanes,Oti,Oti 1,Sadori,Koumongoukan,Marché de Koumongoukan,{mercredi},Non,"MULTIPOLYGON (((0.4030468770541854 10.244605626272174, 0.4033395582952756 10.245345619401663, 0.4028846417594988 10.2455559669876, 0.4026423850018923 10.245267952565415, 0.402682943825564 10.244877460683725, 0.4030468770541854 10.244605626272174)))"
_mview_marche_marches.fid-2fb68024_1a0f82ccff9_6c30,Savanes,Oti,Oti 1,Faré,Fare,Marché de Fare,{vendredi},Non,"MULTIPOLYGON (((0.3934733333333333 10.180098333333332, 0.3928200399339501 10.18016055151945, 0.3927362487598181 10.17921944058539, 0.3934733333333333 10.180098333333332)))"
_mview_marche_marches.fid-2fb68024_1a0f82ccff9_6c31,Savanes,Oti,Oti 2,Nagbéni,Kalokaloug,Marché de Kalokaloug,"{jeudi,dimanche}",Non,"MULTIPOLYGON (((0.3454537835830512 10.686519025163319, 0.3454537835830512 10.686519025163319, 0.3455166666666667 10.687125, 0.3449633333333333 10.687086666666668, 0.3449083333333334 10.686741666666668, 0.3454537835830512 10.686519025163319)))"
_mview_marche_marches.fid-2fb68024_1a0f82ccff9_6c32,Savanes,Oti,Oti 2,Nagbéni,Santongou,Marché Santongou,{samedi},Non,"MULTIPOLYGON (((0.41071 10.676865000000001, 0.4107383333333334 10.677629999999999, 0.410415 10.677603333333332, 0.4104333333333334 10.677321666666668, 0.41071 10.676865000000001)))"
_mview_marche_marches.fid-2fb68024_1a0f82ccff9_6c33,Savanes,Tandjoaré,Tandjoaré 2,Mamproug,Mamproug,Marché de Mamproug,"{vendredi,mardi,dimanche}",Non,"MULTIPOLYGON (((-0.0359445527968251 10.671260351496604, -0.0353637523912175 10.671371585059925, -0.0350278901758343 10.67084094589189, -0.0354231313464234 10.670306658783689, -0.0360540327454859 10.670636713387987, -0.0359445527968251 10.671260351496604)))"
_mview_marche_marches.fid-2fb68024_1a0f82ccff9_6c34,Savanes,Oti,Oti 2,Nagbéni,Djiboanle,Marché de Djiboanle,"{samedi,mardi}",Oui,"MULTIPOLYGON (((0.4625364225326765 10.681322535516196, 0.4633081321500149 10.681427462825525, 0.4631350232840709 10.680886927814148, 0.4630476599311646 10.680844002933787, 0.4629651500978643 10.68079153918289, 0.462767773633891 10.680824925207238, 0.4625364225326765 10.681322535516196)))"
_mview_marche_marches.fid-2fb68024_1a0f82ccff9_6c35,Savanes,Oti,Oti 2,Nagbéni,Bonloare,Marché Local de Bonloare,"{lundi,vendredi}",Non,"MULTIPOLYGON (((0.4697813780125822 10.697308132047958, 0.470615481703979 10.697164489333444, 0.4712088131957974 10.695592864601608, 0.4710368330532413 10.695466120316809, 0.4704349025542952 10.695575965366693, 0.4697297839698154 10.696826506207435, 0.4697813780125822 10.697308132047958)))"
_mview_marche_marches.fid-2fb68024_1a0f82ccff9_6c36,Savanes,Oti,Oti 2,Nagbéni,Kpebonga,Marché de Kpebonga,"{jeudi,lundi}",Non,"MULTIPOLYGON (((0.3578928022577222 10.644581829377199, 0.3578838142473314 10.644684885039558, 0.3582350956534374 10.644743773973834, 0.3582500756707553 10.644687093374799, 0.3581332315356752 10.644657648903609, 0.3581107615096983 10.644598023840736, 0.3578928022577222 10.644581829377199)))"
_mview_marche_marches.fid-2fb68024_1a0f82ccff9_6c37,Savanes,Oti,Oti 2,Nagbéni,Gbantchal,Marché Gbantchal,"{vendredi,lundi}",Oui,"MULTIPOLYGON (((0.57151 10.67181, 0.5682066666666666 10.672218333333335, 0.56809 10.670173333333333, 0.5713933333333333 10.669731666666667, 0.571635 10.66966333333333, 0.57151 10.67181)))"
_mview_marche_marches.fid-2fb68024_1a0f82ccff9_6c38,Savanes,Oti,Oti 2,Tchanaga,Tchanaga,Marché de Tchanaga,{mercredi},Non,"MULTIPOLYGON (((0.4919240152719286 10.498000850854718, 0.4923637106105445 10.500004428544472, 0.491221815253542 10.500301253764556, 0.4911824395515762 10.498562241081961, 0.4919240152719286 10.498000850854718)))"
_mview_marche_marches.fid-2fb68024_1a0f82ccff9_6c39,Savanes,Oti,Oti 2,Tchanaga,Fiégou,Marché de Fiegou,{mercredi},Non,"MULTIPOLYGON (((0.5197233333333333 10.430673333333335, 0.5194762165550766 10.430816465498244, 0.5193403023270357 10.430636621037504, 0.519563943011358 10.43046528263703, 0.5197233333333333 10.430673333333335)))"
_mview_marche_marches.fid-2fb68024_1a0f82ccff9_6c3a,Savanes,Oti,Oti 2,Galangashie,Galangashie,Marché Galangashie,"{lundi,mardi,jeudi,mercredi,vendredi,samedi,dimanche}",Non,"MULTIPOLYGON (((0.3548753878964424 10.501843008348999, 0.3551994634185106 10.502090918219206, 0.3552525795310486 10.501930272645987, 0.354955398243177 10.501677073898113, 0.3548753878964424 10.501843008348999)))"
_mview_marche_marches.fid-2fb68024_1a0f82ccff9_6c3b,Savanes,Oti-Sud,Oti-Sud 1,Sagbiebou,Kpayo,Marché de Kpayo,{mercredi},Non,"MULTIPOLYGON (((0.7008183333333334 10.230061666666668, 0.7003416666666666 10.22968, 0.7008255079483049 10.229441395687495, 0.7012104174635038 10.22984909034988, 0.7008183333333334 10.230061666666668)))"
_mview_marche_marches.fid-2fb68024_1a0f82ccff9_6c3c,Savanes,Oti-Sud,Oti-Sud 1,Sagbiebou,Carrefour Gando,Le Marché de Sagbiebou,"{lundi,mardi,jeudi,mercredi,vendredi,samedi,dimanche}",Non,"MULTIPOLYGON (((0.64329 10.244, 0.6445916666666667 10.243693333333333, 0.644615 10.243685, 0.6445083333333332 10.242943333333333, 0.6431679658446504 10.243167568282987, 0.64329 10.244)))"
_mview_marche_marches.fid-2fb68024_1a0f82ccff9_6c3d,Savanes,Oti-Sud,Oti-Sud 1,Sagbiebou,Sabiebou,Nouveau Marché de Sagbiebou,{jeudi},Non,"MULTIPOLYGON (((0.639215 10.233783333333333, 0.6399983333333333 10.236406666666666, 0.638935 10.236866666666666, 0.6379437706635617 10.234222748238938, 0.639215 10.233783333333333)))"
_mview_marche_marches.fid-2fb68024_1a0f82ccff9_6c3e,Savanes,Oti-Sud,Oti-Sud 1,Tchamonga,Tontondi,Marché de Tontondi,{dimanche},Oui,"MULTIPOLYGON (((0.5619583333333333 10.487421666666668, 0.561685 10.485649999999998, 0.5631133333333334 10.485413333333334, 0.5633400000000001 10.48736, 0.5633383333333333 10.487365512295444, 0.5619583333333333 10.487421666666668)))"
_mview_marche_marches.fid-2fb68024_1a0f82ccff9_6c3f,Savanes,Oti-Sud,Oti-Sud 1,Mogou,Mogou,Marché Napdori,{mardi},Oui,"MULTIPOLYGON (((0.64325 10.38397, 0.6434533333333333 10.384158333333334, 0.64348 10.384145, 0.6439466666666667 10.384103333333334, 0.6445883333333333 10.384105, 0.6443187819560361 10.383265160728948, 0.64325 10.38397)))"
_mview_marche_marches.fid-2fb68024_1a0f82ccff9_6c40,Savanes,Oti-Sud,Oti-Sud 1,Gando,Nganbi,Marché de Nganbi,{dimanche},Oui,"MULTIPOLYGON (((0.8019808493326525 10.187729042700274, 0.8037188899974677 10.188170012754622, 0.8041598297452275 10.187489306271768, 0.8038729168956578 10.186383526703928, 0.8018475519879544 10.187635369611229, 0.801853627620937 10.187641349454514, 0.8019808493326525 10.187729042700274)))"
_mview_marche_marches.fid-2fb68024_1a0f82ccff9_6c41,Savanes,Oti-Sud,Oti-Sud 1,Gando,Gando,Ancien Marché de Gando,"{lundi,mardi,mercredi,jeudi,vendredi,samedi,dimanche}",Oui,"MULTIPOLYGON (((0.7471176258579307 10.33194254362029, 0.7458399303399319 10.330654250418423, 0.7468948248601299 10.329696973578082, 0.7475762238528938 10.330467936146206, 0.7471176258579307 10.33194254362029)))"
_mview_marche_marches.fid-2fb68024_1a0f82ccff9_6c42,Savanes,Oti-Sud,Oti-Sud 1,Gando,Takpapieni,Marché de Takpapieni,{mardi},Oui,"MULTIPOLYGON (((0.8732399999999999 10.254805000000001, 0.8737233333333333 10.255675, 0.872835 10.255796666666667, 0.8723333333333334 10.255783333333333, 0.8726794269696706 10.254548295327108, 0.8732399999999999 10.254805000000001)))"
_mview_marche_marches.fid-2fb68024_1a0f82ccff9_6c43,Savanes,Kpendjal,Kpendjal 1,Koundjoaré,Kpenkankandi,Marché de Kpenkankandi,{mercredi},Non,"MULTIPOLYGON (((0.6310117863718493 10.993346471815112, 0.6313787704722079 10.993686707444727, 0.6321156512451507 10.993149192152629, 0.6315593499501624 10.992603098485713, 0.6310117863718493 10.993346471815112)))"
_mview_marche_marches.fid-2fb68024_1a0f82ccff9_6c44,Savanes,Oti-Sud,Oti-Sud 1,Gando,Nassikou,Marché de Nassikou,{mercredi},Oui,"MULTIPOLYGON (((0.7279149640933201 10.218730281684277, 0.728443716554219 10.218974470963051, 0.7290510004042882 10.218624991753725, 0.7292805447408757 10.217839156217657, 0.7279149640933201 10.218730281684277)))"
_mview_marche_marches.fid-2fb68024_1a0f82ccff9_6c45,Savanes,Oti-Sud,Oti-Sud 1,Gando,Gando,Marché de Gando,{samedi},Non,"MULTIPOLYGON (((0.7488383333333334 10.345393333333334, 0.7496998796349549 10.347904983825813, 0.7495686130816154 10.348225699546859, 0.7479969662283572 10.348189523850184, 0.7473708247833081 10.345938992212302, 0.7488383333333334 10.345393333333334)))"
_mview_marche_marches.fid-2fb68024_1a0f82ccff9_6c46,Savanes,Oti-Sud,Oti-Sud 2,Kountoire,Faingata,Marché de Apeto,{dimanche},Non,"MULTIPOLYGON (((0.6666266666666666 10.012026666666666, 0.6667083333333333 10.012741666666667, 0.6657833333333334 10.01282, 0.6657316666666666 10.011821666666666, 0.6666266666666666 10.012026666666666)))"
_mview_marche_marches.fid-2fb68024_1a0f82ccff9_6c47,Savanes,Oti-Sud,Oti-Sud 2,Kountoire,Kountoire,Marché de Kountoire,{vendredi},Non,"MULTIPOLYGON (((0.6232512533535481 10.105953835069878, 0.6227332755551904 10.104983250374854, 0.6227332755551904 10.104983250374854, 0.6217535029455653 10.10580315785466, 0.6220861711459316 10.107242272942509, 0.6232512533535481 10.105953835069878)))"
_mview_marche_marches.fid-2fb68024_1a0f82ccff9_6c48,Savanes,Tandjoaré,Tandjoaré 1,Boulogou,Dankour,Marché de Dankour,"{mardi,vendredi}",Non,"MULTIPOLYGON (((0.327248084930022 10.61711129107544, 0.3271728223318308 10.61640734289634, 0.3266217058870118 10.616481317188, 0.3266605510989815 10.617163788840784, 0.327248084930022 10.61711129107544)))"
_mview_marche_marches.fid-2fb68024_1a0f82ccff9_6c49,Savanes,Tandjoaré,Tandjoaré 1,Boulogou,Tambimongou,Marché de Tambimongou,"{mercredi,samedi}",Non,"MULTIPOLYGON (((0.2501685190575188 10.671307483513859, 0.2504692839283504 10.670976842149086, 0.2506616412413439 10.671124299147934, 0.2503859951948894 10.67149326612687, 0.2501658749707423 10.671304885154832, 0.2501685190575188 10.671307483513859)))"
_mview_marche_marches.fid-2fb68024_1a0f82ccff9_6c4a,Savanes,Tandjoaré,Tandjoaré 1,Boulogou,Kpimbonga,Marché Local de Kpimbonga,"{dimanche,samedi,vendredi,jeudi,mercredi,mardi,lundi}",Non,"MULTIPOLYGON (((0.2879027213492875 10.604853431166905, 0.2880830762096885 10.604788149174613, 0.2880412796864845 10.604684035623606, 0.2878546267198472 10.604621567475997, 0.2877698885632144 10.604784209743597, 0.2878300068500148 10.604873128317017, 0.2879027213492875 10.604853431166905)))"
_mview_marche_marches.fid-2fb68024_1a0f82ccff9_6c4b,Savanes,Tandjoaré,Tandjoaré 1,Boulogou,Tannabe,Marché de Tannabe,"{jeudi,dimanche}",Non,"MULTIPOLYGON (((0.2813793536262769 10.625166441614917, 0.2812676060525834 10.625199094251233, 0.2810501513145852 10.625228778463038, 0.2807420904357545 10.625136757397051, 0.2807602116639211 10.624848820334057, 0.2806937671606439 10.62481319923523, 0.2809444441502807 10.624730083321811, 0.2810410907005022 10.624646967385777, 0.2813914344450547 10.624688525356623, 0.2814729799718039 10.624738988599335, 0.2813793536262769 10.625166441614917)))"
_mview_marche_marches.fid-2fb68024_1a0f82ccff9_6c4c,Savanes,Tandjoaré,Tandjoaré 1,Tamongue,Youak,Marché de Youak,"{dimanche,jeudi}",Non,"MULTIPOLYGON (((0.20295615657137 10.56252412852033, 0.2033936372829301 10.562737180467677, 0.2030388142173329 10.563186075482506, 0.2026708868907904 10.56290266722717, 0.20295615657137 10.56252412852033)))"
_mview_marche_marches.fid-2fb68024_1a0f82ccff9_6c4d,Savanes,Tandjoaré,Tandjoaré 1,Tamongue,Koundoungou,Marché de Koundoungou,"{lundi,vendredi}",Non,"MULTIPOLYGON (((0.1477154221855024 10.523377365479483, 0.1480672553934635 10.52382552173926, 0.1473046612481291 10.524573583399, 0.1468141745591981 10.524116908159579, 0.1477154221855024 10.523377365479483)))"
_mview_marche_marches.fid-2fb68024_1a0f82ccff9_6c4e,Savanes,Tandjoaré,Tandjoaré 1,Tamongue,Balitchou,Marché Lamboyenne,{lundi},Non,"MULTIPOLYGON (((0.2060821337730115 10.516173100121955, 0.206743884151021 10.516341144939569, 0.2072916907553335 10.516935764328773, 0.2078000552841355 10.516655690121505, 0.2076554343405969 10.515311330388903, 0.20631440377324 10.514759796497126, 0.205735919999086 10.515126049582049, 0.2060821337730115 10.516173100121955)))"
_mview_marche_marches.fid-2fb68024_1a0f82ccff9_6c4f,Savanes,Tandjoaré,Tandjoaré 1,Tamongue,Tambigue,Marché de Tambigue,"{mardi,vendredi}",Non,"MULTIPOLYGON (((0.1739335664212479 10.57186231394777, 0.1740555333234642 10.571934704329186, 0.1745065807354335 10.571593112067104, 0.1741475838157028 10.571494706278697, 0.1739335664212479 10.57186231394777)))"
_mview_marche_marches.fid-2fb68024_1a0f82ccff9_6c50,Savanes,Tandjoaré,Tandjoaré 1,Tamongue,Tamougou Centre,Marché de Tamougou Centre,"{dimanche,jeudi}",Non,"MULTIPOLYGON (((0.1718142806015331 10.59626290469101, 0.1715298509559383 10.595093898847614, 0.1710207218903237 10.595514854723094, 0.1710975178946343 10.596151977129226, 0.1718029034157093 10.596262904691008, 0.1718029034157093 10.596262904691008, 0.1718029034157093 10.596262904691008, 0.1718029034157093 10.596262904691008, 0.1718142806015331 10.59626290469101)))"
_mview_marche_marches.fid-2fb68024_1a0f82ccff9_6c51,Savanes,Tandjoaré,Tandjoaré 1,Tamongue,Yembour Centre,Marché de Yembour Centre,"{samedi,mercredi}",Non,"MULTIPOLYGON (((0.142151390034834 10.538987052157614, 0.1426986977909004 10.5403974221444, 0.1411725511634077 10.541149970308993, 0.1402884386343775 10.540713176619057, 0.1406357685564965 10.539776438344253, 0.140893634710797 10.539839589239184, 0.1410778248210116 10.539081778500014, 0.142151390034834 10.538987052157614)))"
_mview_marche_marches.fid-2fb68024_1a0f82ccff9_6c52,Savanes,Tandjoaré,Tandjoaré 2,Bagou,Kumbog,Marché de Kumbog,{mardi},Non,"MULTIPOLYGON (((-0.0006681076222762 10.660181074803353, -0.0003758901210043 10.659770659444712, -0.0001309952920032 10.659920641325488, -0.0004516063966375 10.6603508215038, -0.0006681076222762 10.660181074803353)))"
_mview_marche_marches.fid-2fb68024_1a0f82ccff9_6c53,Savanes,Tandjoaré,Tandjoaré 2,Bagou,Kpark,Marché de Kpark,"{mercredi,samedi}",Non,"MULTIPOLYGON (((0.0604265119906793 10.669239105155363, 0.060697798830487 10.668483083088168, 0.060993380014158 10.668530831905905, 0.0608030743205616 10.669302770085748, 0.0604265119906793 10.669239105155363)))"
_mview_marche_marches.fid-2fb68024_1a0f82ccff9_6c54,Savanes,Tandjoaré,Tandjoaré 2,Bagou,Bagou Centre,Marché de Bagou Centre,"{jeudi,dimanche}",Oui,"MULTIPOLYGON (((0.0390741000190358 10.683690422340671, 0.038757015902131 10.68377185514231, 0.0388311621192889 10.684135730920758, 0.0391504270072866 10.68399558093757, 0.0390741000190358 10.683690422340671)))"
_mview_marche_marches.fid-2fb68024_1a0f82ccff9_6c55,Savanes,Tandjoaré,Tandjoaré 1,Bogou,Lombieni,Marché de Lombieni,"{mardi,vendredi}",Oui,"MULTIPOLYGON (((0.1518636998936339 10.611461948710101, 0.1518500266223434 10.61129823187299, 0.1526542635791602 10.61132999783331, 0.1526244309872535 10.611502267022209, 0.1518636998936339 10.611461948710101)))"
_mview_marche_marches.fid-2fb68024_1a0f82ccff9_6c56,Savanes,Tandjoaré,Tandjoaré 2,Nano,Nano Centre,Marché de Nano Centre,"{jeudi,dimanche}",Non,"MULTIPOLYGON (((0.1125639560840504 10.702191257413801, 0.113328241034431 10.702730883317956, 0.1129762800951019 10.703824585745398, 0.1114785303876261 10.703635437161084, 0.1113674695036094 10.702855672580375, 0.1125623260463247 10.702189631255628, 0.1125639560840504 10.702191257413801)))"
_mview_marche_marches.fid-2fb68024_1a0f82ccff9_6c57,Savanes,Tandjoaré,Tandjoaré 2,Bagou,Nolbagou,Marché de Nolbagou,"{mercredi,vendredi}",Non,"MULTIPOLYGON (((0.0300793732503765 10.656417403550657, 0.0300609441066766 10.656282862361515, 0.0305558982517579 10.656135384451279, 0.0306059202132288 10.656275100368019, 0.0300793732503765 10.656417403550657)))"
_mview_marche_marches.fid-2fb68024_1a0f82ccff9_6c58,Savanes,Tandjoaré,Tandjoaré 2,Nano,Kpamboulk,Marché de Kpamboulk,"{lundi,mardi,mercredi,jeudi,vendredi,dimanche,samedi}",Non,"MULTIPOLYGON (((0.09599285701857 10.699096415800916, 0.0960097819491447 10.698866968389103, 0.0961248141044071 10.698893746658646, 0.0960338784604715 10.699036094262297, 0.0960373208192325 10.69910515396673, 0.09599285701857 10.699096415800916)))"
_mview_marche_marches.fid-2fb68024_1a0f82ccff9_6c59,Savanes,Tandjoaré,Tandjoaré 2,Nano,Kpierik,Marché de Kpierik,"{vendredi,lundi}",Non,"MULTIPOLYGON (((0.1370832603256295 10.685267267600302, 0.1370791730114418 10.68511288556302, 0.1369964048991405 10.685114642757382, 0.1369284533007697 10.685129955450678, 0.1369059730727372 10.685033309750548, 0.1368967766158149 10.684741866297173, 0.1369836320423039 10.684705718252449, 0.1370855580293427 10.684754671197258, 0.1373186048467543 10.684806285578103, 0.1374505264504308 10.684868433802581, 0.1373477052005065 10.68510444442875, 0.1374245301344122 10.685240560328456, 0.1372561360873663 10.685372482122608, 0.1370815339648534 10.68526686843649, 0.1370832603256295 10.685267267600302)))"
_mview_marche_marches.fid-2fb68024_1a0f82ccff9_6c5a,Savanes,Oti-Sud,Oti-Sud 2,Nali,Nali,Marché de Nali,{lundi},Non,"MULTIPOLYGON (((0.4541433333333333 10.045085, 0.4560447689016555 10.04493064060033, 0.455896217259042 10.044245782434905, 0.4557341524481612 10.043868772333681, 0.4555977478990029 10.043892709496031, 0.4546 10.043835, 0.4542216666666666 10.044485, 0.4541433333333333 10.045085)))"
_mview_marche_marches.fid-2fb68024_1a0f82ccff9_6c5b,Savanes,Tandjoaré,Tandjoaré 1,Loko,Natigou,Marché Nabame,"{lundi,samedi}",Non,"MULTIPOLYGON (((0.2352674261506823 10.610906846691773, 0.235271723714713 10.611147618988074, 0.235271723714713 10.611147618988074, 0.2346722135324359 10.61121942823273, 0.2346722135324359 10.61121942823273, 0.2346722135324359 10.61121942823273, 0.2346722135324359 10.61121942823273, 0.234640315300366 10.610983040144372, 0.2352674261506823 10.610906846691773)))"
_mview_marche_marches.fid-2fb68024_1a0f82ccff9_6c5c,Savanes,Tandjoaré,Tandjoaré 1,Loko,Nandobik,Marché de Pont Noir,"{mercredi,samedi}",Oui,"MULTIPOLYGON (((0.2496410647208588 10.60813505595521, 0.2487120180555912 10.608490739182301, 0.2486024357735584 10.60921598101163, 0.2491771339637754 10.60972580344657, 0.2496398147101366 10.608150856281128, 0.2496398147101366 10.608150856281128, 0.2496410647208588 10.60813505595521)))"
_mview_marche_marches.fid-2fb68024_1a0f82ccff9_6c5d,Savanes,Tandjoaré,Tandjoaré 1,Loko,Yoak,Marché Local de Yoak,"{mercredi,samedi}",Non,"MULTIPOLYGON (((0.2108411389257201 10.57343150425409, 0.2112611073490002 10.57349569101011, 0.2114169260219487 10.573103276314647, 0.2110073455101985 10.572712319910993, 0.2106853202527717 10.572850905260305, 0.2106096368973395 10.57297782020952, 0.2108411389257201 10.57343150425409)))"
_mview_marche_marches.fid-2fb68024_1a0f82ccff9_6c5e,Savanes,Oti,Oti 2,Loko,S_lo_marche_de_loko,Marché de Loko,{lundi},Non,"MULTIPOLYGON (((0.26035848264826 10.583618596704241, 0.2605727879172586 10.583724706649626, 0.2608029676506276 10.583379849192877, 0.2606164426942769 10.583232387401816, 0.26035848264826 10.583618596704241)))"
_mview_marche_marches.fid-2fb68024_1a0f82ccff9_6c5f,Savanes,Tandjoaré,Tandjoaré 1,Bombouaka,Bombouaka,Marché de Bombouaka,"{mardi,vendredi}",Non,"MULTIPOLYGON (((0.2073514632555113 10.70026303392615, 0.2071645503565713 10.701066267212175, 0.208532255104531 10.701330199634205, 0.2084849353832804 10.700388638789418, 0.2073514632555113 10.70026303392615)))"
_mview_marche_marches.fid-2fb68024_1a0f82ccff9_6c60,Savanes,Tandjoaré,Tandjoaré 1,Bombouaka,Siague,Marché de Siague,"{dimanche,samedi,vendredi,jeudi,mercredi,mardi,lundi}",Non,"MULTIPOLYGON (((0.2263317421132609 10.689627221579512, 0.2263916143695335 10.689947862659105, 0.2260076835261855 10.690011843751423, 0.2260076835261855 10.690011843751423, 0.2260084319293889 10.689777246346992, 0.2261670934085113 10.689600746612848, 0.2263317421132609 10.689627221579512)))"
_mview_marche_marches.fid-2fb68024_1a0f82ccff9_6c61,Savanes,Tandjoaré,Tandjoaré 1,Bombouaka,Nassiete,Marché de Nassiete,"{mercredi,samedi}",Non,"MULTIPOLYGON (((0.1885116666666667 10.717188333333334, 0.1886533333333333 10.716891666666667, 0.1886533333333333 10.716891666666667, 0.1886533333333333 10.716891666666667, 0.18809 10.716653333333333, 0.1879066666666667 10.717076666666665, 0.1885116666666667 10.717188333333334)))"
_mview_marche_marches.fid-2fb68024_1a0f82ccff9_6c62,Savanes,Tandjoaré,Tandjoaré 1,Bombouaka,Nassiete (nenaga),Marché de Nenaga,"{jeudi,dimanche}",Non,"MULTIPOLYGON (((0.1788233333333333 10.729178333333333, 0.1786833333333333 10.729639999999998, 0.1776666666666667 10.729343333333334, 0.1777283333333334 10.728816666666667, 0.1788233333333333 10.729178333333333)))"
_mview_marche_marches.fid-2fb68024_1a0f82ccff9_6c63,Savanes,Tandjoaré,Tandjoaré 1,Bombouaka,Bologou Haut,Marché de Bologou Haut,"{mardi,vendredi}",Non,"MULTIPOLYGON (((0.2378125493766079 10.692711940789458, 0.2378625996456387 10.692759014235843, 0.2379827202913124 10.692732315864165, 0.2380599407063884 10.692651518146084, 0.2380706657640378 10.692511702913542, 0.2377832342190328 10.692468844965036, 0.237735328961532 10.69262622494296, 0.2378618846417953 10.692760419413238, 0.2378125493766079 10.692711940789458)))"
_mview_marche_marches.fid-2fb68024_1a0f82ccff9_6c64,Savanes,Tandjoaré,Tandjoaré 1,Goundoga,Kpierik,Marché de Kpierik,"{mardi,vendredi}",Non,"MULTIPOLYGON (((0.1589349215851758 10.671550087598373, 0.1587357931051499 10.670808684611067, 0.1580277041457094 10.671406085118072, 0.1589349215851758 10.671550087598373)))"
_mview_marche_marches.fid-2fb68024_1a0f82ccff9_6c65,Savanes,Tandjoaré,Tandjoaré 1,Goundoga,Goundoga,Marché de Pouk,"{mardi,vendredi}",Oui,"MULTIPOLYGON (((0.1588160488240183 10.67121286032788, 0.1584640456040356 10.671295086170648, 0.1583284378061733 10.671184506583836, 0.1586429324863218 10.670844261449108, 0.1587713271034467 10.670922234326111, 0.1587713271034467 10.670922234326111, 0.1587713271034467 10.670922234326111, 0.1587713271034467 10.670922234326111, 0.1587713271034467 10.670922234326111, 0.1587713271034467 10.670922234326111, 0.1587713271034467 10.670922234326111, 0.1588160488240183 10.67121286032788)))"
_mview_marche_marches.fid-2fb68024_1a0f82ccff9_6c66,Savanes,Tandjoaré,Tandjoaré 1,Goundoga,Goundoga Centre,Marché de Gbengue,"{mercredi,samedi}",Oui,"MULTIPOLYGON (((0.1593159211853729 10.682177705632123, 0.159141567911853 10.68301892826233, 0.1598421225063567 10.683069864603661, 0.1599657920203416 10.682286714841437, 0.1593159211853729 10.682177705632123)))"
_mview_marche_marches.fid-2fb68024_1a0f82ccff9_6c67,Savanes,Tandjoaré,Tandjoaré 1,Goundoga,Sankpong,Marché de Sakpong,"{lundi,vendredi}",Non,"MULTIPOLYGON (((0.1520945476025289 10.717738255592836, 0.1521660373632096 10.716313330092957, 0.1510494353868631 10.716239742208963, 0.1508928387682291 10.717654633389598, 0.1520945476025289 10.717738255592836)))"
_mview_marche_marches.fid-2fb68024_1a0f82ccff9_6c68,Savanes,Tandjoaré,Tandjoaré 1,Goundoga,Gabiok,Marché de Gabiok,"{jeudi,mardi}",Non,"MULTIPOLYGON (((0.1517658285839692 10.701989801047336, 0.1523138614317276 10.701975971177223, 0.1522487660372908 10.702453101331443, 0.1517922186087409 10.702468659910787, 0.1517658285839692 10.701989801047336)))"
_mview_marche_marches.fid-2fb68024_1a0f82ccff9_6c69,Savanes,Tandjoaré,Tandjoaré 1,Bogou,Bogou Centre,Marché de Bogou Centre,"{lundi,jeudi}",Non,"MULTIPOLYGON (((0.1746868790597517 10.65880994410273, 0.1742390317044038 10.658605697873615, 0.1743379261938103 10.658102605438929, 0.1757189143348198 10.658309722093687, 0.1752862564832834 10.658614621952442, 0.17517 10.658710000000001, 0.1748372720190349 10.65891178966518, 0.1746868790597517 10.65880994410273)))"
_mview_marche_marches.fid-2fb68024_1a0f82ccff9_6c6a,Savanes,Tandjoaré,Tandjoaré 1,Bogou,Gounkogou,Marché Nadare,"{mercredi,samedi}",Oui,"MULTIPOLYGON (((0.178245 10.630753333333333, 0.1782134871330206 10.630791809910873, 0.177678367218725 10.630622242740905, 0.1777066630150426 10.630470771636059, 0.1777153498087893 10.629976334485116, 0.1777153498087893 10.629976334485116, 0.1777652783863817 10.6299772110139, 0.1778233333333333 10.630040000000001, 0.1780590558814313 10.630365674354845, 0.178245 10.630753333333333)))"
_mview_marche_marches.fid-2fb68024_1a0f82ccff9_6c6b,Savanes,Tandjoaré,Tandjoaré 1,Nandoga,Natigou,Marché de Natigou,Nsp,Oui,"MULTIPOLYGON (((0.220085 10.623066666666666, 0.2202516666666666 10.62293, 0.2204972294228036 10.623010459400318, 0.2204277434207292 10.623292176594328, 0.2202433528366179 10.623303481798052, 0.2200833333333333 10.623455000000002, 0.2198823454961392 10.623350866602967, 0.220085 10.623066666666666)))"
_mview_marche_marches.fid-2fb68024_1a0f82ccff9_6c6c,Savanes,Tandjoaré,Tandjoaré 1,Nandoga,Nandoga Centre,Grand Marché de Tandjouare,"{mercredi,samedi}",Oui,"MULTIPOLYGON (((0.2041197193420292 10.670517246370286, 0.2041331966317946 10.669798490628361, 0.2048106896211532 10.669821413410354, 0.2047821799697264 10.670534565764793, 0.2041197193420292 10.670517246370286)))"
_mview_marche_marches.fid-2fb68024_1a0f82ccff9_6c6d,Savanes,Tandjoaré,Tandjoaré 1,Nandoga,Moumouane Centre,Marché de Moumouane,"{jeudi,dimanche}",Non,"MULTIPOLYGON (((0.2414516666666667 10.638623333333332, 0.2409833333333333 10.638446666666669, 0.2405983333333333 10.639376666666665, 0.2405083333333334 10.639378333333331, 0.2412216666666667 10.639634999999998, 0.2414516666666667 10.638623333333332)))"
_mview_marche_marches.fid-2fb68024_1a0f82ccff9_6c6e,Savanes,Tandjoaré,Tandjoaré 2,Mamproug,Tolong,Marché de Tolong,{lundi},Non,"MULTIPOLYGON (((-0.0175521126008293 10.67189407037691, -0.0174853561017474 10.672367432466132, -0.0181843359156644 10.672442038380352, -0.0182929788455429 10.671903074553962, -0.0176018527374002 10.67178216129702, -0.0175521126008293 10.67189407037691)))"
_mview_marche_marches.fid-2fb68024_1a0f82ccff9_6c6f,Savanes,Tandjoaré,Tandjoaré 2,Mamproug,Tambimongou /mambabga,Grand Marché de Tambimongou / Mambabga,"{lundi,vendredi}",Non,"MULTIPOLYGON (((-0.0462728951558535 10.640489377697577, -0.0443856086527616 10.6404409305156, -0.0436813972710109 10.638551484415657, -0.0453855888148476 10.636343655280024, -0.0472165384073994 10.637056529757078, -0.047822160195705 10.639271274786303, -0.0462728951558535 10.640489377697577)))"
_mview_marche_marches.fid-2fb68024_1a0f82ccff9_6c70,Savanes,Tandjoaré,Tandjoaré 2,Mamproug,Mambabga Du Ghana,Grand Marché de Mambabga du Ghana,{lundi},Non,"MULTIPOLYGON (((-0.0496888794523256 10.63106645109333, -0.0509134716799134 10.62915106325018, -0.0492492822424223 10.627424074211273, -0.0480246900148344 10.62893126464523, -0.0481502892176639 10.630438455079185, -0.0496888794523256 10.63106645109333)))"
_mview_marche_marches.fid-2fb68024_1a0f82ccff9_6c71,Savanes,Tandjoaré,Tandjoaré 2,Doukpergou,Dopkolounoik,Marché de Dokpolou Centre,{samedi},Non,"MULTIPOLYGON (((0.0923453953863641 10.673596792126133, 0.0922823802226352 10.673759594619144, 0.0925750958218918 10.673876452796568, 0.0926320127439695 10.673722639459665, 0.0923453953863641 10.673596792126133)))"
_mview_marche_marches.fid-2fb68024_1a0f82ccff9_6c72,Savanes,Tandjoaré,Tandjoaré 2,Doukpergou,Barkosse,Marché de Barkosse,"{jeudi,dimanche}",Oui,"MULTIPOLYGON (((0.0634880020737965 10.664744302308188, 0.0633171300532167 10.66446279638957, 0.0640292757357654 10.664165251714145, 0.0640613105237696 10.664565649898863, 0.0634880020737965 10.664744302308188)))"
_mview_marche_marches.fid-2fb68024_1a0f82ccff9_6c73,Savanes,Tandjoaré,Tandjoaré 2,Doukpergou,Sirbagou,Marché de Sirbagou,"{vendredi,lundi}",Oui,"MULTIPOLYGON (((0.0840802079624681 10.639763522657082, 0.0835129179289018 10.640323720287398, 0.0829510435519804 10.639888602502248, 0.0836713258857687 10.639244573815409, 0.0840802079624681 10.639763522657082)))"
_mview_marche_marches.fid-2fb68024_1a0f82ccff9_6c74,Savanes,Tandjoaré,Tandjoaré 2,Doukpergou,Mologou,Marché Mologou,"{dimanche,jeudi}",Oui,"MULTIPOLYGON (((0.0739517338990654 10.663893358604229, 0.0743201228453618 10.663641663730392, 0.0733482777203703 10.662655569479375, 0.0727483300078303 10.663300323774349, 0.0728149908647792 10.663541675298074, 0.0739517338990654 10.663893358604229)))"
_mview_marche_marches.fid-2fb68024_1a0f82ccff9_6c75,Savanes,Tandjoaré,Tandjoaré 2,Doukpergou,Liek,Marché de Liek,"{jeudi,dimanche}",Oui,"MULTIPOLYGON (((0.0418125123416409 10.652127865504765, 0.0419390422534518 10.651936791829657, 0.0424605923777454 10.652164260476914, 0.0429451093571188 10.652522144138072, 0.0433802488099318 10.652795105969869, 0.0439203155066856 10.653095363702324, 0.0432166857532007 10.653438081762497, 0.0418125123416409 10.652127865504765)))"
_mview_marche_marches.fid-2fb68024_1a0f82ccff9_6c76,Savanes,Tône,Tône 1,Bidjenga,Yandong,Marché de Samomoni Yandong,"{lundi,vendredi}",Non,"MULTIPOLYGON (((0.3301305254437664 10.688799031362361, 0.3302473401944202 10.688548198425764, 0.3307535374472531 10.688624723750426, 0.3305501932516707 10.68904419555772, 0.3301305254437664 10.688799031362361)))"
_mview_marche_marches.fid-2fb68024_1a0f82ccff9_6c77,Savanes,Tône,Tône 1,Pana,Ganlore,Marché Ganlore,"{mercredi,samedi}",Non,"MULTIPOLYGON (((0.3252199923019762 10.737354115999018, 0.3257599519281396 10.737294871694505, 0.3257160973392125 10.73630656726511, 0.3251651740658176 10.736357732968864, 0.3252199923019762 10.737354115999018)))"
_mview_marche_marches.fid-2fb68024_1a0f82ccff9_6c78,Savanes,Tône,Tône 1,Pana,Molbagou,Marché de Molbagou,"{lundi,vendredi}",Non,"MULTIPOLYGON (((0.3113077070971264 10.74023441665021, 0.3118755190607299 10.740124050233042, 0.3118755190607299 10.740124050233042, 0.3117155343087446 10.739472866029612, 0.3112274175654424 10.739545041687833, 0.3112274175654424 10.739545041687833, 0.3113077070971264 10.74023441665021)))"
_mview_marche_marches.fid-2fb68024_1a0f82ccff9_6c79,Savanes,Tône,Tône 1,Pana,Nayelikpani,Marché de Toubong,"{mercredi,samedi}",Non,"MULTIPOLYGON (((0.2877883333333333 10.761556666666669, 0.2881133333333333 10.762294999999998, 0.2869333333333334 10.762720000000002, 0.28638 10.761808333333333, 0.2877883333333333 10.761556666666669)))"
_mview_marche_marches.fid-2fb68024_1a0f82ccff9_6c7a,Savanes,Tône,Tône 1,Pana,Koumbogou,Marché de Koumbogou,"{jeudi,dimanche}",Non,"MULTIPOLYGON (((0.2198983333333333 10.760035, 0.2197233333333334 10.759948333333334, 0.2197033333333333 10.760005000000001, 0.2197333333333333 10.760074999999999, 0.2198633333333334 10.760113333333333, 0.2198983333333333 10.760035)))"
_mview_marche_marches.fid-2fb68024_1a0f82ccff9_6c7b,Savanes,Tône,Tône 1,Pana,Nanloigue,Marché Nanloigue,"{mercredi,samedi}",Non,"MULTIPOLYGON (((0.2583808512549274 10.7812387355728, 0.2584716316044943 10.781424193943643, 0.2594428875269214 10.781210404531935, 0.2593902499197907 10.781071209441523, 0.2583808512549274 10.7812387355728)))"
_mview_marche_marches.fid-2fb68024_1a0f82ccff9_6c7c,Savanes,Tône,Tône 1,Pana,Boundjoare,Marché de Boundjoare,"{lundi,vendredi}",Non,"MULTIPOLYGON (((0.286985 10.77429, 0.286375 10.774438333333334, 0.2860266666666666 10.773715000000001, 0.28695 10.773293333333333, 0.286985 10.77429)))"
_mview_marche_marches.fid-2fb68024_1a0f82ccff9_6c7d,Savanes,Tandjoaré,Tandjoaré 2,Lokpano,Lokpano,Marché de Lokpano,"{mardi,vendredi}",Oui,"MULTIPOLYGON (((0.1145023479031705 10.610826845117884, 0.1147421128564144 10.610454544159717, 0.1149002556979156 10.610272780901019, 0.1151872084345105 10.609946860304591, 0.115729230270301 10.609437922063284, 0.1158401853284511 10.609559515759505, 0.1156845931779418 10.610116088349928, 0.115619550557647 10.6103818388692, 0.1158146784185315 10.610383092408838, 0.1157662152896844 10.61067892761974, 0.1145023479031705 10.610826845117884)))"
_mview_marche_marches.fid-2fb68024_1a0f82ccff9_6c7e,Savanes,Tône,Tône 1,Poissongui,Djakpaga,Marché Djakpaga,"{lundi,samedi,jeudi}",Non,"MULTIPOLYGON (((0.2379177837737014 11.061721651845364, 0.237495054678148 11.061319222586809, 0.2377613740083466 11.06035256035748, 0.2383637629695101 11.060464577173972, 0.2387928330014966 11.060389899301063, 0.238129148321478 11.06171127996419, 0.2379494884558678 11.06173824685447, 0.2379494884558678 11.06173824685447, 0.2379177837737014 11.061721651845364)))"
_mview_marche_marches.fid-2fb68024_1a0f82ccff9_6c7f,Savanes,Tône,Tône 1,Kourientre,Koutoule,Marché de Koutoule,"{samedi,mercredi}",Non,"MULTIPOLYGON (((0.2248565672112103 10.97779051622733, 0.2241462992235327 10.977200862158563, 0.2247994717138086 10.9767154616331, 0.2254663471234609 10.9771358431968, 0.2254754824030452 10.97756967634325, 0.2252094173851531 10.9777434336263, 0.2248565672112103 10.97779051622733)))"
_mview_marche_marches.fid-2fb68024_1a0f82ccff9_6c80,Savanes,Tône,Tône 1,Kourientre,Kourientre,Marché de Kourientre,"{vendredi,mardi}",Non,"MULTIPOLYGON (((0.2315862233360546 11.012671636103898, 0.2314712461589418 11.013764964042792, 0.2327096461707603 11.01368972440075, 0.2325707154150824 11.012542317477008, 0.2315862233360546 11.012671636103898)))"
_mview_marche_marches.fid-2fb68024_1a0f82ccff9_6c81,Savanes,Tône,Tône 1,Dapaong,Dapankpergou,Marché Dapankpergou,"{samedi,mercredi}",Oui,"MULTIPOLYGON (((0.2141083333333333 10.84952, 0.2133383333333333 10.848708333333331, 0.2133383333333333 10.848708333333331, 0.2153533333333333 10.846813333333333, 0.216225 10.847733333333334, 0.2141083333333333 10.84952)))"
_mview_marche_marches.fid-2fb68024_1a0f82ccff9_6c82,Savanes,Tône,Tône 1,Dapaong,Bolkougue,Marché de Bolkougue,"{mercredi,samedi}",Non,"MULTIPOLYGON (((0.2351383333333333 10.825016666666667, 0.2350583333333333 10.824976666666664, 0.234205 10.826226666666665, 0.2342433333333333 10.826223333333333, 0.2351383333333333 10.825016666666667)))"
_mview_marche_marches.fid-2fb68024_1a0f82ccff9_6c83,Savanes,Tône,Tône 1,Dapaong,Worgou,Marché de Worgou,"{dimanche,samedi,vendredi,jeudi,mercredi,mardi,lundi}",Non,"MULTIPOLYGON (((0.2009764698334206 10.850768081644862, 0.2007568869170204 10.850223057203177, 0.2015473854160608 10.850066215453097, 0.2017589834991374 10.85054850357206, 0.2009764698334206 10.850768081644862)))"
_mview_marche_marches.fid-2fb68024_1a0f82ccff9_6c84,Maritime,Avé,Avé 2,Aképé,Akepe,Marché Akepe,{jeudi},Oui,"MULTIPOLYGON (((1.0572532561301413 6.241145042786984, 1.0571849545133145 6.240977563978265, 1.0576342273706627 6.240526427101063, 1.0578770775638235 6.240932299426178, 1.0578618994267515 6.241389471222542, 1.0575628901264218 6.24143473573513, 1.0574642322354502 6.2410952517953895, 1.0574642322354502 6.2410952517953895, 1.0572532561301413 6.241145042786984)))"
_mview_marche_marches.fid-2fb68024_1a0f82ccff9_6c85,Savanes,Tône,Tône 1,Dapaong,Napienboug,Marché de Lantilgle,{dimanche},Non,"MULTIPOLYGON (((0.1961166666666667 10.812261666666666, 0.1959255856255018 10.8123045928369, 0.195926319934404 10.812395074240447, 0.19594 10.812746666666666, 0.1959491913493975 10.812986036992735, 0.196165 10.812966666666666, 0.1961166666666667 10.812261666666666)))"
_mview_marche_marches.fid-2fb68024_1a0f82ccff9_6c86,Savanes,Tône,Tône 1,Dapaong,Tomone,Marché Mombale,"{dimanche,samedi,vendredi,jeudi,mercredi,mardi,lundi}",Non,"MULTIPOLYGON (((0.1890066666666667 10.866523882690881, 0.1888804395219857 10.866939086352044, 0.1882056846564023 10.867083873951362, 0.1875596623923041 10.86652295463944, 0.1890066666666667 10.866523882690881)))"
_mview_marche_marches.fid-2fb68024_1a0f82ccff9_6c87,Savanes,Tône,Tône 1,Dapaong,Kpadongue,Marché de Kapokier,"{dimanche,samedi,vendredi,jeudi,mercredi,mardi,lundi}",Non,"MULTIPOLYGON (((0.1853033333333333 10.861728333333334, 0.1852416666666667 10.862234999999998, 0.185185 10.86189, 0.1836616666666667 10.861791666666667, 0.1853016666666666 10.86172147376794, 0.1853033333333333 10.861728333333334)))"
_mview_marche_marches.fid-2fb68024_1a0f82ccff9_6c88,Savanes,Tône,Tône 1,Dapaong,Tantigou Barage,Marché de Tantigou Barage,"{lundi,mardi,mercredi,jeudi,vendredi,samedi,dimanche}",Non,"MULTIPOLYGON (((0.1640383333333333 10.882530000000001, 0.1642016666666667 10.882538333333333, 0.1642266666666667 10.882213333333334, 0.1639633333333333 10.882086666666664, 0.1640383333333333 10.882530000000001)))"
_mview_marche_marches.fid-2fb68024_1a0f82ccff9_6c89,Savanes,Tône,Tône 1,Dapaong,Nadegre,Marché de Nadégré,"{lundi,mardi,mercredi,jeudi,vendredi,samedi,dimanche}",Non,"MULTIPOLYGON (((0.1927447283695701 10.840610575839472, 0.1929307549423086 10.840547884712818, 0.1929052100955388 10.840024360798006, 0.1924355847085198 10.84000465982135, 0.1927447283695701 10.840610575839472)))"
_mview_marche_marches.fid-2fb68024_1a0f82ccff9_6c8a,Savanes,Tône,Tône 1,Dapaong,Nassable 2,Marché de Nassablé 2,"{lundi,mardi,mercredi,jeudi,vendredi,samedi,dimanche}",Non,"MULTIPOLYGON (((0.1990541302415587 10.886589131738258, 0.1988449342174529 10.886517497249667, 0.1988449342174529 10.886517497249667, 0.1985748482843136 10.886325090480174, 0.1990022833883221 10.885619992610486, 0.1992860970670984 10.88578793132102, 0.1990541302415587 10.886589131738258)))"
_mview_marche_marches.fid-2fb68024_1a0f82ccff9_6c8b,Savanes,Tône,Tône 2,Nanergou,Toulonga,Marché de Toulonga,"{vendredi,mardi}",Non,"MULTIPOLYGON (((0.1413416666666666 10.864103333333333, 0.1410483333333333 10.864058333333332, 0.1410116666666666 10.864316666666666, 0.1413116666666667 10.864386666666666, 0.1413416666666666 10.864103333333333)))"
_mview_marche_marches.fid-2fb68024_1a0f82ccff9_6c8c,Savanes,Tône,Tône 1,Dapaong,Pana Bagou,Marché de Pana Bagou,"{lundi,mardi,mercredi,jeudi,vendredi,samedi,dimanche}",Oui,"MULTIPOLYGON (((0.2470787942543473 10.790249805411056, 0.2472041664372164 10.790912296297627, 0.2469145134630016 10.79129237855103, 0.246551366450553 10.790995107555792, 0.2470787942543473 10.790249805411056)))"
_mview_marche_marches.fid-2fb68024_1a0f82ccff9_6c8d,Savanes,Tône,Tône 1,Dapaong,Babona,Marché Babona,"{mardi,vendredi}",Non,"MULTIPOLYGON (((0.2957616666666666 10.818576666666669, 0.2956433333333334 10.818781666666666, 0.2948016666666666 10.818381666666669, 0.29498 10.818091666666666, 0.2957616666666666 10.818576666666669)))"
_mview_marche_marches.fid-2fb68024_1a0f82ccff9_6c8e,Savanes,Tône,Tône 1,Dapaong,Tangbare,Marché de Tangbare,"{jeudi,dimanche}",Non,"MULTIPOLYGON (((0.278765 10.810713779867921, 0.2788366666666667 10.809856666666667, 0.2792283333333333 10.809840000000001, 0.279665 10.810823333333333, 0.278765 10.810713779867921)))"
_mview_marche_marches.fid-2fb68024_1a0f82ccff9_6c8f,Savanes,Tône,Tône 1,Dapaong,Nagnong,Marché de Lantante,"{dimanche,jeudi}",Non,"MULTIPOLYGON (((0.1834202227666172 10.816909039540963, 0.18224 10.817481666666668, 0.1823568069355984 10.816530729033392, 0.1823568069355984 10.816530729033392, 0.1823568069355984 10.816530729033392, 0.1825144966955193 10.816497890654087, 0.1823733333333333 10.816303333333334, 0.183275 10.815945, 0.1834202227666172 10.816909039540963)))"
_mview_marche_marches.fid-2fb68024_1a0f82ccff9_6c90,Savanes,Tône,Tône 1,Dapaong,Koboato,Marché de Koboato,"{lundi,mardi,mercredi,jeudi,vendredi,samedi,dimanche}",Non,"MULTIPOLYGON (((0.206655 10.918173333333334, 0.20799 10.91836, 0.20799 10.91836, 0.20799 10.91836, 0.2080716666666666 10.91931, 0.2069326776642889 10.919292757582959, 0.206655 10.918173333333334)))"
_mview_marche_marches.fid-2fb68024_1a0f82ccff9_6c91,Maritime,Agoè-Nyivé,Agoè-Nyivé 1,Agoè-Nyivé,Gnamassi,Marché de Gnamassi,"{mardi,vendredi}",Non,"MULTIPOLYGON (((1.1766006782636962 6.257939735855369, 1.1762684573850917 6.258148716607726, 1.1764657135317633 6.258380917345642, 1.176774575129841 6.258192576755014, 1.1766006782636962 6.257939735855369)))"
_mview_marche_marches.fid-2fb68024_1a0f82ccff9_6c92,Savanes,Tône,Tône 1,Dapaong,Sibortoti,Marché Sibortoti,"{lundi,mardi,mercredi,jeudi,vendredi,samedi,dimanche}",Non,"MULTIPOLYGON (((0.1894516666666667 10.911698333333334, 0.1895220608892793 10.911387772349812, 0.190117836383098 10.911660886733033, 0.1900010849894967 10.911935686754207, 0.1894516666666667 10.911698333333334)))"
_mview_marche_marches.fid-2fb68024_1a0f82ccff9_6c93,Savanes,Tône,Tône 1,Dapaong,Dampioug,Marché de Dampioug,"{jeudi,dimanche}",Non,"MULTIPOLYGON (((0.2247833333333333 10.936745, 0.2245525769921054 10.937037495846704, 0.2252652072704664 10.937336743364588, 0.2254318579514699 10.937072834346973, 0.2247833333333333 10.936745)))"
_mview_marche_marches.fid-2fb68024_1a0f82ccff9_6c94,Savanes,Tône,Tône 1,Dapaong,Kpadjenta,Marché de Kpadjenta,"{dimanche,jeudi}",Non,"MULTIPOLYGON (((0.2173383333333333 10.944065, 0.2181177683658503 10.943725044845156, 0.2179161821207124 10.944871868526185, 0.2177716666666667 10.944725000000002, 0.2173383333333333 10.944065)))"
_mview_marche_marches.fid-2fb68024_1a0f82ccff9_6c95,Savanes,Tône,Tône 1,Toaga,Kounkoate,Marché de Assigame,"{samedi,mercredi}",Non,"MULTIPOLYGON (((0.2633983333333334 10.899506666666666, 0.2630366666666666 10.899208333333336, 0.263205 10.899003333333333, 0.263625 10.899181666666667, 0.2633983333333334 10.899506666666666)))"
_mview_marche_marches.fid-2fb68024_1a0f82ccff9_6c96,Savanes,Tône,Tône 4,Korbongou,Bagname,Marché de Bagname,"{lundi,jeudi}",Non,"MULTIPOLYGON (((0.2993071443776324 10.931096607417734, 0.2993119604354258 10.931131809773579, 0.2992696861503504 10.93137717533185, 0.2992316928055355 10.931482256879317, 0.2992204553373509 10.931491188809137, 0.2992161743970901 10.931541627937184, 0.2992686159152851 10.931564745868004, 0.2996143849782709 10.931669593586392, 0.2997674531604881 10.931829132810089, 0.2998090563074499 10.931834527854805, 0.2998090563074499 10.931834527854805, 0.2999197363776685 10.931475371806954, 0.2999079619021133 10.931350514881595, 0.2996481384748624 10.931140878444285, 0.2996552031601956 10.931000606921893, 0.2995241139990148 10.930992899693468, 0.2995170493136817 10.930948968487607, 0.2994864356772383 10.930952051379458, 0.2995091996633116 10.930797136024283, 0.2994723063065721 10.93079097023733, 0.2994471874253877 10.93093047113583, 0.2993071443776324 10.931096607417734)))"
_mview_marche_marches.fid-2fb68024_1a0f82ccff9_6c97,Savanes,Tône,Tône 4,Korbongou,Kpenbona,Marché de Montante,"{jeudi,dimanche}",Non,"MULTIPOLYGON (((0.4030125718536789 10.9630384751375, 0.4030107483872821 10.963119033598362, 0.4031803307621812 10.963217493909616, 0.4035614352391049 10.96339114201504, 0.4038768949257452 10.963170949039288, 0.4040027141071221 10.962995510616068, 0.4036909013532753 10.962653584410557, 0.4030125718536789 10.9630384751375)))"
_mview_marche_marches.fid-2fb68024_1a0f82ccff9_6c98,Savanes,Tône,Tône 4,Korbongou,Nadjou,Marché de Nadjou,"{jeudi,dimanche}",Oui,"MULTIPOLYGON (((0.37658 10.99922, 0.3765083333333333 11.000519999999998, 0.3775933333333333 11.001271666666666, 0.378475 10.999801666666666, 0.37658 10.99922)))"
_mview_marche_marches.fid-2fb68024_1a0f82ccff9_6c99,Savanes,Tône,Tône 4,Korbongou,Tantoga,Marché de Kampang,"{lundi,mardi,mercredi,jeudi,vendredi,samedi,dimanche}",Non,"MULTIPOLYGON (((0.34062 10.96697, 0.3406316666666667 10.966643333333332, 0.3409883333333333 10.966540000000002, 0.3411416666666666 10.967031666666665, 0.3404466666666667 10.967378333333333, 0.340415 10.967006666666668, 0.3406088422894867 10.96696996955628, 0.34062 10.96697)))"
_mview_marche_marches.fid-2fb68024_1a0f82ccff9_6c9a,Savanes,Tône,Tône 4,Korbongou,Naloate,Marché de Naloate,"{mardi,vendredi}",Non,"MULTIPOLYGON (((0.3594683333333333 10.907903333333335, 0.3601033333333333 10.907563333333334, 0.3601033333333333 10.907563333333334, 0.3600766666666667 10.906141666666667, 0.35904 10.906315, 0.3594683333333333 10.907903333333335)))"
_mview_marche_marches.fid-2fb68024_1a0f82ccff9_6c9b,Savanes,Tône,Tône 4,Korbongou,Carrefour Tidonte,Marché Carrefour Tidonte,"{samedi,mercredi}",Oui,"MULTIPOLYGON (((0.2990333333333333 10.97481166666667, 0.2985333333333333 10.976671666666668, 0.2972483333333333 10.976656666666667, 0.29734 10.974581666666666, 0.2990333333333333 10.97481166666667)))"
_mview_marche_marches.fid-2fb68024_1a0f82ccff9_6c9c,Savanes,Tône,Tône 4,Korbongou,Sankargbongbong,Marché Moale,"{lundi,jeudi}",Non,"MULTIPOLYGON (((0.3703966666666666 10.953963333333336, 0.3708966666666666 10.95408, 0.3710533333333334 10.953579999999999, 0.3708439171335189 10.953455383370507, 0.3703966666666666 10.953963333333336)))"
_mview_marche_marches.fid-2fb68024_1a0f82ccff9_6c9d,Savanes,Tône,Tône 4,Korbongou,Idondjoague,Marché Mampo,Nsp,Oui,"MULTIPOLYGON (((0.3266816666666666 10.992133333333333, 0.3289383333333333 10.991966666666666, 0.3279816666666667 10.989868333333334, 0.3268016666666667 10.990260000000001, 0.3266816666666666 10.992133333333333)))"
_mview_marche_marches.fid-2fb68024_1a0f82ccff9_6c9e,Savanes,Tône,Tône 4,Korbongou,Korbongou,Marché de Korbongou,"{mardi,vendredi}",Oui,"MULTIPOLYGON (((0.3081366666666667 10.911885, 0.3081966666666667 10.912438333333334, 0.3082783333333333 10.912556666666667, 0.3081766666666666 10.913128333333335, 0.3076183333333333 10.913168333333333, 0.30725 10.913165, 0.3071083333333334 10.912925, 0.306555 10.912861666666666, 0.3064883333333333 10.913151666666666, 0.306165 10.913400000000001, 0.3061366666666667 10.913461666666668, 0.3058716666666666 10.913273333333333, 0.3058966666666666 10.91304, 0.30555 10.912899999999999, 0.3056583333333334 10.912026666666668, 0.3057033333333333 10.911788333333334, 0.305865 10.911746666666666, 0.3058483333333333 10.911513333333335, 0.3064383333333333 10.91155, 0.306505 10.911478333333331, 0.3067266666666667 10.911468333333335, 0.307215 10.911591666666668, 0.3072233333333333 10.911741666666668, 0.3073616666666667 10.91177, 0.3075216666666666 10.911745, 0.3076666666666667 10.911798333333335, 0.3078166666666667 10.9117, 0.307905 10.911838333333332, 0.3081366666666667 10.911885)))"
_mview_marche_marches.fid-2fb68024_1a0f82ccff9_6c9f,Savanes,Tône,Tône 3,Nioukpourma,Yenyane,Marché de Yenyane,"{dimanche,jeudi}",Oui,"MULTIPOLYGON (((0.1483748349705491 10.841264629181484, 0.148405313987843 10.84115650562396, 0.148370044456496 10.841129300500786, 0.1483815489458749 10.841049500152433, 0.1483304977742555 10.841045969163076, 0.1483218694072213 10.84107633567018, 0.1481687158923634 10.841049500152428, 0.1481262930877783 10.841159666999427, 0.1483748349705491 10.841264629181484)))"
_mview_marche_marches.fid-2fb68024_1a0f82ccff9_6ca0,Savanes,Tône,Tône 3,Nioukpourma,Nioukpourma,Marché de Nioukpourma,"{mardi,vendredi}",Non,"MULTIPOLYGON (((0.1338266666666667 10.830781666666667, 0.1336736442868848 10.829557435774522, 0.1341311338759234 10.829555886319664, 0.1346971654861531 10.830737853818942, 0.1338266666666667 10.830781666666667)))"
_mview_marche_marches.fid-2fb68024_1a0f82ccff9_6ca1,Savanes,Tône,Tône 3,Nioukpourma,Gbatanague,Marché de Gbatanague,"{jeudi,dimanche}",Non,"MULTIPOLYGON (((0.0944033333333333 10.859556666666666, 0.0941116666666667 10.85957, 0.0941116666666667 10.85957, 0.0940683333333333 10.859928333333334, 0.0937966666666667 10.860746666666667, 0.0950666666666667 10.860715, 0.0950883333333333 10.859640000000002, 0.0944033333333333 10.859556666666666)))"
_mview_marche_marches.fid-2fb68024_1a0f82ccff9_6ca2,Savanes,Tône,Tône 3,Nioukpourma,Nampante,Marché de Dakalfam,"{mercredi,samedi}",Non,"MULTIPOLYGON (((0.1162761388362318 10.863918293612198, 0.1170016666666667 10.864061666666665, 0.1170565735083767 10.86386777729385, 0.1163016666666667 10.863714999999997, 0.1162761388362318 10.863918293612198)))"
_mview_marche_marches.fid-2fb68024_1a0f82ccff9_6ca3,Savanes,Tône,Tône 4,Sanfatoute,Tidonte,Marché de Tidonte,"{lundi,jeudi,dimanche}",Oui,"MULTIPOLYGON (((0.3044933333333333 10.996295000000002, 0.3041016666666667 10.998175, 0.3022933333333333 10.997946666666667, 0.3026566666666667 10.996053333333334, 0.3044933333333333 10.996295000000002)))"
_mview_marche_marches.fid-2fb68024_1a0f82ccff9_6ca4,Savanes,Tône,Tône 4,Sanfatoute,Yemboate,Marché de Yemboate,"{lundi,mardi,mercredi,jeudi,vendredi,samedi,dimanche}",Oui,"MULTIPOLYGON (((0.295105 11.043998333333331, 0.2962166666666667 11.044746666666667, 0.2960083333333333 11.04521, 0.2954433333333333 11.045631666666669, 0.2945716666666666 11.045275, 0.2944883333333334 11.045480000000001, 0.2942782085266498 11.045481766060195, 0.2943533723580093 11.044894947104568, 0.2946471946078689 11.043769928054948, 0.2950195972268773 11.043773281322306, 0.295105 11.043998333333331)))"
_mview_marche_marches.fid-2fb68024_1a0f82ccff9_6ca5,Maritime,Agoè-Nyivé,Agoè-Nyivé 1,Agoè-Nyivé,Atchanve,Marché d'agoè Atchanvé,"{lundi,mardi,mercredi,jeudi,vendredi,samedi,dimanche}",Oui,"MULTIPOLYGON (((1.2134288314579678 6.226563683689016, 1.2138175581571746 6.226538426595779, 1.213779447696468 6.225409433287394, 1.2133856396025002 6.22562917043024, 1.2134288314579678 6.226563683689016)))"
_mview_marche_marches.fid-2fb68024_1a0f82ccff9_6ca6,Maritime,Agoè-Nyivé,Agoè-Nyivé 1,Agoè-Nyivé,Agoe Assiyeye,Marché d'agoe Assiyeye,"{lundi,mardi,mercredi,jeudi,vendredi,samedi,dimanche}",Non,"MULTIPOLYGON (((1.1971719088135584 6.230026485305313, 1.1984826314395765 6.231271738584891, 1.1975203287521203 6.2323108218413035, 1.196093466146582 6.231032584210775, 1.19588607332601 6.230521288286735, 1.1971719088135584 6.230026485305313)))"
_mview_marche_marches.fid-2fb68024_1a0f82ccff9_6ca7,Maritime,Agoè-Nyivé,Agoè-Nyivé 1,Agoè-Nyivé,Cacaveli,Grand Marché Dekawowosime de Cacaveli,"{lundi,mardi,mercredi,jeudi,vendredi,samedi,dimanche}",Non,"MULTIPOLYGON (((1.196387943926954 6.203670252570259, 1.1958773907143896 6.20387020176441, 1.1956994706554656 6.204162435065575, 1.1960862533922572 6.205946592757978, 1.1967669910090086 6.205861999210703, 1.1969758536868755 6.205377508632864, 1.1970222676152904 6.205177560010567, 1.196387943926954 6.203670252570259)))"
_mview_marche_marches.fid-2fb68024_1a0f82ccff9_6ca8,Maritime,Agoè-Nyivé,Agoè-Nyivé 1,Agoè-Nyivé,Nsp,Marché Gbossime Agoe Echangeur,"{lundi,mardi,mercredi,jeudi,vendredi,samedi,dimanche}",Oui,"MULTIPOLYGON (((1.212539453040808 6.2366118046403365, 1.2134246512544224 6.236092096824096, 1.2138226934041687 6.236080285276829, 1.2139415119563317 6.23644053734871, 1.2129010185641238 6.237164919438032, 1.212539453040808 6.2366118046403365)))"
_mview_marche_marches.fid-2fb68024_1a0f82ccff9_6ca9,Centrale,Sotouboua,Sotouboua 2,Séssaro,Sassa,Marché de Sassa,{samedi},Non,"MULTIPOLYGON (((1.2175883333333335 8.652655000000001, 1.2178866666666668 8.652905, 1.2179900000000001 8.652655000000001, 1.217655 8.652355, 1.2175883333333335 8.652655000000001)))"
_mview_marche_marches.fid-2fb68024_1a0f82ccff9_6caa,Kara,Doufelgou,Doufelgou 1,Siou,Kpalwa,Marché de Kplawa,{vendredi},Non,"MULTIPOLYGON (((1.1971329880323616 9.83496602742971, 1.1970117230728141 9.83449492336266, 1.1974101650827556 9.83440957835113, 1.197524500616043 9.835105993001392, 1.1971329880323616 9.83496602742971)))"
_mview_marche_marches.fid-2fb68024_1a0f82ccff9_6cab,Savanes,Oti,Oti 2,Galangashie,Barkoissi,Marché Boeuf,{lundi},Non,"MULTIPOLYGON (((0.303947827470253 10.547888335915317, 0.3041350187532333 10.547752118954314, 0.3042405432509919 10.547891944310816, 0.3040395879030866 10.548028161209917, 0.303947827470253 10.547888335915317)))"
_mview_marche_marches.fid-2fb68024_1a0f82ccff9_6cac,Savanes,Tône,Tône 2,Naki-Ouest,Naki Centre,Marché de Naki,"{mardi,vendredi}",Oui,"MULTIPOLYGON (((0.093145 10.906371666666667, 0.0931333333333333 10.905904999999999, 0.0931016666666667 10.905848333333331, 0.0921833333333333 10.905661666666667, 0.0919516666666667 10.906515000000002, 0.0918818353687349 10.906764324131773, 0.0921483333333333 10.907023333333333, 0.0922483333333333 10.907188333333332, 0.0931716666666667 10.907186666666666, 0.093145 10.906371666666667)))"
_mview_marche_marches.fid-2fb68024_1a0f82ccff9_6cad,Savanes,Tône,Tône 2,Naki-Ouest,Gabongbongue,Marché de Gabongbongue,"{lundi,mardi,mercredi,jeudi,vendredi,samedi,dimanche}",Non,"MULTIPOLYGON (((0.061061000796604 10.893635951464656, 0.0607500294174552 10.893485428084324, 0.0610973910643768 10.893149645158966, 0.0613537770418665 10.893399414724133, 0.061061000796604 10.893635951464656)))"
_mview_marche_marches.fid-2fb68024_1a0f82ccff9_6cae,Savanes,Tône,Tône 3,Nioukpourma,Goani,Marché de Goani,"{samedi,mercredi}",Non,"MULTIPOLYGON (((0.137125 10.812991666666669, 0.136779069502122 10.813604915232549, 0.1365087063460134 10.814220161291898, 0.1365087063460134 10.814213563485623, 0.1370427155611844 10.814490671224217, 0.1373813115599953 10.813517740408193, 0.1374487791434766 10.813129589861884, 0.137125 10.812991666666669)))"
_mview_marche_marches.fid-2fb68024_1a0f82ccff9_6caf,Savanes,Tône,Tône 2,Naki-Ouest,Naki Centre,Marché Naki,"{mardi,vendredi}",Non,"MULTIPOLYGON (((0.0916966114445986 10.90650320775305, 0.0917037643895882 10.90642147691317, 0.0917668403590428 10.906429139180366, 0.0917668403590428 10.906510870018138, 0.0916966114445986 10.90650320775305)))"
_mview_marche_marches.fid-2fb68024_1a0f82ccff9_6cb0,Maritime,Agoè-Nyivé,Agoè-Nyivé 2,Légbassito,Amadenta,Marché d'amadenta,"{lundi,mardi,mercredi,jeudi,vendredi,samedi,dimanche}",Non,"MULTIPOLYGON (((1.140087746199606 6.248293354253426, 1.1400987760244583 6.248222086278641, 1.1401576017570039 6.248275080414662, 1.140087746199606 6.248293354253426)))"
_mview_marche_marches.fid-2fb68024_1a0f82ccff9_6cb1,Maritime,Agoè-Nyivé,Agoè-Nyivé 2,Légbassito,Madjikpeto,Marché de Madjikpeto,"{mercredi,mardi,lundi,jeudi,vendredi,samedi}",Non,"MULTIPOLYGON (((1.1385347229607805 6.261435372080105, 1.1384363806521658 6.261268923233141, 1.1385426966614791 6.261208156180553, 1.138654328471258 6.261266281187523, 1.1388882236917472 6.2613957414070684, 1.1389094868936098 6.261440656169617, 1.1388510130884875 6.261488212972809, 1.1385347229607805 6.261435372080105)))"
_mview_marche_marches.fid-2fb68024_1a0f82ccff9_6cb2,Maritime,Agoè-Nyivé,Agoè-Nyivé 2,Légbassito,Legbassito,Marché de Legbassito,"{mercredi,samedi}",Non,"MULTIPOLYGON (((1.1512474008241966 6.268294557001004, 1.1508863382007615 6.268782467767807, 1.150077691034912 6.267917459553313, 1.150185843433637 6.267714025290704, 1.1496949979317324 6.267194688683304, 1.1497349311251075 6.267179803231521, 1.1512474008241966 6.268294557001004)))"
_mview_marche_marches.fid-2fb68024_1a0f82ccff9_6cb3,Maritime,Agoè-Nyivé,Agoè-Nyivé 4,Togblekope,Alinka Degome,Marché de Betaille de Alinka Degome,"{lundi,mardi,mercredi,jeudi,vendredi,samedi,dimanche}",Oui,"MULTIPOLYGON (((1.1956729264800514 6.270160452629526, 1.1958968219251325 6.270117027048043, 1.1961261782347272 6.27004646047042, 1.1965685082603745 6.270008463078513, 1.1967487167893422 6.269921611886616, 1.1968633949441396 6.269916183686641, 1.196847012350597 6.2698076196753005, 1.196776021111913 6.269563350567152, 1.1967214124667713 6.269281083899686, 1.1965685082603745 6.269161663340539, 1.1963118476282089 6.269134522300556, 1.1960169609444438 6.269156235132654, 1.1957439177187357 6.269123665884165, 1.1955200222736546 6.269188804379108, 1.195399883254343 6.269275655693043, 1.1955036396801124 6.269671914629341, 1.1956729264800514 6.270160452629526)))"
_mview_marche_marches.fid-2fb68024_1a0f82ccff9_6cb4,Savanes,Tône,Tône 4,Korbongou,Korbongou,Marché de Grand Bétail de Korbongou,{vendredi},Oui,"MULTIPOLYGON (((0.3187033333333333 10.913255, 0.3187433333333333 10.913576666666666, 0.319085 10.913625000000001, 0.3190883333333333 10.913289999999998, 0.3187033333333333 10.913255)))"
_mview_marche_marches.fid-2fb68024_1a0f82ccff9_6cb5,Maritime,Lacs,Lacs 3,Gbodjomé,Agbata,Marché d'agbata,"{lundi,jeudi}",Oui,"MULTIPOLYGON (((1.3907300040419737 6.190704486745747, 1.3908486859239013 6.190721967022929, 1.3908654986005562 6.190708727818997, 1.3908997353142694 6.190715462910219, 1.3909258337927553 6.190738755100695, 1.3912315432484588 6.1908312259375275, 1.3912657517481257 6.190848330187362, 1.3914130383439152 6.190892041048047, 1.3912942588311819 6.191477386486799, 1.391026292250455 6.1914536305842525, 1.390949323126204 6.191441277514928, 1.390826742669063 6.191408019251362, 1.390790633697192 6.191399467126446, 1.3904532998810286 6.191353855793557, 1.3904875083806956 6.1911495550316555, 1.3906499987541148 6.190830275701427, 1.390678505837171 6.190768510354806, 1.3907300040419737 6.190704486745747)))"
_mview_marche_marches.fid-2fb68024_1a0f82ccff9_6cb6,Kara,Bassar,Bassar 4,Sanda-Kagbanda,Akpadibiyo,Marché du Bétail de Sanda-kagbanda,{mardi},Non,"MULTIPOLYGON (((0.9039733333333333 9.492866666666666, 0.9053316666666666 9.495095, 0.9053316666666666 9.495096666666665, 0.9035150000000001 9.49535, 0.90289 9.492953333333332, 0.9039733333333333 9.492866666666666)))"
_mview_marche_marches.fid-2fb68024_1a0f82ccff9_6cb7,Plateaux,Amou,Amou 1,Amlamé (Ouma),Agadji,Marché Agadji,{mardi},Non,"MULTIPOLYGON (((0.9018316666666667 7.45358, 0.9017833333333333 7.453368333333333, 0.9017733333333333 7.453361666666666, 0.9017583333333333 7.453368333333333, 0.9017149999999999 7.453371666666667, 0.901695 7.453363333333334, 0.9016850000000001 7.453346666666666, 0.9016466666666666 7.453331666666666, 0.9016416666666667 7.453323333333333, 0.9015500000000001 7.453388333333334, 0.9015333333333333 7.453398333333333, 0.9015233333333333 7.453413333333333, 0.9015166666666666 7.4534166666666675, 0.9014983333333333 7.453406666666666, 0.9014716666666666 7.453388333333334, 0.9014283333333334 7.453368333333333, 0.9014166666666666 7.453358333333333, 0.9013916666666667 7.453321666666667, 0.90137 7.453291666666667, 0.90133 7.453250000000001, 0.9012933333333333 7.453271666666666, 0.9012783333333334 7.453303333333334, 0.9012816666666666 7.453308333333333, 0.9012516666666667 7.453335, 0.9012516666666667 7.453335, 0.9012 7.453374999999999, 0.9011683333333332 7.453408333333334, 0.9011733333333333 7.453413333333333, 0.9012 7.453426666666667, 0.9011816666666667 7.453451666666666, 0.9011533333333334 7.453473333333333, 0.9011250000000001 7.453504999999999, 0.901115 7.453519999999999, 0.9011083333333333 7.453519999999999, 0.9010750000000001 7.453516666666667, 0.90107 7.453504999999999, 0.90106 7.4534899999999995, 0.9010383333333334 7.453473333333333, 0.9010283333333333 7.453455000000001, 0.9010066666666667 7.453429999999999, 0.9009883333333334 7.453446666666667, 0.9009649999999999 7.453465, 0.900945 7.45348, 0.9009266666666667 7.453493333333333, 0.9009133333333333 7.453486666666667, 0.9009066666666666 7.453478333333334, 0.9008416666666667 7.453456666666667, 0.9008116666666666 7.4534683333333325, 0.9008216666666667 7.453495, 0.900815 7.453501666666667, 0.9007816666666667 7.453523333333334, 0.9007616666666666 7.453535, 0.9007866666666666 7.453564999999999, 0.9007916666666667 7.453588333333332, 0.90076 7.453616666666666, 0.9007483333333333 7.453636666666667, 0.9007433333333333 7.4536533333333335, 0.9006866666666667 7.453688333333334, 0.9006633333333334 7.453701666666666, 0.900725 7.45379, 0.900845 7.4537249999999995, 0.9008933333333334 7.453728333333333, 0.9009649999999999 7.453829999999999, 0.9010266666666666 7.453881666666666, 0.90106 7.454001666666667, 0.9010616666666666 7.454063333333333, 0.9018316666666667 7.45358)))"
_mview_marche_marches.fid-2fb68024_1a0f82ccff9_6cb8,Plateaux,Anié,Anié 1,Anié,Niamtougou Kope,Marché de Niamtougou Kope,{dimanche},Non,"MULTIPOLYGON (((1.1904716666666666 7.835295, 1.19023 7.83529, 1.1902266666666668 7.835295, 1.1902333333333335 7.835703333333333, 1.1905266666666667 7.835703333333333, 1.1904716666666666 7.835295)))"
_mview_marche_marches.fid-2fb68024_1a0f82ccff9_6cb9,Plateaux,Anié,Anié 1,Anié,Aotre,Marché à Bétail d'anié,"{lundi,mardi,mercredi,jeudi,vendredi,samedi,dimanche}",Oui,"MULTIPOLYGON (((1.2110683333333334 7.744121666666667, 1.2118716666666667 7.7437, 1.21141 7.742546666666668, 1.210345 7.7427399999999995, 1.2110683333333334 7.744121666666667)))"
_mview_marche_marches.fid-2fb68024_1a0f82ccff9_6cba,Centrale,Sotouboua,Sotouboua 1,Tabindè,Tchoide,Marché de Tchoide 1,{mardi},Non,"MULTIPOLYGON (((1.1124686682935214 8.505376924810625, 1.113100955392242 8.50538159834915, 1.113100955392242 8.50538159834915, 1.1130056090114309 8.505679111506064, 1.1127331230600552 8.505712206637003, 1.1124893198404031 8.50571693451262, 1.1123602475476462 8.505584553973339, 1.1124686682935214 8.505376924810625)))"
_mview_marche_marches.fid-2fb68024_1a0f82ccff9_6cbb,Plateaux,Moyen-Mono,Moyen-Mono 1,Tado,Nsp,Nsp,Nsp,Non,"MULTIPOLYGON (((1.458565933220236 7.162192448272212, 1.458565933220236 7.162192448272212, 1.458565933220236 7.162192448272212, 1.458565933220236 7.162192448272212)))"
_mview_marche_marches.fid-2fb68024_1a0f82ccff9_6cbc,Kara,Doufelgou,Doufelgou 1,Ténéga,Bale,Marché de Comtiague,{mardi},Non,"MULTIPOLYGON (((1.127439059849689 9.819057894112037, 1.1278848478153873 9.819227246442537, 1.1279895811326297 9.81900232535971, 1.127742517922725 9.81881180385236, 1.1275249948792214 9.818862080371893, 1.1275249948792214 9.818862080371893, 1.127439059849689 9.819057894112037)))"
_mview_marche_marches.fid-2fb68024_1a0f82ccff9_6cbd,Savanes,Oti,Oti 2,Barkoissi,Barkoissi,Marché Volaille,"{samedi,mercredi,lundi}",Non,"MULTIPOLYGON (((0.3043966477948782 10.555568521099097, 0.30452235958786 10.55573179687613, 0.3046416481505433 10.555621743599481, 0.3045113483359199 10.5554783134503, 0.3043966477948782 10.555568521099097)))"
_mview_marche_marches.fid-2fb68024_1a0f82ccff9_6cbe,Centrale,Sotouboua,Sotouboua 2,Adjengré,Dalanda,Marché Paroyi,"{lundi,mardi,mercredi,jeudi,vendredi,samedi,dimanche}",Non,"MULTIPOLYGON (((1.005975 8.629163333333334, 1.0062600000000002 8.629046666666666, 1.0058933333333333 8.628576666666667, 1.0057233333333333 8.628683333333333, 1.005975 8.629163333333334)))"
_mview_marche_marches.fid-2fb68024_1a0f82ccff9_6cbf,Kara,Assoli,Assoli 1,Bafilo,Kodjoda,Marché de Kodjoda,Nsp,Non,"MULTIPOLYGON (((1.2430883120004976 9.34882058193022, 1.2431208538962648 9.348150055964435, 1.2435936684994708 9.348131167890356, 1.2435917542703079 9.348593925410265, 1.2434137309581694 9.348646811944793, 1.2434233021039836 9.348758251401946, 1.2430883120004976 9.34882058193022)))"
_mview_marche_marches.fid-2fb68024_1a0f82ccff9_6cc0,Centrale,Tchaoudjo,Tchaoudjo 1,Sokodè (Komah),Zongo,Petit Marché de Sokode,"{lundi,jeudi}",Oui,"MULTIPOLYGON (((1.1414524012345002 8.987041399228985, 1.1415615838598325 8.987649937220288, 1.142728278199099 8.98768537104651, 1.142676806390014 8.987070670700067, 1.1414524012345002 8.987041399228985)))"
_mview_marche_marches.fid-2fb68024_1a0f82ccff9_6cc1,Kara,Binah,Binah 2,Sirka,Toloude,Marché de Toloude,{jeudi},Non,"MULTIPOLYGON (((1.3452947244532065 9.529705386027333, 1.345221860511672 9.529393630929238, 1.3455547926752995 9.529297451107453, 1.345613083828527 9.529608100779061, 1.3452947244532065 9.529705386027333)))"
_mview_marche_marches.fid-2fb68024_1a0f82ccff9_6cc2,Kara,Kéran,Kéran 2,Ossacré,Ossacre,Marché Cantonnal de Ossacre,{lundi},Oui,"MULTIPOLYGON (((0.7150116666666667 10.072208333333332, 0.7151150000000001 10.072116666666666, 0.71576 10.071850000000001, 0.71607 10.073106666666666, 0.7155066666666666 10.07344, 0.7151530029820345 10.073274746692697, 0.7149313244216787 10.072516893868745, 0.7150116666666667 10.072208333333332)))"
_mview_marche_marches.fid-2fb68024_1a0f82ccff9_6cc3,Kara,Doufelgou,Doufelgou 3,Alloum,Broukou,Marché à Bétail d'alloum,{vendredi},Non,"MULTIPOLYGON (((0.9305416666666667 9.739419999999999, 0.929905 9.739328333333333, 0.9299033333333333 9.739331666666667, 0.9299033333333333 9.739331666666667, 0.9299016666666666 9.739331666666667, 0.92981 9.739753333333335, 0.93043 9.739883333333333, 0.9305416666666667 9.739419999999999)))"
_mview_marche_marches.fid-2fb68024_1a0f82ccff9_6cc4,Kara,Doufelgou,Doufelgou 2,Défalé,Omalo,Petit Marché de Vollaile d'omalo,{vendredi},Oui,"MULTIPOLYGON (((1.1116983333333332 9.988391666666667, 1.111743979133937 9.987945178549444, 1.1120462409430882 9.987961348864628, 1.1120387776885408 9.988428817628796, 1.1116983333333332 9.988391666666667)))"
_mview_marche_marches.fid-2fb68024_1a0f82ccff9_6cc5,Kara,Kozah,Kozah 1,Commune De Kara,Kara Ville,Marché de Betail Et Volaille,"{lundi,mardi,mercredi,jeudi,vendredi,samedi,dimanche}",Oui,"MULTIPOLYGON (((1.2040783333333334 9.526205000000001, 1.2047883333333333 9.526686666666667, 1.2048033333333334 9.526751666666666, 1.2043266666666668 9.527393333333332, 1.2042583333333332 9.527403333333332, 1.2035900000000002 9.526925, 1.2040783333333334 9.526205000000001)))"
_mview_marche_marches.fid-2fb68024_1a0f82ccff9_6cc6,Savanes,Cinkassé,Cinkassé 1,Cinkassé,Silmissi,Marché à Betail de Cinkasse,"{jeudi,dimanche}",Oui,"MULTIPOLYGON (((0.0319483333333333 11.103963333333335, 0.0327666666666667 11.103578333333333, 0.0334016666666667 11.104815, 0.0334 11.104833333333334, 0.0325683333333333 11.10568, 0.0312483333333333 11.105055, 0.03102 11.104718333333334, 0.0310466666666667 11.104543333333334, 0.03109 11.104478333333335, 0.0319483333333333 11.103963333333335)))"
_mview_marche_marches.fid-2fb68024_1a0f82ccff9_6cc7,Savanes,Cinkassé,Cinkassé 2,Nadjoundi,Nadjoundi,Marché de Nadjoundi,{lundi},Oui,"MULTIPOLYGON (((0.1910845150010763 11.01186735191417, 0.1914360451779927 11.011610447546094, 0.192062128120822 11.011403916420994, 0.1924110923840384 11.011844683890711, 0.1921981215469285 11.012031065365123, 0.1921185782222247 11.012018472025975, 0.1921545010140263 11.012303081359274, 0.1920082439331195 11.012514649180977, 0.1916644114973033 11.012486943879644, 0.1910716854325756 11.012083957383666, 0.1910511581229746 11.011872389252481, 0.1910845150010763 11.01186735191417)))"
_mview_marche_marches.fid-2fb68024_1a0f82ccff9_6cc8,Savanes,Kpendjal,Kpendjal 1,Koundjoaré,Tambate,Marché Préfectoral du Bétails de Koundjouare,{mardi},Non,"MULTIPOLYGON (((0.6383942388569706 10.94407742511359, 0.6385921343528023 10.943135508649561, 0.6373015115539016 10.94288841347604, 0.6371552409700262 10.943826106888023, 0.6383942388569706 10.94407742511359)))"
_mview_marche_marches.fid-2fb68024_1a0f82ccff9_6cc9,Savanes,Kpendjal,Kpendjal 2,Borgou,Borgou,Marché de Bétail de Borgou,{lundi},Non,"MULTIPOLYGON (((0.5725933333333334 10.757148333333335, 0.5722066666666666 10.756329999999998, 0.5722083333333334 10.756335000000002, 0.5733233333333333 10.756284999999998, 0.5733216666666666 10.756288333333336, 0.5732700000000001 10.756943333333334, 0.5725933333333334 10.757148333333335)))"
_mview_marche_marches.fid-2fb68024_1a0f82ccff9_6cca,Savanes,Kpendjal-Ouest,Kpendjal-Ouest 2,Papri,Papri,Marché Des Boeufs de Papri,"{samedi,mercredi}",Non,"MULTIPOLYGON (((0.4230433333333333 11.000903333333333, 0.4209666666666667 11.001261666666668, 0.4211533333333334 11.002068333333334, 0.4220983333333334 11.001868333333334, 0.4230433333333333 11.000903333333333)))"
_mview_marche_marches.fid-2fb68024_1a0f82ccff9_6ccb,Savanes,Oti,Oti 1,Mango,Mango,Marché Des Boeufs de Mango,{dimanche},Oui,"MULTIPOLYGON (((0.4712942506518136 10.332589551914078, 0.4713309370796913 10.332624002880458, 0.4713901356337666 10.332548538853931, 0.4715177043488867 10.332529672844469, 0.4715010286998515 10.332399251269818, 0.4713476127287266 10.332422218595068, 0.4713626208128584 10.332518189185983, 0.4712942506518136 10.332589551914078)))"
_mview_marche_marches.fid-2fb68024_1a0f82ccff9_6ccc,Savanes,Tandjoaré,Tandjoaré 1,Bogou,Nandodani,Marché de Courrier,"{mercredi,samedi}",Oui,"MULTIPOLYGON (((0.1958296558369697 10.66846294109871, 0.19677 10.668276666666667, 0.1967827737058144 10.668591068167636, 0.1958296558369697 10.66846294109871)))"
_mview_marche_marches.fid-2fb68024_1a0f82ccff9_6ccd,Savanes,Oti,Oti 2,Nagbéni,Biaga,Petit Marché de Biaga,"{lundi,mardi,mercredi,jeudi,vendredi,samedi,dimanche}",Non,"MULTIPOLYGON (((0.43066242814531 10.63829754135426, 0.4307696929260799 10.638323785432476, 0.4307968485667811 10.638202795764954, 0.4306809844997891 10.638182779087389, 0.43066242814531 10.63829754135426)))"
_mview_marche_marches.fid-2fb68024_1a0f82ccff9_6cce,Savanes,Oti,Oti 2,Nagbéni,Kankangou,Petit Marché de Kankangou,"{mercredi,samedi}",Non,"MULTIPOLYGON (((0.3691605784977697 10.665011631585827, 0.3694378361605419 10.665018331626213, 0.369396929292264 10.664752563244505, 0.3691492154788036 10.664750329895776, 0.3691605784977697 10.665011631585827)))"
_mview_marche_marches.fid-2fb68024_1a0f82ccff9_6ccf,Savanes,Oti-Sud,Oti-Sud 2,Koumongou,Koumongou,Marché de Koumongou,"{mardi,samedi}",Non,"MULTIPOLYGON (((0.447100876373039 10.189091085736512, 0.4470712338817122 10.188396495350094, 0.4470712338817122 10.188396495350094, 0.4472439583984816 10.188429597834196, 0.4473697675245348 10.187328881006433, 0.448253617947315 10.187278674956483, 0.4484385854336869 10.188847421919924, 0.447100876373039 10.189091085736512)))"
_mview_marche_marches.fid-2fb68024_1a0f82ccff9_6cd0,Savanes,Tandjoaré,Tandjoaré 2,Bagou,Bagou Centre,Marché de Bagou,"{jeudi,dimanche}",Oui,"MULTIPOLYGON (((0.0389780377911336 10.683895268289882, 0.0389333469129761 10.683725642077112, 0.0390735645431951 10.683690509127999, 0.0391143449695137 10.683861233264498, 0.0389853000588341 10.683935890734544, 0.0389780377911336 10.683895268289882)))"
_mview_marche_marches.fid-2fb68024_1a0f82ccff9_6cd1,Savanes,Oti-Sud,Oti-Sud 2,Takpamba,Takpamba,Marché de Bétail de Takpamba,{mercredi},Non,"MULTIPOLYGON (((0.5733966666666667 9.970018333333334, 0.57317 9.969506666666666, 0.5734083333333333 9.969426666666667, 0.5735388936681016 9.969435493276414, 0.5733966666666667 9.970018333333334)))"
_mview_marche_marches.fid-2fb68024_1a0f82ccff9_6cd2,Savanes,Oti-Sud,Oti-Sud 2,Takpamba,Takpamba,Marché de Takpamba,"{jeudi,mercredi}",Non,"MULTIPOLYGON (((0.566955 9.972534999999999, 0.5667575512132512 9.972203768026679, 0.5670468721241771 9.972059362532422, 0.5672381845964425 9.972367478990895, 0.566955 9.972534999999999)))"
_mview_marche_marches.fid-2fb68024_1a0f82ccff9_6cd3,Savanes,Tandjoaré,Tandjoaré 1,Bogou,Nandodani,Marché du Courrier,"{mercredi,samedi}",Oui,"MULTIPOLYGON (((0.197501729403131 10.668074334399686, 0.1975652374307166 10.668682858037636, 0.1973383196767378 10.669742982962589, 0.1960682684329552 10.669076630520951, 0.1957541855524487 10.668541649192022, 0.1958341499094346 10.668479218999755, 0.197501729403131 10.668074334399686)))"
_mview_marche_marches.fid-2fb68024_1a0f82ccff9_6cd4,Savanes,Tône,Tône 1,Kourientre,Yemboate,Marché de Bétail de Yemboate,"{lundi,jeudi,dimanche}",Oui,"MULTIPOLYGON (((0.2928366666666667 11.050225000000001, 0.2930883333333333 11.050446666666668, 0.2933333333333333 11.050341666666668, 0.2933283333333333 11.049648333333334, 0.29264 11.050048333333333, 0.2928366666666667 11.050225000000001)))"
_mview_marche_marches.fid-2fb68024_1a0f82ccff9_6cd5,Savanes,Tandjoaré,Tandjoaré 2,Lokpano,Djapak,Marché de Djapak,"{dimanche,mardi}",Non,"MULTIPOLYGON (((0.1148329349352687 10.671107593743463, 0.1150004944569764 10.671123896891258, 0.1150121074931344 10.670827179464563, 0.1148661150385772 10.67087608895043, 0.1148329349352687 10.671107593743463)))"
_mview_marche_marches.fid-2fb68024_1a0f82ccff9_6cd6,Savanes,Tône,Tône 1,Dapaong,Tantigou,Marché de Bétail de Tantigou,"{lundi,mardi,mercredi,jeudi,vendredi,samedi,dimanche}",Non,"MULTIPOLYGON (((0.198367527706284 10.863996850788327, 0.1984047062201919 10.86395492939802, 0.199236403346131 10.864326812493657, 0.1991744391562845 10.864516134618944, 0.198367527706284 10.863996850788327)))"
_mview_marche_marches.fid-2fb68024_1a0f82ccff9_6cd7,Savanes,Tône,Tône 1,Dapaong,Bodjopal,Marché de Bétail de Bodjopal,"{lundi,mardi,mercredi,jeudi,vendredi,samedi,dimanche}",Non,"MULTIPOLYGON (((0.201 10.875789999999999, 0.2009983333333333 10.875875, 0.200625 10.875736666666667, 0.2006430523948669 10.875694147367543, 0.201 10.875789999999999)))"
_mview_marche_marches.fid-2fb68024_1a0f82ccff9_6cd8,Savanes,Tône,Tône 4,Korbongou,Carrefour Tidonte,Marché de Betail Carrefour Tidonte,"{mercredi,samedi}",Non,"MULTIPOLYGON (((0.2982857770919379 10.97607761358535, 0.2983583333333333 10.976220000000001, 0.2983583333333333 10.976220000000001, 0.298385 10.976213333333332, 0.2983177727064237 10.976063267960388, 0.2982857770919379 10.97607761358535)))"
_mview_marche_marches.fid-2fb68024_1a0f82ccff9_6cd9,Savanes,Tône,Tône 4,Korbongou,Korbongou,Marché de Petits Betails de Korbongou,"{mardi,vendredi}",Non,"MULTIPOLYGON (((0.3078044993184403 10.912193975699589, 0.3078062420524826 10.912230595863178, 0.3078585240737516 10.912232649330162, 0.3078609639014108 10.912279879066865, 0.3079202168588491 10.91227714111132, 0.3079188226716152 10.91219123774325, 0.3078044993184403 10.912193975699589)))"
_mview_marche_marches.fid-2fb68024_1a0f82ccff9_6cda,Savanes,Tône,Tône 4,Korbongou,Gniyatigou,Marché de Gniyatigou,"{mardi,vendredi}",Oui,"MULTIPOLYGON (((0.3960705188261832 11.025942342124203, 0.3961183333333333 11.026015, 0.3962016666666666 11.025968333333333, 0.3962783333333333 11.025935, 0.3963916666666666 11.025928333333331, 0.3965616666666667 11.025965000000001, 0.3966416666666667 11.026035000000002, 0.396685 11.026105, 0.396695 11.026183333333332, 0.3967466666666667 11.026289999999998, 0.3967783333333333 11.026441666666665, 0.3967916666666667 11.026571666666666, 0.396815 11.026758333333332, 0.3968183333333333 11.026953333333331, 0.3968583333333333 11.027061666666668, 0.3968816666666666 11.027134999999998, 0.3967166666666667 11.027203333333334, 0.3965513190629823 11.02734383680018, 0.3962083333333333 11.027331666666665, 0.3958433333333333 11.027265, 0.3957933333333333 11.027205, 0.39579 11.027071666666666, 0.39546 11.026838333333334, 0.395455 11.026746666666668, 0.3954483333333334 11.026638333333334, 0.3954516666666666 11.026544999999999, 0.395525 11.026431666666667, 0.395545 11.026409999999998, 0.3960705188261832 11.025942342124203)))"
_mview_marche_marches.fid-2fb68024_1a0f82ccff9_6cdb,Savanes,Tône,Tône 4,Louanga,Galle Kouampante,Marché Local de Galle Kouampante,"{mercredi,samedi}",Non,"MULTIPOLYGON (((0.3866071158222299 10.831495151793284, 0.3863032011678633 10.831398340921014, 0.386268292052159 10.831122026384268, 0.3864284632889198 10.831095806743445, 0.3866214901639904 10.831218837345864, 0.3868473726773711 10.831297496229118, 0.3868555865869485 10.83135396926076, 0.3866071158222299 10.831495151793284)))"
