FID,region_nom_bdd,prefecture_nom_bdd,commune_nom_bdd,canton_nom_bdd,nom_localite,etab_nom,etab_adresse,etab_jour,etab_creation_date,terrain,geometry
_mview_pepinieresem_pepinieres_semence.fid-2fb68024_1a0f82ccff9_7dbe,Maritime,Golfe,Golfe 4,Amoutivé,KODJOVIA KOPÉ,Tubere Rose,Kodjovia Kopé,"{Lundi,Mardi,Mercredi,jeudi,Vendredi,Samedi}",1997,Prive - individuel,POINT (1.2087516666666667 6.125424999999999)
_mview_pepinieresem_pepinieres_semence.fid-2fb68024_1a0f82ccff9_7dbf,Maritime,Golfe,Golfe 2,Bè-Centre,ATIEGOU,Tobias ,Nsp,"{Dimanche,Samedi,Vendredi,jeudi,Mercredi,Mardi,Lundi}",Nsp,Prive - individuel,POINT (1.2646861190715322 6.188362469835615)
_mview_pepinieresem_pepinieres_semence.fid-2fb68024_1a0f82ccff9_7dc0,Maritime,Vo,Vo 1,Vo-Koutimé,KOUTIME CENTRE ,Pepinieriste Gombo,Nsp,Nsp,Nsp,Nsp,POINT (1.5719514832965606 6.3614036487958945)
_mview_pepinieresem_pepinieres_semence.fid-2fb68024_1a0f82ccff9_7dc1,Maritime,Vo,Vo 1,Vo-Koutimé,BOKO ATCHONKOPE,Pepinieriste Koudahe,Nsp ,"{Dimanche,Samedi,jeudi,Mercredi,Vendredi,Mardi,Lundi}",2004,autre,POINT (1.5852883333333332 6.337238333333333)
_mview_pepinieresem_pepinieres_semence.fid-2fb68024_1a0f82ccff9_7dc2,Maritime,Vo,Vo 1,Vo-Koutimé, SALAME,Pepinieriste Mawoussi,Néant ,"{Lundi,Mardi,Mercredi,jeudi,Samedi,Dimanche,Vendredi}",2018,autre,POINT (1.5808616666666666 6.3397016666666675)
_mview_pepinieresem_pepinieres_semence.fid-2fb68024_1a0f82ccff9_7dc3,Kara,Kéran,Kéran 3,Koutougou,TAPOUTE,Pépinière du Piment,Nsp,"{Lundi,Mardi,Mercredi,jeudi,Vendredi,Samedi,Dimanche}",2017,Prive - individuel,POINT (1.2554750000000001 10.059146666666667)
_mview_pepinieresem_pepinieres_semence.fid-2fb68024_1a0f82ccff9_7dc4,Kara,Kéran,Kéran 3,Koutougou,TAPOUTE,Pépinière de la Tomate,Nsp,"{Lundi,Mardi,Mercredi,jeudi,Vendredi,Samedi,Dimanche}",2017,Prive - individuel,POINT (1.2554283333333334 10.059050000000001)
_mview_pepinieresem_pepinieres_semence.fid-2fb68024_1a0f82ccff9_7dc5,Kara,Kéran,Kéran 3,Koutougou,TAPOUNTE,"Pépinière Piment, Gombo et Tomates ",Nsp,"{Lundi,Mardi,Mercredi,jeudi,Vendredi,Samedi,Dimanche}",2021,Prive - individuel,POINT (1.2547983333333332 10.065268333333334)
_mview_pepinieresem_pepinieres_semence.fid-2fb68024_1a0f82ccff9_7dc6,Plateaux,Amou,Amou 3,Hihéatro,APEDOME,Pépinière Tokpenou,Néant,"{Mardi,Lundi,Mercredi,jeudi,Vendredi,Samedi,Dimanche}",2017,Prive - individuel,POINT (1.043405 7.594925000000001)
_mview_pepinieresem_pepinieres_semence.fid-2fb68024_1a0f82ccff9_7dc7,Plateaux,Amou,Amou 3,Okpahoé,KODZOASA,Pépinière Ayekpada,Néant,"{Lundi,Mercredi,Vendredi,Dimanche}",2010,Prive - individuel,POINT (1.03795 7.60739)
_mview_pepinieresem_pepinieres_semence.fid-2fb68024_1a0f82ccff9_7dc8,Plateaux,Kpélé,Kpélé 1,Kpélé-Novivé,ADETA ,Adeta,Nsp,"{Lundi,Mardi,Mercredi,jeudi,Vendredi,Samedi,Dimanche}",Nsp,Prive - individuel,POINT (0.7301433333333333 7.128396666666666)
_mview_pepinieresem_pepinieres_semence.fid-2fb68024_1a0f82ccff9_7dc9,Kara,Kéran,Kéran 3,Koutougou,SOLLA,Pépinière de Piment Vert,Nsp,"{Lundi,Mardi,Mercredi,jeudi,Samedi,Vendredi,Dimanche}",2017,Prive - individuel,POINT (1.1685683333333332 10.025086666666665)
_mview_pepinieresem_pepinieres_semence.fid-2fb68024_1a0f82ccff9_7dca,Plateaux,Danyi,Danyi 1,Danyi-Atigba,EZAPE ,Nutsugan,Nsp,"{Lundi,Mardi,Mercredi,jeudi,Vendredi,Samedi,Dimanche}",2021,Prive - individuel,POINT (0.6946483333333333 7.2924766666666665)
_mview_pepinieresem_pepinieres_semence.fid-2fb68024_1a0f82ccff9_7dcb,Plateaux,Est-Mono,Est-Mono 3,Nyamassila,NYAMASSILA ,Gagnanglo,Nsp,"{Mercredi,jeudi,Vendredi,Samedi}",2018,Ne sait pas,POINT (1.1913020864561745 7.984616413339531)
_mview_pepinieresem_pepinieres_semence.fid-2fb68024_1a0f82ccff9_7dcc,Plateaux,Wawa,Wawa 1,Tomégbé,TOMEGBE,Toulassi,Nsp,"{Lundi,Mardi,Mercredi,jeudi,Vendredi,Samedi,Dimanche}",2019,Prive - individuel,POINT (0.5988966666666666 7.515816666666666)
_mview_pepinieresem_pepinieres_semence.fid-2fb68024_1a0f82ccff9_7dcd,Plateaux,Wawa,Wawa 1,Tomégbé,TOMEGBE,Ikpa,Nsp,"{Lundi,Mardi,Mercredi,jeudi,Vendredi,Samedi,Dimanche}",2021,Prive - individuel,POINT (0.5916066666666667 7.521461666666666)
_mview_pepinieresem_pepinieres_semence.fid-2fb68024_1a0f82ccff9_7dce,Plateaux,Wawa,Wawa 1,Késsibo,ABREWANKOR,Kekou,Abrewankor ,"{Lundi,Mardi,Mercredi,jeudi,Vendredi,Samedi}",2019,autre,POINT (0.60403 7.621638333333334)
_mview_pepinieresem_pepinieres_semence.fid-2fb68024_1a0f82ccff9_7dcf,Plateaux,Kloto,Kloto 3,Kouma,DOVOTA,Pagila,Dovota,"{Lundi,Mardi,Mercredi,jeudi,Vendredi,Samedi,Dimanche}",2004,autre,POINT (0.5923866666666666 7.004805000000001)
_mview_pepinieresem_pepinieres_semence.fid-2fb68024_1a0f82ccff9_7dd0,Plateaux,Kloto,Kloto 3,Kouma,DOVOTA,Tcholida,Dovota,"{Lundi,Mardi,Mercredi,jeudi,Vendredi,Samedi,Dimanche}",2018,autre,POINT (0.591825 7.004199999999999)
_mview_pepinieresem_pepinieres_semence.fid-2fb68024_1a0f82ccff9_7dd1,Plateaux,Kloto,Kloto 2,Kpimé,DOVOTA,"Tomate, Aubergine ",Village Dovota,"{Lundi,Mardi,Mercredi,jeudi,Vendredi,Samedi,Dimanche}",2022,Prive - individuel,POINT (0.5938766666666666 7.029101666666666)
_mview_pepinieresem_pepinieres_semence.fid-2fb68024_1a0f82ccff9_7dd2,Plateaux,Kloto,Kloto 1,Agome-Kpalime,DOME,Dieu Merci,En Face du Monument des Morts,"{Dimanche,Samedi,Vendredi,jeudi,Mercredi,Mardi,Lundi}",1997,Domaine prive de l Etat ou des collectivites territoriales,POINT (0.6343483333333333 6.901816666666667)
_mview_pepinieresem_pepinieres_semence.fid-2fb68024_1a0f82ccff9_7dd3,Plateaux,Agou,Agou 1,Agou-Kébo,KEBODZIGBE,Adopri 3,Kebo/Kpalimé,"{Dimanche,Samedi,jeudi,Mercredi,Mardi,Lundi,Vendredi}",2021,Prive - individuel,POINT (0.7452000000000001 6.8690050000000005)
_mview_pepinieresem_pepinieres_semence.fid-2fb68024_1a0f82ccff9_7dd4,Plateaux,Agou,Agou 1,Agou-Tavié,SONAF,Adewou  Afenofe,Nsp,"{Lundi,Mardi,Mercredi,jeudi,Vendredi,Samedi,Dimanche}",2012,Prive - individuel,POINT (0.7371949999999999 6.846138333333332)
_mview_pepinieresem_pepinieres_semence.fid-2fb68024_1a0f82ccff9_7dd5,Plateaux,Agou,Agou 1,Gadja,ANANIVIKONDJI,Green World,99053571,"{Samedi,Vendredi,Mercredi,Lundi}",2019,Prive - individuel,POINT (0.8221137057677481 6.878044222520541)
_mview_pepinieresem_pepinieres_semence.fid-2fb68024_1a0f82ccff9_7dd6,Plateaux,Agou,Agou 2,Agotimé-Nord,NYIDOVE ,Pépinière  Nyidove ,Nsp,"{Lundi,Mardi,Mercredi,jeudi,Vendredi,Samedi,Dimanche}",1988,Prive - individuel,POINT (0.7073582961526654 6.758494673558636)
_mview_pepinieresem_pepinieres_semence.fid-2fb68024_1a0f82ccff9_7dd7,Savanes,Oti,Oti 1,Mango,SADORI,Jardin Ykoue,Nsp,"{Lundi,Mardi,Mercredi,jeudi,Vendredi,Samedi,Dimanche}",2012,Prive - individuel,POINT (0.4708566666666666 10.308641666666666)
_mview_pepinieresem_pepinieres_semence.fid-2fb68024_1a0f82ccff9_7dd8,Plateaux,Agou,Agou 1,Agou-Kébo,KEBODZIGBE,Adopri 4,Kebo/Kpalimé,"{Dimanche,Samedi,Vendredi,jeudi,Mercredi,Mardi,Lundi}",2021,Prive - individuel,POINT (0.7451540608308396 6.8688832355140494)
_mview_pepinieresem_pepinieres_semence.fid-2fb68024_1a0f82ccff9_7dd9,Savanes,Oti,Oti 1,Sadori,Tieba,Pepiniere de Palanga,Nsp,"{Lundi,Mardi,Mercredi,jeudi,Vendredi,Samedi,Dimanche}",2019,Prive - individuel,POINT (0.461005 10.30849)
_mview_pepinieresem_pepinieres_semence.fid-2fb68024_1a0f82ccff9_7dda,Savanes,Cinkassé,Cinkassé 1,Cinkassé,CINKASSE SOMAYAF,Pépinière de Issaka,Néant,"{Lundi,Mardi,Mercredi,jeudi,Vendredi,Samedi,Dimanche}",2018,Prive - individuel,POINT (0.014080601866162 11.112018211150913)
_mview_pepinieresem_pepinieres_semence.fid-2fb68024_1a0f82ccff9_7ddb,Plateaux,Agou,Agou 1,Agou-Kébo,DOGBADZI,Adjeoda,Dogbadzi/Kpalimé,"{Lundi,Mercredi,jeudi,Vendredi,Samedi,Dimanche}",2018,Prive - individuel,POINT (0.7533016666666666 6.867043333333333)
_mview_pepinieresem_pepinieres_semence.fid-2fb68024_1a0f82ccff9_7ddc,Plateaux,Agou,Agou 1,Agou-Kébo,DOGBADZI,Agbeko,Kebo/Kpalimé,"{Lundi,Mardi,Mercredi,jeudi,Vendredi,Samedi,Dimanche}",2017,Prive - individuel,POINT (0.7531483333333333 6.867114999999999)
_mview_pepinieresem_pepinieres_semence.fid-2fb68024_1a0f82ccff9_7ddd,Plateaux,Amou,Amou 3,Okpahoé,KODZOASA,Pépinière Pierre,Néant,"{Lundi,Mercredi,Vendredi,Dimanche}",2019,Prive - individuel,POINT (1.0377733333333334 7.608640000000001)
_mview_pepinieresem_pepinieres_semence.fid-2fb68024_1a0f82ccff9_7dde,Plateaux,Amou,Amou 3,Hihéatro,KODZOASA,Pépinière Osse,Néant,"{Lundi,Mercredi,Vendredi,Dimanche}",2018,Prive - individuel,POINT (1.0376433333333333 7.613061666666666)
_mview_pepinieresem_pepinieres_semence.fid-2fb68024_1a0f82ccff9_7ddf,Plateaux,Amou,Amou 3,Hihéatro,KODZOASA,Pépinière Apedo,Néant,"{Lundi,Mercredi,Vendredi,Dimanche}",2016,Prive - individuel,POINT (1.0374866666666667 7.613718333333333)
_mview_pepinieresem_pepinieres_semence.fid-2fb68024_1a0f82ccff9_7de0,Savanes,Oti-Sud,Oti-Sud 2,Kountoire,MABOUGOU,Guengani,Nsp,"{Lundi,Mardi,Mercredi,jeudi,Vendredi,Samedi,Dimanche}",2011 ,Prive - Collectivite coutumiere,POINT (0.6314333333333334 10.192016666666666)
_mview_pepinieresem_pepinieres_semence.fid-2fb68024_1a0f82ccff9_7de1,Savanes,Kpendjal-Ouest,Kpendjal-Ouest 2,Pogno,SANSARGOU,Pépinière de  Karra,Sansargou,"{Lundi,Mardi,Mercredi,jeudi,Vendredi,Samedi,Dimanche}",2018,Prive - individuel,POINT (0.5143977325635615 10.976027423075463)
_mview_pepinieresem_pepinieres_semence.fid-2fb68024_1a0f82ccff9_7de2,Maritime,Bas-Mono,Bas-Mono 1,Afagnan-Gbléta,DOULASSAME,Pepiniere Doulassame ,Nsp,"{Dimanche,Samedi,Vendredi,jeudi,Mercredi,Mardi,Lundi}",Nsp,Prive - individuel,POINT (1.5756083333333333 6.476661666666667)
_mview_pepinieresem_pepinieres_semence.fid-2fb68024_1a0f82ccff9_7de3,Plateaux,Agou,Agou 1,Agou-Kébo,KEBO DZIGBE,Adopri 1,Kebo/Kpalimé,"{Lundi,Mardi,Mercredi,jeudi,Vendredi,Samedi,Dimanche}",2019,Prive - individuel,POINT (0.7449066666666667 6.868958333333334)
_mview_pepinieresem_pepinieres_semence.fid-2fb68024_1a0f82ccff9_7de4,Maritime,Agoè-Nyivé,Agoè-Nyivé 6,Adétikopé,Devime,Pepiniere Vaincint,Néant ,"{Lundi,Mardi,Mercredi,jeudi,Vendredi,Samedi,Dimanche}",2021,Domaine public de l Etat ou des collectivites territoriales,POINT (1.2091251056254928 6.359370513767732)
_mview_pepinieresem_pepinieres_semence.fid-2fb68024_1a0f82ccff9_7de5,Maritime,Bas-Mono,Bas-Mono 1,Afagnan-Gbléta,DOULASSAME,Pepiniere Gbelewi,Nsp,"{Lundi,Mardi,Mercredi,jeudi,Vendredi,Samedi,Dimanche}",1997,Prive - individuel,POINT (1.5744386163491233 6.4753868649540856)
_mview_pepinieresem_pepinieres_semence.fid-2fb68024_1a0f82ccff9_7de6,Centrale,Tchaoudjo,Tchaoudjo 1,Tchalo,ADJOROGO,Dihel'n,derrière La Montagne de Tchalo,"{Lundi,Mercredi,jeudi,Vendredi,Samedi,Dimanche}",2016,Nsp,POINT (1.1226702106608644 8.94737646950553)
_mview_pepinieresem_pepinieres_semence.fid-2fb68024_1a0f82ccff9_7de7,Savanes,Oti-Sud,Oti-Sud 2,Nali,NALI ANGO,Gablibo,Nsp,"{Lundi,Mardi,Mercredi,jeudi,Vendredi,Samedi,Dimanche}",2018,Prive - individuel,POINT (0.4512233333333333 10.056498333333334)
_mview_pepinieresem_pepinieres_semence.fid-2fb68024_1a0f82ccff9_7de8,Savanes,Tône,Tône 3,Lotogou,BAFONG,Pépinièrie de Bafong,Néant,"{Lundi,Mardi,Mercredi,jeudi,Vendredi,Samedi,Dimanche}",1982,Prive - individuel,POINT (0.0301548990059953 10.804137253159155)
_mview_pepinieresem_pepinieres_semence.fid-2fb68024_1a0f82ccff9_7de9,Maritime,Agoè-Nyivé,Agoè-Nyivé 6,Adétikopé,DEVIME,Pepiniere Ali,Néant ,"{Lundi,Mardi,Mercredi,jeudi,Vendredi,Samedi,Dimanche}",2001,Prive - individuel,POINT (1.2104760993309327 6.358503231113863)
_mview_pepinieresem_pepinieres_semence.fid-2fb68024_1a0f82ccff9_7dea,Maritime,Agoè-Nyivé,Agoè-Nyivé 6,Adétikopé,DEVIME,Pepiniere Sefrato,Néant ,"{Lundi,Mardi,Mercredi,jeudi,Vendredi,Samedi,Dimanche}",2006,Prive - individuel,POINT (1.2110018586893148 6.351848703538083)
_mview_pepinieresem_pepinieres_semence.fid-2fb68024_1a0f82ccff9_7deb,Maritime,Avé,Avé 1,Kévé,TONOVE,Pépinière Dade,Néant ,"{Lundi,Mardi,Mercredi,jeudi,Vendredi}",2018,Prive - individuel,POINT (0.9289400000000001 6.448473333333334)
_mview_pepinieresem_pepinieres_semence.fid-2fb68024_1a0f82ccff9_7dec,Maritime,Avé,Avé 1,Assahoun,LE STYLO ,Pépinière d'Amassou,Néant ,"{Lundi,Mardi,Mercredi,jeudi,Vendredi}",2008,Prive - individuel,POINT (0.9050016666666667 6.472400000000001)
_mview_pepinieresem_pepinieres_semence.fid-2fb68024_1a0f82ccff9_7ded,Maritime,Avé,Avé 1,Assahoun,Zongo,Pépinière Dade,Néant ,"{Lundi,Mardi,Mercredi,jeudi,Vendredi}",2020,Prive - individuel,POINT (0.9119433333333333 6.451153333333334)
_mview_pepinieresem_pepinieres_semence.fid-2fb68024_1a0f82ccff9_7dee,Maritime,Bas-Mono,Bas-Mono 1,Afagnan-Gbléta,DZREKPO BALIME,Pépinière de Kondo Afi,98226988,"{Samedi,Dimanche,Vendredi,jeudi,Mercredi,Mardi,Lundi}",1990,autre,POINT (1.5737783333333335 6.4679850000000005)
_mview_pepinieresem_pepinieres_semence.fid-2fb68024_1a0f82ccff9_7def,Maritime,Bas-Mono,Bas-Mono 1,Afagnan-Gbléta,DZREKPO DOULASSAME,Pepiniere de Doulassame 1,"97064272, 98134261","{Lundi,Mardi,Mercredi,jeudi,Vendredi,Samedi,Dimanche}",Avant 1978,autre,POINT (1.5736399999999997 6.4758033333333325)
_mview_pepinieresem_pepinieres_semence.fid-2fb68024_1a0f82ccff9_7df0,Plateaux,Kloto,Kloto 1,Agome-Kpalime,DUGAN,Pépinière Dugan,Hanygba /Kpalimé,"{Lundi,Mardi,Mercredi,jeudi,Vendredi,Samedi,Dimanche}",2007,Prive - individuel,POINT (0.6196142509115297 6.901267576799923)
_mview_pepinieresem_pepinieres_semence.fid-2fb68024_1a0f82ccff9_7df1,Maritime,Bas-Mono,Bas-Mono 1,Afagnan-Gbléta,DZREKPO  BAS,Pepiniere de Amegnaglo,97641330,"{Dimanche,Samedi,Vendredi,jeudi,Mercredi,Mardi,Lundi}",2017,autre,POINT (1.5741866666666666 6.468064999999999)
_mview_pepinieresem_pepinieres_semence.fid-2fb68024_1a0f82ccff9_7df2,Maritime,Bas-Mono,Bas-Mono 1,Afagnan-Gbléta,Dzrekpo Djoulassame,Pepiniere de Togble Komlavi,96031484,"{Dimanche,Samedi,Vendredi,jeudi,Mercredi,Mardi,Lundi}",2000,Prive - individuel,POINT (1.5742399999999999 6.4783800000000005)
_mview_pepinieresem_pepinieres_semence.fid-2fb68024_1a0f82ccff9_7df3,Maritime,Bas-Mono,Bas-Mono 1,Afagnan-Gbléta,DZREKPO DOULASSAME,Pepiniere de Doulassame 2,96674625,"{Dimanche,Samedi,Vendredi,jeudi,Mercredi,Mardi,Lundi}",2005,autre,POINT (1.57307 6.477391666666667)
_mview_pepinieresem_pepinieres_semence.fid-2fb68024_1a0f82ccff9_7df4,Maritime,Bas-Mono,Bas-Mono 1,Afagnan-Gbléta,Dzrekpo Djoulassame,Pépinière de Agbonon Adjevi,Nsp,"{Dimanche,Samedi,Vendredi,jeudi,Mercredi,Mardi,Lundi}",1980,Prive - individuel,POINT (1.5731683333333333 6.47636)
_mview_pepinieresem_pepinieres_semence.fid-2fb68024_1a0f82ccff9_7df5,Maritime,Bas-Mono,Bas-Mono 1,Afagnan-Gbléta,DZREKPO DOULASSAME,Pepiniere de Djoulassame 3,96501840,"{Dimanche,Samedi,Vendredi,jeudi,Mercredi,Mardi,Lundi}",2015,autre,POINT (1.5749866666666668 6.475616666666667)
_mview_pepinieresem_pepinieres_semence.fid-2fb68024_1a0f82ccff9_7df6,Maritime,Bas-Mono,Bas-Mono 1,Afagnan-Gbléta,DZREKPO DOULASSAME,Pepiniere de Djoulassame 5,98379615,"{Dimanche,Samedi,Vendredi,jeudi,Mercredi,Mardi,Lundi}",Nsp,autre,POINT (1.5761633333333331 6.47821)
_mview_pepinieresem_pepinieres_semence.fid-2fb68024_1a0f82ccff9_7df7,Maritime,Bas-Mono,Bas-Mono 1,Afagnan-Gbléta,DZREKPO BAS,Pepiniere de Anagonou,97815238,"{Mardi,Mercredi,jeudi,Vendredi,Samedi,Dimanche,Lundi}",2017,autre,POINT (1.5737900000000002 6.471815)
_mview_pepinieresem_pepinieres_semence.fid-2fb68024_1a0f82ccff9_7df8,Maritime,Bas-Mono,Bas-Mono 1,Afagnan-Gbléta,DOULASSAME,Pepiniere  Emoe,Nsp,"{Lundi,Mardi,Mercredi,jeudi,Vendredi,Samedi,Dimanche}",Nsp,Prive - individuel,POINT (1.5738816666666664 6.477214999999999)
_mview_pepinieresem_pepinieres_semence.fid-2fb68024_1a0f82ccff9_7df9,Maritime,Bas-Mono,Bas-Mono 1,Afagnan-Gbléta,Doulassa,Pepiniere Kpogan ,Nsp,"{Lundi,Mardi,Mercredi,jeudi,Vendredi,Samedi,Dimanche}",Nsp,Prive - individuel,POINT (1.5737083333333337 6.4779800000000005)
_mview_pepinieresem_pepinieres_semence.fid-2fb68024_1a0f82ccff9_7dfa,Maritime,Bas-Mono,Bas-Mono 1,Afagnan-Gbléta,BALIME,Pepiniere Segnigan ,Nsp,"{Dimanche,Samedi,Vendredi,jeudi,Mardi,Lundi,Mercredi}",Nsp,autre,POINT (1.5737869934664428 6.472078546841004)
_mview_pepinieresem_pepinieres_semence.fid-2fb68024_1a0f82ccff9_7dfb,Plateaux,Kloto,Kloto 1,Agome-Kpalime,DUGAN ,Dugan ,97 32 39 92,"{Lundi,Mardi,Mercredi,jeudi,Vendredi,Samedi,Dimanche}",2021,Prive - individuel,POINT (0.6178349999999999 6.904450000000001)
_mview_pepinieresem_pepinieres_semence.fid-2fb68024_1a0f82ccff9_7dfc,Plateaux,Kloto,Kloto 1,Agome-Kpalime,AGOEKONDJI,Pépinière Agoekondji ,Nsp,"{Dimanche,Samedi,Vendredi,jeudi,Mercredi,Mardi,Lundi}",2020,Prive - individuel,POINT (0.6395166666666667 6.899636666666667)
_mview_pepinieresem_pepinieres_semence.fid-2fb68024_1a0f82ccff9_7dfd,Plateaux,Kloto,Kloto 1,Agome-Kpalime,DUGAN,Pépinière de Dougan,Dougan/Kpalimé,"{Dimanche,Samedi,Vendredi,jeudi,Mercredi,Mardi,Lundi}",2005,Prive - individuel,POINT (0.6197766666666666 6.8995049999999996)
_mview_pepinieresem_pepinieres_semence.fid-2fb68024_1a0f82ccff9_7dfe,Plateaux,Kloto,Kloto 1,Agome-Kpalime,DUGAN,Pépinière de Dougan,Dougan/Kpalimé,"{Dimanche,Samedi,Vendredi,jeudi,Mercredi,Mardi,Lundi}",2005,Prive - individuel,POINT (0.6198370433319449 6.899392269543988)
_mview_pepinieresem_pepinieres_semence.fid-2fb68024_1a0f82ccff9_7dff,Plateaux,Kloto,Kloto 1,Agome-Kpalime,DUGAN,Gboma,Hanyigban/Kpalimé,"{Lundi,Mardi,Mercredi,jeudi,Vendredi,Samedi,Dimanche}",2007,Prive - individuel,POINT (0.6194706468720361 6.899554943071368)
_mview_pepinieresem_pepinieres_semence.fid-2fb68024_1a0f82ccff9_7e00,Plateaux,Kloto,Kloto 1,Agome-Kpalime,DUGAN,Oignon,Hanyigban/Kpalimé,"{Lundi,Mardi,Mercredi,jeudi,Vendredi,Samedi,Dimanche}",2007,Prive - individuel,POINT (0.6193839159517484 6.899531481581532)
_mview_pepinieresem_pepinieres_semence.fid-2fb68024_1a0f82ccff9_7e01,Plateaux,Agou,Agou 1,Agou-Kébo,KEBO DZIGBE,Adopri 2,Kebo/Kpalimé,"{Lundi,Mardi,Mercredi,jeudi,Vendredi,Samedi,Dimanche}",2019,Prive - individuel,POINT (0.7448650248852267 6.8689988757837455)
_mview_pepinieresem_pepinieres_semence.fid-2fb68024_1a0f82ccff9_7e02,Plateaux,Kloto,Kloto 1,Agome-Kpalime,DUGAN,Pépinière de laitue Dugan ,Dugan/Kpalimé,"{Dimanche,Samedi,Vendredi,jeudi,Mercredi,Mardi,Lundi}",2005,Prive - individuel,POINT (0.6177081484777579 6.904851540885272)
_mview_pepinieresem_pepinieres_semence.fid-2fb68024_1a0f82ccff9_7e03,Plateaux,Kloto,Kloto 1,Agome-Kpalime,DUGAN,Pépinière de Gboma Dugan,Dugan/Kpalimé,"{Dimanche,Samedi,Vendredi,jeudi,Mercredi,Mardi,Lundi}",2021,Prive - individuel,POINT (0.6174281813020516 6.904373057931008)
_mview_pepinieresem_pepinieres_semence.fid-2fb68024_1a0f82ccff9_7e04,Plateaux,Kloto,Kloto 1,Agome-Kpalime,DUGAN,Pépinière de Ademe Dugan,Dugan/Kpalimé,"{Dimanche,Samedi,Vendredi,jeudi,Mercredi,Lundi,Mardi}",2019,Prive - individuel,POINT (0.6148824916976081 6.905545019372874)
_mview_pepinieresem_pepinieres_semence.fid-2fb68024_1a0f82ccff9_7e05,Plateaux,Kloto,Kloto 1,Agome-Kpalime,DUGAN,Dugan,Hanyigba/Kpalimé,"{Lundi,Mardi,Mercredi,jeudi,Vendredi,Samedi,Dimanche}",2005,Prive - individuel,POINT (0.6177870650152957 6.904976473239604)
_mview_pepinieresem_pepinieres_semence.fid-2fb68024_1a0f82ccff9_7e06,Plateaux,Kloto,Kloto 1,Agome-Kpalime,DUGAN,Dugan,Hanyigba/Kpalimé,"{Lundi,Mardi,Mercredi,jeudi,Vendredi,Samedi,Dimanche}",2021,Prive - individuel,POINT (0.617546407131462 6.904458403844444)
_mview_pepinieresem_pepinieres_semence.fid-2fb68024_1a0f82ccff9_7e07,Plateaux,Kloto,Kloto 1,Agome-Kpalime,DUGAN ,Dugan ,Hanyigba /Kpalimé,"{Lundi,Mardi,Mercredi,jeudi,Vendredi,Samedi,Dimanche}",2005,Prive - individuel,POINT (0.6177816666666666 6.905033333333334)
_mview_pepinieresem_pepinieres_semence.fid-2fb68024_1a0f82ccff9_7e08,Plateaux,Kloto,Kloto 1,Agome-Kpalime,DUGAN ,Dugan ,Hanyigba /Kpalimé,"{Lundi,Mardi,Mercredi,jeudi,Vendredi,Samedi,Dimanche}",2019,Prive - individuel,POINT (0.6148633333333334 6.905715)
_mview_pepinieresem_pepinieres_semence.fid-2fb68024_1a0f82ccff9_7e09,Maritime,Avé,Avé 2,Badja,GATIGBLE,Pepiniere APAF de Gatigble,Néant ,"{Lundi,Mercredi,Vendredi}",2020,autre,POINT (1.0819916666666667 6.422508333333334)
_mview_pepinieresem_pepinieres_semence.fid-2fb68024_1a0f82ccff9_7e0a,Centrale,Blitta,Blitta 1,Waragni,Adjidge,Adjidge,Nsp,"{Lundi,Mardi,Mercredi,jeudi,Vendredi,Samedi,Dimanche}",2022,Domaine public de l Etat ou des collectivites territoriales,POINT (0.9790150000000001 8.242061666666666)
_mview_pepinieresem_pepinieres_semence.fid-2fb68024_1a0f82ccff9_7e0b,Plateaux,Amou,Amou 3,Okpahoé,Okpahoue,Pépinière Ameto,Okpahoue,"{Lundi,Mardi,Mercredi,jeudi,Vendredi,Samedi,Dimanche}",2022,Prive - individuel,POINT (1.01845 7.608828333333334)
_mview_pepinieresem_pepinieres_semence.fid-2fb68024_1a0f82ccff9_7e0c,Maritime,Bas-Mono,Bas-Mono 1,Afagnangan,Gbleta mawoussi,Attignon,Le Von des Sœur Laïque Saint Paul,"{Lundi,Mardi,Mercredi,jeudi,Vendredi,Samedi,Dimanche}",2020,autre,POINT (1.62316 6.490264999999999)
_mview_pepinieresem_pepinieres_semence.fid-2fb68024_1a0f82ccff9_7e0d,Maritime,Bas-Mono,Bas-Mono 2,Attitogon,DOUDOU KOPE,Pepiniere Doudou et Fils,Néant,"{Lundi,Mardi,Mercredi,jeudi,Vendredi,Samedi,Dimanche}",1990,Prive - individuel,POINT (1.665786666666667 6.42882)
_mview_pepinieresem_pepinieres_semence.fid-2fb68024_1a0f82ccff9_7e0e,Maritime,Bas-Mono,Bas-Mono 2,Attitogon,ATTITOGON ,Pepiniere Vie Pépie Togo,Néant,"{Mardi,jeudi,Samedi,Dimanche}",2017,Prive - individuel,POINT (1.6607350000000003 6.422836666666666)
_mview_pepinieresem_pepinieres_semence.fid-2fb68024_1a0f82ccff9_7e0f,Maritime,Bas-Mono,Bas-Mono 2,Hompou,TOULASSI CONDJI,Togo Végétation ,Toulassi  Condji,"{Lundi,Mardi,Mercredi,jeudi,Samedi,Dimanche,Vendredi}",2010,Prive - individuel,POINT (1.6684299999999999 6.405133333333334)
_mview_pepinieresem_pepinieres_semence.fid-2fb68024_1a0f82ccff9_7e10,Maritime,Bas-Mono,Bas-Mono 2,Agome-Glozou,AGOMÉ-GLOZOU ,Graine de Vie,Agomé-glozou ,"{Lundi,Mardi,Mercredi,jeudi,Vendredi,Samedi,Dimanche}",2020,Prive - individuel,POINT (1.6584083333333335 6.560788333333333)
_mview_pepinieresem_pepinieres_semence.fid-2fb68024_1a0f82ccff9_7e11,Maritime,Vo,Vo 3,Dzrékpo,MOME HAGOU,etablissement Viglo Flavio,92546299,"{Dimanche,Samedi,Vendredi,jeudi,Mercredi,Mardi,Lundi}",2008,Prive - individuel,POINT (1.5607466666666667 6.489965000000001)
_mview_pepinieresem_pepinieres_semence.fid-2fb68024_1a0f82ccff9_7e12,Maritime,Vo,Vo 3,Dzrékpo,Yohonou,Pepiniere Centre Artisanal Shalom Assistance,97393932,"{Lundi,Mardi,Mercredi,jeudi,Vendredi}",2013,Prive - entreprise,POINT (1.568935 6.461476666666666)
_mview_pepinieresem_pepinieres_semence.fid-2fb68024_1a0f82ccff9_7e13,Maritime,Vo,Vo 3,Dzrékpo,Klologo gagnon,Pepiniere Groupement Noukouhabobo,96964500,"{Lundi,Mardi,Mercredi,jeudi,Vendredi,Samedi,Dimanche}",1985,Prive - individuel,POINT (1.57797 6.4347900000000005)
_mview_pepinieresem_pepinieres_semence.fid-2fb68024_1a0f82ccff9_7e14,Maritime,Golfe,Golfe 1,Bè-Est,KANGNI COPÉ ,Pépinière de Gbikpi,Kangni Copé ,"{Vendredi,Mercredi,Mardi,Lundi,jeudi,Samedi,Dimanche}",1997,Prive - individuel,POINT (1.2954866666666667 6.184375)
_mview_pepinieresem_pepinieres_semence.fid-2fb68024_1a0f82ccff9_7e15,Maritime,Golfe,Golfe 1,Bè-Est,KANGNI  COPÉ,Pépinière ,Kangni Copé ,"{Lundi,Mardi,jeudi,Vendredi,Mercredi,Dimanche,Samedi}",2005,Prive - individuel,POINT (1.2973233333333334 6.183854999999999)
_mview_pepinieresem_pepinieres_semence.fid-2fb68024_1a0f82ccff9_7e16,Maritime,Golfe,Golfe 4,Amoutivé,ÉTAIT CIVILE DE LOMÉ,Jardin d'Afrique,État Civile de Lomé,"{Lundi,Mardi,Mercredi,jeudi,Vendredi,Samedi}",Nsp,Ne sait pas,POINT (1.2147116666666666 6.130679999999999)
_mview_pepinieresem_pepinieres_semence.fid-2fb68024_1a0f82ccff9_7e17,Maritime,Golfe,Golfe 4,Amoutivé,CEB,Pépinière Beau Jardin,Ceb,"{Lundi,Mardi,Mercredi,jeudi,Vendredi,Samedi}",1976,Prive - individuel,POINT (1.21155 6.124979999999999)
_mview_pepinieresem_pepinieres_semence.fid-2fb68024_1a0f82ccff9_7e18,Maritime,Golfe,Golfe 4,Amoutivé,NYEKONAKPOÈ,Aimé Flore,Nyekonakpoè Utb Circulaire,"{Lundi,Mardi,Mercredi,jeudi,Vendredi,Samedi}",2021,Ne sait pas,POINT (1.2109189922108716 6.125693220615793)
_mview_pepinieresem_pepinieres_semence.fid-2fb68024_1a0f82ccff9_7e19,Maritime,Golfe,Golfe 5,Aflao-Gakli,ATTIKOUMÉ,Le Doigt Vert,Attikoumé,"{Lundi,Mardi,Mercredi,jeudi,Vendredi,Samedi}",2011,Ne sait pas,POINT (1.1988133333333333 6.169349999999999)
_mview_pepinieresem_pepinieres_semence.fid-2fb68024_1a0f82ccff9_7e1a,Maritime,Golfe,Golfe 6,Baguida,AVEPOZO,Pépinière Folly-adjon,Avépozo,"{Lundi,Mardi,Mercredi,jeudi,Vendredi,Samedi,Dimanche}",1999,autre,POINT (1.3397933333333334 6.171773333333334)
_mview_pepinieresem_pepinieres_semence.fid-2fb68024_1a0f82ccff9_7e1b,Plateaux,Amou,Amou 3,Okpahoé,Ougba Ali,Plantation Koumegna,Ougbo Ali,"{Lundi,Mardi,Mercredi,jeudi,Vendredi,Samedi,Dimanche}",2022,Prive - individuel,POINT (1.0026484766216657 7.616933215315041)
_mview_pepinieresem_pepinieres_semence.fid-2fb68024_1a0f82ccff9_7e1c,Maritime,Golfe,Golfe 6,Baguida,AVEPOZO,Pépinière Tevi,Avépozo,"{Lundi,Mardi,Mercredi,jeudi,Vendredi,Samedi,Dimanche}",2001,autre,POINT (1.3397333333333332 6.173123333333333)
_mview_pepinieresem_pepinieres_semence.fid-2fb68024_1a0f82ccff9_7e1d,Maritime,Golfe,Golfe 6,Baguida,AVEPOZO,Pépinière Nkpeavo,Avépozo,"{Lundi,Mardi,Mercredi,jeudi,Vendredi,Samedi,Dimanche}",2009,Prive - individuel,POINT (1.3403683333333334 6.172681666666667)
_mview_pepinieresem_pepinieres_semence.fid-2fb68024_1a0f82ccff9_7e1e,Plateaux,Agou,Agou 1,Agou-Iboé,AGOHOE,Pépinière Agohoe,Nsp,"{Dimanche,Samedi,Vendredi,jeudi,Mardi,Lundi}",2021,Prive - Collectivite coutumiere,POINT (0.7901366666666667 6.876053333333334)
_mview_pepinieresem_pepinieres_semence.fid-2fb68024_1a0f82ccff9_7e1f,Maritime,Golfe,Golfe 6,Baguida,AVEPOZO,Pépinière Koulefionou,Avépozo,"{Lundi,Mardi,Mercredi,jeudi,Vendredi,Samedi,Dimanche}",1993,Domaine public de l Etat ou des collectivites territoriales,POINT (1.3532083333333333 6.170851666666666)
_mview_pepinieresem_pepinieres_semence.fid-2fb68024_1a0f82ccff9_7e20,Maritime,Golfe,Golfe 6,Baguida,BAGUIDA,Pépinière lawson-hellu,Baguida,"{Lundi,Mardi,Mercredi,jeudi,Vendredi,Samedi,Dimanche}",1992,autre,POINT (1.32578 6.17211)
_mview_pepinieresem_pepinieres_semence.fid-2fb68024_1a0f82ccff9_7e21,Maritime,Golfe,Golfe 6,Baguida,BAGUIDA,Pépinière lantsou,Nsp,"{Lundi,Mardi,Mercredi,jeudi,Vendredi,Samedi,Dimanche}",1984,Domaine public de l Etat ou des collectivites territoriales,POINT (1.3009950000000001 6.155988333333332)
_mview_pepinieresem_pepinieres_semence.fid-2fb68024_1a0f82ccff9_7e22,Maritime,Golfe,Golfe 6,Baguida,BAGUIDA,Pépinière Aholou,Nsp,"{Lundi,Mardi,Mercredi,jeudi,Vendredi,Samedi,Dimanche}",2011,Domaine public de l Etat ou des collectivites territoriales,POINT (1.3014316666666665 6.156183333333333)
_mview_pepinieresem_pepinieres_semence.fid-2fb68024_1a0f82ccff9_7e23,Maritime,Golfe,Golfe 6,Baguida,EVEPOZO,Pépiniere Adedje,Nsp,"{Lundi,Mardi,Mercredi,jeudi,Vendredi,Dimanche,Samedi}",2015,Domaine public de l Etat ou des collectivites territoriales,POINT (1.3531883333333332 6.170916666666667)
_mview_pepinieresem_pepinieres_semence.fid-2fb68024_1a0f82ccff9_7e24,Maritime,Golfe,Golfe 6,Baguida,AVEPOZO,Pépiniere Bossou,Nsp,"{Lundi,Mardi,Mercredi,jeudi,Vendredi,Samedi,Dimanche}",2015,Domaine public de l Etat ou des collectivites territoriales,POINT (1.35385 6.170231666666666)
_mview_pepinieresem_pepinieres_semence.fid-2fb68024_1a0f82ccff9_7e25,Maritime,Golfe,Golfe 6,Baguida,BAGUIDA,Pépiniere Attiogbe,Nsp,"{Lundi,Mardi,Mercredi,jeudi,Vendredi,Samedi,Dimanche}",1996,Domaine public de l Etat ou des collectivites territoriales,POINT (1.3176966666666667 6.1671483333333335)
_mview_pepinieresem_pepinieres_semence.fid-2fb68024_1a0f82ccff9_7e26,Maritime,Golfe,Golfe 6,Baguida,BAGUIDA,Pépiniere Djokponou,Nsp,"{Lundi,Mardi,Mercredi,Vendredi,jeudi,Samedi,Dimanche}",2013,Domaine public de l Etat ou des collectivites territoriales,POINT (1.3026816666666665 6.155078333333334)
_mview_pepinieresem_pepinieres_semence.fid-2fb68024_1a0f82ccff9_7e27,Maritime,Golfe,Golfe 6,Baguida,AGODEKE ,Pépiniere Agro-magnificate,Nsp,"{Mardi,Mercredi,Lundi,jeudi,Vendredi,Samedi,Dimanche}",2015,Prive - Collectivite coutumiere,POINT (1.3630466666666665 6.182386666666668)
_mview_pepinieresem_pepinieres_semence.fid-2fb68024_1a0f82ccff9_7e28,Maritime,Golfe,Golfe 6,Baguida,KPOGAN,Pépiniere Attiogbe,Nsp,"{Lundi,Mercredi,Mardi,jeudi,Vendredi,Samedi,Dimanche}",2013,Prive - Collectivite coutumiere,POINT (1.3790418851939825 6.184895257081366)
_mview_pepinieresem_pepinieres_semence.fid-2fb68024_1a0f82ccff9_7e29,Maritime,Golfe,Golfe 6,Baguida,KPOGAN,Pépiniere Folly,Nsp,"{Dimanche,Samedi,Vendredi,jeudi,Mercredi,Mardi,Lundi}",2017,Prive - Collectivite coutumiere,POINT (1.3729683333333333 6.183300000000001)
_mview_pepinieresem_pepinieres_semence.fid-2fb68024_1a0f82ccff9_7e2a,Maritime,Golfe,Golfe 6,Baguida,KPOGAN,Pépiniere degbe,Nsp,"{Lundi,Mardi,Mercredi,jeudi,Vendredi,Samedi,Dimanche}",Nsp,Prive - individuel,POINT (1.3788499721825542 6.177362180167422)
_mview_pepinieresem_pepinieres_semence.fid-2fb68024_1a0f82ccff9_7e2b,Maritime,Vo,Vo 1,Vogan,KOPO,Pepinieriste Privee de Kopo,Nsp ,"{Lundi,Mardi,Mercredi,jeudi,Vendredi,Samedi,Dimanche}",1998,Domaine public de l Etat ou des collectivites territoriales,POINT (1.53213 6.325103333333334)
_mview_pepinieresem_pepinieres_semence.fid-2fb68024_1a0f82ccff9_7e2c,Maritime,Vo,Vo 1,Vogan,NOVISSI,Pepiniere Gbenodjou,Nsp ,"{Lundi,Mardi,Mercredi,jeudi,Samedi,Dimanche,Vendredi}",2008,Prive - individuel,POINT (1.528465 6.341413333333333)
_mview_pepinieresem_pepinieres_semence.fid-2fb68024_1a0f82ccff9_7e2d,Maritime,Vo,Vo 1,Vogan,Novissi,Pépinière Gnonouglo,90292307,"{Lundi,Mardi,Mercredi,jeudi,Vendredi,Samedi,Dimanche}",2006,Foncier National - terre de l Etat Non allouee,POINT (1.530365 6.342033333333334)
_mview_pepinieresem_pepinieres_semence.fid-2fb68024_1a0f82ccff9_7e2e,Maritime,Vo,Vo 1,Vogan,NOVISSIKOME ,Pepiniere Agouessi,Neant ,"{Vendredi,jeudi,Mercredi,Mardi,Lundi}",2019,autre,POINT (1.5256033333333334 6.345173333333334)
_mview_pepinieresem_pepinieres_semence.fid-2fb68024_1a0f82ccff9_7e2f,Maritime,Vo,Vo 1,Vogan,MAWOULOLO,Pepiniere Mawougnigan,Nsp ,"{Lundi,Mardi,Mercredi,jeudi,Vendredi,Samedi,Dimanche}",2008,autre,POINT (1.52219776629412 6.3467930443414495)
_mview_pepinieresem_pepinieres_semence.fid-2fb68024_1a0f82ccff9_7e30,Maritime,Vo,Vo 1,Vogan,NOVISSIKOME ,Pepiniere la Grace,Neant ,"{Vendredi,jeudi,Mercredi,Mardi,Lundi}",2019,Prive - individuel,POINT (1.5252333333333334 6.347968333333333)
_mview_pepinieresem_pepinieres_semence.fid-2fb68024_1a0f82ccff9_7e31,Maritime,Vo,Vo 1,Vogan,BAME,Pepiniere Kassine,Néant,"{Lundi,Mardi,Mercredi,jeudi,Vendredi,Samedi}",2005,autre,POINT (1.5160850000000001 6.333700000000001)
_mview_pepinieresem_pepinieres_semence.fid-2fb68024_1a0f82ccff9_7e32,Maritime,Vo,Vo 1,Vogan, TETEKONDJI ,Pepinieriste Pavi,Néant ,"{Lundi,Mardi,Mercredi,jeudi,Vendredi,Samedi,Dimanche}",Nsp,autre,POINT (1.5422049999999998 6.303616666666667)
_mview_pepinieresem_pepinieres_semence.fid-2fb68024_1a0f82ccff9_7e33,Maritime,Vo,Vo 1,Vogan,TETEKONDJI ,Pepiniere Novissi,Néant ,"{Dimanche,Samedi,Vendredi,jeudi,Mercredi,Mardi,Lundi}",Nsp,autre,POINT (1.545126666666667 6.301263333333333)
_mview_pepinieresem_pepinieres_semence.fid-2fb68024_1a0f82ccff9_7e34,Maritime,Vo,Vo 1,Vogan,AFIDEGNIGBAN ,Pepinieriste Foli,Néant ,"{Dimanche,Samedi,Vendredi,jeudi,Mercredi,Mardi,Lundi}",2007,Prive - individuel,POINT (1.569373333333333 6.3071383333333335)
_mview_pepinieresem_pepinieres_semence.fid-2fb68024_1a0f82ccff9_7e35,Maritime,Vo,Vo 1,Vogan,KETA SOPKOE,Main de Dieu,Nsp ,"{Dimanche,Samedi,jeudi,Mercredi,Mardi,Lundi,Vendredi}",2010,autre,POINT (1.5490066666666669 6.295841666666666)
_mview_pepinieresem_pepinieres_semence.fid-2fb68024_1a0f82ccff9_7e36,Maritime,Vo,Vo 1,Vo-Koutimé,ADJODOGOU,Pepineriste Venavino,Néant ,"{Lundi,Mercredi,Mardi,jeudi,Vendredi,Samedi,Dimanche}",Nsp,autre,POINT (1.5737900000000002 6.32533)
_mview_pepinieresem_pepinieres_semence.fid-2fb68024_1a0f82ccff9_7e37,Maritime,Vo,Vo 1,Vo-Koutimé,ADJODOGOU ,Pepineriste Amouzouvi,Neant ,"{Dimanche,Samedi,Vendredi,jeudi,Mercredi,Lundi}",Nsp,autre,POINT (1.574345 6.321353333333334)
_mview_pepinieresem_pepinieres_semence.fid-2fb68024_1a0f82ccff9_7e38,Maritime,Vo,Vo 1,Vo-Koutimé, KOUTIME CENTRE,Pepiniere Ablame,Néant ,"{Dimanche,Vendredi,jeudi,Mercredi,Mardi,Lundi}",2000,autre,POINT (1.5713883333333332 6.364808333333333)
_mview_pepinieresem_pepinieres_semence.fid-2fb68024_1a0f82ccff9_7e39,Maritime,Vo,Vo 1,Vo-Koutimé,KOUTIME CENTRE ,Pepiniere Sewavi,Néant ,"{Dimanche,Samedi,Vendredi,jeudi,Mercredi,Mardi,Lundi}",2004,autre,POINT (1.5718549999999998 6.3653466666666665)
_mview_pepinieresem_pepinieres_semence.fid-2fb68024_1a0f82ccff9_7e3a,Maritime,Vo,Vo 1,Vo-Koutimé,KOUTIME CENTRE ,Pepinieriste  Tevi,Nsp ,"{Dimanche,Samedi,Vendredi,jeudi,Mercredi,Mardi,Lundi}",Nsp,autre,POINT (1.5708266666666666 6.364248333333334)
_mview_pepinieresem_pepinieres_semence.fid-2fb68024_1a0f82ccff9_7e3b,Maritime,Vo,Vo 1,Vo-Koutimé,KOUTIME CENTRE,Pepinieriste Tassi,Néant ,"{Lundi,Mardi,Mercredi,jeudi,Vendredi,Samedi,Dimanche}",2005,autre,POINT (1.571205 6.363720000000001)
_mview_pepinieresem_pepinieres_semence.fid-2fb68024_1a0f82ccff9_7e3c,Maritime,Vo,Vo 1,Vo-Koutimé,KOUTIME CENTRE ,Pepinieriste Ayikoue ,Néant ,"{Dimanche,Samedi,Vendredi,jeudi,Mercredi,Mardi,Lundi}",2012,autre,POINT (1.569011666666667 6.360879999999999)
_mview_pepinieresem_pepinieres_semence.fid-2fb68024_1a0f82ccff9_7e3d,Maritime,Vo,Vo 1,Vo-Koutimé,KOUTIME CENTRE ,Pepinieriste Gatri,Néant ,"{Dimanche,Samedi,Vendredi,jeudi,Mercredi,Mardi,Lundi}",Nsp,Prive - individuel,POINT (1.5691216666666667 6.359988333333333)
_mview_pepinieresem_pepinieres_semence.fid-2fb68024_1a0f82ccff9_7e3e,Maritime,Vo,Vo 1,Vo-Koutimé,KOUTIME CENTRE ,Pepinieriste Alatevi,Néant ,"{Lundi,Mardi,Mercredi,jeudi,Samedi,Dimanche,Vendredi}",Nsp,autre,POINT (1.5712783333333333 6.361234999999999)
_mview_pepinieresem_pepinieres_semence.fid-2fb68024_1a0f82ccff9_7e3f,Maritime,Vo,Vo 1,Vo-Koutimé,KOUTIME CENTRE ,Pepinieriste Avounato,Néant ,"{Lundi,Mardi,jeudi,Vendredi,Samedi,Dimanche,Mercredi}",2015,autre,POINT (1.5670749999999998 6.368491666666667)
_mview_pepinieresem_pepinieres_semence.fid-2fb68024_1a0f82ccff9_7e40,Maritime,Vo,Vo 1,Vo-Koutimé,TOGBEKOPE,Pepinieriste Kokou,Néant ,"{Dimanche,Samedi,Vendredi,jeudi,Mercredi,Mardi,Lundi}",Nsp,Prive - individuel,POINT (1.5823600002715896 6.338144900529989)
_mview_pepinieresem_pepinieres_semence.fid-2fb68024_1a0f82ccff9_7e41,Maritime,Vo,Vo 3,Mome-Hounkpati,BADO,Pepiniere SN Bado,Nsp,"{Lundi,Mardi,Mercredi,jeudi,Vendredi,Samedi,Dimanche}",Nsp,Prive - individuel,POINT (1.5264068788830571 6.5639164353322474)
_mview_pepinieresem_pepinieres_semence.fid-2fb68024_1a0f82ccff9_7e42,Maritime,Vo,Vo 3,Mome-Hounkpati,MOME HAGOU,Pepiniere de Riz de Dada,Nsp,"{Lundi,Mardi,Mercredi,jeudi,Vendredi,Samedi,Dimanche}",Nsp,Prive - individuel,POINT (1.548128333333333 6.510351666666666)
_mview_pepinieresem_pepinieres_semence.fid-2fb68024_1a0f82ccff9_7e43,Maritime,Vo,Vo 3,Mome-Hounkpati,Dzrekpo Hagou,Terre Promise,90322190,"{Dimanche,Samedi,Vendredi,jeudi,Mercredi,Mardi,Lundi}",2021,Prive - individuel,POINT (1.5600800000000001 6.489211666666667)
_mview_pepinieresem_pepinieres_semence.fid-2fb68024_1a0f82ccff9_7e44,Maritime,Vo,Vo 4,Akoumapé,Akoumape Apegan,Pepiniere de Kokou Faustin,98258152,"{Lundi,Mardi,Mercredi,jeudi,Vendredi,Samedi,Dimanche}",2016,Prive - individuel,POINT (1.43736 6.378485)
_mview_pepinieresem_pepinieres_semence.fid-2fb68024_1a0f82ccff9_7e45,Maritime,Vo,Vo 4,Akoumapé,AKOUMAPE DJOULASSA,Pepiniere de Missihoun,97055346,"{Dimanche,Samedi,Vendredi,jeudi,Mercredi,Mardi,Lundi}",Nsp,Prive - Collectivite coutumiere,POINT (1.4418316666666666 6.395765)
_mview_pepinieresem_pepinieres_semence.fid-2fb68024_1a0f82ccff9_7e46,Maritime,Vo,Vo 4,Akoumapé,AKOUMAPE DJOULASSA,Pepiniere de Yovo Bebe,Nsp,"{Samedi,Vendredi,jeudi,Mercredi,Mardi,Lundi,Dimanche}",2016,Prive - individuel,POINT (1.4432516666666668 6.39529)
_mview_pepinieresem_pepinieres_semence.fid-2fb68024_1a0f82ccff9_7e47,Maritime,Vo,Vo 4,Akoumapé,AKOUMAPE DJOULASSA,Pepiniere de Tino,97825247,"{Dimanche,Samedi,Vendredi,jeudi,Mardi,Lundi,Mercredi}",2018,Prive - Collectivite coutumiere,POINT (1.4425016666666668 6.394921666666666)
_mview_pepinieresem_pepinieres_semence.fid-2fb68024_1a0f82ccff9_7e48,Maritime,Vo,Vo 4,Akoumapé,DOULASSA,Pépinière de Jpad,Adandohoe.tel99021512,"{Dimanche,Samedi,Vendredi,jeudi,Mercredi,Mardi,Lundi}",2021,Prive - individuel,POINT (1.4449183333333333 6.3883616666666665)
_mview_pepinieresem_pepinieres_semence.fid-2fb68024_1a0f82ccff9_7e49,Maritime,Zio,Zio 1,Abobo,GATO KOPE,Pepiniere Horizon Verte,Néant ,"{Lundi,Mardi,Mercredi,jeudi,Vendredi,Samedi,Dimanche}",2021,Domaine public de l Etat ou des collectivites territoriales,POINT (1.284946207217683 6.263872259723969)
_mview_pepinieresem_pepinieres_semence.fid-2fb68024_1a0f82ccff9_7e4a,Maritime,Zio,Zio 2,Mission-Tové,DJOGBKOPE,Le Fruit de la Passion,Nsp,"{Lundi,Mardi,Mercredi,jeudi,Vendredi,Samedi,Dimanche}",2021,autre,POINT (1.1131326812208346 6.3496771122964315)
_mview_pepinieresem_pepinieres_semence.fid-2fb68024_1a0f82ccff9_7e4b,Maritime,Zio,Zio 1,Tsévié, TSAVE,Association Pepiniere Zio,Néant ,"{Lundi,Mercredi,Samedi,Dimanche}",1999,Prive - Collectivite coutumiere,POINT (1.1964683333333332 6.439771666666667)
_mview_pepinieresem_pepinieres_semence.fid-2fb68024_1a0f82ccff9_7e4c,Plateaux,Agou,Agou 1,Agou-Kébo,APEYEYEME ,Avocat,Kebo/Kpalimé,"{Lundi,Mardi,Mercredi,jeudi,Vendredi,Samedi,Dimanche}",2000,Prive - individuel,POINT (0.751 6.837580000000001)
_mview_pepinieresem_pepinieres_semence.fid-2fb68024_1a0f82ccff9_7e4d,Maritime,Zio,Zio 1,Tsévié,DAVIE - MONDJI,Pepiniere ADDZ - Togo,Néant ,"{Lundi,Mardi,Mercredi,jeudi,Vendredi,Samedi}",2009,Domaine prive de l Etat ou des collectivites territoriales,POINT (1.2110733333333332 6.412186666666666)
_mview_pepinieresem_pepinieres_semence.fid-2fb68024_1a0f82ccff9_7e4e,Maritime,Zio,Zio 1,Tsévié, KPALI,Pepiniere de la Direction Generale de L'environnement ,Néant ,"{Lundi,Mardi,Mercredi,jeudi,Vendredi,Samedi,Dimanche}",2020,Domaine public de l Etat ou des collectivites territoriales,POINT (1.20791 6.448345000000001)
_mview_pepinieresem_pepinieres_semence.fid-2fb68024_1a0f82ccff9_7e4f,Maritime,Zio,Zio 1,Tsévié,KPATEFI,Pepiniere l'ucode du Zio,Néant ,"{Lundi,Mardi,Mercredi,jeudi,Vendredi,Samedi,Dimanche}",2000,autre,POINT (1.216228742952363 6.432713390591429)
_mview_pepinieresem_pepinieres_semence.fid-2fb68024_1a0f82ccff9_7e50,Maritime,Zio,Zio 1,Davié,ATSAVE,Pepiniere ODEF Togo,Néant ,"{Lundi,Mardi,Mercredi,jeudi,Vendredi,Samedi,Dimanche}",1982,autre,POINT (1.2060353299221562 6.380720709917937)
_mview_pepinieresem_pepinieres_semence.fid-2fb68024_1a0f82ccff9_7e51,Maritime,Zio,Zio 1,Davié,ATSAVE,Pepiniere du Centre National de Sempepiniere Centre National de Semences Forestieres,"Bp 355 ,  Cnsfdavietogo@gmail.com","{Lundi,Mardi,Mercredi,jeudi,Vendredi,Samedi,Dimanche}",1999,Prive - entreprise,POINT (1.2053056318070843 6.380550351863621)
_mview_pepinieresem_pepinieres_semence.fid-2fb68024_1a0f82ccff9_7e52,Maritime,Zio,Zio 1,Gblainvié,KLOKPOE,Pepiniere APAF de Klokpoe,Néant ,"{Lundi,Mardi,Mercredi,jeudi,Vendredi,Samedi,Dimanche}",2020,Prive - Collectivite coutumiere,POINT (1.06565 6.4755633333333344)
_mview_pepinieresem_pepinieres_semence.fid-2fb68024_1a0f82ccff9_7e53,Maritime,Zio,Zio 2,Wli,KUAXOE,Pepiniere APAF de Kuaxoe,Néant ,"{Lundi,Mardi,Mercredi,jeudi,Vendredi,Samedi,Dimanche}",2021,Prive - individuel,POINT (1.1135184252053527 6.409193978942074)
_mview_pepinieresem_pepinieres_semence.fid-2fb68024_1a0f82ccff9_7e54,Plateaux,Amou,Amou 3,Okpahoé,KODZOASA,Pépinière Donou,Néant,"{Lundi,Mardi,Mercredi,jeudi,Vendredi,Samedi,Dimanche}",2002,Prive - individuel,POINT (1.0373016666666668 7.6111)
_mview_pepinieresem_pepinieres_semence.fid-2fb68024_1a0f82ccff9_7e55,Maritime,Zio,Zio 2,Bolou,AGBADOME,Pepiniere APAF d'agbadome,Néant ,"{Mercredi,Lundi,Mardi,jeudi,Vendredi,Samedi,Dimanche}",2020,Prive - individuel,POINT (1.082255 6.436859999999999)
_mview_pepinieresem_pepinieres_semence.fid-2fb68024_1a0f82ccff9_7e56,Maritime,Zio,Zio 2,Bolou,DEKPO,Pepiniere RD Plus de dekpo,Néant ,"{Lundi,Mardi,Mercredi,jeudi,Vendredi,Samedi,Dimanche}",2016,Prive - individuel,POINT (1.0788812934534355 6.4520161272769565)
_mview_pepinieresem_pepinieres_semence.fid-2fb68024_1a0f82ccff9_7e57,Maritime,Zio,Zio 3,Agbélouvé,GNIKOUTAME,Pepiniere GVAPE Agbelouve,Néant ,"{Lundi,Mardi,Mercredi,jeudi,Vendredi,Samedi,Dimanche}",1998,Domaine public de l Etat ou des collectivites territoriales,POINT (1.1689433333333334 6.696146666666667)
_mview_pepinieresem_pepinieres_semence.fid-2fb68024_1a0f82ccff9_7e58,Maritime,Zio,Zio 3,Agbélouvé,Game lili,Pepiniere Scoop Greenland,Néant ,"{Lundi,Mardi,Mercredi,jeudi,Vendredi,Samedi,Dimanche}",2021,Domaine public de l Etat ou des collectivites territoriales,POINT (1.0825483333333332 6.707369999999999)
_mview_pepinieresem_pepinieres_semence.fid-2fb68024_1a0f82ccff9_7e59,Plateaux,Amou,Amou 3,Okpahoé,APEDOME,Pépinière Apedo,Néant,"{Lundi,Mardi,Mercredi,Vendredi,Dimanche,Samedi}",2010,Prive - individuel,POINT (1.0369317908890083 7.5928892957865575)
_mview_pepinieresem_pepinieres_semence.fid-2fb68024_1a0f82ccff9_7e5a,Maritime,Zio,Zio 4,Gapé-Centre,Lilikope,Pepiniere PAA,Néant ,"{Lundi,Mardi,Mercredi,jeudi,Vendredi,Samedi,Dimanche}",1990,Prive - individuel,POINT (1.1854166666666668 6.553891666666668)
_mview_pepinieresem_pepinieres_semence.fid-2fb68024_1a0f82ccff9_7e5b,Plateaux,Agou,Agou 1,Agou-Akplolo,AKPLOLO,Akpabli,Nsp,"{Lundi,Mardi,Mercredi,jeudi,Vendredi,Samedi,Dimanche}",2000,Prive - individuel,POINT (0.772675 6.890235)
_mview_pepinieresem_pepinieres_semence.fid-2fb68024_1a0f82ccff9_7e5c,Plateaux,Agou,Agou 1,Agou-Akplolo,AKPLOLO,Pépinière de la Coopérative Wilvevie,Nsp,"{Lundi,Mardi,Mercredi,jeudi,Vendredi,Samedi,Dimanche}",2021,Prive - individuel,POINT (0.76694 6.889479999999999)
_mview_pepinieresem_pepinieres_semence.fid-2fb68024_1a0f82ccff9_7e5d,Plateaux,Amou,Amou 3,Okpahoé,KODZOASA,Pépinière Dotey,Néant,"{Lundi,Mercredi,Vendredi,Dimanche}",2000,Prive - individuel,POINT (1.0382833333333332 7.606775000000001)
_mview_pepinieresem_pepinieres_semence.fid-2fb68024_1a0f82ccff9_7e5e,Plateaux,Agou,Agou 1,Gadja,AVETONOU,Satse,Poste de Controle des Policiers/ Fouille,"{Lundi,Mardi,Mercredi,jeudi,Samedi,Vendredi,Dimanche}",2019,Prive - individuel,POINT (0.80659 6.773673333333333)
_mview_pepinieresem_pepinieres_semence.fid-2fb68024_1a0f82ccff9_7e5f,Plateaux,Agou,Agou 2,Amoussou-Kopé,AMOUSSOUKOPE ,Kassa Kondo ,Amoussoukope ,"{Lundi,Mardi,Mercredi,jeudi,Vendredi,Samedi}",2015,Prive - individuel,POINT (0.8585416666666668 6.660183333333333)
_mview_pepinieresem_pepinieres_semence.fid-2fb68024_1a0f82ccff9_7e60,Plateaux,Agou,Agou 2,Amoussou-Kopé,GLEKOPE,Mawupasi,Sur La Route Amoussoukope  Vers Kpalimé ,"{Lundi,Mardi,Mercredi,jeudi,Samedi,Dimanche,Vendredi}",2017,Prive - individuel,POINT (0.825465 6.70487)
_mview_pepinieresem_pepinieres_semence.fid-2fb68024_1a0f82ccff9_7e61,Plateaux,Kloto,Kloto 1,Yokélé,COPEGAN,Kadodo,Copegan,"{Lundi,Mardi,Mercredi,jeudi,Vendredi,Samedi,Dimanche}",2021,autre,POINT (0.6836066666666666 6.953011666666667)
_mview_pepinieresem_pepinieres_semence.fid-2fb68024_1a0f82ccff9_7e62,Plateaux,Akébou,Akébou 1,Djon,DJON-ELAVAGNO,Coop Nyutsetsekpe,Djon-elavagno,"{Lundi,Mercredi,Mardi,jeudi,Vendredi,Samedi,Dimanche}",2021,Prive - individuel,POINT (0.7146666666666667 7.707456666666667)
_mview_pepinieresem_pepinieres_semence.fid-2fb68024_1a0f82ccff9_7e63,Plateaux,Akébou,Akébou 1,Djon,DJON ATIGOZA,Akamaka,Akamaka de Djon Atigoza,"{Lundi,Mardi,Mercredi,jeudi,Vendredi,Samedi}",2020,Prive - individuel,POINT (0.716855 7.716916666666666)
_mview_pepinieresem_pepinieres_semence.fid-2fb68024_1a0f82ccff9_7e64,Plateaux,Amou,Amou 3,Hihéatro,KODZOASA,Pépinière Ihou,Néant,"{Lundi,Mardi,Mercredi,jeudi,Vendredi,Samedi,Dimanche}",2017,Prive - individuel,POINT (1.0374283333333334 7.6109)
_mview_pepinieresem_pepinieres_semence.fid-2fb68024_1a0f82ccff9_7e65,Plateaux,Amou,Amou 3,Hihéatro,KODZOASA,Pépinière Ayekpada,Néant,"{Lundi,Mercredi,Vendredi,Dimanche}",2019,Prive - individuel,POINT (1.0376833333333333 7.609471666666667)
_mview_pepinieresem_pepinieres_semence.fid-2fb68024_1a0f82ccff9_7e66,Plateaux,Amou,Amou 3,Hihéatro,KODZOASA,Pépinière Tchetche,Nsp,"{Lundi,Mercredi,Vendredi,Dimanche}",2020,Prive - individuel,POINT (1.0374616666666665 7.61062)
_mview_pepinieresem_pepinieres_semence.fid-2fb68024_1a0f82ccff9_7e67,Plateaux,Amou,Amou 3,Okpahoé,KODZOASA,Pépinière Amelesodj,Néant,"{Lundi,Mercredi,Vendredi,Dimanche}",2017,Prive - individuel,POINT (1.0376283333333334 7.608923333333333)
_mview_pepinieresem_pepinieres_semence.fid-2fb68024_1a0f82ccff9_7e68,Plateaux,Amou,Amou 3,Okpahoé,Okpahoue,Pépinière Atsou,Okpahoue,"{Lundi,Mardi,Mercredi,jeudi,Vendredi,Samedi,Dimanche}",2022,Prive - individuel,POINT (1.0239313608203058 7.608435609724193)
_mview_pepinieresem_pepinieres_semence.fid-2fb68024_1a0f82ccff9_7e69,Plateaux,Amou,Amou 3,Okpahoé,Okpahoue,Pépinière Missikoi,Okpahoue,"{Lundi,Mardi,Mercredi,jeudi,Vendredi,Samedi,Dimanche}",2022,Prive - individuel,POINT (1.0218416666666668 7.609279999999999)
_mview_pepinieresem_pepinieres_semence.fid-2fb68024_1a0f82ccff9_7e6a,Plateaux,Amou,Amou 3,Okpahoé,Okpahoue,Pépinière Osse,Okpahoue,"{Lundi,Mardi,Mercredi,jeudi,Vendredi,Samedi,Dimanche}",2022,Prive - individuel,POINT (1.023934288803537 7.606878212599715)
_mview_pepinieresem_pepinieres_semence.fid-2fb68024_1a0f82ccff9_7e6b,Plateaux,Amou,Amou 3,Okpahoé,Okpahoue,Pépinière Kossi,Okpahoue,"{Lundi,Mercredi,Mardi,jeudi,Vendredi,Samedi,Dimanche}",2022,Prive - individuel,POINT (1.0249528294785688 7.6115407048898795)
_mview_pepinieresem_pepinieres_semence.fid-2fb68024_1a0f82ccff9_7e6c,Plateaux,Amou,Amou 3,Okpahoé,Ougbo Ali,Plantation Noulagbessi,Ougbo Ali,"{Lundi,Mardi,Mercredi,jeudi,Vendredi,Samedi,Dimanche}",2022,Prive - individuel,POINT (1.0021830515797245 7.6205201031583725)
_mview_pepinieresem_pepinieres_semence.fid-2fb68024_1a0f82ccff9_7e6d,Plateaux,Amou,Amou 3,Okpahoé,Ougbo Ali,Plantation Amedome,Ougbo Ali,"{Mardi,Mercredi,jeudi,Vendredi,Samedi,Dimanche}",2022,Prive - individuel,POINT (1.0025968309060456 7.6231394589977235)
_mview_pepinieresem_pepinieres_semence.fid-2fb68024_1a0f82ccff9_7e6e,Plateaux,Amou,Amou 3,Okpahoé,Ougbo Ali,Pépinière Koumegna,Ougbo Ali,"{Lundi,Mardi,Mercredi,jeudi,Vendredi,Samedi,Dimanche}",2022,Prive - individuel,POINT (0.9980633333333333 7.615836666666667)
_mview_pepinieresem_pepinieres_semence.fid-2fb68024_1a0f82ccff9_7e6f,Plateaux,Amou,Amou 3,Okpahoé,Ougbo Ali,Pépinière Aloalo,Ougbo Ali,"{Lundi,Mardi,Mercredi,jeudi,Vendredi,Samedi,Dimanche}",2022,Prive - individuel,POINT (1.0007062332261198 7.61710086884111)
_mview_pepinieresem_pepinieres_semence.fid-2fb68024_1a0f82ccff9_7e70,Plateaux,Amou,Amou 3,Okpahoé,Ougbo,Pépinière Aloalo,Ougbo Ali,"{Lundi,Mardi,Mercredi,jeudi,Vendredi,Samedi,Dimanche}",2022,Prive - individuel,POINT (1.0002840244831204 7.615229538591417)
_mview_pepinieresem_pepinieres_semence.fid-2fb68024_1a0f82ccff9_7e71,Plateaux,Amou,Amou 3,Okpahoé,Ougbo Ali,Pépinière Dotche,Ougbo Ali,"{Lundi,Mardi,Mercredi,jeudi,Vendredi,Samedi,Dimanche}",2022,Prive - individuel,POINT (1.0030050000000001 7.619439999999999)
_mview_pepinieresem_pepinieres_semence.fid-2fb68024_1a0f82ccff9_7e72,Plateaux,Amou,Amou 3,Okpahoé,Ougbo Ali,Pépinière Amedome,Ougbo Ali,"{Lundi,Mardi,Mercredi,jeudi,Vendredi,Samedi,Dimanche}",2022,Prive - individuel,POINT (1.0042672764201725 7.620764221026831)
_mview_pepinieresem_pepinieres_semence.fid-2fb68024_1a0f82ccff9_7e73,Plateaux,Amou,Amou 3,Okpahoé,Ougbo Ali,Plantation Namoussou,Ougbo Ali,"{Dimanche,Samedi,Vendredi,jeudi,Mercredi,Mardi,Lundi}",2022,Prive - individuel,POINT (1.0040327676361838 7.618406107095315)
_mview_pepinieresem_pepinieres_semence.fid-2fb68024_1a0f82ccff9_7e74,Plateaux,Amou,Amou 3,Okpahoé,Ougbo Ali,Pépinière Mayide,Ougbo Ali,"{Dimanche,Samedi,Vendredi,jeudi,Mercredi,Mardi,Lundi}",2022,Prive - individuel,POINT (1.002284579828451 7.621778601775569)
_mview_pepinieresem_pepinieres_semence.fid-2fb68024_1a0f82ccff9_7e75,Plateaux,Amou,Amou 3,Okpahoé,APEDOME,Pépinière Ameko,Néant,"{Lundi,Mardi,Mercredi,jeudi,Vendredi,Samedi,Dimanche}",2018,Prive - individuel,POINT (1.04323 7.595258333333334)
_mview_pepinieresem_pepinieres_semence.fid-2fb68024_1a0f82ccff9_7e76,Plateaux,Amou,Amou 3,Okpahoé,APEDOME,Pépinière Namadi,Nsp,"{Lundi,Mercredi,Vendredi,Dimanche}",2009,Prive - individuel,POINT (1.0425783333333334 7.594651666666666)
_mview_pepinieresem_pepinieres_semence.fid-2fb68024_1a0f82ccff9_7e77,Plateaux,Amou,Amou 3,Okpahoé,APEDOME,Pépinière Ekoume,Néant,"{Lundi,Mercredi,jeudi,Vendredi,Samedi,Dimanche,Mardi}",2000,Prive - individuel,POINT (1.041415 7.594424999999999)
_mview_pepinieresem_pepinieres_semence.fid-2fb68024_1a0f82ccff9_7e78,Plateaux,Amou,Amou 3,Okpahoé,APEDOME,Pépinière Atchana,Néant,"{Lundi,Mardi,Mercredi,Vendredi,jeudi,Samedi,Dimanche}",2008,Prive - individuel,POINT (1.0406866666666665 7.594756666666666)
_mview_pepinieresem_pepinieres_semence.fid-2fb68024_1a0f82ccff9_7e79,Plateaux,Amou,Amou 3,Okpahoé,APEDOME,Pépinière Koutchogna,Néant,"{Lundi,Mercredi,Vendredi,Dimanche}",2010,Prive - individuel,POINT (1.04031 7.594163333333334)
_mview_pepinieresem_pepinieres_semence.fid-2fb68024_1a0f82ccff9_7e7a,Plateaux,Amou,Amou 3,Okpahoé,APEDOME,Pépinière Aligda,Néant,"{Lundi,Mardi,Mercredi,jeudi,Vendredi,Samedi,Dimanche}",Nsp,Prive - individuel,POINT (1.0397733333333332 7.594096666666667)
_mview_pepinieresem_pepinieres_semence.fid-2fb68024_1a0f82ccff9_7e7b,Plateaux,Amou,Amou 3,Okpahoé,APEDOME,Pépinière Mawousi,Néant,"{Lundi,Mardi,Mercredi,jeudi,Vendredi,Samedi,Dimanche}",2016,Prive - individuel,POINT (1.0394949999999998 7.593736666666667)
_mview_pepinieresem_pepinieres_semence.fid-2fb68024_1a0f82ccff9_7e7c,Plateaux,Amou,Amou 3,Okpahoé,APEDOME,Pépinière Novigro,Nsp,"{Lundi,Mardi,Mercredi,jeudi,Vendredi,Samedi,Dimanche}",2018,Prive - individuel,POINT (1.03818 7.593286666666668)
_mview_pepinieresem_pepinieres_semence.fid-2fb68024_1a0f82ccff9_7e7d,Plateaux,Amou,Amou 3,Okpahoé,APEDOME,Pépinière Kewoula,Nsp,"{Lundi,Mardi,Mercredi,jeudi,Vendredi,Samedi,Dimanche}",2007,Prive - individuel,POINT (1.0372666666666668 7.592925000000001)
_mview_pepinieresem_pepinieres_semence.fid-2fb68024_1a0f82ccff9_7e7e,Plateaux,Kloto,Kloto 1,Tomé,AVEHOKPETA,Tchomenegnon,96564701,"{Lundi,Mardi,Mercredi,jeudi,Vendredi,Samedi,Dimanche}",2022,Prive - individuel,POINT (0.6411404931977687 6.8199415811641355)
_mview_pepinieresem_pepinieres_semence.fid-2fb68024_1a0f82ccff9_7e7f,Plateaux,Amou,Amou 3,Okpahoé,APEDOME,Pépinière Siamey,S/c 91373822,"{Lundi,Mercredi,Mardi,jeudi,Vendredi,Samedi,Dimanche}",1989,Prive - individuel,POINT (1.0308549999999999 7.593226666666667)
_mview_pepinieresem_pepinieres_semence.fid-2fb68024_1a0f82ccff9_7e80,Plateaux,Amou,Amou 3,Okpahoé,APEDOME,Pépinière Fiewoula,S/c 91373822,"{Lundi,Mardi,Mercredi,jeudi,Vendredi,Samedi,Dimanche}",2018,Prive - individuel,POINT (1.0306916666666666 7.5934133333333325)
_mview_pepinieresem_pepinieres_semence.fid-2fb68024_1a0f82ccff9_7e81,Plateaux,Amou,Amou 3,Okpahoé,APEDOME,Pépinière René,S/c 91373822,"{Lundi,Mardi,Mercredi,jeudi,Vendredi,Samedi,Dimanche}",1989,Prive - individuel,POINT (1.0308733333333333 7.593111666666665)
_mview_pepinieresem_pepinieres_semence.fid-2fb68024_1a0f82ccff9_7e82,Plateaux,Amou,Amou 3,Okpahoé,APEDOME,Pépinière Mawuli,S/c 91373822,"{Lundi,Mardi,Mercredi,jeudi,Vendredi,Samedi,Dimanche}",2018,Prive - individuel,POINT (1.03098 7.593085)
_mview_pepinieresem_pepinieres_semence.fid-2fb68024_1a0f82ccff9_7e83,Plateaux,Amou,Amou 3,Okpahoé,APEDOME,Pépinière N'dewone,S/c 91373822,"{Lundi,Mardi,Mercredi,jeudi,Vendredi,Samedi,Dimanche}",2021,Prive - individuel,POINT (1.0306566666666666 7.593913333333334)
_mview_pepinieresem_pepinieres_semence.fid-2fb68024_1a0f82ccff9_7e84,Plateaux,Amou,Amou 3,Avédjè,WASSEBE,Pépinière Atteyata,93590662/96182428,"{Lundi,Mardi,jeudi,Vendredi,Samedi,Dimanche}",2006,Prive - individuel,POINT (1.1346850000000002 7.474605)
_mview_pepinieresem_pepinieres_semence.fid-2fb68024_1a0f82ccff9_7e85,Plateaux,Amou,Amou 3,Avédjè,LOTO,Pépinière Aboudou,Nsp,"{Lundi,Mercredi,Vendredi,Dimanche}",2022,Prive - individuel,POINT (1.1331449999999998 7.432771666666667)
_mview_pepinieresem_pepinieres_semence.fid-2fb68024_1a0f82ccff9_7e86,Plateaux,Amou,Amou 3,Avédjè,LOTO,Pépinière Dossou,Nsp,"{Lundi,Mardi,Mercredi,jeudi,Vendredi,Samedi,Dimanche}",2022,Prive - individuel,POINT (1.1328066666666667 7.431438333333333)
_mview_pepinieresem_pepinieres_semence.fid-2fb68024_1a0f82ccff9_7e87,Plateaux,Amou,Amou 3,Avédjè,AGJIGO,Pépinière Afandolo,Nsp,"{Lundi,Mardi,Mercredi,jeudi,Vendredi,Samedi,Dimanche}",2021,Prive - individuel,POINT (1.1279416666666666 7.383033333333333)
_mview_pepinieresem_pepinieres_semence.fid-2fb68024_1a0f82ccff9_7e88,Plateaux,Amou,Amou 3,Avédjè,Okafou,Pépinière Akpo,Okafou,"{Lundi,Mardi,Mercredi,jeudi,Vendredi,Samedi,Dimanche}",1990,Foncier National - terre de l Etat Non allouee,POINT (1.1134533333333332 7.446225)
_mview_pepinieresem_pepinieres_semence.fid-2fb68024_1a0f82ccff9_7e89,Plateaux,Amou,Amou 3,Avédjè,AVEDJE ITADI,Pépinière Sofondji,Nsp,"{Lundi,Mardi,Mercredi,jeudi,Vendredi,Samedi,Dimanche}",2016,Prive - individuel,POINT (1.1346166666666666 7.474651666666667)
_mview_pepinieresem_pepinieres_semence.fid-2fb68024_1a0f82ccff9_7e8a,Plateaux,Amou,Amou 3,Avédjè,AVEDJE ITADI,Pépinière Akpemado,Néant,"{Lundi,Mercredi,Vendredi,Dimanche}",Nsp,Prive - individuel,POINT (1.0950966666666666 7.458825)
_mview_pepinieresem_pepinieres_semence.fid-2fb68024_1a0f82ccff9_7e8b,Plateaux,Amou,Amou 3,Avédjè,Okafou,Pépinière Aube Nouvelle,Okafou,"{Lundi,Mardi,Mercredi,Vendredi,Samedi,Dimanche}",2021,Prive - individuel,POINT (1.0957666666666666 7.458566666666667)
_mview_pepinieresem_pepinieres_semence.fid-2fb68024_1a0f82ccff9_7e8c,Plateaux,Amou,Amou 3,Avédjè,Okafou,Pépinière Messilani,Okafou,"{Lundi,Mardi,Mercredi,jeudi,Vendredi,Samedi,Dimanche}",2013,Prive - individuel,POINT (1.0938783333333333 7.459748333333333)
_mview_pepinieresem_pepinieres_semence.fid-2fb68024_1a0f82ccff9_7e8d,Plateaux,Amou,Amou 3,Avédjè,WASSEBE,Pépinière Ayivi,98615704,"{Lundi,Mardi,Mercredi,jeudi,Vendredi,Samedi,Dimanche}",1978,Prive - individuel,POINT (1.1348533333333333 7.4749516666666675)
_mview_pepinieresem_pepinieres_semence.fid-2fb68024_1a0f82ccff9_7e8e,Plateaux,Amou,Amou 3,Avédjè,OKAFOU,Pépinière  Tchani,92906415,"{Lundi,jeudi,Mardi,Mercredi}",2022,Prive - individuel,POINT (1.09642 7.456356666666666)
_mview_pepinieresem_pepinieres_semence.fid-2fb68024_1a0f82ccff9_7e8f,Plateaux,Kpélé,Kpélé 1,Kpélé-Novivé,BEME,dessou ,Nsp,"{Lundi,Mardi,Mercredi,jeudi,Vendredi,Samedi,Dimanche}",2018,Prive - individuel,POINT (0.714635 7.108158333333334)
_mview_pepinieresem_pepinieres_semence.fid-2fb68024_1a0f82ccff9_7e90,Plateaux,Kpélé,Kpélé 1,Kpélé-Novivé,ADETA ,Adeta ,Nsp,"{Dimanche,Samedi,Vendredi,jeudi,Mercredi,Mardi,Lundi}",Nsp,Nsp,POINT (0.7317527396018458 7.118740669209863)
_mview_pepinieresem_pepinieres_semence.fid-2fb68024_1a0f82ccff9_7e91,Plateaux,Kpélé,Kpélé 1,Kpélé-Novivé,TUTU,La Grace ,Nsp,"{Lundi,Mardi,Mercredi,Vendredi,jeudi,Samedi,Dimanche}",2019,Prive - Collectivite coutumiere,POINT (0.7414783333333334 7.0938799999999995)
_mview_pepinieresem_pepinieres_semence.fid-2fb68024_1a0f82ccff9_7e92,Plateaux,Danyi,Danyi 1,Danyi-Atigba,EZAPE ,Agligna,Nsp,"{Lundi,Mardi,Mercredi,jeudi,Vendredi,Samedi,Dimanche}",2010,Prive - Collectivite coutumiere,POINT (0.6966716666666667 7.290333333333333)
_mview_pepinieresem_pepinieres_semence.fid-2fb68024_1a0f82ccff9_7e93,Plateaux,Danyi,Danyi 1,Danyi-Atigba,WETROPE,Kowu,90272829,"{Dimanche,Samedi,Vendredi,jeudi,Mercredi,Mardi,Lundi}",2021,Prive - individuel,POINT (0.690495 7.281815)
_mview_pepinieresem_pepinieres_semence.fid-2fb68024_1a0f82ccff9_7e94,Plateaux,Danyi,Danyi 1,Danyi-Atigba,WETROPE,Adompre,98165555,"{Lundi,Mardi,Mercredi,jeudi,Vendredi,Samedi,Dimanche}",2018,Prive - individuel,POINT (0.6872952425295498 7.273276358252737)
_mview_pepinieresem_pepinieres_semence.fid-2fb68024_1a0f82ccff9_7e95,Plateaux,Danyi,Danyi 1,Danyi-Atigba,DZOGBEGAN,CPMV(centre de Production de Matières Végétale),Nsp,"{Lundi,Mardi,Mercredi,jeudi,Vendredi}",Nsp,Foncier National - terre de l Etat Non allouee,POINT (0.679045 7.241460000000001)
_mview_pepinieresem_pepinieres_semence.fid-2fb68024_1a0f82ccff9_7e96,Plateaux,Danyi,Danyi 1,Danyi-Atigba,WETROPE,Ametome ,Nsp ,"{Lundi,Mardi,Mercredi,jeudi,Vendredi,Samedi,Dimanche}",2019,Prive - individuel,POINT (0.6912900000000001 7.271824999999999)
_mview_pepinieresem_pepinieres_semence.fid-2fb68024_1a0f82ccff9_7e97,Plateaux,Danyi,Danyi 1,Danyi-Atigba,AFIADENYIGBA ,Afiadenyigba ,Afiadenyigba ,"{Lundi,Mardi,Mercredi,jeudi,Vendredi,Samedi,Dimanche}",1995,Prive - individuel,POINT (0.7027783333333333 7.294238333333334)
_mview_pepinieresem_pepinieres_semence.fid-2fb68024_1a0f82ccff9_7e98,Plateaux,Danyi,Danyi 1,Danyi-Atigba,AFIADENYIGBA ,Afiadenyigba ,Afiadenyigba ,"{Lundi,Mardi,Mercredi,jeudi,Vendredi,Samedi,Dimanche}",2005,Prive - individuel,POINT (0.7023733333333334 7.292565)
_mview_pepinieresem_pepinieres_semence.fid-2fb68024_1a0f82ccff9_7e99,Plateaux,Danyi,Danyi 1,Danyi-Atigba,DZOGBEGAN,Azameti,91125886,"{Dimanche,Samedi,Vendredi,jeudi,Mercredi,Mardi,Lundi}",2019,Prive - individuel,POINT (0.6784316666666667 7.235783333333334)
_mview_pepinieresem_pepinieres_semence.fid-2fb68024_1a0f82ccff9_7e9a,Plateaux,Danyi,Danyi 1,Danyi-Atigba,MEMPEASSEM,Amedome,99810554,"{Dimanche,Samedi,Vendredi,jeudi,Mercredi,Mardi,Lundi}",2021,Prive - individuel,POINT (0.6948116666666666 7.233963333333333)
_mview_pepinieresem_pepinieres_semence.fid-2fb68024_1a0f82ccff9_7e9b,Plateaux,Danyi,Danyi 1,Danyi-Atigba,TODOME,Edoh,90250416,"{Dimanche,Samedi,Vendredi,jeudi,Mercredi,Mardi,Lundi}",1997,Prive - individuel,POINT (0.6823666666666667 7.186293333333333)
_mview_pepinieresem_pepinieres_semence.fid-2fb68024_1a0f82ccff9_7e9c,Plateaux,Danyi,Danyi 1,Danyi-Atigba,TODOME,Edoh,90250416,"{Dimanche,Samedi,Vendredi,jeudi,Mercredi,Mardi,Lundi}",2021,Prive - individuel,POINT (0.6831616666666667 7.185178333333332)
_mview_pepinieresem_pepinieres_semence.fid-2fb68024_1a0f82ccff9_7e9d,Plateaux,Danyi,Danyi 1,Danyi-Atigba,APEYEME ,Apeyeme ,Nsp ,"{Lundi,Mardi,Mercredi,jeudi,Vendredi,Samedi,Dimanche}",2002,Prive - individuel,POINT (0.68836 7.1923933333333325)
_mview_pepinieresem_pepinieres_semence.fid-2fb68024_1a0f82ccff9_7e9e,Plateaux,Danyi,Danyi 1,Danyi-Atigba,DZOGBEGAN ,Dzogbegan ,Nsp ,"{Lundi,Mardi,Mercredi,jeudi,Vendredi,Samedi,Dimanche}",2000,Prive - individuel,POINT (0.6769065186155044 7.234157703029706)
_mview_pepinieresem_pepinieres_semence.fid-2fb68024_1a0f82ccff9_7e9f,Plateaux,Danyi,Danyi 1,Danyi-Atigba,DZOGBEGAN ,Dzogbegan ,Nsp ,"{Lundi,Mardi,Mercredi,jeudi,Vendredi,Samedi,Dimanche}",2000,Prive - individuel,POINT (0.6935866874843466 7.233748166699752)
_mview_pepinieresem_pepinieres_semence.fid-2fb68024_1a0f82ccff9_7ea0,Plateaux,Danyi,Danyi 1,Danyi-Atigba,GBALADZE ,Gbaladze ,Nsp ,"{Lundi,Mardi,Mercredi,jeudi,Vendredi,Samedi,Dimanche}",2015,Prive - individuel,POINT (0.7457550000000001 7.227911666666667)
_mview_pepinieresem_pepinieres_semence.fid-2fb68024_1a0f82ccff9_7ea1,Plateaux,Danyi,Danyi 1,Yikpa,DAFO ,Dafo ,Sewonu,"{Lundi,Mardi,Mercredi,jeudi,Vendredi,Samedi,Dimanche}",2011,Prive - individuel,POINT (0.5983083333333333 7.122103333333333)
_mview_pepinieresem_pepinieres_semence.fid-2fb68024_1a0f82ccff9_7ea2,Plateaux,Danyi,Danyi 1,Yikpa,DAFO ,Dafo ,Numatchi,"{Lundi,Mardi,Mercredi,jeudi,Vendredi,Samedi,Dimanche}",2019,Prive - individuel,POINT (0.5991316666666666 7.121568333333332)
_mview_pepinieresem_pepinieres_semence.fid-2fb68024_1a0f82ccff9_7ea3,Plateaux,Danyi,Danyi 1,Yikpa,ANYIGBE ,Anyigbe ,Nsp ,"{Lundi,Mardi,Mercredi,jeudi,Vendredi,Samedi,Dimanche}",2021,Prive - individuel,POINT (0.6086849999999999 7.121998333333333)
_mview_pepinieresem_pepinieres_semence.fid-2fb68024_1a0f82ccff9_7ea4,Plateaux,Danyi,Danyi 1,Yikpa,DZIGBE ,Dzigbe ,Nsp ,"{Lundi,Mardi,Mercredi,jeudi,Vendredi,Samedi,Dimanche}",2016,Prive - individuel,POINT (0.6173633333333334 7.1305716666666665)
_mview_pepinieresem_pepinieres_semence.fid-2fb68024_1a0f82ccff9_7ea5,Plateaux,Kloto,Kloto 1,Tové,AGBESSIA ,Ade,Bp 34,"{Lundi,Mardi,Mercredi,jeudi,Vendredi,Samedi,Dimanche}",2017,Domaine prive de l Etat ou des collectivites territoriales,POINT (0.663335 6.873463333333333)
_mview_pepinieresem_pepinieres_semence.fid-2fb68024_1a0f82ccff9_7ea6,Plateaux,Danyi,Danyi 1,Yikpa,KPONOE ,Kponoe ,Nsp ,"{Lundi,Mardi,Mercredi,jeudi,Vendredi,Samedi,Dimanche}",2018,Prive - individuel,POINT (0.6176316666666666 7.152701666666667)
_mview_pepinieresem_pepinieres_semence.fid-2fb68024_1a0f82ccff9_7ea7,Plateaux,Danyi,Danyi 1,Yikpa,KPONOE ,Kponoe ,Nsp ,"{Lundi,Mardi,Mercredi,jeudi,Vendredi,Samedi,Dimanche}",2018,Prive - individuel,POINT (0.6186716666666666 7.15468)
_mview_pepinieresem_pepinieres_semence.fid-2fb68024_1a0f82ccff9_7ea8,Plateaux,Danyi,Danyi 1,Danyi-Kakpa,DZEDRAME ,Dzedrame ,Nsp ,"{Lundi,Mardi,Mercredi,jeudi,Vendredi,Samedi,Dimanche}",2002,Prive - individuel,POINT (0.6303233333333333 7.188563333333334)
_mview_pepinieresem_pepinieres_semence.fid-2fb68024_1a0f82ccff9_7ea9,Plateaux,Danyi,Danyi 2,Danyi-Kpeto-Evita,WETROPÉ ,Aziadome Kokou,79518488,"{Lundi,Mardi,Mercredi,jeudi,Vendredi,Samedi,Dimanche}",2015,Domaine prive de l Etat ou des collectivites territoriales,POINT (0.6917366666666667 7.270904999999999)
_mview_pepinieresem_pepinieres_semence.fid-2fb68024_1a0f82ccff9_7eaa,Plateaux,Danyi,Danyi 1,Danyi-Kakpa,DZEDRAME ,Dzedrame ,Nsp ,"{Lundi,Mardi,Mercredi,jeudi,Vendredi,Samedi,Dimanche}",2010,Prive - individuel,POINT (0.6321816666666666 7.184463333333334)
_mview_pepinieresem_pepinieres_semence.fid-2fb68024_1a0f82ccff9_7eab,Plateaux,Danyi,Danyi 1,Danyi-Kakpa,DZEDRAME ,Dzedrame ,Nsp ,"{Lundi,Mardi,Mercredi,jeudi,Vendredi,Samedi,Dimanche}",2010,Prive - individuel,POINT (0.6323166666666666 7.184399999999999)
_mview_pepinieresem_pepinieres_semence.fid-2fb68024_1a0f82ccff9_7eac,Plateaux,Danyi,Danyi 1,Danyi-Kakpa,DZEDRAME ,Dzedrame ,Nsp ,"{Lundi,Mardi,Mercredi,jeudi,Vendredi,Samedi,Dimanche}",1990,Prive - individuel,POINT (0.6325016666666666 7.184053333333333)
_mview_pepinieresem_pepinieres_semence.fid-2fb68024_1a0f82ccff9_7ead,Plateaux,Danyi,Danyi 1,Danyi-Kakpa,DZEDRAME ,Dzedrame ,Nsp ,"{Lundi,Mardi,Mercredi,jeudi,Vendredi,Samedi,Dimanche}",2010,Prive - individuel,POINT (0.6330283333333333 7.184461666666666)
_mview_pepinieresem_pepinieres_semence.fid-2fb68024_1a0f82ccff9_7eae,Plateaux,Danyi,Danyi 1,Danyi-Kakpa,DZEDRAME ,Dzedrame ,Nsp ,"{Lundi,Mardi,Mercredi,jeudi,Vendredi,Samedi,Dimanche}",2007,Prive - individuel,POINT (0.6341616666666667 7.175268333333334)
_mview_pepinieresem_pepinieres_semence.fid-2fb68024_1a0f82ccff9_7eaf,Plateaux,Danyi,Danyi 1,Danyi-Kakpa,KOUDZRAVI ,Koudzravi ,97770426,"{Lundi,Mardi,Mercredi,jeudi,Vendredi,Samedi,Dimanche}",2019,Prive - individuel,POINT (0.6451133333333333 7.138448333333334)
_mview_pepinieresem_pepinieres_semence.fid-2fb68024_1a0f82ccff9_7eb0,Plateaux,Danyi,Danyi 1,Danyi-Kakpa,KOUDZRAGAN,Pépinière d' Aubergine ,98058032,"{Lundi,Mardi,jeudi,Mercredi,Vendredi,Samedi,Dimanche}",2020,Prive - individuel,POINT (0.6247199999999999 7.1591000000000005)
_mview_pepinieresem_pepinieres_semence.fid-2fb68024_1a0f82ccff9_7eb1,Plateaux,Danyi,Danyi 1,Danyi-Kakpa,KOUDZRAGAN,Tuako,92974310,"{Dimanche,Samedi,Vendredi,jeudi,Mercredi,Mardi,Lundi}",2013,Prive - individuel,POINT (0.6256472114583307 7.160513860169724)
_mview_pepinieresem_pepinieres_semence.fid-2fb68024_1a0f82ccff9_7eb2,Plateaux,Danyi,Danyi 2,Danyi-Kpeto-Evita,ANKOUVI,Agnigbagno,93957795,"{Lundi,Mardi,Mercredi,jeudi,Vendredi,Samedi,Dimanche}",2021,Prive - individuel,POINT (0.75643 7.249314999999999)
_mview_pepinieresem_pepinieres_semence.fid-2fb68024_1a0f82ccff9_7eb3,Plateaux,Danyi,Danyi 2,Danyi-Kpeto-Evita,KPETO,Edjonawo,97843254,"{Dimanche,Samedi,Vendredi,jeudi,Mardi,Mercredi,Lundi}",2008,Prive - individuel,POINT (0.7545226238481936 7.2556069498189535)
_mview_pepinieresem_pepinieres_semence.fid-2fb68024_1a0f82ccff9_7eb4,Plateaux,Danyi,Danyi 2,Danyi-Kpeto-Evita,DAFO ,Dafo,Djilo,"{Lundi,Mardi,Mercredi,jeudi,Vendredi,Samedi,Dimanche}",2014,Prive - individuel,POINT (0.7288433333333334 7.263176666666667)
_mview_pepinieresem_pepinieres_semence.fid-2fb68024_1a0f82ccff9_7eb5,Plateaux,Danyi,Danyi 2,Danyi-Kpeto-Evita,DAFO ,Dafo ,Howutse ,"{Lundi,Mardi,Mercredi,jeudi,Vendredi,Samedi,Dimanche}",1992,Prive - individuel,POINT (0.7381949999999999 7.251865)
_mview_pepinieresem_pepinieres_semence.fid-2fb68024_1a0f82ccff9_7eb6,Plateaux,Danyi,Danyi 2,Danyi-Kpeto-Evita,TONOTA,Tsevi,90840500,"{Lundi,Mardi,Mercredi,jeudi,Samedi,Dimanche,Vendredi}",2010,Prive - individuel,POINT (0.72053 7.243986666666666)
_mview_pepinieresem_pepinieres_semence.fid-2fb68024_1a0f82ccff9_7eb7,Plateaux,Danyi,Danyi 2,Danyi-Kpeto-Evita,TONOTA,Tsevi,90840500,"{Dimanche,Samedi,Vendredi,jeudi,Mercredi,Mardi,Lundi}",2010,Prive - individuel,POINT (0.7208583333333334 7.244513333333333)
_mview_pepinieresem_pepinieres_semence.fid-2fb68024_1a0f82ccff9_7eb8,Plateaux,Danyi,Danyi 2,Danyi-Kpeto-Evita,DAFO ,Dafo ,Nsp,Nsp,Nsp,Nsp,POINT (0.7265934657762324 7.267611427987513)
_mview_pepinieresem_pepinieres_semence.fid-2fb68024_1a0f82ccff9_7eb9,Plateaux,Danyi,Danyi 2,Danyi-Kpeto-Evita,DAFO ,Dafo ,Nsp ,"{Lundi,Mardi,Mercredi,jeudi,Vendredi,Samedi,Dimanche}",2020,Prive - individuel,POINT (0.7265733333333333 7.267173333333333)
_mview_pepinieresem_pepinieres_semence.fid-2fb68024_1a0f82ccff9_7eba,Plateaux,Danyi,Danyi 2,Danyi-Kpeto-Evita,TONOTA,Tonota ,Nsp,"{Lundi,Mardi,Mercredi,jeudi,Vendredi,Samedi,Dimanche}",2017,Prive - individuel,POINT (0.726690160335366 7.252585683606127)
_mview_pepinieresem_pepinieres_semence.fid-2fb68024_1a0f82ccff9_7ebb,Plateaux,Danyi,Danyi 2,Danyi-Elavagnon,ELAVAGNYO ,Nyuiexope,91219731,"{Samedi,Vendredi,Dimanche,jeudi,Mercredi,Mardi,Lundi}",2000,Prive - individuel,POINT (0.717385 7.307261666666666)
_mview_pepinieresem_pepinieres_semence.fid-2fb68024_1a0f82ccff9_7ebc,Plateaux,Danyi,Danyi 2,Ahlon,DENOU,Pépinière denou ,denou ,"{Lundi,Mardi,Mercredi,jeudi,Vendredi,Samedi,Dimanche}",2020,Prive - entreprise,POINT (0.6684916666666666 7.320335)
_mview_pepinieresem_pepinieres_semence.fid-2fb68024_1a0f82ccff9_7ebd,Plateaux,Danyi,Danyi 2,Ahlon,AKAYO 2,Akayo 2,Nsp ,"{Lundi,Mardi,Mercredi,jeudi,Vendredi,Samedi,Dimanche}",2000,Prive - individuel,POINT (0.6711583333333333 7.24409)
_mview_pepinieresem_pepinieres_semence.fid-2fb68024_1a0f82ccff9_7ebe,Plateaux,Kloto,Kloto 1,Tové,AGOU NYOGBO ,Piments ,Agou Nyogbo/Kpalimé,"{Lundi,Mardi,Mercredi,jeudi,Vendredi,Samedi,Dimanche}",2005,Prive - individuel,POINT (0.7130065654255185 6.874274104984874)
_mview_pepinieresem_pepinieres_semence.fid-2fb68024_1a0f82ccff9_7ebf,Centrale,Blitta,Blitta 1,Blitta-Village,Kokonade,Pepinière EPP Kokonade,Nsp,"{Dimanche,Samedi,Vendredi,jeudi,Mercredi,Mardi,Lundi}",2021,Domaine public de l Etat ou des collectivites territoriales,POINT (1.0318033333333332 8.366395)
_mview_pepinieresem_pepinieres_semence.fid-2fb68024_1a0f82ccff9_7ec0,Centrale,Blitta,Blitta 1,Blitta-Village,LAWAYI,Pépinièresde Lawayi ,Nsp,"{Lundi,Mardi,Mercredi,jeudi,Vendredi,Samedi,Dimanche}",2005,Prive - individuel,POINT (1.02582 8.36952)
_mview_pepinieresem_pepinieres_semence.fid-2fb68024_1a0f82ccff9_7ec1,Centrale,Blitta,Blitta 1,Blitta-Village,LAOUWAI,Pépinière  de Laouwai,Nsp,"{Lundi,Mardi,Mercredi,Vendredi,Samedi,jeudi,Dimanche}",1990,Prive - individuel,POINT (1.0294750000000001 8.388056666666667)
_mview_pepinieresem_pepinieres_semence.fid-2fb68024_1a0f82ccff9_7ec2,Plateaux,Est-Mono,Est-Mono 3,Nyamassila, KPOTA ,Paradigme,Nsp,"{Lundi,Mardi,Mercredi,jeudi,Vendredi,Dimanche,Samedi}",2017,Ne sait pas,POINT (1.19157 7.98334)
_mview_pepinieresem_pepinieres_semence.fid-2fb68024_1a0f82ccff9_7ec3,Plateaux,Haho,Haho 1,Atchavé,Aya Kope,Pepiniere Mawupemo,Néant ,"{Lundi,Mardi,Mercredi,jeudi,Vendredi,Samedi,Dimanche}",2015,Prive - individuel,POINT (1.1100887282589316 6.8170496976104475)
_mview_pepinieresem_pepinieres_semence.fid-2fb68024_1a0f82ccff9_7ec4,Plateaux,Haho,Haho 4,Wahala,WAHALA Ville,Tomone,Site Tde,"{Lundi,Mardi,Mercredi,jeudi,Vendredi,Samedi,Dimanche}",2015,Domaine public de l Etat ou des collectivites territoriales,POINT (1.16561 7.178646666666666)
_mview_pepinieresem_pepinieres_semence.fid-2fb68024_1a0f82ccff9_7ec5,Plateaux,Haho,Haho 4,Wahala,WAHALA Ville,Ykoudji,Nsp,"{Dimanche,Samedi,Vendredi,jeudi,Mercredi,Mardi,Lundi}",2012,Prive - individuel,POINT (1.1674383333333334 7.170443333333333)
_mview_pepinieresem_pepinieres_semence.fid-2fb68024_1a0f82ccff9_7ec6,Plateaux,Kloto,Kloto 1,Tové,Ahoundjo,Ahoundjo,Ahoundjo/voukey,"{Lundi,Mardi,Mercredi,jeudi,Vendredi,Samedi}",2021,Prive - individuel,POINT (0.6485596749715747 6.877007658089325)
_mview_pepinieresem_pepinieres_semence.fid-2fb68024_1a0f82ccff9_7ec7,Plateaux,Kloto,Kloto 1,Tové,AGOU NYOGBO,Ameku,Agou Nyogbo/Kpalimé,"{Dimanche,Samedi,Vendredi,jeudi,Mercredi,Lundi,Mardi}",2005,Prive - individuel,POINT (0.7130084423033525 6.874659292340181)
_mview_pepinieresem_pepinieres_semence.fid-2fb68024_1a0f82ccff9_7ec8,Plateaux,Kloto,Kloto 1,Tové,AGOU NYOGBO ,Amekulafe,Agou Nyogbo /agou,"{Lundi,Mardi,Mercredi,jeudi,Vendredi,Samedi,Dimanche}",2005,Prive - individuel,POINT (0.7130459054988133 6.874041807726552)
_mview_pepinieresem_pepinieres_semence.fid-2fb68024_1a0f82ccff9_7ec9,Plateaux,Kloto,Kloto 1,Tové,AGOU NYOGBO ,Sapa,Agou Nyogbo / Agou,"{Mardi,Lundi,Mercredi,jeudi,Vendredi,Samedi,Dimanche}",2019,Prive - Collectivite coutumiere,POINT (0.7200766666666667 6.883605)
_mview_pepinieresem_pepinieres_semence.fid-2fb68024_1a0f82ccff9_7eca,Plateaux,Haho,Haho 4,Kpegnon (Haito),ESSO-KOPE,Pépinière Esso-kope,Quartier Esso-kope,"{Lundi,Mardi,Mercredi,jeudi,Vendredi,Samedi,Dimanche}",2014,Prive - individuel,POINT (0.9368083333333334 7.246598333333333)
_mview_pepinieresem_pepinieres_semence.fid-2fb68024_1a0f82ccff9_7ecb,Centrale,Tchaoudjo,Tchaoudjo 2,Lama-Tessi,Kassena pont,Keleka,100m du Pont de Kassena  Vers Lome,"{Lundi,Mardi,Mercredi,jeudi,Vendredi,Samedi,Dimanche}",2018,Prive - individuel,POINT (1.0894283333333334 8.903013333333332)
_mview_pepinieresem_pepinieres_semence.fid-2fb68024_1a0f82ccff9_7ecc,Plateaux,Kloto,Kloto 1,Kpadapé,YEVIEPE,Adzodo,Nsp,"{Lundi,Mardi,Mercredi,jeudi,Vendredi,Samedi,Dimanche}",2020,Prive - individuel,POINT (0.5789799999999999 6.81438)
_mview_pepinieresem_pepinieres_semence.fid-2fb68024_1a0f82ccff9_7ecd,Plateaux,Kpélé,Kpélé 1,Kpélé-Akata,AKATA-AKPOKLI,Pépinière de Akata-akpokli,Nsp,"{Dimanche,Samedi,Vendredi,jeudi,Mercredi,Mardi,Lundi}",2019,Prive - individuel,POINT (0.7102233333333333 7.056565000000001)
_mview_pepinieresem_pepinieres_semence.fid-2fb68024_1a0f82ccff9_7ece,Plateaux,Kloto,Kloto 1,Gbalabé,DUGAN,Gboma,Hanyigban/Kpalimé,"{Lundi,Mardi,Mercredi,jeudi,Vendredi,Samedi,Dimanche}",2021,Prive - individuel,POINT (0.6017533333333334 6.888908333333334)
_mview_pepinieresem_pepinieres_semence.fid-2fb68024_1a0f82ccff9_7ecf,Plateaux,Kloto,Kloto 1,Gbalabé,DUGAN,Gombo,Hanyigban/Kpalimé,"{Lundi,Mardi,Mercredi,jeudi,Vendredi,Samedi,Dimanche}",2021,Prive - individuel,POINT (0.6016666666666667 6.888751666666667)
_mview_pepinieresem_pepinieres_semence.fid-2fb68024_1a0f82ccff9_7ed0,Plateaux,Kloto,Kloto 1,Gbalabé,DUGAN,Ademe,Hanyigban/Kpalimé,"{Lundi,Mardi,Mercredi,jeudi,Vendredi,Samedi,Dimanche}",2021,Prive - individuel,POINT (0.6016001908240711 6.8886412140688655)
_mview_pepinieresem_pepinieres_semence.fid-2fb68024_1a0f82ccff9_7ed1,Plateaux,Kloto,Kloto 1,Hanyigba,DUGAN,Dugan,Hanyigban/Kpalimé,"{Lundi,Mardi,Mercredi,jeudi,Vendredi,Samedi,Dimanche}",2022,Prive - individuel,POINT (0.6123366666666666 6.899315)
_mview_pepinieresem_pepinieres_semence.fid-2fb68024_1a0f82ccff9_7ed2,Plateaux,Kloto,Kloto 1,Hanyigba,DUGAN,Pépinière de Ademe Dugan,Dugan/Kpalimé,"{Dimanche,Samedi,Vendredi,jeudi,Mercredi,Mardi,Lundi}",1999,Prive - individuel,POINT (0.6038464405263807 6.910264203907414)
_mview_pepinieresem_pepinieres_semence.fid-2fb68024_1a0f82ccff9_7ed3,Plateaux,Kloto,Kloto 1,Hanyigba,DUGAN,Pépinière de Gboma Dugan,Dugan/Kpalimé,"{Dimanche,Samedi,Vendredi,jeudi,Mercredi,Mardi,Lundi}",2017,Prive - individuel,POINT (0.60702 6.91031)
_mview_pepinieresem_pepinieres_semence.fid-2fb68024_1a0f82ccff9_7ed4,Plateaux,Kloto,Kloto 1,Hanyigba,DUGAN,Dugan,Hanyigba/Kpalimé,"{Lundi,Mardi,Mercredi,jeudi,Vendredi,Samedi,Dimanche}",1999,Prive - individuel,POINT (0.6037871351458015 6.910274179710687)
_mview_pepinieresem_pepinieres_semence.fid-2fb68024_1a0f82ccff9_7ed5,Plateaux,Kloto,Kloto 1,Hanyigba,DUGAN,Dugan,Hanyigba/Kpalimé,"{Lundi,Mardi,Mercredi,jeudi,Vendredi,Samedi,Dimanche}",2017,Prive - individuel,POINT (0.6071606284209023 6.910122562262849)
_mview_pepinieresem_pepinieres_semence.fid-2fb68024_1a0f82ccff9_7ed6,Plateaux,Kloto,Kloto 1,Hanyigba,DUGAN,Dugan,Hanyigba /Kpalimé,"{Lundi,Mardi,Mercredi,jeudi,Vendredi,Samedi,Dimanche}",1999,Prive - individuel,POINT (0.603745 6.910211666666667)
_mview_pepinieresem_pepinieres_semence.fid-2fb68024_1a0f82ccff9_7ed7,Plateaux,Kloto,Kloto 1,Hanyigba,DUGAN ,Dugan ,Hanyigba /Kpalimé,"{Lundi,Mardi,Mercredi,jeudi,Vendredi,Samedi,Dimanche}",2017,Prive - individuel,POINT (0.607105 6.910358333333333)
_mview_pepinieresem_pepinieres_semence.fid-2fb68024_1a0f82ccff9_7ed8,Plateaux,Kloto,Kloto 1,Hanyigba,DUGAN ,Dzakpa 1,Hanyigba /Kpalimé,"{Lundi,Mardi,Mercredi,jeudi,Vendredi,Samedi,Dimanche}",2017,Prive - individuel,POINT (0.5998566666666666 6.905693333333333)
_mview_pepinieresem_pepinieres_semence.fid-2fb68024_1a0f82ccff9_7ed9,Plateaux,Kloto,Kloto 1,Hanyigba,DUGAN ,Dzakpa ,Hanyigba /Kpalimé,"{Lundi,Mardi,Mercredi,jeudi,Vendredi,Samedi,Dimanche}",2022,Prive - individuel,POINT (0.6064683333333334 6.9100133333333345)
_mview_pepinieresem_pepinieres_semence.fid-2fb68024_1a0f82ccff9_7eda,Plateaux,Kloto,Kloto 2,Lavié,HUIME,Zonyigo,Lavié Huime ,"{Lundi,Mardi,Mercredi,jeudi,Vendredi,Samedi,Dimanche}",2010,Prive - individuel,POINT (0.6506766666666667 7.050165000000001)
_mview_pepinieresem_pepinieres_semence.fid-2fb68024_1a0f82ccff9_7edb,Plateaux,Kloto,Kloto 2,Lavié,LOMNAVA,Anacarde,Lavié Huime/ Kpalime ,"{Dimanche,Lundi,Mardi,Mercredi,jeudi,Vendredi,Samedi}",1992,Prive - individuel,POINT (0.6826206879771621 7.014991788253874)
_mview_pepinieresem_pepinieres_semence.fid-2fb68024_1a0f82ccff9_7edc,Plateaux,Kloto,Kloto 2,Lavié,LOMNAVA,Pépinière de Palmiers,Apédomé/Kpalimé,"{Dimanche,Samedi,Vendredi,jeudi,Mercredi,Mardi,Lundi}",1992,Prive - individuel,POINT (0.6833905678028955 7.013300744012579)
_mview_pepinieresem_pepinieres_semence.fid-2fb68024_1a0f82ccff9_7edd,Plateaux,Kloto,Kloto 2,Lavié,XOSE,Pépinière de Goyavier,Xose/Kpalimé,"{Dimanche,Samedi,Vendredi,jeudi,Mercredi,Mardi,Lundi}",2000,Prive - individuel,POINT (0.6876583333333334 7.017035000000001)
_mview_pepinieresem_pepinieres_semence.fid-2fb68024_1a0f82ccff9_7ede,Plateaux,Kloto,Kloto 2,Lavié,LOM-NAVA,Flaque,Lavié Huime/Kpalimé,"{Dimanche,Samedi,Vendredi,jeudi,Mercredi,Mardi,Lundi}",1992,Prive - individuel,POINT (0.6828633333333334 7.015056666666667)
_mview_pepinieresem_pepinieres_semence.fid-2fb68024_1a0f82ccff9_7edf,Plateaux,Kloto,Kloto 2,Lavié,XOSE,Palmiers  Toro,Lavié Huime /Kpalimé,"{Lundi,Mardi,Mercredi,jeudi,Vendredi,Samedi,Dimanche}",1985,Prive - individuel,POINT (0.6879316666666667 7.01636)
_mview_pepinieresem_pepinieres_semence.fid-2fb68024_1a0f82ccff9_7ee0,Plateaux,Kloto,Kloto 2,Lavié,NYAMEGBE,Dougame,99594531,"{Lundi,Mardi,Samedi,jeudi,Mercredi,Vendredi,Dimanche}",2021,Prive - individuel,POINT (0.6589463731503572 7.086020896393001)
_mview_pepinieresem_pepinieres_semence.fid-2fb68024_1a0f82ccff9_7ee1,Plateaux,Kloto,Kloto 2,Lavié,NAYMEGBE,Daye,96067808,"{Mardi,Mercredi,jeudi,Vendredi,Samedi,Dimanche}",2021,Prive - individuel,POINT (0.658725 7.0862549999999995)
_mview_pepinieresem_pepinieres_semence.fid-2fb68024_1a0f82ccff9_7ee2,Plateaux,Kloto,Kloto 2,Lavié, AVEWI,Pépinière  d'Avewi,Nsp,"{Lundi,Mardi,Mercredi,jeudi,Vendredi,Samedi,Dimanche}",2000,Prive - individuel,POINT (0.657385 7.061661666666667)
_mview_pepinieresem_pepinieres_semence.fid-2fb68024_1a0f82ccff9_7ee3,Plateaux,Kloto,Kloto 2,Lavié-Apédomé,APEDOME,Pépinière de Citronniers,Apédomé/Kpalimé,"{Lundi,Mardi,Mercredi,jeudi,Vendredi,Samedi,Dimanche}",2021,Prive - individuel,POINT (0.6705863004526541 7.007419043676592)
_mview_pepinieresem_pepinieres_semence.fid-2fb68024_1a0f82ccff9_7ee4,Plateaux,Kloto,Kloto 2,Lavié-Apédomé,APEDOME ,Cocotier,Lavié Apédomé/ Kpalime,"{Lundi,Mardi,Mercredi,jeudi,Vendredi,Samedi,Dimanche}",2021,Prive - individuel,POINT (0.670695 7.007031666666667)
_mview_pepinieresem_pepinieres_semence.fid-2fb68024_1a0f82ccff9_7ee5,Plateaux,Kloto,Kloto 2,Lavié-Apédomé,APEDOME ,Citron,Lavié Apédomé/ Kpalime,"{Lundi,Mardi,Mercredi,jeudi,Vendredi,Samedi,Dimanche}",2021,Prive - individuel,POINT (0.6708983333333334 7.007156666666666)
_mview_pepinieresem_pepinieres_semence.fid-2fb68024_1a0f82ccff9_7ee6,Plateaux,Kloto,Kloto 2,Lavié-Apédomé,APEDOME ,Oranger,Lavié Apédomé/ Kpalime ,"{Lundi,Mardi,Mercredi,jeudi,Vendredi,Samedi,Dimanche}",2021,Prive - individuel,POINT (0.6709825657031557 7.007194613069982)
_mview_pepinieresem_pepinieres_semence.fid-2fb68024_1a0f82ccff9_7ee7,Plateaux,Kloto,Kloto 2,Lavié-Apédomé,APEDOME ,Palmier A Huile,Lavié Apédomé/Kpalimé,"{Lundi,Mardi,Mercredi,jeudi,Vendredi,Samedi,Dimanche}",2021,Prive - individuel,POINT (0.6708254190277135 7.0070965026445275)
_mview_pepinieresem_pepinieres_semence.fid-2fb68024_1a0f82ccff9_7ee8,Plateaux,Kloto,Kloto 2,Lavié-Apédomé,APEDOME ,Teck,Lavié Apédomé/Kpalimé,"{Lundi,Mardi,Mercredi,jeudi,Vendredi,Samedi,Dimanche}",2021,Prive - individuel,POINT (0.670762299918838 7.007058723838019)
_mview_pepinieresem_pepinieres_semence.fid-2fb68024_1a0f82ccff9_7ee9,Plateaux,Kloto,Kloto 2,Lavié-Apédomé,APEDOME ,Mangue,Lavié Apédomé/Kpalimé,"{Lundi,Mardi,Mercredi,jeudi,Vendredi,Samedi,Dimanche}",2012,Prive - individuel,POINT (0.6705749999999999 7.006271666666667)
_mview_pepinieresem_pepinieres_semence.fid-2fb68024_1a0f82ccff9_7eea,Plateaux,Kloto,Kloto 2,Lavié-Apédomé,APEDOME ,Avocat,Lavié Apédomé/Kpalimé,"{Lundi,Mardi,Mercredi,jeudi,Vendredi,Samedi,Dimanche}",2015,Prive - individuel,POINT (0.6683749999999999 7.004288333333333)
_mview_pepinieresem_pepinieres_semence.fid-2fb68024_1a0f82ccff9_7eeb,Plateaux,Kloto,Kloto 2,Lavié-Apédomé,APEDOME,Pépinière Davocatiers,Apédomé/Kpalimé,"{Lundi,Mardi,Mercredi,jeudi,Vendredi,Samedi,Dimanche}",2021,Prive - individuel,POINT (0.6700786794497242 7.0067491904477635)
_mview_pepinieresem_pepinieres_semence.fid-2fb68024_1a0f82ccff9_7eec,Plateaux,Kloto,Kloto 2,Lavié-Apédomé,APEDOME,Pépinière Danacarde,Apédomé/Kpalimé,"{Dimanche,Samedi,Vendredi,jeudi,Mercredi,Mardi,Lundi}",2021,Prive - individuel,POINT (0.6704160103038158 7.00710025137833)
_mview_pepinieresem_pepinieres_semence.fid-2fb68024_1a0f82ccff9_7eed,Plateaux,Kloto,Kloto 2,Lavié-Apédomé,APEDOME,Pépinière de Manguiers,Apédomé/Kpalimé,"{Dimanche,Samedi,Vendredi,jeudi,Mercredi,Mardi,Lundi}",2021,Prive - individuel,POINT (0.6696515308815695 7.007179466924976)
_mview_pepinieresem_pepinieres_semence.fid-2fb68024_1a0f82ccff9_7eee,Plateaux,Kloto,Kloto 2,Lavié-Apédomé,APEDOME,Pépinière d'Oranger,Apédomé/Kpalimé,"{Dimanche,Samedi,Vendredi,jeudi,Mercredi,Mardi,Lundi}",Nsp,Prive - individuel,POINT (0.6706766666666667 7.0059216666666675)
_mview_pepinieresem_pepinieres_semence.fid-2fb68024_1a0f82ccff9_7eef,Plateaux,Kloto,Kloto 2,Lavié-Apédomé,APEDOME,Pépinière d'Eucaliptus,Apédomé/Kpalimé,"{Lundi,Mardi,Mercredi,jeudi,Vendredi,Samedi,Dimanche}",2015,Prive - individuel,POINT (0.6695333333333333 7.003751666666667)
_mview_pepinieresem_pepinieres_semence.fid-2fb68024_1a0f82ccff9_7ef0,Plateaux,Kloto,Kloto 2,Lavié-Apédomé,APEDOME,Palmiers À Huile ,Lavié Apédomé/Kpalimé,"{Lundi,Mardi,Mercredi,jeudi,Vendredi,Samedi,Dimanche}",2021,Prive - individuel,POINT (0.6708083333333333 7.0070733333333335)
_mview_pepinieresem_pepinieres_semence.fid-2fb68024_1a0f82ccff9_7ef1,Plateaux,Kloto,Kloto 2,Lavié-Apédomé,APEDOME,Teck,Lavié Apédomé/Kpalimé,"{Dimanche,Samedi,Vendredi,jeudi,Mercredi,Mardi,Lundi}",2021,Prive - individuel,POINT (0.6707016666666666 7.006939999999999)
_mview_pepinieresem_pepinieres_semence.fid-2fb68024_1a0f82ccff9_7ef2,Plateaux,Kloto,Kloto 2,Lavié-Apédomé,APEDOME,Manguier,Lavié Apédomé /Kpalimé,"{Lundi,Mardi,Mercredi,jeudi,Vendredi,Samedi,Dimanche}",2021,Prive - individuel,POINT (0.6709583333333333 7.007181666666666)
_mview_pepinieresem_pepinieres_semence.fid-2fb68024_1a0f82ccff9_7ef3,Plateaux,Kloto,Kloto 2,Lavié-Apédomé,APEDOME ,Corosoliers,Lavié Apédomé /Kpalimé,"{Lundi,Mardi,Mercredi,jeudi,Vendredi,Samedi,Dimanche}",2012,Prive - individuel,POINT (0.6706066666666667 7.006060000000001)
_mview_pepinieresem_pepinieres_semence.fid-2fb68024_1a0f82ccff9_7ef4,Plateaux,Kloto,Kloto 2,Lavié-Apédomé,APEDOME ,Cafeier,Apédomé/Kpalimé,"{Lundi,Mardi,Mercredi,jeudi,Vendredi,Samedi,Dimanche}",2015,Prive - individuel,POINT (0.6684383333333332 7.004360000000001)
_mview_pepinieresem_pepinieres_semence.fid-2fb68024_1a0f82ccff9_7ef5,Plateaux,Kloto,Kloto 3,Kouma,TOKPLI,Nyako,92185059,"{Lundi,Mardi,Mercredi,jeudi,Vendredi,Samedi,Dimanche}",2008,Prive - individuel,POINT (0.5786496362152866 6.968344623854945)
_mview_pepinieresem_pepinieres_semence.fid-2fb68024_1a0f82ccff9_7ef6,Plateaux,Kloto,Kloto 3,Kouma,TOKPLI ,Nyako,92185059,"{Lundi,Mardi,Mercredi,jeudi,Vendredi,Samedi,Dimanche}",2008,Prive - individuel,POINT (0.5781283333333334 6.967559999999999)
_mview_pepinieresem_pepinieres_semence.fid-2fb68024_1a0f82ccff9_7ef7,Plateaux,Kloto,Kloto 3,Kouma,TOKPLI ,Misericordia,Nsp,"{Dimanche,Samedi,Vendredi,jeudi,Mercredi,Mardi,Lundi}",2014,Prive - individuel,POINT (0.5776563030266026 6.970040757199771)
_mview_pepinieresem_pepinieres_semence.fid-2fb68024_1a0f82ccff9_7ef8,Plateaux,Kloto,Kloto 3,Kouma,ATIKPELEVE,Abdou,Tadame,"{Lundi,Mardi,Mercredi,jeudi,Vendredi,Samedi,Dimanche}",1997,autre,POINT (0.6009049999999999 7.00927)
_mview_pepinieresem_pepinieres_semence.fid-2fb68024_1a0f82ccff9_7ef9,Plateaux,Kloto,Kloto 3,Kouma,DOVOTA ,Pépinière de Gboma,Dovota ,"{Lundi,Mardi,Mercredi,jeudi,Vendredi,Samedi,Dimanche}",2022,Prive - individuel,POINT (0.6018666666666667 6.998763333333333)
_mview_pepinieresem_pepinieres_semence.fid-2fb68024_1a0f82ccff9_7efa,Plateaux,Kloto,Kloto 3,Kouma,DOVOTA ,Pépinière D'aubergine ,Dovota ,"{Lundi,Mardi,Mercredi,jeudi,Vendredi,Samedi,Dimanche}",2022,Prive - individuel,POINT (0.5990716666666667 7.005208333333333)
_mview_pepinieresem_pepinieres_semence.fid-2fb68024_1a0f82ccff9_7efb,Plateaux,Kloto,Kloto 3,Kouma,DOVOTA,"Piment Vert, Aubergine",Village Dovota,"{Lundi,Mardi,Mercredi,jeudi,Vendredi,Samedi,Dimanche}",2022,Prive - individuel,POINT (0.6020933333333333 6.998891666666666)
_mview_pepinieresem_pepinieres_semence.fid-2fb68024_1a0f82ccff9_7efc,Plateaux,Kpélé,Kpélé 2,Kpélé-Nord,KPELE-ELE,Pépinière Apetze,Nsp,"{Lundi,Mardi,Mercredi,jeudi,Vendredi,Samedi,Dimanche}",2018,Prive - individuel,POINT (0.801285 7.275131666666666)
_mview_pepinieresem_pepinieres_semence.fid-2fb68024_1a0f82ccff9_7efd,Plateaux,Kloto,Kloto 3,Kouma,TOKPLI ,CADR,Nsp ,"{Lundi,Mercredi,jeudi,Vendredi,Samedi,Dimanche,Mardi}",2013,Prive - entreprise,POINT (0.5752866666666667 6.962958333333334)
_mview_pepinieresem_pepinieres_semence.fid-2fb68024_1a0f82ccff9_7efe,Plateaux,Kloto,Kloto 2,Kpimé,AGOTIME-COPE,Tussah,Agotime-cope,"{Lundi,Mardi,Mercredi,jeudi,Vendredi,Samedi,Dimanche}",2016,autre,POINT (0.6032516666666666 7.0441183333333335)
_mview_pepinieresem_pepinieres_semence.fid-2fb68024_1a0f82ccff9_7eff,Plateaux,Kloto,Kloto 2,Kpimé,SEVA,Nykonakpoe,Nsp,"{Lundi,Mardi,Mercredi,jeudi,Vendredi,Samedi,Dimanche}",2019,Domaine public de l Etat ou des collectivites territoriales,POINT (0.6501883333333333 7.001881666666666)
_mview_pepinieresem_pepinieres_semence.fid-2fb68024_1a0f82ccff9_7f00,Plateaux,Kloto,Kloto 3,Agomé-Yoh,AVLOTO,Awadi,Nsp,"{Mardi,Mercredi,Lundi,jeudi,Vendredi,Samedi,Dimanche}",2011,autre,POINT (0.6080933333333333 6.944616666666667)
_mview_pepinieresem_pepinieres_semence.fid-2fb68024_1a0f82ccff9_7f01,Plateaux,Kloto,Kloto 3,Agomé-Yoh,YOH ,Ametefe,Yoh ,"{Lundi,Mardi,Mercredi,jeudi,Vendredi,Samedi,Dimanche}",2003,Domaine prive de l Etat ou des collectivites territoriales,POINT (0.5990133333333334 6.941676666666666)
_mview_pepinieresem_pepinieres_semence.fid-2fb68024_1a0f82ccff9_7f02,Plateaux,Kpélé,Kpélé 1,Kpélé-Govié,BODZE-AGBESSIKOPE,GAD.SA,Nsp,"{Dimanche,Samedi,Vendredi,jeudi,Mercredi,Mardi,Lundi}",1997,Prive - individuel,POINT (0.8935283333333334 7.110623333333333)
_mview_pepinieresem_pepinieres_semence.fid-2fb68024_1a0f82ccff9_7f03,Plateaux,Kpélé,Kpélé 2,Kpélé-Nord,KPELE-ELE,Afotowossi,Kpele-Elé,"{Lundi,Mardi,Mercredi,jeudi,Vendredi,Samedi,Dimanche}",2018,Prive - individuel,POINT (0.802375 7.277035000000001)
_mview_pepinieresem_pepinieres_semence.fid-2fb68024_1a0f82ccff9_7f04,Plateaux,Kpélé,Kpélé 2,Kpélé-Nord,KPELE-ELE,Afatchao,Kpele-Elé,"{Lundi,Mardi,Mercredi,jeudi,Vendredi,Samedi,Dimanche}",2014,Prive - individuel,POINT (0.8043866666666666 7.27546)
_mview_pepinieresem_pepinieres_semence.fid-2fb68024_1a0f82ccff9_7f05,Plateaux,Kpélé,Kpélé 2,Kpélé-Nord,AGBANON,Sogame,99408140/92247835,"{Lundi,Mardi,Mercredi,jeudi,Vendredi,Samedi,Dimanche}",2010,Prive - individuel,POINT (0.8000550000000001 7.2749983333333335)
_mview_pepinieresem_pepinieres_semence.fid-2fb68024_1a0f82ccff9_7f06,Plateaux,Kpélé,Kpélé 2,Kpélé-Nord,KPELE ELE,Pépinière Adjarou,98797467,"{Lundi,Mardi,Mercredi,jeudi,Vendredi,Samedi,Dimanche}",2019,autre,POINT (0.8020656878259181 7.277803181313435)
_mview_pepinieresem_pepinieres_semence.fid-2fb68024_1a0f82ccff9_7f07,Plateaux,Kpélé,Kpélé 2,Kpélé-Nord,KPELE ELE ,Wokpogbe,98804942,"{Dimanche,Samedi,Vendredi,jeudi,Mercredi,Mardi,Lundi}",1992,Prive - Collectivite coutumiere,POINT (0.8041383333333333 7.2756799999999995)
_mview_pepinieresem_pepinieres_semence.fid-2fb68024_1a0f82ccff9_7f08,Plateaux,Kpélé,Kpélé 2,Kpélé-Nord,KPELE-ELE,Siabi,70112105,"{Lundi,Mardi,Mercredi,jeudi,Vendredi,Samedi,Dimanche}",2020,Prive - individuel,POINT (0.7971550000000001 7.280928333333333)
_mview_pepinieresem_pepinieres_semence.fid-2fb68024_1a0f82ccff9_7f09,Kara,Kéran,Kéran 3,Warengo,Koutandjarou,Pépinière de Piment,Gnoiwo Ototi,"{Lundi,Mardi,Mercredi,Vendredi,Samedi,Dimanche}",1965,Nsp,POINT (1.1224816803418969 10.056711496365333)
_mview_pepinieresem_pepinieres_semence.fid-2fb68024_1a0f82ccff9_7f0a,Plateaux,Kpélé,Kpélé 2,Kpélé-Kamé,AVAHO,Pépinière Djidjonou,Aného,"{Lundi,Mardi,Mercredi,jeudi,Vendredi,Samedi,Dimanche}",20137,Prive - individuel,POINT (0.7865983333333334 7.226538333333334)
_mview_pepinieresem_pepinieres_semence.fid-2fb68024_1a0f82ccff9_7f0b,Centrale,Tchaoudjo,Tchaoudjo 4,Kpassaouade,KPASSOUADÈ ,Ouro Agoro Dermane,Kpassouadè ,"{Lundi,Mardi,Mercredi,jeudi,Vendredi,Samedi,Dimanche}",1992,Prive - individuel,POINT (1.2953416666666666 9.057784999999999)
_mview_pepinieresem_pepinieres_semence.fid-2fb68024_1a0f82ccff9_7f0c,Plateaux,Wawa,Wawa 3,Doumé,ENYILAVASSE,Salim,Enyilavasse,"{Lundi,Mercredi,jeudi,Vendredi,Samedi,Mardi}",2020,Ne sait pas,POINT (0.7584183333333333 7.5634950000000005)
_mview_pepinieresem_pepinieres_semence.fid-2fb68024_1a0f82ccff9_7f0d,Centrale,Blitta,Blitta 1,Pagala-Gare,PAGALA RAIL,Pépinière Pagala Rail,Nsp,"{Lundi,Mardi,Mercredi,jeudi,Vendredi,Samedi,Dimanche}",2010,Prive - individuel,POINT (0.9593666666666666 8.172895)
_mview_pepinieresem_pepinieres_semence.fid-2fb68024_1a0f82ccff9_7f0e,Plateaux,Wawa,Wawa 1,Kpété-Béna,KPETE BIBI,Akakpo,Kpete Bibi,"{Lundi,Samedi,Vendredi,Mardi,Dimanche,Mercredi,jeudi}",2019,autre,POINT (0.6044833333333333 7.406128333333333)
_mview_pepinieresem_pepinieres_semence.fid-2fb68024_1a0f82ccff9_7f0f,Plateaux,Wawa,Wawa 1,Tomégbé,TOMEGBE,Tchassanti,Tomegbe Craf,"{Lundi,Mardi,Mercredi,jeudi,Samedi,Dimanche}",2019,Prive - individuel,POINT (0.5991133333333334 7.516041666666666)
_mview_pepinieresem_pepinieres_semence.fid-2fb68024_1a0f82ccff9_7f10,Centrale,Blitta,Blitta 1,Blitta,Koudjoouedè,Pépinière de Koudjooudè,Nsp,"{Lundi,Mardi,Mercredi,jeudi,Vendredi,Samedi,Dimanche}",2021,Prive - individuel,POINT (0.9894316666666667 8.320326666666666)
_mview_pepinieresem_pepinieres_semence.fid-2fb68024_1a0f82ccff9_7f11,Centrale,Blitta,Blitta 1,Blitta,KOUDJOOUDE,Pépinière de Koudjooudè,Nsp,"{Lundi,Mardi,jeudi,Mercredi,Vendredi,Samedi,Dimanche}",1990,Prive - individuel,POINT (0.9899533333333334 8.320058333333332)
_mview_pepinieresem_pepinieres_semence.fid-2fb68024_1a0f82ccff9_7f12,Centrale,Blitta,Blitta 1,Blitta,FAURE  COPE,Djato Fala,Nsp,"{Lundi,Mardi,Mercredi,jeudi,Vendredi,Samedi,Dimanche}",2020,Prive - individuel,POINT (1.0005300000000001 8.311683333333333)
_mview_pepinieresem_pepinieres_semence.fid-2fb68024_1a0f82ccff9_7f13,Centrale,Blitta,Blitta 1,Doufouli,Acarabou,Pépinière Acarabou,Doufouli Acarabou,"{Samedi,Vendredi,jeudi,Mercredi,Mardi,Lundi}",2016,Prive - individuel,POINT (0.93364 8.305096666666666)
_mview_pepinieresem_pepinieres_semence.fid-2fb68024_1a0f82ccff9_7f14,Centrale,Blitta,Blitta 1,Doufouli,Kompo,Pépinière  Eco Village ,Doufouli Eco Village ,"{Lundi,Mercredi,jeudi,Dimanche,Mardi,Vendredi,Samedi}",2022,Prive - individuel,POINT (0.9395100000000001 8.30633)
_mview_pepinieresem_pepinieres_semence.fid-2fb68024_1a0f82ccff9_7f15,Centrale,Blitta,Blitta 2,Agbandi,Agbandi mono,Pepinière d'agbandi Mono,Nsp,"{Lundi,Mardi,Mercredi,jeudi,Vendredi,Samedi,Dimanche}",2021,Prive - individuel,POINT (1.25986 8.24703)
_mview_pepinieresem_pepinieres_semence.fid-2fb68024_1a0f82ccff9_7f16,Centrale,Blitta,Blitta 2,Agbandi,Wissan,Pepinière de Wissan,Nsp,"{Lundi,Mardi,Mercredi,jeudi,Samedi,Dimanche,Vendredi}",2017,Prive - individuel,POINT (1.2640275327864083 8.189833412034456)
_mview_pepinieresem_pepinieres_semence.fid-2fb68024_1a0f82ccff9_7f17,Centrale,Blitta,Blitta 2,Agbandi,Wissan,Pepinière de Wissan ,Nsp,"{Dimanche,Samedi,Vendredi,jeudi,Mercredi,Mardi,Lundi}",2019,Prive - individuel,POINT (1.2623916666666666 8.192915)
_mview_pepinieresem_pepinieres_semence.fid-2fb68024_1a0f82ccff9_7f18,Centrale,Blitta,Blitta 3,Tintchro,RANCHE,Pepinière de Ranche,Nsp,"{Lundi,Mardi,Mercredi,Vendredi,jeudi,Samedi,Dimanche}",2019,Prive - individuel,POINT (0.7754549999999999 8.079183333333333)
_mview_pepinieresem_pepinieres_semence.fid-2fb68024_1a0f82ccff9_7f19,Centrale,Blitta,Blitta 3,Tintchro,Talaboumbi,Pepinière de Talaboumbi,Nsp,"{Lundi,Mardi,Mercredi,jeudi,Vendredi,Samedi,Dimanche}",2021,Prive - individuel,POINT (0.7300183333333333 8.057361666666667)
_mview_pepinieresem_pepinieres_semence.fid-2fb68024_1a0f82ccff9_7f1a,Centrale,Blitta,Blitta 3,Tintchro,TALABOUMBI ,Pepinière de Talaboumbi ,Nsp,"{Dimanche,Samedi,Vendredi,jeudi,Mercredi,Mardi,Lundi}",2020,Prive - individuel,POINT (0.7326733333333333 8.056491666666666)
_mview_pepinieresem_pepinieres_semence.fid-2fb68024_1a0f82ccff9_7f1b,Centrale,Blitta,Blitta 3,Tintchro,Koflo,Pépinière de Coflo,Nsp ,"{Dimanche,Samedi,Vendredi,jeudi,Mercredi,Mardi,Lundi}",2022,Prive - individuel,POINT (0.76082 8.130313333333334)
_mview_pepinieresem_pepinieres_semence.fid-2fb68024_1a0f82ccff9_7f1c,Centrale,Blitta,Blitta 3,Welly,PIDINA,Pepinière de Pidina,Nsp,"{Dimanche,Samedi,Vendredi,jeudi,Mercredi,Mardi,Lundi}",2021,Prive - individuel,POINT (0.8775133333333333 8.06868)
_mview_pepinieresem_pepinieres_semence.fid-2fb68024_1a0f82ccff9_7f1d,Centrale,Blitta,Blitta 3,Welly,PIDINA,Pepinière de Pidina,Nsp,"{Dimanche,Samedi,Vendredi,jeudi,Mercredi,Mardi,Lundi}",2017,Prive - individuel,POINT (0.8772116666666666 8.0681)
_mview_pepinieresem_pepinieres_semence.fid-2fb68024_1a0f82ccff9_7f1e,Centrale,Blitta,Blitta 3,Pagala-Village,Gonokoulom,Pépinière  Gonokouloum,Pagala Village  ,"{Lundi,Mardi,Mercredi,jeudi,Vendredi,Samedi,Dimanche}",2020,Prive - individuel,POINT (0.8816983333333333 8.212841666666666)
_mview_pepinieresem_pepinieres_semence.fid-2fb68024_1a0f82ccff9_7f1f,Centrale,Blitta,Blitta 3,Pagala-Village,Anamagnè ,Pépinière de Anamagnè ,Pagala Village Anamagnè ,"{Lundi,Mercredi,Vendredi,Mardi,jeudi,Samedi,Dimanche}",2015,Prive - individuel,POINT (0.8931349999999999 8.203955)
_mview_pepinieresem_pepinieres_semence.fid-2fb68024_1a0f82ccff9_7f20,Centrale,Blitta,Blitta 3,Pagala-Village,Odjeguè,Pépinière Odjèguè,Pagala Village  Odjeguè ,"{Lundi,Mercredi,jeudi,Mardi,Vendredi,Samedi,Dimanche}",2022,Prive - individuel,POINT (0.8608516666666667 8.207384999999999)
_mview_pepinieresem_pepinieres_semence.fid-2fb68024_1a0f82ccff9_7f21,Centrale,Blitta,Blitta 3,Tchifama,Lakignan Copé ,Pépinière de lakignan Copé ,Nsp ,"{Lundi,Mardi,Mercredi,jeudi,Vendredi,Samedi,Dimanche}",2021,Prive - individuel,POINT (0.7635116666666666 8.194923333333332)
_mview_pepinieresem_pepinieres_semence.fid-2fb68024_1a0f82ccff9_7f22,Centrale,Blitta,Blitta 3,Tchifama,Lakignan Copé ,Pépinière de lakignan Copé ,Nsp ,"{Dimanche,Samedi,Vendredi,jeudi,Mercredi,Mardi,Lundi}",2021,Prive - individuel,POINT (0.7637033333333334 8.196283333333334)
_mview_pepinieresem_pepinieres_semence.fid-2fb68024_1a0f82ccff9_7f23,Centrale,Blitta,Blitta 3,Atchintsè,ATCHINTSE ,Pépinière de Atchintse ,Nsp ,"{Lundi,Mercredi,Mardi,jeudi,Vendredi,Samedi,Dimanche}",2000,Prive - individuel,POINT (0.698545 8.025756666666666)
_mview_pepinieresem_pepinieres_semence.fid-2fb68024_1a0f82ccff9_7f24,Centrale,Blitta,Blitta 3,Diguengué,Aboussoum Copé ,Pépinière d'Aboussoum Copé ,Nsp ,"{Dimanche,Samedi,Vendredi,jeudi,Mercredi,Mardi,Lundi}",2022,Prive - individuel,POINT (0.65417 8.118251666666668)
_mview_pepinieresem_pepinieres_semence.fid-2fb68024_1a0f82ccff9_7f25,Centrale,Blitta,Blitta 3,Diguengué,Aboussoum Copé ,Pépinière de Aboussoum Copé ,Nsp ,"{Dimanche,Samedi,Vendredi,jeudi,Mercredi,Mardi,Lundi}",2020,Prive - individuel,POINT (0.64666 8.11857)
_mview_pepinieresem_pepinieres_semence.fid-2fb68024_1a0f82ccff9_7f26,Centrale,Blitta,Blitta 3,Diguengué,Aboussoum Copé ,Pépinière de Aboussoum Copé ,Nsp ,"{Dimanche,Samedi,Vendredi,jeudi,Mercredi,Mardi,Lundi}",2003,Prive - individuel,POINT (0.6477966666666667 8.103533333333333)
_mview_pepinieresem_pepinieres_semence.fid-2fb68024_1a0f82ccff9_7f27,Centrale,Blitta,Blitta 3,Yégué, YEGUE ,Pépinière de Yegue ,Nsp,"{Dimanche,Samedi,Vendredi,jeudi,Mercredi,Lundi,Mardi}",2018,Prive - individuel,POINT (0.6477683333333334 8.185923333333333)
_mview_pepinieresem_pepinieres_semence.fid-2fb68024_1a0f82ccff9_7f28,Centrale,Blitta,Blitta 3,Dikpéléou,LOMNAVA,Pépinière Lomnava ,Nsp,"{Lundi,Mardi,Mercredi,jeudi,Vendredi,Samedi,Dimanche}",2020,Prive - individuel,POINT (0.62575 8.186856666666667)
_mview_pepinieresem_pepinieres_semence.fid-2fb68024_1a0f82ccff9_7f29,Centrale,Blitta,Blitta 3,Katchenkè,Katchinké ,Pépinière de Katchinké ,Nsp ,"{Dimanche,Samedi,Vendredi,jeudi,Mercredi,Mardi,Lundi}",2022,Prive - individuel,POINT (0.7349863190622794 8.197998513211477)
_mview_pepinieresem_pepinieres_semence.fid-2fb68024_1a0f82ccff9_7f2a,Centrale,Blitta,Blitta 3,Katchenkè, KATCHENKE ,Pépinière de Katchenke ,Nsp,"{Dimanche,Samedi,Vendredi,jeudi,Mercredi,Mardi,Lundi}",2015,Prive - individuel,POINT (0.702255 8.202693333333334)
_mview_pepinieresem_pepinieres_semence.fid-2fb68024_1a0f82ccff9_7f2b,Centrale,Mô,Mô 1,Boulohou,LIMBRI,Pépinière Fre,Nsp,"{Dimanche,Samedi,Vendredi,jeudi,Mercredi,Mardi,Lundi}",2007,Prive - individuel,POINT (0.801955 8.702655)
_mview_pepinieresem_pepinieres_semence.fid-2fb68024_1a0f82ccff9_7f2c,Centrale,Sotouboua,Sotouboua 1,Sotouboua, TCHITCHAO,Kpassagda ,Tchitchao ,"{Lundi,Mardi,Mercredi,jeudi,Vendredi,Samedi,Dimanche}",2012,Prive - individuel,POINT (0.9888183333333332 8.559121666666666)
_mview_pepinieresem_pepinieres_semence.fid-2fb68024_1a0f82ccff9_7f2d,Centrale,Sotouboua,Sotouboua 1,Sotouboua,TCHITCHAO,Waibena,Tchitchao,"{Lundi,Mardi,Mercredi,jeudi,Vendredi,Samedi,Dimanche}",2012,Prive - individuel,POINT (1.0187150416163795 8.559386995617274)
_mview_pepinieresem_pepinieres_semence.fid-2fb68024_1a0f82ccff9_7f2e,Centrale,Sotouboua,Sotouboua 2,Tittigbe,TETEROU ,Pépinière Palitchala,Titigbe/teterou,"{Mardi,Lundi,Mercredi,jeudi,Vendredi,Samedi,Dimanche}",2007,Prive - individuel,POINT (1.1483033333333335 8.623153333333333)
_mview_pepinieresem_pepinieres_semence.fid-2fb68024_1a0f82ccff9_7f2f,Centrale,Sotouboua,Sotouboua 2,Aouda,Alabade,Pépinière Alabade,Nsp,"{Dimanche,Samedi,Vendredi,jeudi,Mercredi,Mardi,Lundi}",2022,Prive - entreprise,POINT (1.0523183333333332 8.726128333333332)
_mview_pepinieresem_pepinieres_semence.fid-2fb68024_1a0f82ccff9_7f30,Centrale,Sotouboua,Sotouboua 2,Kériadé,KATCHALIKADI,Pépinière Dieu Bénit,Katchalikadi,"{Lundi,Mardi,Mercredi,jeudi,Vendredi,Samedi,Dimanche}",2021,Prive - Collectivite coutumiere,POINT (0.856155 8.700510000000001)
_mview_pepinieresem_pepinieres_semence.fid-2fb68024_1a0f82ccff9_7f31,Centrale,Sotouboua,Sotouboua 2,Adjengré,TCHAOU,Marbowou,Adjengre -dépôt ,"{Lundi,Mardi,Mercredi,jeudi,Vendredi,Samedi,Dimanche}",2005,Prive - individuel,POINT (1.01352 8.645678333333333)
_mview_pepinieresem_pepinieres_semence.fid-2fb68024_1a0f82ccff9_7f32,Centrale,Mô,Mô 2,Saïboudè,GBANZAMBADE,Espoir ,Nsp,"{Dimanche,Samedi,Vendredi,jeudi,Mercredi,Mardi,Lundi}",2018,Prive - individuel,POINT (0.4889616666666667 8.598345)
_mview_pepinieresem_pepinieres_semence.fid-2fb68024_1a0f82ccff9_7f33,Centrale,Sotouboua,Sotouboua 3,Tchébébé,Lawayi,Pépinière de lawayi,Nsp,"{Dimanche,Samedi,Vendredi,jeudi,Mercredi,Mardi,Lundi}",2012,Prive - individuel,POINT (0.9638640292787735 8.38246758132658)
_mview_pepinieresem_pepinieres_semence.fid-2fb68024_1a0f82ccff9_7f34,Centrale,Tchaoudjo,Tchaoudjo 1,Kadambara,KPARATAO,Albani,Nsp,"{Lundi,Mardi,Mercredi,Vendredi,Samedi,jeudi,Dimanche}",2016,Prive - Collectivite coutumiere,POINT (1.191015 8.950078333333332)
_mview_pepinieresem_pepinieres_semence.fid-2fb68024_1a0f82ccff9_7f35,Centrale,Tchaoudjo,Tchaoudjo 1,Kadambara,KPARATAO ,Essowavakou,Nsp,"{Lundi,Mardi,Mercredi,jeudi,Vendredi,Samedi,Dimanche}",2018,Prive - Collectivite coutumiere,POINT (1.1911166666666666 8.951195)
_mview_pepinieresem_pepinieres_semence.fid-2fb68024_1a0f82ccff9_7f36,Centrale,Tchaoudjo,Tchaoudjo 1,Kadambara,SADA1,Essofale,Kadambara,"{Lundi,Mardi,Mercredi,jeudi,Vendredi,Samedi,Dimanche}",2015,Prive - individuel,POINT (1.2436216666666666 8.792978333333334)
_mview_pepinieresem_pepinieres_semence.fid-2fb68024_1a0f82ccff9_7f37,Centrale,Tchamba,Tchamba 3,Kaboli,ANGOSSO,Développement Solidarite Afrique,Nsp,"{Lundi,Mardi,Mercredi,jeudi,Vendredi,Samedi,Dimanche}",2020,Prive - individuel,POINT (1.6062816666666668 8.729629999999998)
_mview_pepinieresem_pepinieres_semence.fid-2fb68024_1a0f82ccff9_7f38,Centrale,Tchaoudjo,Tchaoudjo 1,Tchalo,TCHALO,Pépinière Unité de Foresterie Appliquée (UFA),Ufatogo@gmail.com,"{Lundi,Mardi,Mercredi,jeudi,Vendredi,Samedi,Dimanche}",2018,Prive - individuel,POINT (1.1180016666666668 8.9336)
_mview_pepinieresem_pepinieres_semence.fid-2fb68024_1a0f82ccff9_7f39,Centrale,Tchaoudjo,Tchaoudjo 1,Tchalo,TOMBOÏSSI,Pépinière Tomboïssi,Nsp,"{Dimanche,Samedi,Vendredi,jeudi,Mercredi,Mardi,Lundi}",2015,Prive - individuel,POINT (1.1341433333333333 8.910068333333333)
_mview_pepinieresem_pepinieres_semence.fid-2fb68024_1a0f82ccff9_7f3a,Centrale,Tchaoudjo,Tchaoudjo 1,Tchalo,Tchalo,L'arbre Sauve la Vie,Au Bord du Goudron National Numéro 1 à 100m du Fakala ,"{Lundi,Mardi,Mercredi,jeudi,Vendredi,Samedi,Dimanche}",2015,Prive - individuel,POINT (1.0998416666666666 8.913905)
_mview_pepinieresem_pepinieres_semence.fid-2fb68024_1a0f82ccff9_7f3b,Centrale,Tchaoudjo,Tchaoudjo 1,Tchalo,TCHALO,Pepiniere Dieu estGrand ,Pepiniere Fruitiere Dieu est Grand-tchalo,"{Lundi,Mardi,Mercredi,jeudi,Vendredi,Samedi,Dimanche}",2007,Prive - individuel,POINT (1.12067 8.935875000000001)
_mview_pepinieresem_pepinieres_semence.fid-2fb68024_1a0f82ccff9_7f3c,Centrale,Tchaoudjo,Tchaoudjo 3,Kolina,KOLINA,Essossina,Nsp,"{Lundi,Mardi,Mercredi,jeudi,Vendredi,Samedi,Dimanche}",2017,Prive - individuel,POINT (1.14566 9.108318333333333)
_mview_pepinieresem_pepinieres_semence.fid-2fb68024_1a0f82ccff9_7f3d,Centrale,Tchaoudjo,Tchaoudjo 1,Sokodè (Komah),KOMAH,Essodoguedowe,Komah,"{Lundi,Mardi,Mercredi,jeudi,Vendredi,Samedi}",2016,Prive - entreprise,POINT (1.1466888487036349 8.97570015623469)
_mview_pepinieresem_pepinieres_semence.fid-2fb68024_1a0f82ccff9_7f3e,Centrale,Tchaoudjo,Tchaoudjo 1,Sokodè (Komah),BAMABODOLO,DSF,Nsp,"{Lundi,Mardi,Mercredi,jeudi,Vendredi,Samedi}",2006,Prive - individuel,POINT (1.12099 9.004353333333334)
_mview_pepinieresem_pepinieres_semence.fid-2fb68024_1a0f82ccff9_7f3f,Centrale,Tchaoudjo,Tchaoudjo 1,Sokodè (Komah),BAMABODOLO ,Pepiniere Pont-bassar,Pont Bassar -bamabodolo,"{Lundi,Mardi,Mercredi,jeudi,Vendredi,Samedi,Dimanche}",1990,Prive - individuel,POINT (1.1201233333333334 9.00436)
_mview_pepinieresem_pepinieres_semence.fid-2fb68024_1a0f82ccff9_7f40,Centrale,Tchaoudjo,Tchaoudjo 1,Sokodè (Komah),TCHAVADE ,Albarka ,Tchavade ,"{Lundi,Mardi,Mercredi,jeudi,Vendredi,Samedi,Dimanche}",2014,Prive - entreprise,POINT (1.1938766666666667 9.008258333333334)
_mview_pepinieresem_pepinieres_semence.fid-2fb68024_1a0f82ccff9_7f41,Centrale,Tchaoudjo,Tchaoudjo 2,Lama-Tessi,KASSENA,Planete Verte,Nsp,"{Samedi,Dimanche,Vendredi,jeudi,Mercredi,Mardi,Lundi}",1994,Prive - individuel,POINT (1.0737667857082929 8.861071828613724)
_mview_pepinieresem_pepinieres_semence.fid-2fb68024_1a0f82ccff9_7f42,Centrale,Tchaoudjo,Tchaoudjo 2,Lama-Tessi,KASSENA,Pépinière Oxygène ,Nsp,"{Dimanche,Samedi,Vendredi,jeudi,Mercredi,Mardi,Lundi}",2003,Prive - individuel,POINT (1.079535 8.878106666666667)
_mview_pepinieresem_pepinieres_semence.fid-2fb68024_1a0f82ccff9_7f43,Centrale,Tchaoudjo,Tchaoudjo 2,Lama-Tessi,KASSENA-PONT ,Pepiniere CFIJ-togo,"Bp 365 Sokode, Carrefour Route Kpalafoulassi-route Nationale","{Lundi,Mardi,Mercredi,jeudi,Vendredi,Samedi,Dimanche}",2012,Prive - individuel,POINT (1.0894033333333333 8.914733333333334)
_mview_pepinieresem_pepinieres_semence.fid-2fb68024_1a0f82ccff9_7f44,Kara,Binah,Binah 1,Pitikita,KADARA,Kpema,91329040,"{Lundi,Mardi,Mercredi,jeudi,Vendredi,Samedi,Dimanche}",2016,Prive - individuel,POINT (1.2956299999999998 9.751585)
_mview_pepinieresem_pepinieres_semence.fid-2fb68024_1a0f82ccff9_7f45,Kara,Binah,Binah 1,Pitikita,KADARA,Pépinière Kawi,93929985,"{Lundi,Mardi,Mercredi,jeudi,Vendredi,Samedi,Dimanche}",2000,Prive - individuel,POINT (1.2853033333333332 9.749781666666667)
_mview_pepinieresem_pepinieres_semence.fid-2fb68024_1a0f82ccff9_7f46,Kara,Binah,Binah 1,Pitikita,KADARA,Pépinière Kpata,91346699,"{Lundi,Mardi,Mercredi,jeudi,Vendredi,Samedi,Dimanche}",2019,Prive - individuel,POINT (1.2840266666666666 9.750125)
_mview_pepinieresem_pepinieres_semence.fid-2fb68024_1a0f82ccff9_7f47,Kara,Binah,Binah 1,Pitikita,KADARA,Jardin de Awouri,Nsp ,"{Lundi,Mardi,Mercredi,jeudi,Vendredi,Samedi,Dimanche}",2007,Prive - Collectivite coutumiere,POINT (1.2941533333333333 9.755141666666667)
_mview_pepinieresem_pepinieres_semence.fid-2fb68024_1a0f82ccff9_7f48,Kara,Binah,Binah 1,Pitikita,KADARA,Jardin de Balouwa,Nsp,"{Lundi,Mardi,Mercredi,jeudi,Vendredi,Samedi,Dimanche}",1999,Prive - individuel,POINT (1.288415 9.750285)
_mview_pepinieresem_pepinieres_semence.fid-2fb68024_1a0f82ccff9_7f49,Kara,Binah,Binah 1,Pitikita,KADARA,Jardin de Baloua,Nsp ,"{Lundi,Mardi,Mercredi,jeudi,Vendredi,Samedi,Dimanche}",1999,Prive - individuel,POINT (1.2871766666666666 9.750186666666668)
_mview_pepinieresem_pepinieres_semence.fid-2fb68024_1a0f82ccff9_7f4a,Kara,Binah,Binah 1,Lama-Dessi,TCHIKAWA,Jardin Sema ,92545146,"{Lundi,Mardi,Mercredi,jeudi,Vendredi,Samedi,Dimanche}",2009,Prive - individuel,POINT (1.2794566666666665 9.704244999999998)
_mview_pepinieresem_pepinieres_semence.fid-2fb68024_1a0f82ccff9_7f4b,Kara,Binah,Binah 1,Lama-Dessi,TCHIKAWA,Jardin deandema ,91355576,"{Dimanche,Samedi,Vendredi,jeudi,Mercredi,Mardi,Lundi}",2014,Prive - individuel,POINT (1.2798083333333334 9.70333)
_mview_pepinieresem_pepinieres_semence.fid-2fb68024_1a0f82ccff9_7f4c,Kara,Binah,Binah 1,Lama-Dessi,TCHIKAWA,Jardin Toabalo,90421592,"{Dimanche,Samedi,Vendredi,jeudi,Mercredi,Mardi,Lundi}",2009,Prive - individuel,POINT (1.2814866666666667 9.703055)
_mview_pepinieresem_pepinieres_semence.fid-2fb68024_1a0f82ccff9_7f4d,Kara,Binah,Binah 1,Lama-Dessi,TCHIKAWA,Jardin Ouro,91353613,"{Dimanche,Samedi,Vendredi,jeudi,Mercredi,Mardi,Lundi}",2012,Prive - individuel,POINT (1.2822666574732688 9.703136773341368)
_mview_pepinieresem_pepinieres_semence.fid-2fb68024_1a0f82ccff9_7f4e,Kara,Binah,Binah 1,Lama-Dessi,TCHIKAWA,Jardin Nkpe ,92870630,"{Dimanche,Samedi,Vendredi,jeudi,Mercredi,Mardi,Lundi}",2012,Prive - individuel,POINT (1.282615 9.700468333333333)
_mview_pepinieresem_pepinieres_semence.fid-2fb68024_1a0f82ccff9_7f4f,Kara,Binah,Binah 1,Lama-Dessi,TCHIKAWA,Jardin Bleza ,90320483,"{Dimanche,Samedi,Vendredi,jeudi,Mercredi,Mardi,Lundi}",2021,Prive - individuel,POINT (1.2831383333333333 9.700636666666666)
_mview_pepinieresem_pepinieres_semence.fid-2fb68024_1a0f82ccff9_7f50,Kara,Binah,Binah 1,Lama-Dessi,TCHIKAWA,Jardin Djarou,91620949,"{Lundi,Mardi,jeudi,Vendredi,Samedi}",2005,Prive - individuel,POINT (1.2806983333333333 9.703681666666666)
_mview_pepinieresem_pepinieres_semence.fid-2fb68024_1a0f82ccff9_7f51,Kara,Binah,Binah 1,Lama-Dessi,TCHIKAWA,Jardin deandema,90735150 ,"{Dimanche,Samedi,Vendredi,jeudi,Mercredi,Mardi,Lundi}",2005,Prive - individuel,POINT (1.2772316666666665 9.706718333333333)
_mview_pepinieresem_pepinieres_semence.fid-2fb68024_1a0f82ccff9_7f52,Kara,Binah,Binah 1,Lama-Dessi,TCHIKAWA ,Jardin Sodo,98563750,"{Dimanche,Samedi,Vendredi,jeudi,Mercredi,Mardi,Lundi}",2010,Prive - individuel,POINT (1.2786016666666666 9.706336666666665)
_mview_pepinieresem_pepinieres_semence.fid-2fb68024_1a0f82ccff9_7f53,Kara,Binah,Binah 1,Lama-Dessi,TCHIKAWA ,Jardin Bamissa ,98198776,"{Dimanche,Samedi,Vendredi,jeudi,Mercredi,Mardi,Lundi}",2016,Prive - individuel,POINT (1.2764233333333335 9.715128333333332)
_mview_pepinieresem_pepinieres_semence.fid-2fb68024_1a0f82ccff9_7f54,Kara,Binah,Binah 1,Lama-Dessi,TCHIKAWA ,Jardin Litika,91892369,"{Dimanche,Samedi,Vendredi,jeudi,Mercredi,Mardi,Lundi}",2015,Prive - individuel,POINT (1.2761583333333335 9.712243333333333)
_mview_pepinieresem_pepinieres_semence.fid-2fb68024_1a0f82ccff9_7f55,Kara,Binah,Binah 1,Lama-Dessi,TCHIKAWA,Pépinière de Yayame,Nsp,"{Lundi,Mardi,Mercredi,jeudi,Vendredi,Samedi,Dimanche}",2015,Prive - individuel,POINT (1.2792383333333333 9.704825)
_mview_pepinieresem_pepinieres_semence.fid-2fb68024_1a0f82ccff9_7f56,Kara,Binah,Binah 1,Lama-Dessi,TCHIKAWA,Pépinière de Bokalabou,Nsp,"{Lundi,Mardi,Mercredi,jeudi,Vendredi,Samedi,Dimanche}",2010,Prive - individuel,POINT (1.2810033333333335 9.703048333333333)
_mview_pepinieresem_pepinieres_semence.fid-2fb68024_1a0f82ccff9_7f57,Kara,Binah,Binah 1,Lama-Dessi,TCHIKAWA,Pépinière Ayake,Nsp,"{Lundi,Mardi,Mercredi,jeudi,Vendredi,Samedi,Dimanche}",2018,Prive - individuel,POINT (1.2817433333333335 9.702656666666666)
_mview_pepinieresem_pepinieres_semence.fid-2fb68024_1a0f82ccff9_7f58,Kara,Binah,Binah 1,Lama-Dessi,TCHIKAWA,Pépinière de Ayaki,Nsp,"{Lundi,Mercredi,jeudi,Mardi,Vendredi,Samedi,Dimanche}",2016,Prive - individuel,POINT (1.2818316666666665 9.702521666666666)
_mview_pepinieresem_pepinieres_semence.fid-2fb68024_1a0f82ccff9_7f59,Kara,Binah,Binah 1,Lama-Dessi,TCHIKAWA,Pépinière de  deandema,Nsp,"{Lundi,Mardi,Mercredi,jeudi,Vendredi,Samedi,Dimanche}",2019,Prive - individuel,POINT (1.2818620299124033 9.702586616554067)
_mview_pepinieresem_pepinieres_semence.fid-2fb68024_1a0f82ccff9_7f5a,Kara,Binah,Binah 1,Lama-Dessi,TCHIKAWA,Pépinière de Pitaki,Nsp,"{Lundi,Mardi,Mercredi,jeudi,Vendredi,Samedi,Dimanche}",2016,Prive - individuel,POINT (1.2826083333333334 9.700268333333334)
_mview_pepinieresem_pepinieres_semence.fid-2fb68024_1a0f82ccff9_7f5b,Kara,Binah,Binah 1,Lama-Dessi,TCHIKAWA,Pépinière de N'kpai,Nsp,"{Lundi,Mardi,jeudi,Mercredi,Vendredi,Samedi,Dimanche}",2012,Prive - individuel,POINT (1.2828366666666668 9.701643333333333)
_mview_pepinieresem_pepinieres_semence.fid-2fb68024_1a0f82ccff9_7f5c,Kara,Binah,Binah 1,Lama-Dessi,TCHIKAWA,Pépinière de Patchirimsipa,Nsp,"{Lundi,Mardi,Mercredi,jeudi,Vendredi,Samedi,Dimanche}",2014,Prive - individuel,POINT (1.27826 9.70767)
_mview_pepinieresem_pepinieres_semence.fid-2fb68024_1a0f82ccff9_7f5d,Kara,Binah,Binah 1,Lama-Dessi,TCHIKAWA,Pépinière de Tchansi,92476067,"{Lundi,Mardi,Mercredi,jeudi,Vendredi,Samedi,Dimanche}",2017,Prive - individuel,POINT (1.2765783333333334 9.714795)
_mview_pepinieresem_pepinieres_semence.fid-2fb68024_1a0f82ccff9_7f5e,Kara,Binah,Binah 1,Lama-Dessi,TCHIKAWA,Pépinière de Fade,91212414,"{Lundi,Mardi,Mercredi,jeudi,Vendredi,Samedi,Dimanche}",2018,Prive - individuel,POINT (1.27666 9.713706666666667)
_mview_pepinieresem_pepinieres_semence.fid-2fb68024_1a0f82ccff9_7f5f,Kara,Binah,Binah 1,Lama-Dessi,TCHIKAWA,Pépinière de Possisso,91847371,"{Lundi,Mardi,Mercredi,jeudi,Vendredi,Samedi,Dimanche}",2015,Prive - individuel,POINT (1.2760166666666668 9.71185)
_mview_pepinieresem_pepinieres_semence.fid-2fb68024_1a0f82ccff9_7f60,Kara,Binah,Binah 1,Lama-Dessi,TCHIKAWA,Pépinière de Tchansi,Nsp,"{Lundi,Mardi,Mercredi,jeudi,Vendredi,Samedi,Dimanche}",2017,Prive - individuel,POINT (1.2764383333333331 9.71278)
_mview_pepinieresem_pepinieres_semence.fid-2fb68024_1a0f82ccff9_7f61,Kara,Binah,Binah 1,Lama-Dessi, SOMSIA,Jardin Kaleba,Nsp,"{Lundi,Mardi,jeudi,Mercredi,Vendredi,Samedi,Dimanche}",2014,Prive - individuel,POINT (1.3054704386446934 9.708885113252776)
_mview_pepinieresem_pepinieres_semence.fid-2fb68024_1a0f82ccff9_7f62,Kara,Binah,Binah 1,Pagouda,Somsia,Ali,Somsia,"{Lundi,Mardi,Mercredi,jeudi,Vendredi,Samedi,Dimanche}",2002,Prive - individuel,POINT (1.3116458860220026 9.712933839086372)
_mview_pepinieresem_pepinieres_semence.fid-2fb68024_1a0f82ccff9_7f63,Kara,Binah,Binah 1,Pagouda,Somsia,Lokou,Somsia,"{Lundi,Mardi,Mercredi,jeudi,Vendredi,Samedi,Dimanche}",2001-2002,Prive - individuel,POINT (1.309255 9.710616666666665)
_mview_pepinieresem_pepinieres_semence.fid-2fb68024_1a0f82ccff9_7f64,Kara,Binah,Binah 1,Pagouda,Somsia,Ali,Somsia,"{Lundi,Mardi,Mercredi,jeudi,Vendredi,Samedi,Dimanche}",2016,Prive - individuel,POINT (1.3101966666666667 9.710558333333333)
_mview_pepinieresem_pepinieres_semence.fid-2fb68024_1a0f82ccff9_7f65,Kara,Binah,Binah 1,Pagouda,Somsia,Koumoukoum,Somsia,"{Lundi,Mardi,Mercredi,jeudi,Vendredi,Samedi,Dimanche}",2002,Prive - individuel,POINT (1.3101783333333332 9.712259999999999)
_mview_pepinieresem_pepinieres_semence.fid-2fb68024_1a0f82ccff9_7f66,Kara,Binah,Binah 1,Pagouda,Somsia,Kamala,Somsia,"{Mardi,Mercredi,jeudi,Vendredi,Samedi,Dimanche}",2015,Prive - individuel,POINT (1.3109236994108193 9.712300104157316)
_mview_pepinieresem_pepinieres_semence.fid-2fb68024_1a0f82ccff9_7f67,Kara,Binah,Binah 1,Pagouda,Somsia,Kawila,Somsia,"{Lundi,Mardi,Mercredi,jeudi,Vendredi,Samedi}",2019,Prive - individuel,POINT (1.310575 9.712553333333334)
_mview_pepinieresem_pepinieres_semence.fid-2fb68024_1a0f82ccff9_7f68,Kara,Binah,Binah 1,Pagouda,Somsia,Hanga,Somsia,"{Lundi,Mardi,Mercredi,jeudi,Vendredi,Samedi}",2019,Prive - individuel,POINT (1.3110534903796236 9.712741728967812)
_mview_pepinieresem_pepinieres_semence.fid-2fb68024_1a0f82ccff9_7f69,Kara,Binah,Binah 1,Pagouda,Somsia,Koumoukoum,Somsia,"{Lundi,Mardi,Mercredi,jeudi,Vendredi,Samedi,Dimanche}",2002,Prive - individuel,POINT (1.310905 9.713441666666666)
_mview_pepinieresem_pepinieres_semence.fid-2fb68024_1a0f82ccff9_7f6a,Kara,Binah,Binah 1,Pagouda,Somsia,Yeneka,Somsia,"{Lundi,Mardi,Mercredi,jeudi,Vendredi,Samedi,Dimanche}",2002,Prive - individuel,POINT (1.3107532994685147 9.713076192026538)
_mview_pepinieresem_pepinieres_semence.fid-2fb68024_1a0f82ccff9_7f6b,Kara,Binah,Binah 1,Pagouda,Somsia,Apete,Somsia,"{Lundi,Mardi,Mercredi,jeudi,Vendredi,Samedi,Dimanche}",2002,Prive - individuel,POINT (1.312404638198567 9.713936430986914)
_mview_pepinieresem_pepinieres_semence.fid-2fb68024_1a0f82ccff9_7f6c,Kara,Binah,Binah 1,Pagouda,Somsia,Tchilabalo,Somsia,"{Lundi,Mardi,Mercredi,jeudi,Samedi,Vendredi,Dimanche}",2002,Prive - individuel,POINT (1.3109783333333334 9.713815)
_mview_pepinieresem_pepinieres_semence.fid-2fb68024_1a0f82ccff9_7f6d,Kara,Binah,Binah 1,Pagouda,Somsia,Koumanam,Somsia,"{Samedi,Vendredi,jeudi,Mercredi,Mardi,Lundi}",2007,Prive - individuel,POINT (1.3139532413883983 9.712280973416457)
_mview_pepinieresem_pepinieres_semence.fid-2fb68024_1a0f82ccff9_7f6e,Kara,Binah,Binah 1,Pagouda,Somsia,Abemouwe,Somsia,"{Lundi,Mardi,Mercredi,jeudi,Vendredi,Samedi}",2002,Prive - individuel,POINT (1.3057709813609266 9.70383124614751)
_mview_pepinieresem_pepinieres_semence.fid-2fb68024_1a0f82ccff9_7f6f,Kara,Binah,Binah 1,Pagouda,KAWA,Pépinière deadema,93952857,"{Lundi,Mardi,Mercredi,jeudi,Vendredi,Samedi,Dimanche}",1999,Prive - individuel,POINT (1.2894766666666666 9.73631)
_mview_pepinieresem_pepinieres_semence.fid-2fb68024_1a0f82ccff9_7f70,Kara,Binah,Binah 1,Pagouda,KAWA,Pépinière Donklam,70842427,"{Lundi,Mardi,Mercredi,jeudi,Vendredi,Samedi,Dimanche}",2021,Prive - individuel,POINT (1.2900516666666666 9.736838333333333)
_mview_pepinieresem_pepinieres_semence.fid-2fb68024_1a0f82ccff9_7f71,Kara,Binah,Binah 1,Pagouda,KAWA,Pépinière deabalo,91910970,"{Lundi,Mardi,Mercredi,jeudi,Vendredi,Samedi,Dimanche}",2012,Prive - individuel,POINT (1.2902566666666668 9.736898333333333)
_mview_pepinieresem_pepinieres_semence.fid-2fb68024_1a0f82ccff9_7f72,Kara,Binah,Binah 1,Pagouda,KAWA,Pépinière lemou,96964041,"{Lundi,Mardi,Mercredi,jeudi,Vendredi,Samedi,Dimanche}",2009,Prive - individuel,POINT (1.288915 9.736015)
_mview_pepinieresem_pepinieres_semence.fid-2fb68024_1a0f82ccff9_7f73,Kara,Binah,Binah 1,Pagouda,KAWA,Pépinière Aloba,91224521,"{Lundi,Mardi,Mercredi,jeudi,Vendredi,Samedi,Dimanche}",2014,Prive - individuel,POINT (1.2898500000000002 9.736521666666667)
_mview_pepinieresem_pepinieres_semence.fid-2fb68024_1a0f82ccff9_7f74,Kara,Binah,Binah 1,Pagouda, SOMSIA,Jardin Kawoula,Nsp,"{Lundi,Mardi,Mercredi,jeudi,Vendredi,Samedi,Dimanche}",2003,Prive - individuel,POINT (1.310642388220012 9.710684023627)
_mview_pepinieresem_pepinieres_semence.fid-2fb68024_1a0f82ccff9_7f75,Kara,Binah,Binah 1,Pagouda,KADJANGA ,Abalo,92286606,"{Dimanche,Samedi,Vendredi,jeudi,Mardi,Lundi}",2020,Prive - individuel,POINT (1.3589783333333334 9.724788333333333)
_mview_pepinieresem_pepinieres_semence.fid-2fb68024_1a0f82ccff9_7f76,Kara,Binah,Binah 1,Pagouda, SOMSIA,Jardin Poyodi,Nsp,"{Lundi,Mardi,Mercredi,jeudi,Vendredi,Samedi,Dimanche}",2022,autre,POINT (1.3084607143267446 9.710624991883604)
_mview_pepinieresem_pepinieres_semence.fid-2fb68024_1a0f82ccff9_7f77,Kara,Binah,Binah 1,Pagouda,SOMSIA,Jardin Payodi,Nsp,"{Lundi,Mardi,Mercredi,jeudi,Vendredi,Samedi,Dimanche}",2016,Prive - individuel,POINT (1.3107382372712149 9.709076432853731)
_mview_pepinieresem_pepinieres_semence.fid-2fb68024_1a0f82ccff9_7f78,Kara,Binah,Binah 1,Pagouda, SOMSIA,Jardin Kakona,Nsp,"{Lundi,Mardi,Mercredi,jeudi,Vendredi,Samedi,Dimanche}",2015,Prive - individuel,POINT (1.3099027512432957 9.713163759217688)
_mview_pepinieresem_pepinieres_semence.fid-2fb68024_1a0f82ccff9_7f79,Kara,Binah,Binah 1,Pagouda, SOMSIA,Jardin Batebana,Nsp,"{Lundi,Mardi,Mercredi,jeudi,Vendredi,Samedi,Dimanche}",2010,Prive - individuel,POINT (1.310766936790996 9.71629659833168)
_mview_pepinieresem_pepinieres_semence.fid-2fb68024_1a0f82ccff9_7f7a,Kara,Binah,Binah 1,Pagouda, SOMSIA,Jardin Batebana,Nsp,"{Lundi,Mardi,Mercredi,jeudi,Vendredi,Samedi,Dimanche}",2000,Prive - individuel,POINT (1.310289940090496 9.714423255712104)
_mview_pepinieresem_pepinieres_semence.fid-2fb68024_1a0f82ccff9_7f7b,Kara,Binah,Binah 1,Pagouda, SOMSIA,Jardin Tchilabalo,Nsp,"{Lundi,Mardi,Mercredi,Vendredi,jeudi,Samedi,Dimanche}",2003,Prive - individuel,POINT (1.3116725819503234 9.715064167081758)
_mview_pepinieresem_pepinieres_semence.fid-2fb68024_1a0f82ccff9_7f7c,Kara,Binah,Binah 1,Pagouda, SOMSIA,Jardin Pedessinam,Nsp,"{Lundi,Mardi,Mercredi,jeudi,Vendredi,Samedi,Dimanche}",2009,Prive - individuel,POINT (1.3125477025593055 9.71758623704172)
_mview_pepinieresem_pepinieres_semence.fid-2fb68024_1a0f82ccff9_7f7d,Kara,Binah,Binah 1,Pagouda, SOMSIA,Jardin Assignam,Nsp,"{Lundi,Mercredi,Mardi,jeudi,Vendredi,Samedi,Dimanche}",2004,Prive - individuel,POINT (1.3096103817235438 9.7265049500027)
_mview_pepinieresem_pepinieres_semence.fid-2fb68024_1a0f82ccff9_7f7e,Kara,Binah,Binah 1,Pagouda,KAGNIGADA ,Jardin Kamala,Nsp,"{Lundi,Mardi,Mercredi,jeudi,Vendredi,Samedi,Dimanche}",2008,Prive - individuel,POINT (1.3021540888264622 9.69609077410347)
_mview_pepinieresem_pepinieres_semence.fid-2fb68024_1a0f82ccff9_7f7f,Kara,Binah,Binah 1,Pagouda,KAWA,Jardin de Kadjobou,Nsp ,"{Lundi,Mardi,Mercredi,jeudi,Vendredi,Samedi,Dimanche}",2004,Prive - Collectivite coutumiere,POINT (1.289665 9.736356666666667)
_mview_pepinieresem_pepinieres_semence.fid-2fb68024_1a0f82ccff9_7f80,Kara,Binah,Binah 1,Pagouda,KAWA ,Jardin de Eba,Nsp ,"{Lundi,Mardi,Mercredi,jeudi,Vendredi,Samedi,Dimanche}",1999,autre,POINT (1.28992 9.736586666666666)
_mview_pepinieresem_pepinieres_semence.fid-2fb68024_1a0f82ccff9_7f81,Kara,Binah,Binah 1,Pagouda,KAWA,Jardin  de Kamessa,Nsp ,"{Lundi,Mardi,Mercredi,jeudi,Vendredi,Samedi,Dimanche}",2005,autre,POINT (1.2900966666666667 9.736661666666667)
_mview_pepinieresem_pepinieres_semence.fid-2fb68024_1a0f82ccff9_7f82,Kara,Binah,Binah 1,Pagouda, KAWA,Jardin  de Badjo,Nsp ,"{Lundi,Mardi,Mercredi,jeudi,Vendredi,Samedi,Dimanche}",2003,Prive - individuel,POINT (1.2905616666666666 9.736623333333334)
_mview_pepinieresem_pepinieres_semence.fid-2fb68024_1a0f82ccff9_7f83,Kara,Binah,Binah 1,Pagouda,KADJANGA,Bakana,90648448,"{Dimanche,Samedi,Vendredi,jeudi,Mercredi,Mardi,Lundi}",2010,Prive - individuel,POINT (1.3592766637338123 9.72168944369148)
_mview_pepinieresem_pepinieres_semence.fid-2fb68024_1a0f82ccff9_7f84,Kara,Binah,Binah 1,Pagouda,KADJANGA ,Wela,93634515,"{Dimanche,Samedi,Vendredi,jeudi,Mercredi,Mardi,Lundi}",2006,Prive - individuel,POINT (1.3593366666666666 9.723318333333333)
_mview_pepinieresem_pepinieres_semence.fid-2fb68024_1a0f82ccff9_7f85,Kara,Binah,Binah 1,Pagouda,KADJANGA ,Toutouwe Magnimadema,93612129,"{Dimanche,Samedi,Vendredi,jeudi,Mercredi,Mardi,Lundi}",2006,Prive - individuel,POINT (1.3592000000000002 9.723511666666667)
_mview_pepinieresem_pepinieres_semence.fid-2fb68024_1a0f82ccff9_7f86,Kara,Binah,Binah 1,Pagouda,KADJANGA ,Katawana,92672391,"{Dimanche,Samedi,Vendredi,jeudi,Mercredi,Mardi,Lundi}",2010,Prive - individuel,POINT (1.3588266666666666 9.722971666666666)
_mview_pepinieresem_pepinieres_semence.fid-2fb68024_1a0f82ccff9_7f87,Kara,Binah,Binah 1,Pagouda,KADJANGA ,Keleou ,93169107,"{Dimanche,Samedi,Vendredi,jeudi,Mercredi,Mardi,Lundi}",2006,Prive - individuel,POINT (1.3587866666666666 9.72441)
_mview_pepinieresem_pepinieres_semence.fid-2fb68024_1a0f82ccff9_7f88,Kara,Binah,Binah 1,Pagouda,KADJANGA ,Abalo ,92222662,"{Dimanche,Samedi,Vendredi,jeudi,Mercredi,Mardi,Lundi}",2009,Prive - individuel,POINT (1.35916 9.724726666666667)
_mview_pepinieresem_pepinieres_semence.fid-2fb68024_1a0f82ccff9_7f89,Kara,Binah,Binah 1,Pagouda,KADJANGA ,Tchoke,93174249,"{Dimanche,Samedi,Vendredi,jeudi,Mercredi,Mardi,Lundi}",2005,Prive - individuel,POINT (1.3583038228434399 9.725289182001948)
_mview_pepinieresem_pepinieres_semence.fid-2fb68024_1a0f82ccff9_7f8a,Kara,Binah,Binah 1,Pagouda,KADJANGA ,Keleou ,92719606,"{Dimanche,Samedi,Vendredi,jeudi,Mercredi,Mardi,Lundi}",2020,Prive - individuel,POINT (1.3569916666666666 9.728814999999999)
_mview_pepinieresem_pepinieres_semence.fid-2fb68024_1a0f82ccff9_7f8b,Kara,Binah,Binah 1,Pagouda,KADJANGA ,Ayara,90654602,"{Dimanche,Samedi,Vendredi,jeudi,Mercredi,Mardi,Lundi}",2000,Prive - individuel,POINT (1.3580266666666667 9.730608333333333)
_mview_pepinieresem_pepinieres_semence.fid-2fb68024_1a0f82ccff9_7f8c,Kara,Binah,Binah 1,Pagouda,KADJANGA ,Aloussou,97497782,"{Dimanche,Samedi,Vendredi,jeudi,Mercredi,Mardi,Lundi}",2000,Prive - individuel,POINT (1.35837 9.73123)
_mview_pepinieresem_pepinieres_semence.fid-2fb68024_1a0f82ccff9_7f8d,Kara,Binah,Binah 1,Pagouda,KADJANGA ,Aloussou,90599375,"{Dimanche,Samedi,Vendredi,jeudi,Mercredi,Mardi,Lundi}",2005,Prive - individuel,POINT (1.35877 9.731666666666666)
_mview_pepinieresem_pepinieres_semence.fid-2fb68024_1a0f82ccff9_7f8e,Kara,Binah,Binah 2,Kétao,KEMERIDA,Pépinière Fondou,Nsp,"{Lundi,Mardi,Mercredi,jeudi,Vendredi,Samedi,Dimanche}",2017,Prive - individuel,POINT (1.33295 9.659231666666667)
_mview_pepinieresem_pepinieres_semence.fid-2fb68024_1a0f82ccff9_7f8f,Kara,Binah,Binah 2,Kétao,Premier pont,Pépinière Bakode,Nsp,"{Lundi,Mardi,Mercredi,Vendredi,jeudi,Samedi,Dimanche}",Nsp,Prive - individuel,POINT (1.3326066666666667 9.659413333333333)
_mview_pepinieresem_pepinieres_semence.fid-2fb68024_1a0f82ccff9_7f90,Kara,Binah,Binah 2,Kétao,KEMERIDA,Pépinière Kodolou,Nsp,"{Lundi,Mardi,Mercredi,jeudi,Vendredi,Samedi,Dimanche}",2021,Prive - individuel,POINT (1.3326366666666667 9.659141666666667)
_mview_pepinieresem_pepinieres_semence.fid-2fb68024_1a0f82ccff9_7f91,Kara,Binah,Binah 2,Kétao,KEMERIDA,Pépinière Ple,Nsp,"{Lundi,Mardi,Mercredi,jeudi,Vendredi,Samedi,Dimanche}",2005,Prive - individuel,POINT (1.3332916666666668 9.65917)
_mview_pepinieresem_pepinieres_semence.fid-2fb68024_1a0f82ccff9_7f92,Kara,Binah,Binah 2,Kétao,KEMERIDA,Pépinière Pikpassowe,Nsp,"{Lundi,Mardi,Mercredi,jeudi,Vendredi,Samedi,Dimanche}",2007,Prive - individuel,POINT (1.3335446197063472 9.65926004402934)
_mview_pepinieresem_pepinieres_semence.fid-2fb68024_1a0f82ccff9_7f93,Kara,Binah,Binah 2,Kétao,KEMERIDA,Jardini de Fondo,Nsp ,"{Lundi,Mercredi,jeudi,Vendredi,Samedi,Dimanche}",2019,Prive - individuel,POINT (1.3330333333333333 9.657591666666667)
_mview_pepinieresem_pepinieres_semence.fid-2fb68024_1a0f82ccff9_7f94,Kara,Binah,Binah 2,Kétao,KEMERIDA ,Jardin de Bokobana ,Nsp ,"{Lundi,Mardi,Mercredi,jeudi,Vendredi,Samedi,Dimanche}",2002,Prive - individuel,POINT (1.3324616666666667 9.657651666666668)
_mview_pepinieresem_pepinieres_semence.fid-2fb68024_1a0f82ccff9_7f95,Kara,Binah,Binah 2,Kétao,KEMERIDA,Jardin Bokobana ,Nsp ,"{Lundi,Mardi,Mercredi,jeudi,Vendredi,Samedi,Dimanche}",2000,Prive - individuel,POINT (1.3326637085270152 9.656989234834104)
_mview_pepinieresem_pepinieres_semence.fid-2fb68024_1a0f82ccff9_7f96,Kara,Binah,Binah 2,Kétao,KEMERIDA ,Jardin de Bokobana ,Nsp ,"{Lundi,Mardi,Mercredi,jeudi,Vendredi,Samedi,Dimanche}",2002,Prive - individuel,POINT (1.3324150000000001 9.657273333333334)
_mview_pepinieresem_pepinieres_semence.fid-2fb68024_1a0f82ccff9_7f97,Kara,Binah,Binah 2,Kétao,KEMERIDA ,Jardin de Kikiba,Nsp ,"{Lundi,Mardi,Mercredi,jeudi,Vendredi,Samedi,Dimanche}",2007,autre,POINT (1.3324660894336686 9.657433579533487)
_mview_pepinieresem_pepinieres_semence.fid-2fb68024_1a0f82ccff9_7f98,Kara,Binah,Binah 2,Kétao,KEMERIDA ,Jardin de Dadja,Nsp ,"{Lundi,Mardi,Mercredi,jeudi,Vendredi,Samedi,Dimanche}",2007,Prive - individuel,POINT (1.3325558623635367 9.65668091806501)
_mview_pepinieresem_pepinieres_semence.fid-2fb68024_1a0f82ccff9_7f99,Kara,Kéran,Kéran 2,Ataloté,Barrage ,Pépinière des Légumes ,Au Bord du Barrage ,"{Lundi,Mardi,Mercredi,jeudi,Vendredi,Samedi,Dimanche}",2017,Nsp,POINT (0.9453999999999999 9.938806666666666)
_mview_pepinieresem_pepinieres_semence.fid-2fb68024_1a0f82ccff9_7f9a,Kara,Binah,Binah 2,Kétao,KEMERIDA ,Jardin de Ahala,Nsp ,"{Lundi,Mardi,Mercredi,jeudi,Vendredi,Samedi,Dimanche}",2015,Prive - individuel,POINT (1.3327 9.65721)
_mview_pepinieresem_pepinieres_semence.fid-2fb68024_1a0f82ccff9_7f9b,Kara,Dankpen,Dankpen 1,Katchamba,NAMOUKOU,Mide,98584885,"{Dimanche,Samedi,Vendredi,jeudi,Mercredi,Mardi,Lundi}",2021,Prive - individuel,POINT (0.5441266666666666 9.908291666666665)
_mview_pepinieresem_pepinieres_semence.fid-2fb68024_1a0f82ccff9_7f9c,Kara,Kéran,Kéran 3,Warengo,WARTEMA,Pépinière de Piment Gombo ,Wartema ,"{Lundi,Mardi,Mercredi,jeudi,Vendredi,Samedi,Dimanche}",2021,Prive - individuel,POINT (1.1118385376622977 10.080219264436275)
_mview_pepinieresem_pepinieres_semence.fid-2fb68024_1a0f82ccff9_7f9d,Kara,Doufelgou,Doufelgou 1,Koka,KATAMBOLO,JJK,A 5km de L'école de  Kantambolo,"{Lundi,Mardi,Mercredi,jeudi,Vendredi,Samedi,Dimanche}",2011,Prive - individuel,POINT (1.125155 9.781175)
_mview_pepinieresem_pepinieres_semence.fid-2fb68024_1a0f82ccff9_7f9e,Kara,Doufelgou,Doufelgou 3,Kadjalla,NACOCO ,Pépinière de Piment ,Nsp,"{Lundi,Mardi,Mercredi,jeudi,Vendredi,Samedi,Dimanche}",2018,Prive - individuel,POINT (0.8770433333333333 9.888698333333334)
_mview_pepinieresem_pepinieres_semence.fid-2fb68024_1a0f82ccff9_7f9f,Kara,Kéran,Kéran 2,Ataloté,ATALOTE,"Pepiniere Gombo Ademe, Tomates ",Atalote,"{Lundi,Mardi,Mercredi,jeudi,Vendredi,Samedi,Dimanche}",2020,Prive - individuel,POINT (0.9455383333333334 9.938381666666666)
_mview_pepinieresem_pepinieres_semence.fid-2fb68024_1a0f82ccff9_7fa0,Kara,Kéran,Kéran 2,Ataloté,ATALOTE,Pépinière de Légumes ,Atalote,"{Lundi,Mercredi,jeudi,Vendredi,Samedi,Dimanche}",2021,Prive - individuel,POINT (0.94529 9.93885)
_mview_pepinieresem_pepinieres_semence.fid-2fb68024_1a0f82ccff9_7fa1,Kara,Kéran,Kéran 2,Ataloté,ATALOTE,Pépinière  de Légumes ,Atalote,"{Lundi,Mardi,Mercredi,jeudi,Vendredi,Samedi,Dimanche}",2021,Prive - individuel,POINT (0.9454444344686055 9.93858226421413)
_mview_pepinieresem_pepinieres_semence.fid-2fb68024_1a0f82ccff9_7fa2,Kara,Kéran,Kéran 2,Ataloté,Barrage ,Aligan,Nsp,"{Lundi,Mardi,Mercredi,jeudi,Vendredi,Samedi,Dimanche}",2011,Prive - individuel,POINT (0.9458319126734879 9.938068279640113)
_mview_pepinieresem_pepinieres_semence.fid-2fb68024_1a0f82ccff9_7fa3,Kara,Kéran,Kéran 2,Ataloté,Barrage ,Pépinière  des Légumes ,Au Bord  du Barrage ,"{Lundi,Mardi,Mercredi,jeudi,Vendredi,Samedi,Dimanche}",2017,Domaine public de l Etat ou des collectivites territoriales,POINT (0.945665 9.938146666666666)
_mview_pepinieresem_pepinieres_semence.fid-2fb68024_1a0f82ccff9_7fa4,Kara,Kéran,Kéran 2,Ataloté,Barrage ,Pépinière des Légumes  ,Au Bord  du Barrage ,"{Lundi,Mardi,Mercredi,jeudi,Vendredi,Samedi,Dimanche}",2019,Domaine public de l Etat ou des collectivites territoriales,POINT (0.9445533333333334 9.937665)
_mview_pepinieresem_pepinieres_semence.fid-2fb68024_1a0f82ccff9_7fa5,Kara,Kéran,Kéran 2,Ataloté,Barrage ,Pépinière  des Légumes ,Au Bord  du Barrage ,"{Lundi,Mardi,Mercredi,jeudi,Vendredi,Samedi,Dimanche}",2017,Domaine public de l Etat ou des collectivites territoriales,POINT (0.944535 9.937763333333333)
_mview_pepinieresem_pepinieres_semence.fid-2fb68024_1a0f82ccff9_7fa6,Kara,Doufelgou,Doufelgou 2,Défalé,TAMDE,Pépinières de Semence ,Nsp,"{Lundi,Mardi,Mercredi,jeudi,Vendredi,Samedi,Dimanche}",1990,Prive - individuel,POINT (1.0879933333333334 9.890721666666668)
_mview_pepinieresem_pepinieres_semence.fid-2fb68024_1a0f82ccff9_7fa7,Kara,Doufelgou,Doufelgou 2,Kpaha,WIYA-ANIMA,Pépinières des Légumes ,Nsp,"{Lundi,Mardi,Mercredi,jeudi,Vendredi,Samedi,Dimanche}",2019,Prive - individuel,POINT (1.2018766666666667 9.888941666666666)
_mview_pepinieresem_pepinieres_semence.fid-2fb68024_1a0f82ccff9_7fa8,Kara,Kéran,Kéran 1,Kantè,Wartema,Tchamou ,Na Pas,"{Lundi,Mardi,Mercredi,jeudi,Vendredi,Samedi,Dimanche}",2021,Prive - individuel,POINT (1.0802033333333334 10.055641666666666)
_mview_pepinieresem_pepinieres_semence.fid-2fb68024_1a0f82ccff9_7fa9,Kara,Kéran,Kéran 1,Kantè,BASSAMBA,N'koue ,Bassamba,"{Dimanche,Samedi,Vendredi,jeudi,Mercredi,Lundi,Mardi}",2021,Prive - individuel,POINT (1.0989316666666666 10.031336666666666)
_mview_pepinieresem_pepinieres_semence.fid-2fb68024_1a0f82ccff9_7faa,Kara,Kéran,Kéran 1,Akpontè,TAKPAPIENI,lambima,Nsp,"{Lundi,Mardi,Mercredi,jeudi,Vendredi,Samedi,Dimanche}",2020,autre,POINT (0.8791233333333334 10.182473333333332)
_mview_pepinieresem_pepinieres_semence.fid-2fb68024_1a0f82ccff9_7fab,Kara,Kéran,Kéran 3,Koutougou,SOLLA,Pépinière de Piment Vert,Nsp,"{Lundi,Mardi,Mercredi,jeudi,Vendredi,Dimanche,Samedi}",2017,Prive - individuel,POINT (1.1677916666666666 10.028118333333333)
_mview_pepinieresem_pepinieres_semence.fid-2fb68024_1a0f82ccff9_7fac,Kara,Kéran,Kéran 1,Akpontè,TAKPAPIENE,lamboni,Nsp,"{Lundi,Mardi,Mercredi,jeudi,Vendredi,Samedi,Dimanche}",2020,autre,POINT (0.878665 10.181956666666668)
_mview_pepinieresem_pepinieres_semence.fid-2fb68024_1a0f82ccff9_7fad,Savanes,Oti,Oti 1,Mango,Tieba,Pépiniére de Bitcheketim,Nsp,"{Lundi,Mardi,Mercredi,jeudi,Vendredi,Samedi,Dimanche}",2017,Prive - individuel,POINT (0.4852466666666667 10.293496666666666)
_mview_pepinieresem_pepinieres_semence.fid-2fb68024_1a0f82ccff9_7fae,Kara,Kéran,Kéran 1,Akpontè,TAKPAPIENE,Mboma ,Nsp,"{Mardi,Lundi,Mercredi,jeudi,Vendredi,Samedi,Dimanche}",2018,Prive - individuel,POINT (0.8787016666666666 10.18121)
_mview_pepinieresem_pepinieres_semence.fid-2fb68024_1a0f82ccff9_7faf,Kara,Kéran,Kéran 1,Akpontè,TAKPAPIENI,lamboni Yao,Nsp,"{Lundi,Mercredi,Mardi,jeudi,Vendredi,Dimanche}",2021,Prive - individuel,POINT (0.8785924918137537 10.18092428300069)
_mview_pepinieresem_pepinieres_semence.fid-2fb68024_1a0f82ccff9_7fb0,Kara,Kéran,Kéran 1,Akpontè,N'GAMBI ,Djakpere,Nsp ,"{Lundi,Mardi,Mercredi,jeudi,Vendredi,Samedi,Dimanche}",2012,Prive - individuel,POINT (0.8775712141645932 10.182410034760832)
_mview_pepinieresem_pepinieres_semence.fid-2fb68024_1a0f82ccff9_7fb1,Kara,Kéran,Kéran 3,Koutougou,KOUGOU-SOLA,Sansamou,Kougou-sola,"{jeudi,Dimanche,Samedi,Vendredi,Mercredi,Mardi,Lundi}",2021,autre,POINT (1.1380933333333334 10.003123333333333)
_mview_pepinieresem_pepinieres_semence.fid-2fb68024_1a0f82ccff9_7fb2,Kara,Kéran,Kéran 3,Koutougou,TAPOUTE,Pépinière de Gombo ,Nsp,"{Lundi,Mardi,Mercredi,jeudi,Vendredi,Samedi,Dimanche}",2021,Prive - Collectivite coutumiere,POINT (1.2480566666666666 10.054798333333334)
_mview_pepinieresem_pepinieres_semence.fid-2fb68024_1a0f82ccff9_7fb3,Kara,Kéran,Kéran 3,Koutougou,TAPOUNTE,Pépinière de Piment ,Nsp,"{Lundi,Mardi,Mercredi,jeudi,Vendredi,Samedi,Dimanche}",2021,Prive - Collectivite coutumiere,POINT (1.2481200000000001 10.054621666666666)
_mview_pepinieresem_pepinieres_semence.fid-2fb68024_1a0f82ccff9_7fb4,Kara,Kéran,Kéran 3,Koutougou,LIPOULI,Sarfa,Nsp,"{Lundi,Mardi,Mercredi,jeudi,Vendredi,Dimanche}",2017,Prive - individuel,POINT (1.1779000000000002 10.060435)
_mview_pepinieresem_pepinieres_semence.fid-2fb68024_1a0f82ccff9_7fb5,Kara,Kéran,Kéran 3,Koutougou,SOLLA,Pépinière de Piment Vert,Nsp,"{Lundi,Mardi,jeudi,Mercredi,Vendredi,Samedi,Dimanche}",2017,Prive - individuel,POINT (1.168135 10.026286666666666)
_mview_pepinieresem_pepinieres_semence.fid-2fb68024_1a0f82ccff9_7fb6,Savanes,Oti,Oti 1,Mango,TIEBA,Tanagbelakpele,96595953,"{Lundi,Mardi,Mercredi,jeudi,Vendredi,Samedi,Dimanche}",2017,Prive - individuel,POINT (0.4840366231791773 10.29429953620351)
_mview_pepinieresem_pepinieres_semence.fid-2fb68024_1a0f82ccff9_7fb7,Savanes,Cinkassé,Cinkassé 1,Gouloungoussi,ZOUMBEKO,Pépinière de Zoumbeko,Cinkasse,"{Lundi,Mardi,Mercredi,jeudi,Vendredi,Samedi,Dimanche}",1930,Prive - individuel,POINT (-0.12429 11.110026666666666)
_mview_pepinieresem_pepinieres_semence.fid-2fb68024_1a0f82ccff9_7fb8,Savanes,Cinkassé,Cinkassé 1,Gouloungoussi,KOUPELGOU,Pépinière de Koupelgou,Cinkasse ,"{Dimanche,Samedi,Vendredi,jeudi,Mercredi,Mardi,Lundi}",1980,Prive - Collectivite coutumiere,POINT (-0.111385 11.097468333333332)
_mview_pepinieresem_pepinieres_semence.fid-2fb68024_1a0f82ccff9_7fb9,Savanes,Cinkassé,Cinkassé 1,Noaga,GNOUMAKO,Pépinière de Gnoumako,Cinkasse ,"{Dimanche,Samedi,jeudi,Vendredi,Mercredi,Mardi,Lundi}",1980,Prive - individuel,POINT (-0.1063116666666667 11.096053333333336)
_mview_pepinieresem_pepinieres_semence.fid-2fb68024_1a0f82ccff9_7fba,Savanes,Cinkassé,Cinkassé 1,Noaga,GANGAN,Pépinière de Gangan,Gnoaga ,"{Lundi,Mardi,Mercredi,jeudi,Vendredi,Samedi,Dimanche}",2010  ,Prive - individuel,POINT (-0.0973049822828571 11.100634322991683)
_mview_pepinieresem_pepinieres_semence.fid-2fb68024_1a0f82ccff9_7fbb,Savanes,Cinkassé,Cinkassé 1,Cinkassé,PIZOSGO,Pépinière de Baguiam,Néant,"{Lundi,Mardi,Mercredi,jeudi,Vendredi,Samedi,Dimanche}",2003,Prive - individuel,POINT (0.00369 11.096321666666665)
_mview_pepinieresem_pepinieres_semence.fid-2fb68024_1a0f82ccff9_7fbc,Savanes,Cinkassé,Cinkassé 1,Cinkassé,CINKASSE-SOMAYAF,Pépinière de Mensah,Néant,"{Lundi,Mardi,Mercredi,jeudi,Vendredi,Samedi,Dimanche}",2015,Prive - individuel,POINT (0.0266396088465893 11.096121586344434)
_mview_pepinieresem_pepinieres_semence.fid-2fb68024_1a0f82ccff9_7fbd,Savanes,Cinkassé,Cinkassé 1,Cinkassé,CINKASSE-SOMAYAF,Pépinière de Djalogue,Néant,"{Lundi,Mardi,Mercredi,jeudi,Vendredi,Samedi,Dimanche}",2015,Prive - individuel,POINT (0.0296733333333333 11.095028333333335)
_mview_pepinieresem_pepinieres_semence.fid-2fb68024_1a0f82ccff9_7fbe,Savanes,Cinkassé,Cinkassé 1,Cinkassé,CINKASSE-SOMAYEF,Pépinière de Erewa,Néant,"{Lundi,Mardi,Mercredi,jeudi,Vendredi,Samedi,Dimanche}",2021,Prive - individuel,POINT (0.0315765029056583 11.101086191583493)
_mview_pepinieresem_pepinieres_semence.fid-2fb68024_1a0f82ccff9_7fbf,Savanes,Cinkassé,Cinkassé 2,Nadjoundi,NASSONG,Jardin de Libidouk,Bas Fonds de Libidouk,"{Lundi,Mardi,Mercredi,jeudi,Vendredi,Dimanche,Samedi}",2000,Prive - individuel,POINT (0.2048883333333333 10.998723333333333)
_mview_pepinieresem_pepinieres_semence.fid-2fb68024_1a0f82ccff9_7fc0,Savanes,Cinkassé,Cinkassé 2,Timbou,LONLONGUE ,Migbare ,Nsp,"{Lundi,Mardi,Mercredi,jeudi,Vendredi,Dimanche,Samedi}",1991,Prive - individuel,POINT (0.1201466666666667 11.018461666666667)
_mview_pepinieresem_pepinieres_semence.fid-2fb68024_1a0f82ccff9_7fc1,Savanes,Cinkassé,Cinkassé 2,Timbou,KPALMATONGUE,Lare Damtote Yendoukoua ,Timbou/kpalmatongue,"{Lundi,Mardi,Mercredi,jeudi,Vendredi,Samedi,Dimanche}",1991,Prive - individuel,POINT (0.0923266666666667 11.031921666666666)
_mview_pepinieresem_pepinieres_semence.fid-2fb68024_1a0f82ccff9_7fc2,Savanes,Cinkassé,Cinkassé 2,Timbou,TIMBOU CENTRE ,Pépinière de Awoumi Winiwogo ,Timbou/timbou Centre ,"{Lundi,Mardi,Mercredi,jeudi,Vendredi,Samedi,Dimanche}",2005,autre,POINT (0.11181 11.031833333333335)
_mview_pepinieresem_pepinieres_semence.fid-2fb68024_1a0f82ccff9_7fc3,Savanes,Cinkassé,Cinkassé 2,Sam-Naba,SAFOBE 2,Pepiniere de Areouna,Néant,"{Lundi,Mardi,Mercredi,jeudi,Vendredi,Samedi,Dimanche}",1980,Prive - individuel,POINT (0.1268166666666667 11.0513)
_mview_pepinieresem_pepinieres_semence.fid-2fb68024_1a0f82ccff9_7fc4,Savanes,Cinkassé,Cinkassé 2,Sam-Naba,NASSERGOU,Plantation de lale,Néant,"{Lundi,Mardi,Mercredi,jeudi,Samedi,Vendredi,Dimanche}",2006,Prive - individuel,POINT (0.1221183333333333 11.081423333333332)
_mview_pepinieresem_pepinieres_semence.fid-2fb68024_1a0f82ccff9_7fc5,Savanes,Kpendjal,Kpendjal 1,Mandouri,MANDOFORET,Pépinière de Mensah,Néant,"{Lundi,Mardi,Mercredi,jeudi,Vendredi,Samedi,Dimanche}",2020,Prive - individuel,POINT (0.7810583333333334 10.857255000000002)
_mview_pepinieresem_pepinieres_semence.fid-2fb68024_1a0f82ccff9_7fc6,Savanes,Kpendjal-Ouest,Kpendjal-Ouest 1,Naki-Est,TCHAPIENI,lengue,Nsp,"{Lundi,Mardi,Mercredi,jeudi,Vendredi,Samedi,Dimanche}",2010,Prive - individuel,POINT (0.3547516666666667 10.714386666666666)
_mview_pepinieresem_pepinieres_semence.fid-2fb68024_1a0f82ccff9_7fc7,Savanes,Kpendjal-Ouest,Kpendjal-Ouest 1,Ogaro,Opingou,"Pépinière d'Eucalyptus ,Acacias , Karité, lesena",Opingou,"{Lundi,Mardi,Mercredi,jeudi,Vendredi,Samedi,Dimanche}",2007,Prive - individuel,POINT (0.421765 10.740778333333333)
_mview_pepinieresem_pepinieres_semence.fid-2fb68024_1a0f82ccff9_7fc8,Savanes,Kpendjal-Ouest,Kpendjal-Ouest 1,Ogaro,OGARO CENTRE,Pépinière de Plantes de Toate,Neant,"{Lundi,Mardi,Mercredi,jeudi,Vendredi,Samedi,Dimanche}",1990,Prive - individuel,POINT (0.46177 10.743773333333335)
_mview_pepinieresem_pepinieres_semence.fid-2fb68024_1a0f82ccff9_7fc9,Savanes,Kpendjal-Ouest,Kpendjal-Ouest 2,Papri,TOLANKATIKA 2,Pépinière de  Djama Tiembale ,Tambonga/tolankatika 2,"{Lundi,Mardi,Mercredi,jeudi,Vendredi,Samedi,Dimanche}",2001,Prive - individuel,POINT (0.441015 10.964256666666666)
_mview_pepinieresem_pepinieres_semence.fid-2fb68024_1a0f82ccff9_7fca,Savanes,Kpendjal-Ouest,Kpendjal-Ouest 2,Papri,PAPRI,Sambiani Lardja,Maraichage de Papri,"{Dimanche,Samedi,Vendredi,Lundi,Mardi,Mercredi,jeudi}",2005,Prive - individuel,POINT (0.4181166666666666 10.993466666666666)
_mview_pepinieresem_pepinieres_semence.fid-2fb68024_1a0f82ccff9_7fcb,Savanes,Kpendjal-Ouest,Kpendjal-Ouest 2,Papri,PAPRI,Pépinière de Tomate de Yaminte Bila,Maraîchage de  Papri,"{Dimanche,Samedi,Vendredi,jeudi,Lundi,Mardi,Mercredi}",2005,Prive - individuel,POINT (0.416545 10.992861666666666)
_mview_pepinieresem_pepinieres_semence.fid-2fb68024_1a0f82ccff9_7fcc,Savanes,Kpendjal-Ouest,Kpendjal-Ouest 2,Papri,PAPRI,Pépinière de Tomate de Tomate de Babougou,Maraichage de Papri,"{Dimanche,Samedi,Vendredi,jeudi,Mercredi,Lundi,Mardi}",2005,Prive - individuel,POINT (0.41634 10.992796666666667)
_mview_pepinieresem_pepinieres_semence.fid-2fb68024_1a0f82ccff9_7fcd,Savanes,Kpendjal-Ouest,Kpendjal-Ouest 2,Papri,PAPRI,Pépinière de Tomate de Togyandi Amade,Maraichage 1 de Papri,"{Dimanche,Samedi,Vendredi,jeudi,Lundi,Mardi,Mercredi}",2017,Prive - individuel,POINT (0.4252983333333333 10.990263333333333)
_mview_pepinieresem_pepinieres_semence.fid-2fb68024_1a0f82ccff9_7fce,Savanes,Kpendjal-Ouest,Kpendjal-Ouest 2,Namoundjoga,NABATIGA,Pépinière  Nabatiga,Nsp,"{Lundi,Mardi,Mercredi,jeudi,Vendredi,Samedi,Dimanche}",2021,Prive - individuel,POINT (0.4024635335372901 10.907905822133557)
_mview_pepinieresem_pepinieres_semence.fid-2fb68024_1a0f82ccff9_7fcf,Savanes,Tandjoaré,Tandjoaré 2,Sissiak,KOURDJAK,Pépinière de Dable,Kounfab,"{Dimanche,Samedi,Vendredi,jeudi,Mercredi,Mardi,Lundi}",2016,Prive - individuel,POINT (0.1625466666666667 10.77593)
_mview_pepinieresem_pepinieres_semence.fid-2fb68024_1a0f82ccff9_7fd0,Savanes,Tandjoaré,Tandjoaré 2,Sissiak,DORE,Pépinière de Manpini,Dore,"{Lundi,Mardi,Mercredi,jeudi,Vendredi,Samedi,Dimanche}",2000,autre,POINT (0.1008566666666667 10.717666666666666)
_mview_pepinieresem_pepinieres_semence.fid-2fb68024_1a0f82ccff9_7fd1,Savanes,Tandjoaré,Tandjoaré 2,Sissiak,DORE,Pépinière de Kolani,Dore,"{Lundi,Mardi,Mercredi,jeudi,Vendredi,Samedi,Dimanche}",1988,autre,POINT (0.1019833333333333 10.717691666666667)
_mview_pepinieresem_pepinieres_semence.fid-2fb68024_1a0f82ccff9_7fd2,Savanes,Kpendjal-Ouest,Kpendjal-Ouest 2,Pogno,SANSARGOU,Pépinière d'Oignon de Namdjeni,Sansargou Rivière,"{Lundi,Mardi,Mercredi,jeudi,Vendredi,Samedi,Dimanche}",2000,Prive - individuel,POINT (0.5141083333333333 10.974133333333334)
_mview_pepinieresem_pepinieres_semence.fid-2fb68024_1a0f82ccff9_7fd3,Savanes,Oti,Oti 1,Mango,FOMBORO,Ablaigba,91104846,"{Lundi,Mardi,Mercredi,jeudi,Vendredi,Samedi,Dimanche}",2021,Prive - individuel,POINT (0.4806066150613021 10.343475596482929)
_mview_pepinieresem_pepinieres_semence.fid-2fb68024_1a0f82ccff9_7fd4,Savanes,Oti,Oti 1,Mango,TIEBA,Sonsogniteke,Tieba ,"{Lundi,Mardi,Mercredi,jeudi,Vendredi,Samedi,Dimanche}",2019,Prive - individuel,POINT (0.4778783333333333 10.300176666666665)
_mview_pepinieresem_pepinieres_semence.fid-2fb68024_1a0f82ccff9_7fd5,Savanes,Oti,Oti 1,Mango,TIEBA,Tanagbelakpele,91798905,"{Lundi,Mardi,Mercredi,jeudi,Vendredi,Samedi,Dimanche}",2018,Prive - individuel,POINT (0.478205 10.300521666666667)
_mview_pepinieresem_pepinieres_semence.fid-2fb68024_1a0f82ccff9_7fd6,Savanes,Oti,Oti 1,Mango,TIEBA,Tanagbelakpele,91798905,"{Lundi,Mardi,Mercredi,jeudi,Vendredi,Samedi,Dimanche}",2018,Prive - individuel,POINT (0.4780716666666667 10.299748333333334)
_mview_pepinieresem_pepinieres_semence.fid-2fb68024_1a0f82ccff9_7fd7,Savanes,Oti,Oti 1,Mango,FOMBORO,Moumouni,92050011,"{Lundi,Mardi,Mercredi,jeudi,Vendredi,Samedi,Dimanche}",2017,Prive - individuel,POINT (0.48026 10.345641666666667)
_mview_pepinieresem_pepinieres_semence.fid-2fb68024_1a0f82ccff9_7fd8,Savanes,Oti,Oti 1,Mango,FOMBORO,Koukougan,90434636,"{Lundi,Mercredi,Mardi,jeudi,Vendredi,Samedi,Dimanche}",2000,Prive - individuel,POINT (0.4805585748003273 10.344516805381518)
_mview_pepinieresem_pepinieres_semence.fid-2fb68024_1a0f82ccff9_7fd9,Savanes,Oti,Oti 1,Mango,FOMBORO,Koumakaou,91994946,"{Lundi,Mardi,Mercredi,jeudi,Vendredi,Samedi,Dimanche}",2002,Prive - individuel,POINT (0.4804480773698315 10.346614711097589)
_mview_pepinieresem_pepinieres_semence.fid-2fb68024_1a0f82ccff9_7fda,Savanes,Oti,Oti 1,Mango,Mango,Jardin  Ikoe,Nsp,"{Lundi,Mardi,Mercredi,jeudi,Samedi,Dimanche,Vendredi}",2015,Prive - Collectivite coutumiere,POINT (0.46594 10.30903)
_mview_pepinieresem_pepinieres_semence.fid-2fb68024_1a0f82ccff9_7fdb,Savanes,Oti,Oti 1,Mango,Tieba ,Jardin Salifou,Nsp,"{Lundi,Mardi,Mercredi,jeudi,Vendredi,Samedi,Dimanche}",2004,Prive - individuel,POINT (0.4872 10.291586666666666)
_mview_pepinieresem_pepinieres_semence.fid-2fb68024_1a0f82ccff9_7fdc,Savanes,Oti,Oti 1,Mango,Magna,Jardin Adam,Nsp,"{Lundi,Mardi,Mercredi,jeudi,Vendredi,Samedi,Dimanche}",2018,Prive - individuel,POINT (0.4447216666666666 10.356863333333333)
_mview_pepinieresem_pepinieres_semence.fid-2fb68024_1a0f82ccff9_7fdd,Savanes,Oti,Oti 1,Mango,FOMBORO,Jardin Nafara,Nsp,"{Lundi,Mardi,Mercredi,jeudi,Vendredi,Samedi,Dimanche}",2017,Domaine public de l Etat ou des collectivites territoriales,POINT (0.480145 10.345445000000002)
_mview_pepinieresem_pepinieres_semence.fid-2fb68024_1a0f82ccff9_7fde,Savanes,Oti,Oti 1,Mango,Tieba,Pepiniere de Bitcheketim,Nsp,"{Lundi,Mardi,Vendredi,Mercredi,jeudi,Samedi,Dimanche}",2017,Prive - individuel,POINT (0.4847083333333334 10.293815)
_mview_pepinieresem_pepinieres_semence.fid-2fb68024_1a0f82ccff9_7fdf,Savanes,Oti,Oti 1,Mango,TIEBA,Sonsogniteke,93372671,"{Lundi,Mardi,Mercredi,jeudi,Vendredi,Samedi,Dimanche}",2019,Prive - individuel,POINT (0.4781883333333333 10.300366666666667)
_mview_pepinieresem_pepinieres_semence.fid-2fb68024_1a0f82ccff9_7fe0,Savanes,Oti,Oti 1,Mango,TIEBA,Sonsogniteke,93649826,"{Lundi,Mardi,Mercredi,jeudi,Vendredi,Samedi,Dimanche}",2021,Prive - individuel,POINT (0.4713616666666667 10.301983333333334)
_mview_pepinieresem_pepinieres_semence.fid-2fb68024_1a0f82ccff9_7fe1,Savanes,Oti,Oti 1,Mango,TIEBA,Sonsogniteke,93649826,"{Lundi,Mardi,Mercredi,jeudi,Vendredi,Samedi,Dimanche}",2021,Prive - individuel,POINT (0.4711933333333333 10.301755000000002)
_mview_pepinieresem_pepinieres_semence.fid-2fb68024_1a0f82ccff9_7fe2,Savanes,Oti,Oti 1,Mango,TIEBA,Tanagbelakpele,91053052,"{Lundi,Mardi,Mercredi,jeudi,Vendredi,Samedi,Dimanche}",2018,Prive - individuel,POINT (0.4844216666666667 10.293575)
_mview_pepinieresem_pepinieres_semence.fid-2fb68024_1a0f82ccff9_7fe3,Savanes,Oti,Oti 1,Mango,DJANGO,Komla,Nsp,"{Lundi,Mardi,Mercredi,jeudi,Vendredi,Samedi,Dimanche}",2004,Prive - individuel,POINT (0.480245 10.346103333333334)
_mview_pepinieresem_pepinieres_semence.fid-2fb68024_1a0f82ccff9_7fe4,Savanes,Oti,Oti 1,Mango,DJANGO,Pépinière Kokou,Nsp,"{Lundi,Mercredi,Mardi,jeudi,Vendredi,Dimanche}",2019,Prive - individuel,POINT (0.480435 10.346106666666666)
_mview_pepinieresem_pepinieres_semence.fid-2fb68024_1a0f82ccff9_7fe5,Savanes,Oti,Oti 1,Mango,KOUMAKAN,Pépinière de Kpebi,93252300,"{Lundi,Mercredi,Mardi,jeudi,Vendredi,Samedi,Dimanche}",2017,Prive - individuel,POINT (0.4807083333333334 10.346409999999999)
_mview_pepinieresem_pepinieres_semence.fid-2fb68024_1a0f82ccff9_7fe6,Savanes,Oti,Oti 1,Mango,KOUMAKAN,Pépinière de Kouna,Nsp,"{Lundi,Mardi,Mercredi,jeudi,Vendredi,Samedi,Dimanche}",2002,Prive - individuel,POINT (0.4806816666666667 10.346553333333333)
_mview_pepinieresem_pepinieres_semence.fid-2fb68024_1a0f82ccff9_7fe7,Savanes,Oti,Oti 1,Mango,KOUMAKAN,Pépinière de Chingari,Nsp,"{Lundi,Mardi,Mercredi,jeudi,Vendredi,Samedi,Dimanche}",2006,Prive - individuel,POINT (0.4807925945455747 10.346513685164712)
_mview_pepinieresem_pepinieres_semence.fid-2fb68024_1a0f82ccff9_7fe8,Savanes,Oti,Oti 1,Mango,Tieba,N'bangnala,Nsp,"{Lundi,Mardi,Mercredi,jeudi,Vendredi,Samedi}",2014,Prive - individuel,POINT (0.4796766666666666 10.297993333333332)
_mview_pepinieresem_pepinieres_semence.fid-2fb68024_1a0f82ccff9_7fe9,Savanes,Oti,Oti 1,Mango,Tieba,Tanagbelakpele,Nsp,"{Lundi,Mardi,Mercredi,jeudi,Vendredi,Samedi,Dimanche}",2005,Prive - individuel,POINT (0.4846816666666667 10.294101666666668)
_mview_pepinieresem_pepinieres_semence.fid-2fb68024_1a0f82ccff9_7fea,Savanes,Oti,Oti 1,Mango,Tieba,Sonsogniteke,Tieba,"{Lundi,Mardi,Mercredi,jeudi,Vendredi,Samedi,Dimanche}",2019,Prive - individuel,POINT (0.47823 10.300279999999999)
_mview_pepinieresem_pepinieres_semence.fid-2fb68024_1a0f82ccff9_7feb,Savanes,Oti,Oti 1,Mango,Fomboro,Nadawa,Fomboro,"{Dimanche,Samedi,Vendredi,jeudi,Mercredi,Mardi,Lundi}",2013,Prive - individuel,POINT (0.4804076077621096 10.344083509814887)
_mview_pepinieresem_pepinieres_semence.fid-2fb68024_1a0f82ccff9_7fec,Savanes,Oti,Oti 1,Mango,Fomboro,Koffi,Fomboro,"{Lundi,Mardi,Mercredi,jeudi,Vendredi,Samedi,Dimanche}",2019,Prive - individuel,POINT (0.480305 10.345904999999998)
_mview_pepinieresem_pepinieres_semence.fid-2fb68024_1a0f82ccff9_7fed,Savanes,Oti,Oti 1,Mango,Fomboro,Nafara,Fomboro,"{Lundi,Mardi,Mercredi,jeudi,Vendredi,Samedi,Dimanche}",2012,Prive - individuel,POINT (0.4804933333333333 10.344203333333333)
_mview_pepinieresem_pepinieres_semence.fid-2fb68024_1a0f82ccff9_7fee,Savanes,Oti,Oti 1,Mango,KOUMBÉLOTI ,Adi-abobli,Non Loin du Barrage ,"{Lundi,Mardi,Mercredi,jeudi,Samedi,Dimanche}",2011,Prive - individuel,POINT (0.477075 10.396573333333333)
_mview_pepinieresem_pepinieres_semence.fid-2fb68024_1a0f82ccff9_7fef,Savanes,Oti,Oti 1,Mango,KOUMBÉLOTI,Founalè,Nsp ,"{Lundi,Mardi,Mercredi,jeudi,Samedi}",2009,Domaine public de l Etat ou des collectivites territoriales,POINT (0.4785366666666667 10.402553333333334)
_mview_pepinieresem_pepinieres_semence.fid-2fb68024_1a0f82ccff9_7ff0,Savanes,Oti,Oti 1,Sadori,KPINGLE,Jardin Kpingle,Nsp,"{Lundi,Mardi,Mercredi,jeudi,Vendredi,Samedi,Dimanche}",2022,Prive - individuel,POINT (0.4271383333333333 10.29181)
_mview_pepinieresem_pepinieres_semence.fid-2fb68024_1a0f82ccff9_7ff1,Savanes,Oti,Oti 1,Sadori,SADORI,Jardin Tchadam,Nsp,"{Lundi,Mardi,jeudi,Mercredi,Vendredi,Samedi,Dimanche}",2021,Prive - individuel,POINT (0.4589166666666667 10.307754999999998)
_mview_pepinieresem_pepinieres_semence.fid-2fb68024_1a0f82ccff9_7ff2,Savanes,Oti,Oti 1,Sadori,N'dgessou,Jardin Koffi,Nsp,"{Lundi,Mardi,Mercredi,jeudi,Vendredi,Samedi,Dimanche}",2004,Ne sait pas,POINT (0.4308683333333334 10.291366666666667)
_mview_pepinieresem_pepinieres_semence.fid-2fb68024_1a0f82ccff9_7ff3,Savanes,Oti,Oti 1,Sadori,TIEBA,Pepiniere de Koni,Nsp,"{Lundi,Mardi,Mercredi,jeudi,Samedi,Vendredi,Dimanche}",2019,Prive - individuel,POINT (0.4230766666666667 10.29824)
_mview_pepinieresem_pepinieres_semence.fid-2fb68024_1a0f82ccff9_7ff4,Savanes,Oti,Oti 1,Sadori,NAGBAkOU,Afiemadjima,Nsp,"{Lundi,Mardi,Mercredi,jeudi,Vendredi,Samedi,Dimanche}",2008,Prive - individuel,POINT (0.4351833333333334 10.291525)
_mview_pepinieresem_pepinieres_semence.fid-2fb68024_1a0f82ccff9_7ff5,Savanes,Oti,Oti 1,Sadori,NAGBAkOU,Afiemadjima,Nsp,"{Lundi,Mardi,Mercredi,jeudi,Vendredi,Samedi,Dimanche}",2008,Prive - individuel,POINT (0.4330316666666666 10.292668333333333)
_mview_pepinieresem_pepinieres_semence.fid-2fb68024_1a0f82ccff9_7ff6,Savanes,Oti,Oti 1,Sadori,Nagbakou,Afiemadjima,Nsp,"{Lundi,Mardi,Mercredi,jeudi,Vendredi,Samedi,Dimanche}",2008,Prive - individuel,POINT (0.4330874307665458 10.29317003844608)
_mview_pepinieresem_pepinieres_semence.fid-2fb68024_1a0f82ccff9_7ff7,Savanes,Oti,Oti 1,Sadori,Nagbakou,Afiemadjima,Nsp,"{Lundi,Mardi,Mercredi,jeudi,Vendredi,Samedi,Dimanche}",2008,Prive - individuel,POINT (0.42966 10.291353333333332)
_mview_pepinieresem_pepinieres_semence.fid-2fb68024_1a0f82ccff9_7ff8,Savanes,Oti,Oti 1,Sadori,DJALONDJI,Aboudou,Nsp ,"{Lundi,Mercredi,jeudi,Vendredi,Samedi,Dimanche,Mardi}",2016,Prive - individuel,POINT (0.4476283333333334 10.204513333333333)
_mview_pepinieresem_pepinieres_semence.fid-2fb68024_1a0f82ccff9_7ff9,Savanes,Oti,Oti 1,Sadori,KAGBALE,Baba,Nsp ,"{Lundi,Mercredi,jeudi,Vendredi,Mardi,Samedi,Dimanche}",2016,Prive - individuel,POINT (0.4469766666666667 10.203798333333333)
_mview_pepinieresem_pepinieres_semence.fid-2fb68024_1a0f82ccff9_7ffa,Savanes,Oti,Oti 1,Sadori,KAGBALE,Agboglo,Nsp,"{Lundi,Mardi,Mercredi,jeudi,Vendredi,Samedi,Dimanche}",2019,autre,POINT (0.4503383333333333 10.204908333333332)
_mview_pepinieresem_pepinieres_semence.fid-2fb68024_1a0f82ccff9_7ffb,Savanes,Oti,Oti 1,Sadori,KAGBALE,Fambari,Nsp,"{Lundi,Mardi,Mercredi,jeudi,Vendredi,Samedi,Dimanche}",2013,autre,POINT (0.4507933333333333 10.204868333333334)
_mview_pepinieresem_pepinieres_semence.fid-2fb68024_1a0f82ccff9_7ffc,Savanes,Oti,Oti 1,Sadori,KAGBALE,Kodjo,Nsp,"{Lundi,Mardi,Mercredi,jeudi,Vendredi,Samedi,Dimanche}",2020,autre,POINT (0.4487133333333333 10.206171666666668)
_mview_pepinieresem_pepinieres_semence.fid-2fb68024_1a0f82ccff9_7ffd,Savanes,Oti,Oti 1,Sadori,KAGBALE,Agbenowossi,Nsp,"{Lundi,Mardi,Mercredi,jeudi,Vendredi,Samedi,Dimanche}",2020,autre,POINT (0.4486566666666666 10.205101666666668)
_mview_pepinieresem_pepinieres_semence.fid-2fb68024_1a0f82ccff9_7ffe,Savanes,Oti,Oti 1,Sadori,NAGBALE,Nankom,Nsp,"{Lundi,Mardi,Mercredi,jeudi,Vendredi,Samedi,Dimanche}",2018,Prive - Collectivite coutumiere,POINT (0.4564914680584 10.205508632021475)
_mview_pepinieresem_pepinieres_semence.fid-2fb68024_1a0f8324f77_-8000,Savanes,Oti,Oti 1,Faré,KOUMONGOU ,M'mafan,Nsp ,"{Lundi,Mardi,Mercredi,jeudi,Vendredi,Samedi,Dimanche}",2019,Prive - individuel,POINT (0.4207616666666666 10.187353333333334)
_mview_pepinieresem_pepinieres_semence.fid-2fb68024_1a0f8324f77_-7fff,Savanes,Oti,Oti 1,Faré,KOUMONGOU ,Bolapini,Nsp ,"{Lundi,Mardi,Mercredi,jeudi,Vendredi,Samedi,Dimanche}",2021,Prive - individuel,POINT (0.4207133333333333 10.18713)
_mview_pepinieresem_pepinieres_semence.fid-2fb68024_1a0f8324f77_-7ffe,Savanes,Oti,Oti 1,Faré,KOUMONGOU ,Tagnam,Nsp ,"{Lundi,Mardi,Mercredi,jeudi,Vendredi,Samedi,Dimanche}",2019,Prive - individuel,POINT (0.420225 10.187286666666667)
_mview_pepinieresem_pepinieres_semence.fid-2fb68024_1a0f8324f77_-7ffd,Savanes,Oti,Oti 1,Faré,KOUMONGOU ,Zekeri,Nsp ,"{Lundi,Mardi,Mercredi,jeudi,Vendredi,Samedi,Dimanche}",2021,Prive - individuel,POINT (0.4205383333333333 10.187486666666667)
_mview_pepinieresem_pepinieres_semence.fid-2fb68024_1a0f8324f77_-7ffc,Savanes,Oti,Oti 1,Faré,KOUMONGOU ,Koulalou,Nsp ,"{Lundi,Mardi,Mercredi,jeudi,Vendredi,Samedi,Dimanche}",2022,Prive - individuel,POINT (0.4207166666666666 10.187595)
_mview_pepinieresem_pepinieres_semence.fid-2fb68024_1a0f8324f77_-7ffb,Savanes,Oti,Oti 1,Faré,KOUMONGOU ,Gassoussi,Nsp ,"{Mardi,Mercredi,jeudi,Vendredi,Samedi,Dimanche,Lundi}",2020,Prive - individuel,POINT (0.41196 10.182243333333334)
_mview_pepinieresem_pepinieres_semence.fid-2fb68024_1a0f8324f77_-7ffa,Savanes,Oti,Oti 1,Faré,KOUMONGOU ,Tamadja,Nsp ,"{Lundi,Mardi,Mercredi,jeudi,Vendredi,Samedi,Dimanche}",2020,Prive - individuel,POINT (0.4119933333333333 10.182668333333334)
_mview_pepinieresem_pepinieres_semence.fid-2fb68024_1a0f8324f77_-7ff9,Savanes,Oti,Oti 1,Faré,KOUMONGOU ,Kobedji,Nsp ,"{Lundi,Mardi,Mercredi,jeudi,Vendredi,Samedi,Dimanche}",2021,Prive - individuel,POINT (0.412075 10.18266)
_mview_pepinieresem_pepinieres_semence.fid-2fb68024_1a0f8324f77_-7ff8,Savanes,Oti,Oti 1,Faré,KOUDOOU,Koumongou1,Nsp,"{Lundi,Mercredi,jeudi,Mardi,Vendredi,Samedi,Dimanche}",2019,Prive - Collectivite coutumiere,POINT (0.4199516666666667 10.18806)
_mview_pepinieresem_pepinieres_semence.fid-2fb68024_1a0f8324f77_-7ff7,Savanes,Oti,Oti 1,Faré,KOUDOOU,Koumongou2,Nsp,"{Lundi,Mardi,Mercredi,jeudi,Vendredi,Samedi,Dimanche}",2019,Prive - Collectivite coutumiere,POINT (0.4206316666666667 10.18814)
_mview_pepinieresem_pepinieres_semence.fid-2fb68024_1a0f8324f77_-7ff6,Savanes,Oti,Oti 1,Faré,KOUDOOU,Koumongou3,Nsp,"{Lundi,Mardi,Mercredi,jeudi,Vendredi,Samedi,Dimanche}",2017,autre,POINT (0.420715 10.188635)
_mview_pepinieresem_pepinieres_semence.fid-2fb68024_1a0f8324f77_-7ff5,Savanes,Oti,Oti 1,Faré,KOUDOOU,Koumongou4,Nsp,"{Lundi,Mardi,Mercredi,jeudi,Vendredi,Samedi,Dimanche}",2017,autre,POINT (0.42078 10.189095)
_mview_pepinieresem_pepinieres_semence.fid-2fb68024_1a0f8324f77_-7ff4,Savanes,Oti,Oti 1,Faré,KOUMONGOU,Koumongou10,Nsp,"{Lundi,Mardi,Mercredi,jeudi,Vendredi,Samedi,Dimanche}",2018,Prive - Collectivite coutumiere,POINT (0.411585 10.182275)
_mview_pepinieresem_pepinieres_semence.fid-2fb68024_1a0f8324f77_-7ff3,Savanes,Oti,Oti 1,Faré,KOUMONGOU,Koumongou12,Nsp,"{Lundi,Mardi,Mercredi,jeudi,Vendredi,Samedi,Dimanche}",2018,Prive - Collectivite coutumiere,POINT (0.41172 10.182025000000001)
_mview_pepinieresem_pepinieres_semence.fid-2fb68024_1a0f8324f77_-7ff2,Savanes,Oti,Oti 1,Faré,KOUMONGOU,Koumongou14,Nsp,"{Lundi,Mardi,Mercredi,jeudi,Vendredi,Samedi,Dimanche}",2018,Prive - Collectivite coutumiere,POINT (0.4118433333333333 10.181928333333333)
_mview_pepinieresem_pepinieres_semence.fid-2fb68024_1a0f8324f77_-7ff1,Savanes,Oti,Oti 2,Nagbéni,SOUMBOUNI,Plantation Kolani ,90535511,"{Lundi,Mardi,Mercredi,jeudi,Vendredi,Samedi}",2016,Prive - individuel,POINT (0.41605 10.620256666666668)
_mview_pepinieresem_pepinieres_semence.fid-2fb68024_1a0f8324f77_-7ff0,Savanes,Oti,Oti 2,Tchanaga,ATONTONDI,Kombate Alidou,Nsp,"{Lundi,Mardi,jeudi,Mercredi,Vendredi,Samedi,Dimanche}",2019,Prive - individuel,POINT (0.559525 10.501619999999999)
_mview_pepinieresem_pepinieres_semence.fid-2fb68024_1a0f8324f77_-7fef,Savanes,Oti,Oti 2,Tchanaga,TONTONDI,Kombiani Djinako,Nsp,"{Lundi,Mardi,jeudi,Vendredi,Samedi,Dimanche}",2012,Prive - individuel,POINT (0.551155 10.506218333333333)
_mview_pepinieresem_pepinieres_semence.fid-2fb68024_1a0f8324f77_-7fee,Savanes,Oti,Oti 2,Tchanaga,TONTONDI,Doukou,Nsp,"{Lundi,Mardi,Mercredi,jeudi,Vendredi,Samedi,Dimanche}",2021,Prive - individuel,POINT (0.5537383333333333 10.503345000000001)
_mview_pepinieresem_pepinieres_semence.fid-2fb68024_1a0f8324f77_-7fed,Savanes,Oti,Oti 2,Tchanaga,TONTONDI,Kolani ,Nsp ,"{Lundi,Mardi,Mercredi,jeudi,Vendredi,Samedi,Dimanche}",2019,Prive - individuel,POINT (0.5595483333333333 10.501735)
_mview_pepinieresem_pepinieres_semence.fid-2fb68024_1a0f8324f77_-7fec,Savanes,Oti,Oti 2,Tchanaga,TONTONDI,Kombiani,Nsp ,"{Lundi,Mardi,Mercredi,jeudi,Vendredi,Samedi,Dimanche}",2021,Prive - individuel,POINT (0.550975 10.506526666666666)
_mview_pepinieresem_pepinieres_semence.fid-2fb68024_1a0f8324f77_-7feb,Savanes,Oti,Oti 2,Tchanaga,TONTONDI,Kombate ,Nsp ,"{Lundi,Mardi,Mercredi,jeudi,Vendredi,Samedi,Dimanche}",2021,Prive - individuel,POINT (0.5377483333333333 10.507691666666664)
_mview_pepinieresem_pepinieres_semence.fid-2fb68024_1a0f8324f77_-7fea,Savanes,Oti,Oti 2,Tchanaga,TONTONDI,Mboma ,Nsp ,"{Lundi,Mardi,Mercredi,jeudi,Vendredi,Samedi,Dimanche}",2019,Prive - individuel,POINT (0.5346566892077674 10.508281787325982)
_mview_pepinieresem_pepinieres_semence.fid-2fb68024_1a0f8324f77_-7fe9,Savanes,Oti,Oti 2,Galangashie,FOMBORO,Pépinière Kolani,Nsp,"{Lundi,Mardi,Mercredi,jeudi,Vendredi,Samedi,Dimanche}",2018,Prive - individuel,POINT (0.36611 10.534044999999999)
_mview_pepinieresem_pepinieres_semence.fid-2fb68024_1a0f8324f77_-7fe8,Savanes,Oti-Sud,Oti-Sud 1,Sagbiebou,SIGBENGA,M'moile ,90476399,"{Lundi,Mardi,Mercredi,jeudi,Vendredi,Samedi,Dimanche}",2019,Prive - individuel,POINT (0.6497966666666667 10.277188333333333)
_mview_pepinieresem_pepinieres_semence.fid-2fb68024_1a0f8324f77_-7fe7,Savanes,Oti-Sud,Oti-Sud 1,Sagbiebou,SIGBENGA,Koffi,93694431,"{Lundi,Mercredi,jeudi,Vendredi,Samedi,Dimanche,Mardi}",2019,Prive - individuel,POINT (0.6497433333333333 10.277441666666666)
_mview_pepinieresem_pepinieres_semence.fid-2fb68024_1a0f8324f77_-7fe6,Savanes,Oti-Sud,Oti-Sud 1,Sagbiebou,SIGBENGA,Kola,70537319,"{Dimanche,Samedi,Vendredi,jeudi,Mercredi,Mardi,Lundi}",2019,Prive - individuel,POINT (0.6504150000000001 10.276891666666668)
_mview_pepinieresem_pepinieres_semence.fid-2fb68024_1a0f8324f77_-7fe5,Savanes,Oti-Sud,Oti-Sud 1,Sagbiebou,SIGBENGA,Kodjo ,97687563,"{Samedi,Vendredi,Dimanche,jeudi,Mercredi,Mardi,Lundi}",2019,Prive - individuel,POINT (0.6505416666666667 10.277071666666666)
_mview_pepinieresem_pepinieres_semence.fid-2fb68024_1a0f8324f77_-7fe4,Savanes,Oti-Sud,Oti-Sud 1,Sagbiebou,SIGBENGA,Koffi ,Nsp,"{Lundi,Mardi,Mercredi,jeudi,Vendredi,Samedi,Dimanche}",2019,Prive - Collectivite coutumiere,POINT (0.6500833333333333 10.277783333333334)
_mview_pepinieresem_pepinieres_semence.fid-2fb68024_1a0f8324f77_-7fe3,Savanes,Oti-Sud,Oti-Sud 1,Sagbiebou,SIGBENGA,Bougbeni,Ndp,"{Lundi,Mardi,Mercredi,jeudi,Vendredi,Samedi,Dimanche}",2018,Prive - Collectivite coutumiere,POINT (0.649665 10.277629999999998)
_mview_pepinieresem_pepinieres_semence.fid-2fb68024_1a0f8324f77_-7fe2,Savanes,Oti-Sud,Oti-Sud 1,Tchamonga,NIGALOKA,Magniboma Damtote,Nsp,"{Lundi,Mardi,Mercredi,jeudi,Vendredi,Samedi,Dimanche}",2020,Prive - individuel,POINT (0.5767883333333333 10.510145)
_mview_pepinieresem_pepinieres_semence.fid-2fb68024_1a0f8324f77_-7fe1,Savanes,Oti-Sud,Oti-Sud 1,Tchamonga,NIGALOKA,Douti Sanoka,Nsp,"{Lundi,Mardi,Mercredi,jeudi,Vendredi,Samedi,Dimanche}",2000,Prive - individuel,POINT (0.5766916666666667 10.510051666666667)
_mview_pepinieresem_pepinieres_semence.fid-2fb68024_1a0f8324f77_-7fe0,Savanes,Oti-Sud,Oti-Sud 1,Tchamonga,NIGALOKA,Chapongue,Nsp ,"{Lundi,Mardi,Mercredi,jeudi,Vendredi,Samedi,Dimanche}",2021,Prive - individuel,POINT (0.576565 10.510466666666666)
_mview_pepinieresem_pepinieres_semence.fid-2fb68024_1a0f8324f77_-7fdf,Savanes,Oti-Sud,Oti-Sud 1,Tchamonga,NIGALOKA,Mboma ,Nsp ,"{Lundi,Mardi,Mercredi,jeudi,Vendredi,Samedi,Dimanche}",2021,Prive - individuel,POINT (0.5766683333333333 10.50983)
_mview_pepinieresem_pepinieres_semence.fid-2fb68024_1a0f8324f77_-7fde,Savanes,Oti-Sud,Oti-Sud 1,Tchamonga,GBANGBAMONGOU,Moussa,Nsp,"{Lundi,Mardi,Mercredi,jeudi,Vendredi,Samedi,Dimanche}",2016,Prive - Collectivite coutumiere,POINT (0.6822391288796814 10.558032182113157)
_mview_pepinieresem_pepinieres_semence.fid-2fb68024_1a0f8324f77_-7fdd,Savanes,Oti-Sud,Oti-Sud 1,Tchamonga,GBANGBAMONGOU,Adamou,Nsp,"{Lundi,Mardi,Mercredi,jeudi,Vendredi,Samedi,Dimanche}",2016,Prive - Collectivite coutumiere,POINT (0.6821902272531752 10.557941077925681)
_mview_pepinieresem_pepinieres_semence.fid-2fb68024_1a0f8324f77_-7fdc,Savanes,Oti-Sud,Oti-Sud 1,Tchamonga,DJANKPENTING,Gablouk,Nsp,"{Lundi,Mardi,Mercredi,jeudi,Vendredi,Dimanche,Samedi}",2019,autre,POINT (0.6841983333333334 10.578678333333334)
_mview_pepinieresem_pepinieres_semence.fid-2fb68024_1a0f8324f77_-7fdb,Savanes,Oti-Sud,Oti-Sud 1,Tchamonga,DJANKPENTING,Tchankoum,Nsp,"{Lundi,Mardi,Mercredi,jeudi,Vendredi,Samedi,Dimanche}",2018,autre,POINT (0.6843698970524844 10.57758743201141)
_mview_pepinieresem_pepinieres_semence.fid-2fb68024_1a0f8324f77_-7fda,Savanes,Oti-Sud,Oti-Sud 1,Tchamonga,GBANGBAMONGOU,Kombate Alassane,Nsp,"{Lundi,Mardi,Mercredi,jeudi,Vendredi,Samedi,Dimanche}",2018,autre,POINT (0.682236782807777 10.558194254906098)
_mview_pepinieresem_pepinieres_semence.fid-2fb68024_1a0f8324f77_-7fd9,Savanes,Oti-Sud,Oti-Sud 1,Tchamonga,DJANKPENTING,Kombate Paul,Nsp,"{Lundi,Mardi,Mercredi,jeudi,Vendredi,Samedi,Dimanche}",2019,autre,POINT (0.684155736685782 10.578817938159293)
_mview_pepinieresem_pepinieres_semence.fid-2fb68024_1a0f8324f77_-7fd8,Savanes,Oti-Sud,Oti-Sud 1,Tchamonga,DJANKPENTING,Yarbondja,90735757,"{Lundi,Mardi,Mercredi,Vendredi,jeudi,Dimanche,Samedi}",2018,Prive - individuel,POINT (0.6817796727290311 10.582655174587707)
_mview_pepinieresem_pepinieres_semence.fid-2fb68024_1a0f8324f77_-7fd7,Savanes,Oti-Sud,Oti-Sud 1,Tchamonga,KPOKOU,Douhore,Nsp ,"{Lundi,Mardi,Mercredi,jeudi,Vendredi,Samedi,Dimanche}",2015,Prive - individuel,POINT (0.7131783333333334 10.490433333333332)
_mview_pepinieresem_pepinieres_semence.fid-2fb68024_1a0f8324f77_-7fd6,Savanes,Oti-Sud,Oti-Sud 1,Tchamonga,DJANKPENTING,Banle,993339213,"{Lundi,Mardi,Mercredi,jeudi,Vendredi,Samedi,Dimanche}",2018,Prive - individuel,POINT (0.6837633333333333 10.579071666666668)
_mview_pepinieresem_pepinieres_semence.fid-2fb68024_1a0f8324f77_-7fd5,Savanes,Oti-Sud,Oti-Sud 1,Gando,Gando barrage,Ajeape,Nsp,"{Lundi,Mardi,Mercredi,jeudi,Vendredi,Samedi,Dimanche}",2012,Prive - individuel,POINT (0.7440566666666667 10.33411)
_mview_pepinieresem_pepinieres_semence.fid-2fb68024_1a0f8324f77_-7fd4,Savanes,Oti-Sud,Oti-Sud 1,Gando,NINDJONKORGOU,Djabigou,Nsp,"{Lundi,Mardi,Mercredi,jeudi,Vendredi,Samedi,Dimanche}",2015,Prive - Collectivite coutumiere,POINT (0.7705116666666666 10.319118333333334)
_mview_pepinieresem_pepinieres_semence.fid-2fb68024_1a0f8324f77_-7fd3,Savanes,Oti-Sud,Oti-Sud 1,Gando,GBINGBESINGA,Tchanate,Nsp,"{Lundi,Mardi,Mercredi,jeudi,Vendredi,Samedi,Dimanche}",2012,autre,POINT (0.76845 10.313003333333334)
_mview_pepinieresem_pepinieres_semence.fid-2fb68024_1a0f8324f77_-7fd2,Savanes,Oti-Sud,Oti-Sud 1,Gando,NAMONI,lambima,Nsp,"{Lundi,Mardi,Mercredi,jeudi,Vendredi,Samedi,Dimanche}",2020,Prive - Collectivite coutumiere,POINT (0.7559616666666666 10.309493333333334)
_mview_pepinieresem_pepinieres_semence.fid-2fb68024_1a0f8324f77_-7fd1,Savanes,Oti-Sud,Oti-Sud 1,Gando,ABABORI,Douti,Nsp,"{Lundi,Mardi,Mercredi,jeudi,Vendredi,Samedi,Dimanche}",2013,autre,POINT (0.7486916666666666 10.316361666666667)
_mview_pepinieresem_pepinieres_semence.fid-2fb68024_1a0f8324f77_-7fd0,Savanes,Oti-Sud,Oti-Sud 1,Gando,N'GAMBI ,Ilokou,90490723,"{Lundi,Mardi,Mercredi,jeudi,Vendredi,Samedi,Dimanche}",2020,Prive - Collectivite coutumiere,POINT (0.84653 10.181896666666667)
_mview_pepinieresem_pepinieres_semence.fid-2fb68024_1a0f8324f77_-7fcf,Savanes,Oti-Sud,Oti-Sud 1,Gando,N'GAMBI ,Djoabi,Nsp ,"{Lundi,Mardi,Mercredi,jeudi,Vendredi,Samedi,Dimanche}",2018,Prive - Collectivite coutumiere,POINT (0.8468716666666667 10.181700000000001)
_mview_pepinieresem_pepinieres_semence.fid-2fb68024_1a0f8324f77_-7fce,Savanes,Oti-Sud,Oti-Sud 1,Gando,N'GAMBI ,Agolo,Nsp ,"{Lundi,Mardi,Mercredi,jeudi,Vendredi,Samedi,Dimanche}",2018,Prive - Collectivite coutumiere,POINT (0.8462483333333334 10.18206)
_mview_pepinieresem_pepinieres_semence.fid-2fb68024_1a0f8324f77_-7fcd,Savanes,Oti-Sud,Oti-Sud 1,Gando,N'GAMBI ,Kombate ,Nsp ,"{Lundi,Mardi,Mercredi,jeudi,Vendredi,Samedi,Dimanche}",2012,Prive - Collectivite coutumiere,POINT (0.8466583333333334 10.182448333333333)
_mview_pepinieresem_pepinieres_semence.fid-2fb68024_1a0f8324f77_-7fcc,Savanes,Oti-Sud,Oti-Sud 1,Gando,N'GAMBI ,Zondoga,Nsp ,"{Lundi,Mardi,Mercredi,jeudi,Vendredi,Samedi,Dimanche}",2019,Prive - Collectivite coutumiere,POINT (0.846905 10.181126666666668)
_mview_pepinieresem_pepinieres_semence.fid-2fb68024_1a0f8324f77_-7fcb,Savanes,Oti-Sud,Oti-Sud 1,Gando,N'GAMBI ,Nanta,92870859,"{Mardi,Lundi,Mercredi,jeudi,Vendredi,Samedi,Dimanche}",2004,Prive - Collectivite coutumiere,POINT (0.8460433333333334 10.180293333333333)
_mview_pepinieresem_pepinieres_semence.fid-2fb68024_1a0f8324f77_-7fca,Savanes,Oti-Sud,Oti-Sud 1,Gando,N'GAMBI ,Sambiani ,Nsp ,"{Lundi,Mardi,Mercredi,jeudi,Vendredi,Samedi,Dimanche}",2019,Prive - Collectivite coutumiere,POINT (0.8460566666666666 10.181965)
_mview_pepinieresem_pepinieres_semence.fid-2fb68024_1a0f8324f77_-7fc9,Savanes,Oti-Sud,Oti-Sud 1,Gando,N'GAMBI ,Gountenine,Nsp ,"{Lundi,Mardi,Mercredi,Vendredi,jeudi,Samedi,Dimanche}",2012,Prive - Collectivite coutumiere,POINT (0.8435158134712678 10.179173635955681)
_mview_pepinieresem_pepinieres_semence.fid-2fb68024_1a0f8324f77_-7fc8,Savanes,Oti-Sud,Oti-Sud 1,Gando,N/a,Djakpere,90490879,"{Lundi,Mardi,Mercredi,jeudi,Vendredi,Samedi,Dimanche}",2017,Prive - Collectivite coutumiere,POINT (0.8460116666666667 10.178656666666665)
_mview_pepinieresem_pepinieres_semence.fid-2fb68024_1a0f8324f77_-7fc7,Savanes,Oti-Sud,Oti-Sud 1,Gando,N'GAMBI ,Douti,90632282,"{Lundi,Mardi,Mercredi,jeudi,Vendredi,Samedi,Dimanche}",2005,Prive - Collectivite coutumiere,POINT (0.846145 10.177928333333334)
_mview_pepinieresem_pepinieres_semence.fid-2fb68024_1a0f8324f77_-7fc6,Savanes,Oti-Sud,Oti-Sud 2,Koumongou,NAGBALE,Ousmane,Nsp,"{Lundi,Mercredi,Mardi,jeudi,Vendredi,Samedi,Dimanche}",2018,Prive - Collectivite coutumiere,POINT (0.4564983333333333 10.204501666666665)
_mview_pepinieresem_pepinieres_semence.fid-2fb68024_1a0f8324f77_-7fc5,Savanes,Oti-Sud,Oti-Sud 2,Koumongou,NAGBALE,Tamandja,Nsp,"{Lundi,Mardi,Mercredi,jeudi,Vendredi,Samedi,Dimanche}",2018,Prive - Collectivite coutumiere,POINT (0.456535 10.204851666666666)
_mview_pepinieresem_pepinieres_semence.fid-2fb68024_1a0f8324f77_-7fc4,Savanes,Oti-Sud,Oti-Sud 2,Koumongou,NAGBALE,Dangourou,Nsp,"{Lundi,Mardi,Mercredi,Vendredi,Samedi,Dimanche,jeudi}",2020,autre,POINT (0.4567133333333333 10.204893333333333)
_mview_pepinieresem_pepinieres_semence.fid-2fb68024_1a0f8324f77_-7fc3,Savanes,Oti-Sud,Oti-Sud 2,Koumongou,NAGBALE,Mamaya,Nsp,"{Lundi,Mardi,Mercredi,jeudi,Vendredi,Samedi,Dimanche}",2020,Prive - Collectivite coutumiere,POINT (0.4583716666666667 10.205639999999999)
_mview_pepinieresem_pepinieres_semence.fid-2fb68024_1a0f8324f77_-7fc2,Savanes,Oti-Sud,Oti-Sud 2,Koumongou,NAGBALE,Outcho,Nsp,"{Lundi,Mardi,Mercredi,jeudi,Vendredi,Samedi,Dimanche}",2017,Prive - Collectivite coutumiere,POINT (0.46005 10.206863333333333)
_mview_pepinieresem_pepinieres_semence.fid-2fb68024_1a0f8324f77_-7fc1,Savanes,Oti-Sud,Oti-Sud 2,Koumongou,NAGBALE,Adjiko,Nsp,"{Lundi,Mardi,Mercredi,jeudi,Vendredi,Samedi,Dimanche}",2018,Prive - Collectivite coutumiere,POINT (0.456265 10.204808333333334)
_mview_pepinieresem_pepinieres_semence.fid-2fb68024_1a0f8324f77_-7fc0,Savanes,Oti-Sud,Oti-Sud 2,Koumongou,NANIKI,Tafitime,Nsp,"{Lundi,Mardi,Mercredi,jeudi,Vendredi,Samedi,Dimanche}",2017,autre,POINT (0.4719966666666667 10.196781666666668)
_mview_pepinieresem_pepinieres_semence.fid-2fb68024_1a0f8324f77_-7fbf,Savanes,Oti-Sud,Oti-Sud 2,Koumongou,NANIKI,Mounirou,Nsp,"{Mardi,Lundi,Mercredi,jeudi,Vendredi,Samedi,Dimanche}",2017,autre,POINT (0.47202 10.197108333333334)
_mview_pepinieresem_pepinieres_semence.fid-2fb68024_1a0f8324f77_-7fbe,Savanes,Oti-Sud,Oti-Sud 2,Koumongou,NANIKI,Kom,Nsp,"{Lundi,Mardi,Mercredi,jeudi,Vendredi,Samedi,Dimanche}",2019,autre,POINT (0.4724383333333334 10.196069999999999)
_mview_pepinieresem_pepinieres_semence.fid-2fb68024_1a0f8324f77_-7fbd,Savanes,Oti-Sud,Oti-Sud 2,Koumongou,NANIKI,Fousseni,Nsp,"{Lundi,Mardi,Mercredi,jeudi,Vendredi,Samedi,Dimanche}",2017,Prive - Collectivite coutumiere,POINT (0.4776166666666667 10.195023333333333)
_mview_pepinieresem_pepinieres_semence.fid-2fb68024_1a0f8324f77_-7fbc,Savanes,Oti-Sud,Oti-Sud 2,Koumongou,NANIKI,Bafindime,Nsp,"{Mardi,Lundi,Mercredi,Vendredi,Samedi,Dimanche,jeudi}",2021,Prive - Collectivite coutumiere,POINT (0.4771583333333334 10.201461666666667)
_mview_pepinieresem_pepinieres_semence.fid-2fb68024_1a0f8324f77_-7fbb,Savanes,Oti-Sud,Oti-Sud 2,Koumongou,NANIKI,Kossi,Nsp,"{Lundi,Mardi,Mercredi,jeudi,Vendredi,Samedi,Dimanche}",2019,autre,POINT (0.480045 10.20163)
_mview_pepinieresem_pepinieres_semence.fid-2fb68024_1a0f8324f77_-7fba,Savanes,Oti-Sud,Oti-Sud 2,Koumongou,NANIKI,Kokou,Nso,"{Lundi,Mardi,Mercredi,jeudi,Vendredi,Samedi,Dimanche}",2017,autre,POINT (0.4805933333333333 10.201613333333334)
_mview_pepinieresem_pepinieres_semence.fid-2fb68024_1a0f8324f77_-7fb9,Savanes,Oti-Sud,Oti-Sud 2,Koumongou,NANIKI,Bindou,Nsp,"{Lundi,Mardi,Mercredi,jeudi,Vendredi,Samedi,Dimanche}",2021,autre,POINT (0.4814066666666666 10.201818333333334)
_mview_pepinieresem_pepinieres_semence.fid-2fb68024_1a0f8324f77_-7fb8,Savanes,Oti-Sud,Oti-Sud 2,Kountoire,MABOUGOU,Doure,92376728,"{Lundi,Mercredi,jeudi,Vendredi,Samedi,Dimanche}",2021,Prive - individuel,POINT (0.6427466666666667 10.185396666666666)
_mview_pepinieresem_pepinieres_semence.fid-2fb68024_1a0f8324f77_-7fb7,Savanes,Oti-Sud,Oti-Sud 2,Koumongou,NANIKI,Soulemane,Nsp,"{Lundi,Mardi,Mercredi,jeudi,Vendredi,Samedi,Dimanche}",2021,Prive - Collectivite coutumiere,POINT (0.4817333333333334 10.201855)
_mview_pepinieresem_pepinieres_semence.fid-2fb68024_1a0f8324f77_-7fb6,Savanes,Oti-Sud,Oti-Sud 2,Kountoire,MABOUGOU,Baldjoa,92627565,"{Lundi,Mardi,Mercredi,jeudi,Vendredi,Samedi,Dimanche}",2010,Prive - individuel,POINT (0.64848 10.181878333333334)
_mview_pepinieresem_pepinieres_semence.fid-2fb68024_1a0f8324f77_-7fb5,Savanes,Oti-Sud,Oti-Sud 2,Kountoire,MABOUGOU,Baldjoa,92627565,"{Lundi,Mardi,Mercredi,jeudi,Vendredi,Samedi,Dimanche}",2010,Prive - individuel,POINT (0.6483450000000001 10.181338333333334)
_mview_pepinieresem_pepinieres_semence.fid-2fb68024_1a0f8324f77_-7fb4,Savanes,Oti-Sud,Oti-Sud 2,Kountoire,MABOUGOU,Baldjoa,Nsp,"{Lundi,Mardi,Mercredi,jeudi,Vendredi,Samedi,Dimanche}",2012,Prive - individuel,POINT (0.648545 10.180868333333333)
_mview_pepinieresem_pepinieres_semence.fid-2fb68024_1a0f8324f77_-7fb3,Savanes,Oti-Sud,Oti-Sud 2,Kountoire,MABOUGOU,Amadou,S/c 92627565,"{Lundi,Mercredi,Mardi,jeudi,Vendredi,Samedi,Dimanche}",2019,Prive - individuel,POINT (0.6493033333333333 10.181041666666665)
_mview_pepinieresem_pepinieres_semence.fid-2fb68024_1a0f8324f77_-7fb2,Savanes,Oti-Sud,Oti-Sud 2,Kountoire,MABOUGOU,Moukari,70459153,"{Lundi,Mardi,Mercredi,jeudi,Vendredi,Samedi,Dimanche}",2018,Prive - individuel,POINT (0.649265 10.182646666666667)
_mview_pepinieresem_pepinieres_semence.fid-2fb68024_1a0f8324f77_-7fb1,Savanes,Oti-Sud,Oti-Sud 2,Kountoire,MABOUGOU,Idrissou,93810373,"{Mardi,Mercredi,Lundi,jeudi,Vendredi,Samedi,Dimanche}",2021,Prive - individuel,POINT (0.6477650218666959 10.183653930666921)
_mview_pepinieresem_pepinieres_semence.fid-2fb68024_1a0f8324f77_-7fb0,Savanes,Oti-Sud,Oti-Sud 2,Kountoire,MABOUGOU,Yemdago,90970999,"{Lundi,Mardi,Mercredi,jeudi,Vendredi,Samedi,Dimanche}",2018,Prive - individuel,POINT (0.6465683333333333 10.184823333333332)
_mview_pepinieresem_pepinieres_semence.fid-2fb68024_1a0f8324f77_-7faf,Savanes,Oti-Sud,Oti-Sud 2,Kountoire,MABOUGOU,Oubda,99181962,"{Lundi,Mardi,Mercredi,jeudi,Vendredi,Samedi,Dimanche}",2021,Prive - individuel,POINT (0.6423916666666667 10.185608333333333)
_mview_pepinieresem_pepinieres_semence.fid-2fb68024_1a0f8324f77_-7fae,Savanes,Oti-Sud,Oti-Sud 2,Kountoire,MABOUGOU,Douti,93807052,"{Dimanche,Samedi,Vendredi,jeudi,Mercredi,Mardi,Lundi}",2021,Prive - individuel,POINT (0.642925 10.185253333333332)
_mview_pepinieresem_pepinieres_semence.fid-2fb68024_1a0f8324f77_-7fad,Savanes,Oti-Sud,Oti-Sud 2,Kountoire,MABOUGOU,N'touama,92440330,"{Dimanche,Samedi,Vendredi,jeudi,Mercredi,Mardi,Lundi}",2021,Prive - individuel,POINT (0.6415466666666667 10.186343333333333)
_mview_pepinieresem_pepinieres_semence.fid-2fb68024_1a0f8324f77_-7fac,Savanes,Oti-Sud,Oti-Sud 2,Kountoire,MABOUGOU,Mouyem ,91993080,"{Dimanche,Samedi,Vendredi,jeudi,Mercredi,Mardi,Lundi}",2017,Prive - individuel,POINT (0.6417033333333334 10.186525)
_mview_pepinieresem_pepinieres_semence.fid-2fb68024_1a0f8324f77_-7fab,Savanes,Oti-Sud,Oti-Sud 2,Kountoire,MABOUGOU,Koudoukou,70781501,"{Dimanche,Samedi,Vendredi,jeudi,Mercredi,Mardi,Lundi}",2012,Prive - individuel,POINT (0.6410666666666667 10.187611666666667)
_mview_pepinieresem_pepinieres_semence.fid-2fb68024_1a0f8324f77_-7faa,Savanes,Oti-Sud,Oti-Sud 2,Kountoire,MABOUGOU,Yougbari,70733586,"{Dimanche,Samedi,Vendredi,jeudi,Mercredi,Mardi,Lundi}",2021,Prive - individuel,POINT (0.6409400000000001 10.188021666666666)
_mview_pepinieresem_pepinieres_semence.fid-2fb68024_1a0f8324f77_-7fa9,Savanes,Oti-Sud,Oti-Sud 2,Kountoire,GANGA,Yonaba,Nsp,"{Lundi,Mardi,Mercredi,jeudi,Vendredi,Samedi,Dimanche}",2013,autre,POINT (0.6534833333333334 10.180161666666667)
_mview_pepinieresem_pepinieres_semence.fid-2fb68024_1a0f8324f77_-7fa8,Savanes,Oti-Sud,Oti-Sud 2,Kountoire,GANGA,Yougbari,Nsp,"{Lundi,Mardi,Mercredi,jeudi,Vendredi,Samedi,Dimanche}",2020,Prive - Collectivite coutumiere,POINT (0.6579366666666666 10.179943333333334)
_mview_pepinieresem_pepinieres_semence.fid-2fb68024_1a0f8324f77_-7fa7,Savanes,Oti-Sud,Oti-Sud 2,Kountoire,GANGA,Daba,Nsp,"{Mardi,Mercredi,Lundi,jeudi,Vendredi,Samedi,Dimanche}",2016,Prive - Collectivite coutumiere,POINT (0.6592333333333333 10.179021666666667)
_mview_pepinieresem_pepinieres_semence.fid-2fb68024_1a0f8324f77_-7fa6,Savanes,Oti-Sud,Oti-Sud 2,Kountoire,GANGA,Digbene,Nsp,"{Lundi,Mardi,Mercredi,jeudi,Vendredi,Samedi,Dimanche}",2016,autre,POINT (0.6615666666666667 10.17887)
_mview_pepinieresem_pepinieres_semence.fid-2fb68024_1a0f8324f77_-7fa5,Savanes,Oti-Sud,Oti-Sud 2,Kountoire,GANGA,Mohamed,Nsp,"{Lundi,Mardi,Mercredi,jeudi,Vendredi,Samedi,Dimanche}",2020,Prive - Collectivite coutumiere,POINT (0.6567266666666666 10.180216666666666)
_mview_pepinieresem_pepinieres_semence.fid-2fb68024_1a0f8324f77_-7fa4,Savanes,Oti-Sud,Oti-Sud 2,Kountoire,GANGA,lamboni,Nsp,"{Lundi,Mardi,Mercredi,jeudi,Vendredi,Samedi,Dimanche}",2018,autre,POINT (0.6522249999999999 10.180963333333333)
_mview_pepinieresem_pepinieres_semence.fid-2fb68024_1a0f8324f77_-7fa3,Savanes,Oti-Sud,Oti-Sud 2,Kountoire,GANGA,Salifou,Nsp,"{Lundi,Mardi,Mercredi,jeudi,Vendredi,Samedi,Dimanche}",2019,autre,POINT (0.6524616666666667 10.180963333333333)
_mview_pepinieresem_pepinieres_semence.fid-2fb68024_1a0f8324f77_-7fa2,Savanes,Oti-Sud,Oti-Sud 2,Kountoire,MABOUGOU,Karimou,Nsp,"{Lundi,Mardi,Mercredi,jeudi,Vendredi,Samedi,Dimanche}",2012,Prive - Collectivite coutumiere,POINT (0.6365316666666666 10.189906666666667)
_mview_pepinieresem_pepinieres_semence.fid-2fb68024_1a0f8324f77_-7fa1,Savanes,Oti-Sud,Oti-Sud 2,Kountoire,MABOUGOU,Salifou,Nsp,"{Lundi,Mardi,Mercredi,jeudi,Vendredi,Samedi,Dimanche}",2001,autre,POINT (0.6347383333333333 10.18754)
_mview_pepinieresem_pepinieres_semence.fid-2fb68024_1a0f8324f77_-7fa0,Savanes,Oti-Sud,Oti-Sud 2,Kountoire,MABOUGOU,Obouda,Nsp,"{Lundi,Mardi,Mercredi,jeudi,Vendredi,Samedi,Dimanche}",2003,Prive - Collectivite coutumiere,POINT (0.6409199999999999 10.189045)
_mview_pepinieresem_pepinieres_semence.fid-2fb68024_1a0f8324f77_-7f9f,Savanes,Oti-Sud,Oti-Sud 2,Kountoire,MABOUGOU,Kondoni,Nsp,"{Lundi,Mardi,Mercredi,jeudi,Vendredi,Samedi,Dimanche}",2016,Prive - Collectivite coutumiere,POINT (0.6399833333333333 10.189216666666665)
_mview_pepinieresem_pepinieres_semence.fid-2fb68024_1a0f8324f77_-7f9e,Savanes,Oti-Sud,Oti-Sud 2,Kountoire,N'GAMBI ,Issaka ,Nsp ,"{Lundi,Mardi,Mercredi,jeudi,Vendredi,Samedi,Dimanche}",2008,Prive - Collectivite coutumiere,POINT (0.7780183333333334 10.173293333333334)
_mview_pepinieresem_pepinieres_semence.fid-2fb68024_1a0f8324f77_-7f9d,Savanes,Oti-Sud,Oti-Sud 2,Kountoire,N'GAMBI ,Sako,Nsp ,"{Lundi,Mardi,Mercredi,jeudi,Vendredi,Samedi,Dimanche}",2008,Prive - individuel,POINT (0.77699 10.174773333333333)
_mview_pepinieresem_pepinieres_semence.fid-2fb68024_1a0f8324f77_-7f9c,Savanes,Oti-Sud,Oti-Sud 2,Kountoire,N'GAMBI ,Salifou,Nsp,"{Lundi,Mardi,Mercredi,jeudi,Vendredi,Samedi,Dimanche}",2018,Prive - individuel,POINT (0.77271 10.175386666666666)
_mview_pepinieresem_pepinieres_semence.fid-2fb68024_1a0f8324f77_-7f9b,Savanes,Oti-Sud,Oti-Sud 2,Kountoire,N'GAMBI ,Yelembe,Nsp ,"{Lundi,Mardi,Mercredi,jeudi,Vendredi,Samedi,Dimanche}",2008,Prive - individuel,POINT (0.7743125396230509 10.175002569674975)
_mview_pepinieresem_pepinieres_semence.fid-2fb68024_1a0f8324f77_-7f9a,Savanes,Oti-Sud,Oti-Sud 2,Kountoire,N'GAMBI ,Parine,Nsp ,"{Lundi,Mardi,Mercredi,jeudi,Vendredi,Samedi,Dimanche}",2008,Prive - individuel,POINT (0.7741238499969973 10.17393755756006)
_mview_pepinieresem_pepinieres_semence.fid-2fb68024_1a0f8324f77_-7f99,Savanes,Oti-Sud,Oti-Sud 2,Kountoire,N'GAMBI ,Bila,Nsp ,"{Lundi,Mardi,Mercredi,jeudi,Vendredi,Samedi,Dimanche}",2008,Prive - individuel,POINT (0.7748349999999999 10.175003333333333)
_mview_pepinieresem_pepinieres_semence.fid-2fb68024_1a0f8324f77_-7f98,Savanes,Oti-Sud,Oti-Sud 2,Kountoire,N'GAMBI ,Naban,Nsp ,"{Lundi,Mardi,Mercredi,jeudi,Vendredi,Samedi,Dimanche}",2020,Prive - individuel,POINT (0.7671745421644228 10.178333126398423)
_mview_pepinieresem_pepinieres_semence.fid-2fb68024_1a0f8324f77_-7f97,Savanes,Oti-Sud,Oti-Sud 2,Kountoire,N'GAMBI ,Hibrahim ,Nsp ,"{Lundi,Mardi,Mercredi,jeudi,Vendredi,Samedi,Dimanche}",2017,Prive - individuel,POINT (0.781365293667274 10.17285414370449)
_mview_pepinieresem_pepinieres_semence.fid-2fb68024_1a0f8324f77_-7f96,Savanes,Oti-Sud,Oti-Sud 2,Kountoire,N'GAMBI ,Sambiani ,Nsp ,"{Lundi,Mardi,Mercredi,jeudi,Vendredi,Samedi,Dimanche}",2017,Prive - individuel,POINT (0.7802460846808501 10.172849898597667)
_mview_pepinieresem_pepinieres_semence.fid-2fb68024_1a0f8324f77_-7f95,Savanes,Oti-Sud,Oti-Sud 2,Kountoire,N'GAMBI ,Touhon,Nsp ,"{Lundi,Mardi,Mercredi,jeudi,Vendredi,Samedi,Dimanche}",2008,Prive - individuel,POINT (0.76886 10.176648333333333)
_mview_pepinieresem_pepinieres_semence.fid-2fb68024_1a0f8324f77_-7f94,Savanes,Oti-Sud,Oti-Sud 2,Kountoire,NAKOTCHANGUE,Mboni,Nsp ,"{Lundi,Mardi,Mercredi,jeudi,Vendredi,Samedi,Dimanche}",2021,Prive - individuel,POINT (0.6232916666666667 10.170998333333333)
_mview_pepinieresem_pepinieres_semence.fid-2fb68024_1a0f8324f77_-7f93,Savanes,Oti-Sud,Oti-Sud 2,Kountoire,NAKOTCHANGUE,Welegni,Nsp ,"{Lundi,Mardi,Mercredi,jeudi,Vendredi,Samedi,Dimanche}",2021,Prive - individuel,POINT (0.6229266666666666 10.170774999999999)
_mview_pepinieresem_pepinieres_semence.fid-2fb68024_1a0f8324f77_-7f92,Savanes,Oti-Sud,Oti-Sud 2,Kountoire,NAKOTCHANGUE,Sambiani ,Nsp ,"{Lundi,Mardi,Mercredi,jeudi,Vendredi,Samedi,Dimanche}",2021,Prive - individuel,POINT (0.6229266666666666 10.170774999999999)
_mview_pepinieresem_pepinieres_semence.fid-2fb68024_1a0f8324f77_-7f91,Savanes,Oti-Sud,Oti-Sud 2,Kountoire,NAKOTCHANGUE ,Douti ,Nsp ,"{Lundi,Mardi,Mercredi,jeudi,Vendredi,Dimanche,Samedi}",2021,Prive - individuel,POINT (0.6234383333333333 10.171058333333333)
_mview_pepinieresem_pepinieres_semence.fid-2fb68024_1a0f8324f77_-7f90,Savanes,Oti-Sud,Oti-Sud 2,Kountoire,NAKOTCHANGUE ,Djanakala,Nsp ,"{Lundi,Mardi,Mercredi,jeudi,Vendredi,Samedi,Dimanche}",2021,Prive - individuel,POINT (0.6237916666666667 10.171318333333334)
_mview_pepinieresem_pepinieres_semence.fid-2fb68024_1a0f8324f77_-7f8f,Savanes,Oti-Sud,Oti-Sud 2,Kountoire,NAKOTCHANGUE ,Sonwokou,Nsp ,"{Lundi,Mardi,Mercredi,jeudi,Vendredi,Samedi,Dimanche}",2021,Prive - individuel,POINT (0.6238866666666667 10.171328333333333)
_mview_pepinieresem_pepinieres_semence.fid-2fb68024_1a0f8324f77_-7f8e,Savanes,Oti-Sud,Oti-Sud 2,Kountoire,NAKOTCHANGUE ,Eloke,Nsp ,"{Lundi,Mardi,Mercredi,jeudi,Vendredi,Samedi,Dimanche}",2021,Prive - individuel,POINT (0.6241766666666667 10.171483333333333)
_mview_pepinieresem_pepinieres_semence.fid-2fb68024_1a0f8324f77_-7f8d,Savanes,Oti-Sud,Oti-Sud 2,Kountoire,NAKOTCHANGUE ,Yao,Nsp ,"{Mercredi,jeudi,Vendredi,Samedi,Dimanche}",2021,Prive - individuel,POINT (0.62427 10.171508333333332)
_mview_pepinieresem_pepinieres_semence.fid-2fb68024_1a0f8324f77_-7f8c,Savanes,Oti-Sud,Oti-Sud 2,Kountoire,NAKOTCHANGUE ,Djimongou,Nsp ,"{Lundi,Mardi,Mercredi,jeudi,Vendredi,Samedi,Dimanche}",2019,Prive - individuel,POINT (0.6249866666666667 10.170878333333333)
_mview_pepinieresem_pepinieres_semence.fid-2fb68024_1a0f8324f77_-7f8b,Savanes,Oti-Sud,Oti-Sud 2,Kountoire,NAKOTCHANGUE ,labe,Nsp ,"{Lundi,Mardi,Mercredi,jeudi,Vendredi,Samedi,Dimanche}",2019,Prive - individuel,POINT (0.6249033333333334 10.17127)
_mview_pepinieresem_pepinieres_semence.fid-2fb68024_1a0f8324f77_-7f8a,Savanes,Oti-Sud,Oti-Sud 2,Kountoire,NAKOTCHANGUE ,Kalamsaba,Nsp ,"{Lundi,Mardi,Mercredi,jeudi,Vendredi,Samedi,Dimanche}",2021,Prive - individuel,POINT (0.6218800000000001 10.170224999999999)
_mview_pepinieresem_pepinieres_semence.fid-2fb68024_1a0f8324f77_-7f89,Savanes,Oti-Sud,Oti-Sud 2,Kountoire,NAKOTCHANGUE ,Alidou ,Nsp ,"{Lundi,Mardi,Mercredi,jeudi,Vendredi,Samedi,Dimanche}",2021,Prive - individuel,POINT (0.6180033333333333 10.169243333333332)
_mview_pepinieresem_pepinieres_semence.fid-2fb68024_1a0f8324f77_-7f88,Savanes,Oti-Sud,Oti-Sud 2,Kountoire,NAKOTCHANGUE ,Pele ,Nsp ,"{Lundi,Mardi,Mercredi,jeudi,Vendredi,Samedi,Dimanche}",2021,Prive - individuel,POINT (0.6184499999999999 10.169426666666668)
_mview_pepinieresem_pepinieres_semence.fid-2fb68024_1a0f8324f77_-7f87,Savanes,Oti-Sud,Oti-Sud 2,Nali,NALI CENTRE,Bambem,Nsp,"{Lundi,Mardi,Mercredi,jeudi,Vendredi,Dimanche,Samedi}",2020,Prive - individuel,POINT (0.4140916666666667 10.04574)
_mview_pepinieresem_pepinieres_semence.fid-2fb68024_1a0f8324f77_-7f86,Savanes,Oti-Sud,Oti-Sud 2,Takpamba,TAKPAMBA,Agbey ,92599242,"{Dimanche,Samedi,Vendredi,jeudi,Mercredi,Mardi,Lundi}",2019,Prive - Collectivite coutumiere,POINT (0.6180537898320132 9.896170952418814)
_mview_pepinieresem_pepinieres_semence.fid-2fb68024_1a0f8324f77_-7f85,Savanes,Oti-Sud,Oti-Sud 2,Takpamba,DJANDJATIE,Banakpe,70393891,"{Lundi,Mardi,Mercredi,jeudi,Vendredi,Samedi,Dimanche}",2021,Prive - individuel,POINT (0.5378416666666667 9.951466666666667)
_mview_pepinieresem_pepinieres_semence.fid-2fb68024_1a0f8324f77_-7f84,Savanes,Oti-Sud,Oti-Sud 2,Takpamba,DJANDJATIE,Dawe,Nsp,"{Lundi,Mardi,Mercredi,Vendredi,jeudi,Samedi,Dimanche}",2021,Prive - individuel,POINT (0.538025 9.951383333333332)
_mview_pepinieresem_pepinieres_semence.fid-2fb68024_1a0f8324f77_-7f83,Savanes,Oti-Sud,Oti-Sud 2,Takpamba,NAMOUKOU,Yassor,93528528,"{Lundi,Mardi,Mercredi,jeudi,Vendredi,Samedi,Dimanche}",2021,Prive - individuel,POINT (0.5443316666666667 9.908800000000001)
_mview_pepinieresem_pepinieres_semence.fid-2fb68024_1a0f8324f77_-7f82,Savanes,Oti-Sud,Oti-Sud 2,Takpamba,NAMOUKOU,Blikouni,70529206,"{Samedi,Vendredi,jeudi,Mardi,Mercredi,Dimanche}",2021,Prive - individuel,POINT (0.5442483333333333 9.908586666666668)
_mview_pepinieresem_pepinieres_semence.fid-2fb68024_1a0f8324f77_-7f81,Savanes,Oti-Sud,Oti-Sud 2,Takpamba,NAMOUKOU,Yassor,91663651,"{Lundi,Mardi,Mercredi,jeudi,Vendredi,Samedi,Dimanche}",2021,Prive - individuel,POINT (0.5444333333333333 9.908951666666667)
_mview_pepinieresem_pepinieres_semence.fid-2fb68024_1a0f8324f77_-7f80,Savanes,Tandjoaré,Tandjoaré 2,Doukpergou,KONSIDAGOU,Pepiniere de  Wonibangue,Néant,"{Lundi,Mardi,Mercredi,jeudi,Vendredi,Samedi,Dimanche}",1995,Prive - individuel,POINT (0.0815533333333333 10.65812)
_mview_pepinieresem_pepinieres_semence.fid-2fb68024_1a0f8324f77_-7f7f,Savanes,Tône,Tône 1,Poissongui,BABIGOU,Pépinière du Barrage de Babigou,Babigou,"{Lundi,Mardi,Mercredi,jeudi,Vendredi,Samedi,Dimanche}",2018,Prive - individuel,POINT (0.18993 11.059046666666665)
_mview_pepinieresem_pepinieres_semence.fid-2fb68024_1a0f8324f77_-7f7e,Savanes,Tône,Tône 1,Dapaong,KOBOTE,Pépinière  de Lalle,Neant ,"{Dimanche,Samedi,Vendredi,jeudi,Mercredi,Mardi,Lundi}",2018,Prive - individuel,POINT (0.2074333333333333 10.928333333333335)
_mview_pepinieresem_pepinieres_semence.fid-2fb68024_1a0f8324f77_-7f7d,Savanes,Tône,Tône 1,Toaga,Nambonga bas,Juriste  Yenrere,Nsp,"{Lundi,Mardi,Mercredi,jeudi,Vendredi,Samedi,Dimanche}",2012,Prive - individuel,POINT (0.2673116243908227 10.886987263998895)
_mview_pepinieresem_pepinieres_semence.fid-2fb68024_1a0f8324f77_-7f7c,Savanes,Tône,Tône 1,Toaga,Nambongga bas,Pépinière  Yendougnone,Nsp,"{Lundi,Mardi,Mercredi,jeudi,Vendredi,Samedi,Dimanche}",2021,Prive - individuel,POINT (0.2676778271180824 10.885557072006392)
_mview_pepinieresem_pepinieres_semence.fid-2fb68024_1a0f8324f77_-7f7b,Savanes,Tône,Tône 1,Toaga,Nambonga bas,Bolpoa,Nsp,"{Lundi,Mercredi,jeudi,Mardi,Vendredi,Samedi,Dimanche}",2021,Prive - individuel,POINT (0.2673183333333334 10.885166666666665)
_mview_pepinieresem_pepinieres_semence.fid-2fb68024_1a0f8324f77_-7f7a,Savanes,Tône,Tône 1,Toaga,NABONGA barrage,Pépinière de lampouguini,Nsp,"{Lundi,Mardi,Mercredi,jeudi,Vendredi,Samedi,Dimanche}",2019,Prive - individuel,POINT (0.2674283333333333 10.885426666666667)
_mview_pepinieresem_pepinieres_semence.fid-2fb68024_1a0f8324f77_-7f79,Savanes,Tône,Tône 1,Toaga,Nambonga barrage,Pépinière de Roseille de Blimpo,Nsp,"{Lundi,Mardi,Mercredi,jeudi,Vendredi,Samedi,Dimanche}",2012,Prive - individuel,POINT (0.2671583333333333 10.885286666666666)
_mview_pepinieresem_pepinieres_semence.fid-2fb68024_1a0f8324f77_-7f78,Savanes,Tône,Tône 1,Toaga,Namongue barrage,Pépinière de Roseille de Blimpo Sancalou,Nsp,"{Lundi,Mardi,Mercredi,jeudi,Vendredi,Samedi,Dimanche}",2012,Prive - individuel,POINT (0.26719 10.885066666666667)
_mview_pepinieresem_pepinieres_semence.fid-2fb68024_1a0f8324f77_-7f77,Savanes,Tône,Tône 1,Toaga,TOAGA-CENTRE ,Aspad Won-manou,Neant ,"{Lundi,Mardi,Mercredi,Vendredi,Dimanche,Samedi,jeudi}",1996,Ne sait pas,POINT (0.2537916666666666 10.880756666666665)
_mview_pepinieresem_pepinieres_semence.fid-2fb68024_1a0f8324f77_-7f76,Savanes,Tône,Tône 2,Nanergou,Nanergou centre ,Erce,Nsp,"{Lundi,Mardi,Mercredi,jeudi,Vendredi,Samedi}",2019,Prive - individuel,POINT (0.154185 10.908420000000001)
_mview_pepinieresem_pepinieres_semence.fid-2fb68024_1a0f8324f77_-7f75,Savanes,Tône,Tône 2,Nanergou,NANERGOU CENTRE ,Espace Vert ,Nanergou/nanakpergou,"{Lundi,Mardi,Mercredi,jeudi,Vendredi,Samedi,Dimanche}",2021,Prive - individuel,POINT (0.1457516666666667 10.910888333333332)
_mview_pepinieresem_pepinieres_semence.fid-2fb68024_1a0f8324f77_-7f74,Savanes,Tône,Tône 4,Korbongou,KORBONGOU,Dadani,Ne Sais Pas,"{Lundi,Mardi,Mercredi,jeudi,Vendredi,Samedi,Dimanche}",2011,Prive - individuel,POINT (0.3068966666666666 10.912998333333332)
_mview_pepinieresem_pepinieres_semence.fid-2fb68024_1a0f8324f77_-7f73,Savanes,Tône,Tône 4,Korbongou,Naloate carrefour ,Foulifï,Nsp,"{Lundi,Mercredi,Mardi,jeudi,Vendredi,Samedi,Dimanche}",2013,Prive - individuel,POINT (0.3581733333333333 10.906640000000001)
_mview_pepinieresem_pepinieres_semence.fid-2fb68024_1a0f8324f77_-7f72,Savanes,Tône,Tône 2,Naki-Ouest,BARSIGNONG ,Pépinière D'arbre de  Doigui Kombate ,Naki-ouest/barsignong ,"{Lundi,Mardi,Mercredi,jeudi,Vendredi,Samedi,Dimanche}",1989,Prive - individuel,POINT (0.0797783333333333 10.915755)
_mview_pepinieresem_pepinieres_semence.fid-2fb68024_1a0f8324f77_-7f71,Savanes,Tône,Tône 3,Nioukpourma,DJAKPERENAAC,Pépinière de Djakperenaacbog 2,Djakperenaacbog,"{Lundi,Mardi,jeudi,Vendredi,Samedi,Dimanche}",2010,Prive - individuel,POINT (0.1523733333333333 10.850225)
_mview_pepinieresem_pepinieres_semence.fid-2fb68024_1a0f8324f77_-7f70,Savanes,Tône,Tône 3,Nioukpourma,DJAKPERENAAC,Pépinière de Djakperenaacbog 1,Djakperenaacbog,"{Lundi,Mardi,Mercredi,jeudi,Vendredi,Samedi,Dimanche}",2016,Prive - individuel,POINT (0.1552783333333334 10.849625)
_mview_pepinieresem_pepinieres_semence.fid-2fb68024_1a0f8324f77_-7f6f,Savanes,Tône,Tône 4,Louanga,LOUANGA 2,Pépinière de L'oignon,98858940,"{Lundi,Mardi,Mercredi,jeudi,Vendredi,Samedi,Dimanche}",2000,autre,POINT (0.3154516666666666 10.897671666666668)
_mview_pepinieresem_pepinieres_semence.fid-2fb68024_1a0f8324f77_-7f6e,Savanes,Tône,Tône 4,Louanga,LOUANGA CENTRE,Piment,99771078,"{Lundi,Mardi,Mercredi,jeudi,Vendredi,Samedi,Dimanche}",2002,autre,POINT (0.3232583333333333 10.903618333333334)
_mview_pepinieresem_pepinieres_semence.fid-2fb68024_1a0f8324f77_-7f6d,Savanes,Tône,Tône 4,Louanga,LOUANGA CENTRE,Laitue,93563816,"{Lundi,Mardi,Mercredi,jeudi,Vendredi,Samedi,Dimanche}",1990,autre,POINT (0.3244 10.905376666666665)
_mview_pepinieresem_pepinieres_semence.fid-2fb68024_1a0f8324f77_-7f6c,Savanes,Tône,Tône 4,Kantindi,Kantidi centre ,Kankpe,Nsp,"{Lundi,Mardi,Mercredi,jeudi,Dimanche,Samedi}",2000,Prive - individuel,POINT (0.2789583333333334 10.89993)
_mview_pepinieresem_pepinieres_semence.fid-2fb68024_1a0f8324f77_-7f6b,Savanes,Tône,Tône 4,Kantindi,Kabilagou 1,Pouguime,Nsp,"{Lundi,Mardi,Mercredi,jeudi,Vendredi,Samedi,Dimanche}",2006,Prive - individuel,POINT (0.29063 10.902926666666668)
_mview_pepinieresem_pepinieres_semence.fid-2fb68024_1a0f8324f77_-7f6a,Savanes,Tône,Tône 4,Kantindi,KANTINDI CENTRE,Talguelbounde,Nsp,"{Mardi,Mercredi,Lundi,jeudi,Vendredi,Samedi,Dimanche}",1995,Prive - individuel,POINT (0.2812216666666666 10.900211666666667)
